<?xml version="1.0" encoding="UTF-8"?>
<kml xmlns="http://www.opengis.net/kml/2.2" xmlns:gx="http://www.google.com/kml/ext/2.2" xmlns:kml="http://www.opengis.net/kml/2.2" xmlns:atom="http://www.w3.org/2005/Atom">
<Document>
	<name>ACJ_NDB.kml</name>
	<atom:link rel="app" href="https://www.google.com/earth/about/versions/#earth-pro" title="Google Earth Pro 7.3.7.1155"></atom:link>
	<Placemark>
		<name>AGGH</name>
		<styleUrl>#stylemap_id0</styleUrl>
		<Style>
			<IconStyle>
				<scale>1</scale>
				<Icon>
					<href>https://maps.google.com/mapfiles/kml/paddle/purple-stars.png</href>
				</Icon>
			</IconStyle>
			<LabelStyle>
				<color>ffffffff</color>
				<scale>1</scale>
			</LabelStyle>
		</Style>
		<Point>
			<extrude>1</extrude>
			<altitudeMode>relativeToGround</altitudeMode>
			<coordinates>160.05499267578,-9.4280004501343,0</coordinates>
		</Point>
	</Placemark>
	<Placemark>
		<name>AYPY</name>
		<styleUrl>#stylemap_id0</styleUrl>
		<Style>
			<IconStyle>
				<scale>1</scale>
				<Icon>
					<href>https://maps.google.com/mapfiles/kml/paddle/purple-stars.png</href>
				</Icon>
			</IconStyle>
			<LabelStyle>
				<color>ffffffff</color>
				<scale>1</scale>
			</LabelStyle>
		</Style>
		<Point>
			<extrude>1</extrude>
			<altitudeMode>relativeToGround</altitudeMode>
			<coordinates>147.220001220703,-9.443380355834959,0</coordinates>
		</Point>
	</Placemark>
	<Placemark>
		<name>BIAR</name>
		<styleUrl>#stylemap_id0</styleUrl>
		<Style>
			<IconStyle>
				<scale>1</scale>
				<Icon>
					<href>https://maps.google.com/mapfiles/kml/paddle/purple-stars.png</href>
				</Icon>
			</IconStyle>
			<LabelStyle>
				<color>ffffffff</color>
				<scale>1</scale>
			</LabelStyle>
		</Style>
		<Point>
			<extrude>1</extrude>
			<altitudeMode>relativeToGround</altitudeMode>
			<coordinates>-18.0727005004882,65.6600036621093,0</coordinates>
		</Point>
	</Placemark>
	<Placemark>
		<name>BIKF</name>
		<styleUrl>#stylemap_id0</styleUrl>
		<Style>
			<IconStyle>
				<scale>1</scale>
				<Icon>
					<href>https://maps.google.com/mapfiles/kml/paddle/purple-stars.png</href>
				</Icon>
			</IconStyle>
			<LabelStyle>
				<color>ffffffff</color>
				<scale>1</scale>
			</LabelStyle>
		</Style>
		<Point>
			<extrude>1</extrude>
			<altitudeMode>relativeToGround</altitudeMode>
			<coordinates>-22.6056,63.985001,0</coordinates>
		</Point>
	</Placemark>
	<Placemark>
		<name>CYEG</name>
		<styleUrl>#stylemap_id0</styleUrl>
		<Style>
			<IconStyle>
				<scale>1</scale>
				<Icon>
					<href>https://maps.google.com/mapfiles/kml/paddle/purple-stars.png</href>
				</Icon>
			</IconStyle>
			<LabelStyle>
				<color>ffffffff</color>
				<scale>1</scale>
			</LabelStyle>
		</Style>
		<Point>
			<extrude>1</extrude>
			<altitudeMode>relativeToGround</altitudeMode>
			<coordinates>-113.580001831,53.30970001219999,0</coordinates>
		</Point>
	</Placemark>
	<Placemark>
		<name>CYMM</name>
		<styleUrl>#stylemap_id0</styleUrl>
		<Style>
			<IconStyle>
				<scale>1</scale>
				<Icon>
					<href>https://maps.google.com/mapfiles/kml/paddle/purple-stars.png</href>
				</Icon>
			</IconStyle>
			<LabelStyle>
				<color>ffffffff</color>
				<scale>1</scale>
			</LabelStyle>
		</Style>
		<Point>
			<extrude>1</extrude>
			<altitudeMode>relativeToGround</altitudeMode>
			<coordinates>-111.222000122,56.65330123899999,0</coordinates>
		</Point>
	</Placemark>
	<Placemark>
		<name>CYUL</name>
		<styleUrl>#stylemap_id0</styleUrl>
		<Style>
			<IconStyle>
				<scale>1</scale>
				<Icon>
					<href>https://maps.google.com/mapfiles/kml/paddle/purple-stars.png</href>
				</Icon>
			</IconStyle>
			<LabelStyle>
				<color>ffffffff</color>
				<scale>1</scale>
			</LabelStyle>
		</Style>
		<Point>
			<extrude>1</extrude>
			<altitudeMode>relativeToGround</altitudeMode>
			<coordinates>-73.7407989502,45.4706001282,0</coordinates>
		</Point>
	</Placemark>
	<Placemark>
		<name>CYVR</name>
		<styleUrl>#stylemap_id0</styleUrl>
		<Style>
			<IconStyle>
				<scale>1</scale>
				<Icon>
					<href>https://maps.google.com/mapfiles/kml/paddle/purple-stars.png</href>
				</Icon>
			</IconStyle>
			<LabelStyle>
				<color>ffffffff</color>
				<scale>1</scale>
			</LabelStyle>
		</Style>
		<Point>
			<extrude>1</extrude>
			<altitudeMode>relativeToGround</altitudeMode>
			<coordinates>-123.183998108,49.193901062,0</coordinates>
		</Point>
	</Placemark>
	<Placemark>
		<name>CYWG</name>
		<styleUrl>#stylemap_id0</styleUrl>
		<Style>
			<IconStyle>
				<scale>1</scale>
				<Icon>
					<href>https://maps.google.com/mapfiles/kml/paddle/purple-stars.png</href>
				</Icon>
			</IconStyle>
			<LabelStyle>
				<color>ffffffff</color>
				<scale>1</scale>
			</LabelStyle>
		</Style>
		<Point>
			<extrude>1</extrude>
			<altitudeMode>relativeToGround</altitudeMode>
			<coordinates>-97.2398986816,49.9099998473999,0</coordinates>
		</Point>
	</Placemark>
	<Placemark>
		<name>CYXY</name>
		<styleUrl>#stylemap_id0</styleUrl>
		<Style>
			<IconStyle>
				<scale>1</scale>
				<Icon>
					<href>https://maps.google.com/mapfiles/kml/paddle/purple-stars.png</href>
				</Icon>
			</IconStyle>
			<LabelStyle>
				<color>ffffffff</color>
				<scale>1</scale>
			</LabelStyle>
		</Style>
		<Point>
			<extrude>1</extrude>
			<altitudeMode>relativeToGround</altitudeMode>
			<coordinates>-135.067001343,60.7095985413,0</coordinates>
		</Point>
	</Placemark>
	<Placemark>
		<name>CYYC</name>
		<styleUrl>#stylemap_id0</styleUrl>
		<Style>
			<IconStyle>
				<scale>1</scale>
				<Icon>
					<href>https://maps.google.com/mapfiles/kml/paddle/purple-stars.png</href>
				</Icon>
			</IconStyle>
			<LabelStyle>
				<color>ffffffff</color>
				<scale>1</scale>
			</LabelStyle>
		</Style>
		<Point>
			<extrude>1</extrude>
			<altitudeMode>relativeToGround</altitudeMode>
			<coordinates>-114.019996643,51.113899231,0</coordinates>
		</Point>
	</Placemark>
	<Placemark>
		<name>CYYQ</name>
		<styleUrl>#stylemap_id0</styleUrl>
		<Style>
			<IconStyle>
				<scale>1</scale>
				<Icon>
					<href>https://maps.google.com/mapfiles/kml/paddle/purple-stars.png</href>
				</Icon>
			</IconStyle>
			<LabelStyle>
				<color>ffffffff</color>
				<scale>1</scale>
			</LabelStyle>
		</Style>
		<Point>
			<extrude>1</extrude>
			<altitudeMode>relativeToGround</altitudeMode>
			<coordinates>-94.06500244140619,58.73920059204099,0</coordinates>
		</Point>
	</Placemark>
	<Placemark>
		<name>CYYZ</name>
		<styleUrl>#stylemap_id0</styleUrl>
		<Style>
			<IconStyle>
				<scale>1</scale>
				<Icon>
					<href>https://maps.google.com/mapfiles/kml/paddle/purple-stars.png</href>
				</Icon>
			</IconStyle>
			<LabelStyle>
				<color>ffffffff</color>
				<scale>1</scale>
			</LabelStyle>
		</Style>
		<Point>
			<extrude>1</extrude>
			<altitudeMode>relativeToGround</altitudeMode>
			<coordinates>-79.63059997559991,43.6772003174,0</coordinates>
		</Point>
	</Placemark>
	<Placemark>
		<name>CYZF</name>
		<styleUrl>#stylemap_id0</styleUrl>
		<Style>
			<IconStyle>
				<scale>1</scale>
				<Icon>
					<href>https://maps.google.com/mapfiles/kml/paddle/purple-stars.png</href>
				</Icon>
			</IconStyle>
			<LabelStyle>
				<color>ffffffff</color>
				<scale>1</scale>
			</LabelStyle>
		</Style>
		<Point>
			<extrude>1</extrude>
			<altitudeMode>relativeToGround</altitudeMode>
			<coordinates>-114.440002441406,62.4627990722656,0</coordinates>
		</Point>
	</Placemark>
	<Placemark>
		<name>DAAT</name>
		<styleUrl>#stylemap_id0</styleUrl>
		<Style>
			<IconStyle>
				<scale>1</scale>
				<Icon>
					<href>https://maps.google.com/mapfiles/kml/paddle/purple-stars.png</href>
				</Icon>
			</IconStyle>
			<LabelStyle>
				<color>ffffffff</color>
				<scale>1</scale>
			</LabelStyle>
		</Style>
		<Point>
			<extrude>1</extrude>
			<altitudeMode>relativeToGround</altitudeMode>
			<coordinates>5.45107984543,22.8115005493,0</coordinates>
		</Point>
	</Placemark>
	<Placemark>
		<name>DNMM</name>
		<styleUrl>#stylemap_id0</styleUrl>
		<Style>
			<IconStyle>
				<scale>1</scale>
				<Icon>
					<href>https://maps.google.com/mapfiles/kml/paddle/purple-stars.png</href>
				</Icon>
			</IconStyle>
			<LabelStyle>
				<color>ffffffff</color>
				<scale>1</scale>
			</LabelStyle>
		</Style>
		<Point>
			<extrude>1</extrude>
			<altitudeMode>relativeToGround</altitudeMode>
			<coordinates>3.3211600780487,6.57737016677856,0</coordinates>
		</Point>
	</Placemark>
	<Placemark>
		<name>DNPO</name>
		<styleUrl>#stylemap_id0</styleUrl>
		<Style>
			<IconStyle>
				<scale>1</scale>
				<Icon>
					<href>https://maps.google.com/mapfiles/kml/paddle/purple-stars.png</href>
				</Icon>
			</IconStyle>
			<LabelStyle>
				<color>ffffffff</color>
				<scale>1</scale>
			</LabelStyle>
		</Style>
		<Point>
			<extrude>1</extrude>
			<altitudeMode>relativeToGround</altitudeMode>
			<coordinates>6.94959020614624,5.01549005508422,0</coordinates>
		</Point>
	</Placemark>
	<Placemark>
		<name>EBBR</name>
		<styleUrl>#stylemap_id0</styleUrl>
		<Style>
			<IconStyle>
				<scale>1</scale>
				<Icon>
					<href>https://maps.google.com/mapfiles/kml/paddle/purple-stars.png</href>
				</Icon>
			</IconStyle>
			<LabelStyle>
				<color>ffffffff</color>
				<scale>1</scale>
			</LabelStyle>
		</Style>
		<Point>
			<extrude>1</extrude>
			<altitudeMode>relativeToGround</altitudeMode>
			<coordinates>4.48443984985,50.9014015198,0</coordinates>
		</Point>
	</Placemark>
	<Placemark>
		<name>EDDB</name>
		<styleUrl>#stylemap_id0</styleUrl>
		<Style>
			<IconStyle>
				<scale>1</scale>
				<Icon>
					<href>https://maps.google.com/mapfiles/kml/paddle/purple-stars.png</href>
				</Icon>
			</IconStyle>
			<LabelStyle>
				<color>ffffffff</color>
				<scale>1</scale>
			</LabelStyle>
		</Style>
		<Point>
			<extrude>1</extrude>
			<altitudeMode>relativeToGround</altitudeMode>
			<coordinates>13.493889,52.351389,0</coordinates>
		</Point>
	</Placemark>
	<Placemark>
		<name>EDDF</name>
		<styleUrl>#stylemap_id0</styleUrl>
		<Style>
			<IconStyle>
				<scale>1</scale>
				<Icon>
					<href>https://maps.google.com/mapfiles/kml/paddle/purple-stars.png</href>
				</Icon>
			</IconStyle>
			<LabelStyle>
				<color>ffffffff</color>
				<scale>1</scale>
			</LabelStyle>
		</Style>
		<Point>
			<extrude>1</extrude>
			<altitudeMode>relativeToGround</altitudeMode>
			<coordinates>8.570556,50.03333300000001,0</coordinates>
		</Point>
	</Placemark>
	<Placemark>
		<name>EDDH</name>
		<styleUrl>#stylemap_id0</styleUrl>
		<Style>
			<IconStyle>
				<scale>1</scale>
				<Icon>
					<href>https://maps.google.com/mapfiles/kml/paddle/purple-stars.png</href>
				</Icon>
			</IconStyle>
			<LabelStyle>
				<color>ffffffff</color>
				<scale>1</scale>
			</LabelStyle>
		</Style>
		<Point>
			<extrude>1</extrude>
			<altitudeMode>relativeToGround</altitudeMode>
			<coordinates>9.9882297515869,53.630401611328,0</coordinates>
		</Point>
	</Placemark>
	<Placemark>
		<name>EDDK</name>
		<styleUrl>#stylemap_id0</styleUrl>
		<Style>
			<IconStyle>
				<scale>1</scale>
				<Icon>
					<href>https://maps.google.com/mapfiles/kml/paddle/purple-stars.png</href>
				</Icon>
			</IconStyle>
			<LabelStyle>
				<color>ffffffff</color>
				<scale>1</scale>
			</LabelStyle>
		</Style>
		<Point>
			<extrude>1</extrude>
			<altitudeMode>relativeToGround</altitudeMode>
			<coordinates>7.142739772799999,50.8658981323,0</coordinates>
		</Point>
	</Placemark>
	<Placemark>
		<name>EDDL</name>
		<styleUrl>#stylemap_id0</styleUrl>
		<Style>
			<IconStyle>
				<scale>1</scale>
				<Icon>
					<href>https://maps.google.com/mapfiles/kml/paddle/purple-stars.png</href>
				</Icon>
			</IconStyle>
			<LabelStyle>
				<color>ffffffff</color>
				<scale>1</scale>
			</LabelStyle>
		</Style>
		<Point>
			<extrude>1</extrude>
			<altitudeMode>relativeToGround</altitudeMode>
			<coordinates>6.76678,51.289501,0</coordinates>
		</Point>
	</Placemark>
	<Placemark>
		<name>EDDM</name>
		<styleUrl>#stylemap_id0</styleUrl>
		<Style>
			<IconStyle>
				<scale>1</scale>
				<Icon>
					<href>https://maps.google.com/mapfiles/kml/paddle/purple-stars.png</href>
				</Icon>
			</IconStyle>
			<LabelStyle>
				<color>ffffffff</color>
				<scale>1</scale>
			</LabelStyle>
		</Style>
		<Point>
			<extrude>1</extrude>
			<altitudeMode>relativeToGround</altitudeMode>
			<coordinates>11.7861,48.353802,0</coordinates>
		</Point>
	</Placemark>
	<Placemark>
		<name>EDDN</name>
		<styleUrl>#stylemap_id0</styleUrl>
		<Style>
			<IconStyle>
				<scale>1</scale>
				<Icon>
					<href>https://maps.google.com/mapfiles/kml/paddle/purple-stars.png</href>
				</Icon>
			</IconStyle>
			<LabelStyle>
				<color>ffffffff</color>
				<scale>1</scale>
			</LabelStyle>
		</Style>
		<Point>
			<extrude>1</extrude>
			<altitudeMode>relativeToGround</altitudeMode>
			<coordinates>11.078056,49.498699,0</coordinates>
		</Point>
	</Placemark>
	<Placemark>
		<name>EDDP</name>
		<styleUrl>#stylemap_id0</styleUrl>
		<Style>
			<IconStyle>
				<scale>1</scale>
				<Icon>
					<href>https://maps.google.com/mapfiles/kml/paddle/purple-stars.png</href>
				</Icon>
			</IconStyle>
			<LabelStyle>
				<color>ffffffff</color>
				<scale>1</scale>
			</LabelStyle>
		</Style>
		<Point>
			<extrude>1</extrude>
			<altitudeMode>relativeToGround</altitudeMode>
			<coordinates>12.236389,51.42388900000001,0</coordinates>
		</Point>
	</Placemark>
	<Placemark>
		<name>EDDS</name>
		<styleUrl>#stylemap_id0</styleUrl>
		<Style>
			<IconStyle>
				<scale>1</scale>
				<Icon>
					<href>https://maps.google.com/mapfiles/kml/paddle/purple-stars.png</href>
				</Icon>
			</IconStyle>
			<LabelStyle>
				<color>ffffffff</color>
				<scale>1</scale>
			</LabelStyle>
		</Style>
		<Point>
			<extrude>1</extrude>
			<altitudeMode>relativeToGround</altitudeMode>
			<coordinates>9.22196006775,48.68989944459991,0</coordinates>
		</Point>
	</Placemark>
	<Placemark>
		<name>EDDV</name>
		<styleUrl>#stylemap_id0</styleUrl>
		<Style>
			<IconStyle>
				<scale>1</scale>
				<Icon>
					<href>https://maps.google.com/mapfiles/kml/paddle/purple-stars.png</href>
				</Icon>
			</IconStyle>
			<LabelStyle>
				<color>ffffffff</color>
				<scale>1</scale>
			</LabelStyle>
		</Style>
		<Point>
			<extrude>1</extrude>
			<altitudeMode>relativeToGround</altitudeMode>
			<coordinates>9.68507957458,52.46110153200001,0</coordinates>
		</Point>
	</Placemark>
	<Placemark>
		<name>EDFH</name>
		<styleUrl>#stylemap_id0</styleUrl>
		<Style>
			<IconStyle>
				<scale>1</scale>
				<Icon>
					<href>https://maps.google.com/mapfiles/kml/paddle/purple-stars.png</href>
				</Icon>
			</IconStyle>
			<LabelStyle>
				<color>ffffffff</color>
				<scale>1</scale>
			</LabelStyle>
		</Style>
		<Point>
			<extrude>1</extrude>
			<altitudeMode>relativeToGround</altitudeMode>
			<coordinates>7.26389,49.9487,0</coordinates>
		</Point>
	</Placemark>
	<Placemark>
		<name>EDNY</name>
		<styleUrl>#stylemap_id0</styleUrl>
		<Style>
			<IconStyle>
				<scale>1</scale>
				<Icon>
					<href>https://maps.google.com/mapfiles/kml/paddle/purple-stars.png</href>
				</Icon>
			</IconStyle>
			<LabelStyle>
				<color>ffffffff</color>
				<scale>1</scale>
			</LabelStyle>
		</Style>
		<Point>
			<extrude>1</extrude>
			<altitudeMode>relativeToGround</altitudeMode>
			<coordinates>9.51148986816,47.6712989806999,0</coordinates>
		</Point>
	</Placemark>
	<Placemark>
		<name>EDSB</name>
		<styleUrl>#stylemap_id0</styleUrl>
		<Style>
			<IconStyle>
				<scale>1</scale>
				<Icon>
					<href>https://maps.google.com/mapfiles/kml/paddle/purple-stars.png</href>
				</Icon>
			</IconStyle>
			<LabelStyle>
				<color>ffffffff</color>
				<scale>1</scale>
			</LabelStyle>
		</Style>
		<Point>
			<extrude>1</extrude>
			<altitudeMode>relativeToGround</altitudeMode>
			<coordinates>8.080499649049999,48.7793998718,0</coordinates>
		</Point>
	</Placemark>
	<Placemark>
		<name>EDVE</name>
		<styleUrl>#stylemap_id0</styleUrl>
		<Style>
			<IconStyle>
				<scale>1</scale>
				<Icon>
					<href>https://maps.google.com/mapfiles/kml/paddle/purple-stars.png</href>
				</Icon>
			</IconStyle>
			<LabelStyle>
				<color>ffffffff</color>
				<scale>1</scale>
			</LabelStyle>
		</Style>
		<Point>
			<extrude>1</extrude>
			<altitudeMode>relativeToGround</altitudeMode>
			<coordinates>10.5561,52.319199,0</coordinates>
		</Point>
	</Placemark>
	<Placemark>
		<name>EETN</name>
		<styleUrl>#stylemap_id0</styleUrl>
		<Style>
			<IconStyle>
				<scale>1</scale>
				<Icon>
					<href>https://maps.google.com/mapfiles/kml/paddle/purple-stars.png</href>
				</Icon>
			</IconStyle>
			<LabelStyle>
				<color>ffffffff</color>
				<scale>1</scale>
			</LabelStyle>
		</Style>
		<Point>
			<extrude>1</extrude>
			<altitudeMode>relativeToGround</altitudeMode>
			<coordinates>24.8327999114999,59.4132995604999,0</coordinates>
		</Point>
	</Placemark>
	<Placemark>
		<name>EFHK</name>
		<styleUrl>#stylemap_id0</styleUrl>
		<Style>
			<IconStyle>
				<scale>1</scale>
				<Icon>
					<href>https://maps.google.com/mapfiles/kml/paddle/purple-stars.png</href>
				</Icon>
			</IconStyle>
			<LabelStyle>
				<color>ffffffff</color>
				<scale>1</scale>
			</LabelStyle>
		</Style>
		<Point>
			<extrude>1</extrude>
			<altitudeMode>relativeToGround</altitudeMode>
			<coordinates>24.963301,60.3172,0</coordinates>
		</Point>
	</Placemark>
	<Placemark>
		<name>EFLP</name>
		<styleUrl>#stylemap_id0</styleUrl>
		<Style>
			<IconStyle>
				<scale>1</scale>
				<Icon>
					<href>https://maps.google.com/mapfiles/kml/paddle/purple-stars.png</href>
				</Icon>
			</IconStyle>
			<LabelStyle>
				<color>ffffffff</color>
				<scale>1</scale>
			</LabelStyle>
		</Style>
		<Point>
			<extrude>1</extrude>
			<altitudeMode>relativeToGround</altitudeMode>
			<coordinates>28.144743,61.044601,0</coordinates>
		</Point>
	</Placemark>
	<Placemark>
		<name>EGBB</name>
		<styleUrl>#stylemap_id0</styleUrl>
		<Style>
			<IconStyle>
				<scale>1</scale>
				<Icon>
					<href>https://maps.google.com/mapfiles/kml/paddle/purple-stars.png</href>
				</Icon>
			</IconStyle>
			<LabelStyle>
				<color>ffffffff</color>
				<scale>1</scale>
			</LabelStyle>
		</Style>
		<Point>
			<extrude>1</extrude>
			<altitudeMode>relativeToGround</altitudeMode>
			<coordinates>-1.74802994728,52.4538993834999,0</coordinates>
		</Point>
	</Placemark>
	<Placemark>
		<name>EGCC</name>
		<styleUrl>#stylemap_id0</styleUrl>
		<Style>
			<IconStyle>
				<scale>1</scale>
				<Icon>
					<href>https://maps.google.com/mapfiles/kml/paddle/purple-stars.png</href>
				</Icon>
			</IconStyle>
			<LabelStyle>
				<color>ffffffff</color>
				<scale>1</scale>
			</LabelStyle>
		</Style>
		<Point>
			<extrude>1</extrude>
			<altitudeMode>relativeToGround</altitudeMode>
			<coordinates>-2.27495002746582,53.3536987304687,0</coordinates>
		</Point>
	</Placemark>
	<Placemark>
		<name>EGGD</name>
		<styleUrl>#stylemap_id0</styleUrl>
		<Style>
			<IconStyle>
				<scale>1</scale>
				<Icon>
					<href>https://maps.google.com/mapfiles/kml/paddle/purple-stars.png</href>
				</Icon>
			</IconStyle>
			<LabelStyle>
				<color>ffffffff</color>
				<scale>1</scale>
			</LabelStyle>
		</Style>
		<Point>
			<extrude>1</extrude>
			<altitudeMode>relativeToGround</altitudeMode>
			<coordinates>-2.71909,51.382702,0</coordinates>
		</Point>
	</Placemark>
	<Placemark>
		<name>EGGP</name>
		<styleUrl>#stylemap_id0</styleUrl>
		<Style>
			<IconStyle>
				<scale>1</scale>
				<Icon>
					<href>https://maps.google.com/mapfiles/kml/paddle/purple-stars.png</href>
				</Icon>
			</IconStyle>
			<LabelStyle>
				<color>ffffffff</color>
				<scale>1</scale>
			</LabelStyle>
		</Style>
		<Point>
			<extrude>1</extrude>
			<altitudeMode>relativeToGround</altitudeMode>
			<coordinates>-2.8497200012207,53.3335990905761,0</coordinates>
		</Point>
	</Placemark>
	<Placemark>
		<name>EGGW</name>
		<styleUrl>#stylemap_id0</styleUrl>
		<Style>
			<IconStyle>
				<scale>1</scale>
				<Icon>
					<href>https://maps.google.com/mapfiles/kml/paddle/purple-stars.png</href>
				</Icon>
			</IconStyle>
			<LabelStyle>
				<color>ffffffff</color>
				<scale>1</scale>
			</LabelStyle>
		</Style>
		<Point>
			<extrude>1</extrude>
			<altitudeMode>relativeToGround</altitudeMode>
			<coordinates>-0.368333011865615,51.874698638916,0</coordinates>
		</Point>
	</Placemark>
	<Placemark>
		<name>EGKK</name>
		<styleUrl>#stylemap_id0</styleUrl>
		<Style>
			<IconStyle>
				<scale>1</scale>
				<Icon>
					<href>https://maps.google.com/mapfiles/kml/paddle/purple-stars.png</href>
				</Icon>
			</IconStyle>
			<LabelStyle>
				<color>ffffffff</color>
				<scale>1</scale>
			</LabelStyle>
		</Style>
		<Point>
			<extrude>1</extrude>
			<altitudeMode>relativeToGround</altitudeMode>
			<coordinates>-0.190278,51.14810200000001,0</coordinates>
		</Point>
	</Placemark>
	<Placemark>
		<name>EGLL</name>
		<styleUrl>#stylemap_id0</styleUrl>
		<Style>
			<IconStyle>
				<scale>1</scale>
				<Icon>
					<href>https://maps.google.com/mapfiles/kml/paddle/purple-stars.png</href>
				</Icon>
			</IconStyle>
			<LabelStyle>
				<color>ffffffff</color>
				<scale>1</scale>
			</LabelStyle>
		</Style>
		<Point>
			<extrude>1</extrude>
			<altitudeMode>relativeToGround</altitudeMode>
			<coordinates>-0.461941,51.4706,0</coordinates>
		</Point>
	</Placemark>
	<Placemark>
		<name>EGNX</name>
		<styleUrl>#stylemap_id0</styleUrl>
		<Style>
			<IconStyle>
				<scale>1</scale>
				<Icon>
					<href>https://maps.google.com/mapfiles/kml/paddle/purple-stars.png</href>
				</Icon>
			</IconStyle>
			<LabelStyle>
				<color>ffffffff</color>
				<scale>1</scale>
			</LabelStyle>
		</Style>
		<Point>
			<extrude>1</extrude>
			<altitudeMode>relativeToGround</altitudeMode>
			<coordinates>-1.32806003094,52.8311004639,0</coordinates>
		</Point>
	</Placemark>
	<Placemark>
		<name>EGPF</name>
		<styleUrl>#stylemap_id0</styleUrl>
		<Style>
			<IconStyle>
				<scale>1</scale>
				<Icon>
					<href>https://maps.google.com/mapfiles/kml/paddle/purple-stars.png</href>
				</Icon>
			</IconStyle>
			<LabelStyle>
				<color>ffffffff</color>
				<scale>1</scale>
			</LabelStyle>
		</Style>
		<Point>
			<extrude>1</extrude>
			<altitudeMode>relativeToGround</altitudeMode>
			<coordinates>-4.43306,55.871899,0</coordinates>
		</Point>
	</Placemark>
	<Placemark>
		<name>EGPH</name>
		<styleUrl>#stylemap_id0</styleUrl>
		<Style>
			<IconStyle>
				<scale>1</scale>
				<Icon>
					<href>https://maps.google.com/mapfiles/kml/paddle/purple-stars.png</href>
				</Icon>
			</IconStyle>
			<LabelStyle>
				<color>ffffffff</color>
				<scale>1</scale>
			</LabelStyle>
		</Style>
		<Point>
			<extrude>1</extrude>
			<altitudeMode>relativeToGround</altitudeMode>
			<coordinates>-3.37249994277954,55.9500007629394,0</coordinates>
		</Point>
	</Placemark>
	<Placemark>
		<name>EGSS</name>
		<styleUrl>#stylemap_id0</styleUrl>
		<Style>
			<IconStyle>
				<scale>1</scale>
				<Icon>
					<href>https://maps.google.com/mapfiles/kml/paddle/purple-stars.png</href>
				</Icon>
			</IconStyle>
			<LabelStyle>
				<color>ffffffff</color>
				<scale>1</scale>
			</LabelStyle>
		</Style>
		<Point>
			<extrude>1</extrude>
			<altitudeMode>relativeToGround</altitudeMode>
			<coordinates>0.234999999404,51.8849983215,0</coordinates>
		</Point>
	</Placemark>
	<Placemark>
		<name>EHAM</name>
		<styleUrl>#stylemap_id0</styleUrl>
		<Style>
			<IconStyle>
				<scale>1</scale>
				<Icon>
					<href>https://maps.google.com/mapfiles/kml/paddle/purple-stars.png</href>
				</Icon>
			</IconStyle>
			<LabelStyle>
				<color>ffffffff</color>
				<scale>1</scale>
			</LabelStyle>
		</Style>
		<Point>
			<extrude>1</extrude>
			<altitudeMode>relativeToGround</altitudeMode>
			<coordinates>4.76389,52.308601,0</coordinates>
		</Point>
	</Placemark>
	<Placemark>
		<name>EHRD</name>
		<styleUrl>#stylemap_id0</styleUrl>
		<Style>
			<IconStyle>
				<scale>1</scale>
				<Icon>
					<href>https://maps.google.com/mapfiles/kml/paddle/purple-stars.png</href>
				</Icon>
			</IconStyle>
			<LabelStyle>
				<color>ffffffff</color>
				<scale>1</scale>
			</LabelStyle>
		</Style>
		<Point>
			<extrude>1</extrude>
			<altitudeMode>relativeToGround</altitudeMode>
			<coordinates>4.43722,51.956902,0</coordinates>
		</Point>
	</Placemark>
	<Placemark>
		<name>EINN</name>
		<styleUrl>#stylemap_id0</styleUrl>
		<Style>
			<IconStyle>
				<scale>1</scale>
				<Icon>
					<href>https://maps.google.com/mapfiles/kml/paddle/purple-stars.png</href>
				</Icon>
			</IconStyle>
			<LabelStyle>
				<color>ffffffff</color>
				<scale>1</scale>
			</LabelStyle>
		</Style>
		<Point>
			<extrude>1</extrude>
			<altitudeMode>relativeToGround</altitudeMode>
			<coordinates>-8.92482,52.702,0</coordinates>
		</Point>
	</Placemark>
	<Placemark>
		<name>EKCH</name>
		<styleUrl>#stylemap_id0</styleUrl>
		<Style>
			<IconStyle>
				<scale>1</scale>
				<Icon>
					<href>https://maps.google.com/mapfiles/kml/paddle/purple-stars.png</href>
				</Icon>
			</IconStyle>
			<LabelStyle>
				<color>ffffffff</color>
				<scale>1</scale>
			</LabelStyle>
		</Style>
		<Point>
			<extrude>1</extrude>
			<altitudeMode>relativeToGround</altitudeMode>
			<coordinates>12.656000137329,55.61790084838899,0</coordinates>
		</Point>
	</Placemark>
	<Placemark>
		<name>EKOD</name>
		<styleUrl>#stylemap_id0</styleUrl>
		<Style>
			<IconStyle>
				<scale>1</scale>
				<Icon>
					<href>https://maps.google.com/mapfiles/kml/paddle/purple-stars.png</href>
				</Icon>
			</IconStyle>
			<LabelStyle>
				<color>ffffffff</color>
				<scale>1</scale>
			</LabelStyle>
		</Style>
		<Point>
			<extrude>1</extrude>
			<altitudeMode>relativeToGround</altitudeMode>
			<coordinates>10.3309001922607,55.47669982910149,0</coordinates>
		</Point>
	</Placemark>
	<Placemark>
		<name>ELLX</name>
		<styleUrl>#stylemap_id0</styleUrl>
		<Style>
			<IconStyle>
				<scale>1</scale>
				<Icon>
					<href>https://maps.google.com/mapfiles/kml/paddle/purple-stars.png</href>
				</Icon>
			</IconStyle>
			<LabelStyle>
				<color>ffffffff</color>
				<scale>1</scale>
			</LabelStyle>
		</Style>
		<Point>
			<extrude>1</extrude>
			<altitudeMode>relativeToGround</altitudeMode>
			<coordinates>6.204444400000001,49.6233333,0</coordinates>
		</Point>
	</Placemark>
	<Placemark>
		<name>ENGM</name>
		<styleUrl>#stylemap_id0</styleUrl>
		<Style>
			<IconStyle>
				<scale>1</scale>
				<Icon>
					<href>https://maps.google.com/mapfiles/kml/paddle/purple-stars.png</href>
				</Icon>
			</IconStyle>
			<LabelStyle>
				<color>ffffffff</color>
				<scale>1</scale>
			</LabelStyle>
		</Style>
		<Point>
			<extrude>1</extrude>
			<altitudeMode>relativeToGround</altitudeMode>
			<coordinates>11.100399971008,60.193901062012,0</coordinates>
		</Point>
	</Placemark>
	<Placemark>
		<name>EPKK</name>
		<styleUrl>#stylemap_id0</styleUrl>
		<Style>
			<IconStyle>
				<scale>1</scale>
				<Icon>
					<href>https://maps.google.com/mapfiles/kml/paddle/purple-stars.png</href>
				</Icon>
			</IconStyle>
			<LabelStyle>
				<color>ffffffff</color>
				<scale>1</scale>
			</LabelStyle>
		</Style>
		<Point>
			<extrude>1</extrude>
			<altitudeMode>relativeToGround</altitudeMode>
			<coordinates>19.7848,50.077702,0</coordinates>
		</Point>
	</Placemark>
	<Placemark>
		<name>EPSY</name>
		<styleUrl>#stylemap_id0</styleUrl>
		<Style>
			<IconStyle>
				<scale>1</scale>
				<Icon>
					<href>https://maps.google.com/mapfiles/kml/paddle/purple-stars.png</href>
				</Icon>
			</IconStyle>
			<LabelStyle>
				<color>ffffffff</color>
				<scale>1</scale>
			</LabelStyle>
		</Style>
		<Point>
			<extrude>1</extrude>
			<altitudeMode>relativeToGround</altitudeMode>
			<coordinates>20.9377,53.481899,0</coordinates>
		</Point>
	</Placemark>
	<Placemark>
		<name>EPWA</name>
		<styleUrl>#stylemap_id0</styleUrl>
		<Style>
			<IconStyle>
				<scale>1</scale>
				<Icon>
					<href>https://maps.google.com/mapfiles/kml/paddle/purple-stars.png</href>
				</Icon>
			</IconStyle>
			<LabelStyle>
				<color>ffffffff</color>
				<scale>1</scale>
			</LabelStyle>
		</Style>
		<Point>
			<extrude>1</extrude>
			<altitudeMode>relativeToGround</altitudeMode>
			<coordinates>20.9671001433999,52.1656990051,0</coordinates>
		</Point>
	</Placemark>
	<Placemark>
		<name>ESKN</name>
		<styleUrl>#stylemap_id0</styleUrl>
		<Style>
			<IconStyle>
				<scale>1</scale>
				<Icon>
					<href>https://maps.google.com/mapfiles/kml/paddle/purple-stars.png</href>
				</Icon>
			</IconStyle>
			<LabelStyle>
				<color>ffffffff</color>
				<scale>1</scale>
			</LabelStyle>
		</Style>
		<Point>
			<extrude>1</extrude>
			<altitudeMode>relativeToGround</altitudeMode>
			<coordinates>16.9122009277343,58.7886009216308,0</coordinates>
		</Point>
	</Placemark>
	<Placemark>
		<name>ESMS</name>
		<styleUrl>#stylemap_id0</styleUrl>
		<Style>
			<IconStyle>
				<scale>1</scale>
				<Icon>
					<href>https://maps.google.com/mapfiles/kml/paddle/purple-stars.png</href>
				</Icon>
			</IconStyle>
			<LabelStyle>
				<color>ffffffff</color>
				<scale>1</scale>
			</LabelStyle>
		</Style>
		<Point>
			<extrude>1</extrude>
			<altitudeMode>relativeToGround</altitudeMode>
			<coordinates>13.3761978149,55.53630536400001,0</coordinates>
		</Point>
	</Placemark>
	<Placemark>
		<name>ESSA</name>
		<styleUrl>#stylemap_id0</styleUrl>
		<Style>
			<IconStyle>
				<scale>1</scale>
				<Icon>
					<href>https://maps.google.com/mapfiles/kml/paddle/purple-stars.png</href>
				</Icon>
			</IconStyle>
			<LabelStyle>
				<color>ffffffff</color>
				<scale>1</scale>
			</LabelStyle>
		</Style>
		<Point>
			<extrude>1</extrude>
			<altitudeMode>relativeToGround</altitudeMode>
			<coordinates>17.918600082397,59.651901245117,0</coordinates>
		</Point>
	</Placemark>
	<Placemark>
		<name>ETSI</name>
		<styleUrl>#stylemap_id0</styleUrl>
		<Style>
			<IconStyle>
				<scale>1</scale>
				<Icon>
					<href>https://maps.google.com/mapfiles/kml/paddle/purple-stars.png</href>
				</Icon>
			</IconStyle>
			<LabelStyle>
				<color>ffffffff</color>
				<scale>1</scale>
			</LabelStyle>
		</Style>
		<Point>
			<extrude>1</extrude>
			<altitudeMode>relativeToGround</altitudeMode>
			<coordinates>11.5340003967285,48.71569824218749,0</coordinates>
		</Point>
	</Placemark>
	<Placemark>
		<name>EVRA</name>
		<styleUrl>#stylemap_id0</styleUrl>
		<Style>
			<IconStyle>
				<scale>1</scale>
				<Icon>
					<href>https://maps.google.com/mapfiles/kml/paddle/purple-stars.png</href>
				</Icon>
			</IconStyle>
			<LabelStyle>
				<color>ffffffff</color>
				<scale>1</scale>
			</LabelStyle>
		</Style>
		<Point>
			<extrude>1</extrude>
			<altitudeMode>relativeToGround</altitudeMode>
			<coordinates>23.9710998535156,56.92359924316401,0</coordinates>
		</Point>
	</Placemark>
	<Placemark>
		<name>EYKA</name>
		<styleUrl>#stylemap_id0</styleUrl>
		<Style>
			<IconStyle>
				<scale>1</scale>
				<Icon>
					<href>https://maps.google.com/mapfiles/kml/paddle/purple-stars.png</href>
				</Icon>
			</IconStyle>
			<LabelStyle>
				<color>ffffffff</color>
				<scale>1</scale>
			</LabelStyle>
		</Style>
		<Point>
			<extrude>1</extrude>
			<altitudeMode>relativeToGround</altitudeMode>
			<coordinates>24.0848007202148,54.96390151977529,0</coordinates>
		</Point>
	</Placemark>
	<Placemark>
		<name>EYSA</name>
		<styleUrl>#stylemap_id0</styleUrl>
		<Style>
			<IconStyle>
				<scale>1</scale>
				<Icon>
					<href>https://maps.google.com/mapfiles/kml/paddle/purple-stars.png</href>
				</Icon>
			</IconStyle>
			<LabelStyle>
				<color>ffffffff</color>
				<scale>1</scale>
			</LabelStyle>
		</Style>
		<Point>
			<extrude>1</extrude>
			<altitudeMode>relativeToGround</altitudeMode>
			<coordinates>23.3950004577636,55.89390182495111,0</coordinates>
		</Point>
	</Placemark>
	<Placemark>
		<name>EYVI</name>
		<styleUrl>#stylemap_id0</styleUrl>
		<Style>
			<IconStyle>
				<scale>1</scale>
				<Icon>
					<href>https://maps.google.com/mapfiles/kml/paddle/purple-stars.png</href>
				</Icon>
			</IconStyle>
			<LabelStyle>
				<color>ffffffff</color>
				<scale>1</scale>
			</LabelStyle>
		</Style>
		<Point>
			<extrude>1</extrude>
			<altitudeMode>relativeToGround</altitudeMode>
			<coordinates>25.285801,54.634102,0</coordinates>
		</Point>
	</Placemark>
	<Placemark>
		<name>FACT</name>
		<styleUrl>#stylemap_id0</styleUrl>
		<Style>
			<IconStyle>
				<scale>1</scale>
				<Icon>
					<href>https://maps.google.com/mapfiles/kml/paddle/purple-stars.png</href>
				</Icon>
			</IconStyle>
			<LabelStyle>
				<color>ffffffff</color>
				<scale>1</scale>
			</LabelStyle>
		</Style>
		<Point>
			<extrude>1</extrude>
			<altitudeMode>relativeToGround</altitudeMode>
			<coordinates>18.6016998291,-33.9648017883,0</coordinates>
		</Point>
	</Placemark>
	<Placemark>
		<name>FALA</name>
		<styleUrl>#stylemap_id0</styleUrl>
		<Style>
			<IconStyle>
				<scale>1</scale>
				<Icon>
					<href>https://maps.google.com/mapfiles/kml/paddle/purple-stars.png</href>
				</Icon>
			</IconStyle>
			<LabelStyle>
				<color>ffffffff</color>
				<scale>1</scale>
			</LabelStyle>
		</Style>
		<Point>
			<extrude>1</extrude>
			<altitudeMode>relativeToGround</altitudeMode>
			<coordinates>27.9260997772,-25.9384994506999,0</coordinates>
		</Point>
	</Placemark>
	<Placemark>
		<name>FAMM</name>
		<styleUrl>#stylemap_id0</styleUrl>
		<Style>
			<IconStyle>
				<scale>1</scale>
				<Icon>
					<href>https://maps.google.com/mapfiles/kml/paddle/purple-stars.png</href>
				</Icon>
			</IconStyle>
			<LabelStyle>
				<color>ffffffff</color>
				<scale>1</scale>
			</LabelStyle>
		</Style>
		<Point>
			<extrude>1</extrude>
			<altitudeMode>relativeToGround</altitudeMode>
			<coordinates>25.5480003356999,-25.7984008789,0</coordinates>
		</Point>
	</Placemark>
	<Placemark>
		<name>FAOR</name>
		<styleUrl>#stylemap_id0</styleUrl>
		<Style>
			<IconStyle>
				<scale>1</scale>
				<Icon>
					<href>https://maps.google.com/mapfiles/kml/paddle/purple-stars.png</href>
				</Icon>
			</IconStyle>
			<LabelStyle>
				<color>ffffffff</color>
				<scale>1</scale>
			</LabelStyle>
		</Style>
		<Point>
			<extrude>1</extrude>
			<altitudeMode>relativeToGround</altitudeMode>
			<coordinates>28.246,-26.1392,0</coordinates>
		</Point>
	</Placemark>
	<Placemark>
		<name>FAPE</name>
		<styleUrl>#stylemap_id0</styleUrl>
		<Style>
			<IconStyle>
				<scale>1</scale>
				<Icon>
					<href>https://maps.google.com/mapfiles/kml/paddle/purple-stars.png</href>
				</Icon>
			</IconStyle>
			<LabelStyle>
				<color>ffffffff</color>
				<scale>1</scale>
			</LabelStyle>
		</Style>
		<Point>
			<extrude>1</extrude>
			<altitudeMode>relativeToGround</altitudeMode>
			<coordinates>25.6173000336,-33.9849014282,0</coordinates>
		</Point>
	</Placemark>
	<Placemark>
		<name>FBKE</name>
		<styleUrl>#stylemap_id0</styleUrl>
		<Style>
			<IconStyle>
				<scale>1</scale>
				<Icon>
					<href>https://maps.google.com/mapfiles/kml/paddle/purple-stars.png</href>
				</Icon>
			</IconStyle>
			<LabelStyle>
				<color>ffffffff</color>
				<scale>1</scale>
			</LabelStyle>
		</Style>
		<Point>
			<extrude>1</extrude>
			<altitudeMode>relativeToGround</altitudeMode>
			<coordinates>25.1623992919921,-17.8328990936279,0</coordinates>
		</Point>
	</Placemark>
	<Placemark>
		<name>FBPM</name>
		<styleUrl>#stylemap_id0</styleUrl>
		<Style>
			<IconStyle>
				<scale>1</scale>
				<Icon>
					<href>https://maps.google.com/mapfiles/kml/paddle/purple-stars.png</href>
				</Icon>
			</IconStyle>
			<LabelStyle>
				<color>ffffffff</color>
				<scale>1</scale>
			</LabelStyle>
		</Style>
		<Point>
			<extrude>1</extrude>
			<altitudeMode>relativeToGround</altitudeMode>
			<coordinates>27.475767,-21.158264,0</coordinates>
		</Point>
	</Placemark>
	<Placemark>
		<name>FBSK</name>
		<styleUrl>#stylemap_id0</styleUrl>
		<Style>
			<IconStyle>
				<scale>1</scale>
				<Icon>
					<href>https://maps.google.com/mapfiles/kml/paddle/purple-stars.png</href>
				</Icon>
			</IconStyle>
			<LabelStyle>
				<color>ffffffff</color>
				<scale>1</scale>
			</LabelStyle>
		</Style>
		<Point>
			<extrude>1</extrude>
			<altitudeMode>relativeToGround</altitudeMode>
			<coordinates>25.9182,-24.555201,0</coordinates>
		</Point>
	</Placemark>
	<Placemark>
		<name>FCBB</name>
		<styleUrl>#stylemap_id0</styleUrl>
		<Style>
			<IconStyle>
				<scale>1</scale>
				<Icon>
					<href>https://maps.google.com/mapfiles/kml/paddle/purple-stars.png</href>
				</Icon>
			</IconStyle>
			<LabelStyle>
				<color>ffffffff</color>
				<scale>1</scale>
			</LabelStyle>
		</Style>
		<Point>
			<extrude>1</extrude>
			<altitudeMode>relativeToGround</altitudeMode>
			<coordinates>15.2530002593994,-4.25169992446899,0</coordinates>
		</Point>
	</Placemark>
	<Placemark>
		<name>FEFF</name>
		<styleUrl>#stylemap_id0</styleUrl>
		<Style>
			<IconStyle>
				<scale>1</scale>
				<Icon>
					<href>https://maps.google.com/mapfiles/kml/paddle/purple-stars.png</href>
				</Icon>
			</IconStyle>
			<LabelStyle>
				<color>ffffffff</color>
				<scale>1</scale>
			</LabelStyle>
		</Style>
		<Point>
			<extrude>1</extrude>
			<altitudeMode>relativeToGround</altitudeMode>
			<coordinates>18.5188007354736,4.39847993850708,0</coordinates>
		</Point>
	</Placemark>
	<Placemark>
		<name>FIMP</name>
		<styleUrl>#stylemap_id0</styleUrl>
		<Style>
			<IconStyle>
				<scale>1</scale>
				<Icon>
					<href>https://maps.google.com/mapfiles/kml/paddle/purple-stars.png</href>
				</Icon>
			</IconStyle>
			<LabelStyle>
				<color>ffffffff</color>
				<scale>1</scale>
			</LabelStyle>
		</Style>
		<Point>
			<extrude>1</extrude>
			<altitudeMode>relativeToGround</altitudeMode>
			<coordinates>57.683601,-20.430201,0</coordinates>
		</Point>
	</Placemark>
	<Placemark>
		<name>FKKD</name>
		<styleUrl>#stylemap_id0</styleUrl>
		<Style>
			<IconStyle>
				<scale>1</scale>
				<Icon>
					<href>https://maps.google.com/mapfiles/kml/paddle/purple-stars.png</href>
				</Icon>
			</IconStyle>
			<LabelStyle>
				<color>ffffffff</color>
				<scale>1</scale>
			</LabelStyle>
		</Style>
		<Point>
			<extrude>1</extrude>
			<altitudeMode>relativeToGround</altitudeMode>
			<coordinates>9.71947956084999,4.0060801506,0</coordinates>
		</Point>
	</Placemark>
	<Placemark>
		<name>FKYS</name>
		<styleUrl>#stylemap_id0</styleUrl>
		<Style>
			<IconStyle>
				<scale>1</scale>
				<Icon>
					<href>https://maps.google.com/mapfiles/kml/paddle/purple-stars.png</href>
				</Icon>
			</IconStyle>
			<LabelStyle>
				<color>ffffffff</color>
				<scale>1</scale>
			</LabelStyle>
		</Style>
		<Point>
			<extrude>1</extrude>
			<altitudeMode>relativeToGround</altitudeMode>
			<coordinates>11.5532999038696,3.72255992889404,0</coordinates>
		</Point>
	</Placemark>
	<Placemark>
		<name>FLHN</name>
		<styleUrl>#stylemap_id0</styleUrl>
		<Style>
			<IconStyle>
				<scale>1</scale>
				<Icon>
					<href>https://maps.google.com/mapfiles/kml/paddle/purple-stars.png</href>
				</Icon>
			</IconStyle>
			<LabelStyle>
				<color>ffffffff</color>
				<scale>1</scale>
			</LabelStyle>
		</Style>
		<Point>
			<extrude>1</extrude>
			<altitudeMode>relativeToGround</altitudeMode>
			<coordinates>-48.54485,-27.673658,0</coordinates>
		</Point>
	</Placemark>
	<Placemark>
		<name>FLKK</name>
		<styleUrl>#stylemap_id0</styleUrl>
		<Style>
			<IconStyle>
				<scale>1</scale>
				<Icon>
					<href>https://maps.google.com/mapfiles/kml/paddle/purple-stars.png</href>
				</Icon>
			</IconStyle>
			<LabelStyle>
				<color>ffffffff</color>
				<scale>1</scale>
			</LabelStyle>
		</Style>
		<Point>
			<extrude>1</extrude>
			<altitudeMode>relativeToGround</altitudeMode>
			<coordinates>28.434397672424,-15.328980432628,0</coordinates>
		</Point>
	</Placemark>
	<Placemark>
		<name>FLSK</name>
		<styleUrl>#stylemap_id0</styleUrl>
		<Style>
			<IconStyle>
				<scale>1</scale>
				<Icon>
					<href>https://maps.google.com/mapfiles/kml/paddle/purple-stars.png</href>
				</Icon>
			</IconStyle>
			<LabelStyle>
				<color>ffffffff</color>
				<scale>1</scale>
			</LabelStyle>
		</Style>
		<Point>
			<extrude>1</extrude>
			<altitudeMode>relativeToGround</altitudeMode>
			<coordinates>28.516203,-12.965903,0</coordinates>
		</Point>
	</Placemark>
	<Placemark>
		<name>FMCH</name>
		<styleUrl>#stylemap_id0</styleUrl>
		<Style>
			<IconStyle>
				<scale>1</scale>
				<Icon>
					<href>https://maps.google.com/mapfiles/kml/paddle/purple-stars.png</href>
				</Icon>
			</IconStyle>
			<LabelStyle>
				<color>ffffffff</color>
				<scale>1</scale>
			</LabelStyle>
		</Style>
		<Point>
			<extrude>1</extrude>
			<altitudeMode>relativeToGround</altitudeMode>
			<coordinates>43.2719,-11.5337,0</coordinates>
		</Point>
	</Placemark>
	<Placemark>
		<name>FMEE</name>
		<styleUrl>#stylemap_id0</styleUrl>
		<Style>
			<IconStyle>
				<scale>1</scale>
				<Icon>
					<href>https://maps.google.com/mapfiles/kml/paddle/purple-stars.png</href>
				</Icon>
			</IconStyle>
			<LabelStyle>
				<color>ffffffff</color>
				<scale>1</scale>
			</LabelStyle>
		</Style>
		<Point>
			<extrude>1</extrude>
			<altitudeMode>relativeToGround</altitudeMode>
			<coordinates>55.5102996826171,-20.8871002197265,0</coordinates>
		</Point>
	</Placemark>
	<Placemark>
		<name>FMMI</name>
		<styleUrl>#stylemap_id0</styleUrl>
		<Style>
			<IconStyle>
				<scale>1</scale>
				<Icon>
					<href>https://maps.google.com/mapfiles/kml/paddle/purple-stars.png</href>
				</Icon>
			</IconStyle>
			<LabelStyle>
				<color>ffffffff</color>
				<scale>1</scale>
			</LabelStyle>
		</Style>
		<Point>
			<extrude>1</extrude>
			<altitudeMode>relativeToGround</altitudeMode>
			<coordinates>47.47880199999999,-18.7969,0</coordinates>
		</Point>
	</Placemark>
	<Placemark>
		<name>FNCT</name>
		<styleUrl>#stylemap_id0</styleUrl>
		<Style>
			<IconStyle>
				<scale>1</scale>
				<Icon>
					<href>https://maps.google.com/mapfiles/kml/paddle/purple-stars.png</href>
				</Icon>
			</IconStyle>
			<LabelStyle>
				<color>ffffffff</color>
				<scale>1</scale>
			</LabelStyle>
		</Style>
		<Point>
			<extrude>1</extrude>
			<altitudeMode>relativeToGround</altitudeMode>
			<coordinates>13.4869,-12.4792,0</coordinates>
		</Point>
	</Placemark>
	<Placemark>
		<name>FNLU</name>
		<styleUrl>#stylemap_id0</styleUrl>
		<Style>
			<IconStyle>
				<scale>1</scale>
				<Icon>
					<href>https://maps.google.com/mapfiles/kml/paddle/purple-stars.png</href>
				</Icon>
			</IconStyle>
			<LabelStyle>
				<color>ffffffff</color>
				<scale>1</scale>
			</LabelStyle>
		</Style>
		<Point>
			<extrude>1</extrude>
			<altitudeMode>relativeToGround</altitudeMode>
			<coordinates>13.2312,-8.858370000000001,0</coordinates>
		</Point>
	</Placemark>
	<Placemark>
		<name>FOOL</name>
		<styleUrl>#stylemap_id0</styleUrl>
		<Style>
			<IconStyle>
				<scale>1</scale>
				<Icon>
					<href>https://maps.google.com/mapfiles/kml/paddle/purple-stars.png</href>
				</Icon>
			</IconStyle>
			<LabelStyle>
				<color>ffffffff</color>
				<scale>1</scale>
			</LabelStyle>
		</Style>
		<Point>
			<extrude>1</extrude>
			<altitudeMode>relativeToGround</altitudeMode>
			<coordinates>9.41228008269999,0.458600014448,0</coordinates>
		</Point>
	</Placemark>
	<Placemark>
		<name>FQNC</name>
		<styleUrl>#stylemap_id0</styleUrl>
		<Style>
			<IconStyle>
				<scale>1</scale>
				<Icon>
					<href>https://maps.google.com/mapfiles/kml/paddle/purple-stars.png</href>
				</Icon>
			</IconStyle>
			<LabelStyle>
				<color>ffffffff</color>
				<scale>1</scale>
			</LabelStyle>
		</Style>
		<Point>
			<extrude>1</extrude>
			<altitudeMode>relativeToGround</altitudeMode>
			<coordinates>40.705833,-14.493861,0</coordinates>
		</Point>
	</Placemark>
	<Placemark>
		<name>FSIA</name>
		<styleUrl>#stylemap_id0</styleUrl>
		<Style>
			<IconStyle>
				<scale>1</scale>
				<Icon>
					<href>https://maps.google.com/mapfiles/kml/paddle/purple-stars.png</href>
				</Icon>
			</IconStyle>
			<LabelStyle>
				<color>ffffffff</color>
				<scale>1</scale>
			</LabelStyle>
		</Style>
		<Point>
			<extrude>1</extrude>
			<altitudeMode>relativeToGround</altitudeMode>
			<coordinates>55.52180100000001,-4.67434,0</coordinates>
		</Point>
	</Placemark>
	<Placemark>
		<name>FTTJ</name>
		<styleUrl>#stylemap_id0</styleUrl>
		<Style>
			<IconStyle>
				<scale>1</scale>
				<Icon>
					<href>https://maps.google.com/mapfiles/kml/paddle/purple-stars.png</href>
				</Icon>
			</IconStyle>
			<LabelStyle>
				<color>ffffffff</color>
				<scale>1</scale>
			</LabelStyle>
		</Style>
		<Point>
			<extrude>1</extrude>
			<altitudeMode>relativeToGround</altitudeMode>
			<coordinates>15.034,12.1337,0</coordinates>
		</Point>
	</Placemark>
	<Placemark>
		<name>FVFA</name>
		<styleUrl>#stylemap_id0</styleUrl>
		<Style>
			<IconStyle>
				<scale>1</scale>
				<Icon>
					<href>https://maps.google.com/mapfiles/kml/paddle/purple-stars.png</href>
				</Icon>
			</IconStyle>
			<LabelStyle>
				<color>ffffffff</color>
				<scale>1</scale>
			</LabelStyle>
		</Style>
		<Point>
			<extrude>1</extrude>
			<altitudeMode>relativeToGround</altitudeMode>
			<coordinates>25.8390007019042,-18.0958995819091,0</coordinates>
		</Point>
	</Placemark>
	<Placemark>
		<name>FVJN</name>
		<styleUrl>#stylemap_id0</styleUrl>
		<Style>
			<IconStyle>
				<scale>1</scale>
				<Icon>
					<href>https://maps.google.com/mapfiles/kml/paddle/purple-stars.png</href>
				</Icon>
			</IconStyle>
			<LabelStyle>
				<color>ffffffff</color>
				<scale>1</scale>
			</LabelStyle>
		</Style>
		<Point>
			<extrude>1</extrude>
			<altitudeMode>relativeToGround</altitudeMode>
			<coordinates>28.622139,-20.016942,0</coordinates>
		</Point>
	</Placemark>
	<Placemark>
		<name>FVRG</name>
		<styleUrl>#stylemap_id0</styleUrl>
		<Style>
			<IconStyle>
				<scale>1</scale>
				<Icon>
					<href>https://maps.google.com/mapfiles/kml/paddle/purple-stars.png</href>
				</Icon>
			</IconStyle>
			<LabelStyle>
				<color>ffffffff</color>
				<scale>1</scale>
			</LabelStyle>
		</Style>
		<Point>
			<extrude>1</extrude>
			<altitudeMode>relativeToGround</altitudeMode>
			<coordinates>31.098336,-17.920075,0</coordinates>
		</Point>
	</Placemark>
	<Placemark>
		<name>FWKI</name>
		<styleUrl>#stylemap_id0</styleUrl>
		<Style>
			<IconStyle>
				<scale>1</scale>
				<Icon>
					<href>https://maps.google.com/mapfiles/kml/paddle/purple-stars.png</href>
				</Icon>
			</IconStyle>
			<LabelStyle>
				<color>ffffffff</color>
				<scale>1</scale>
			</LabelStyle>
		</Style>
		<Point>
			<extrude>1</extrude>
			<altitudeMode>relativeToGround</altitudeMode>
			<coordinates>33.78099823,-13.7894001007,0</coordinates>
		</Point>
	</Placemark>
	<Placemark>
		<name>FYWH</name>
		<styleUrl>#stylemap_id0</styleUrl>
		<Style>
			<IconStyle>
				<scale>1</scale>
				<Icon>
					<href>https://maps.google.com/mapfiles/kml/paddle/purple-stars.png</href>
				</Icon>
			</IconStyle>
			<LabelStyle>
				<color>ffffffff</color>
				<scale>1</scale>
			</LabelStyle>
		</Style>
		<Point>
			<extrude>1</extrude>
			<altitudeMode>relativeToGround</altitudeMode>
			<coordinates>17.4709,-22.4799,0</coordinates>
		</Point>
	</Placemark>
	<Placemark>
		<name>FZAA</name>
		<styleUrl>#stylemap_id0</styleUrl>
		<Style>
			<IconStyle>
				<scale>1</scale>
				<Icon>
					<href>https://maps.google.com/mapfiles/kml/paddle/purple-stars.png</href>
				</Icon>
			</IconStyle>
			<LabelStyle>
				<color>ffffffff</color>
				<scale>1</scale>
			</LabelStyle>
		</Style>
		<Point>
			<extrude>1</extrude>
			<altitudeMode>relativeToGround</altitudeMode>
			<coordinates>15.4446,-4.38575,0</coordinates>
		</Point>
	</Placemark>
	<Placemark>
		<name>GAGO</name>
		<styleUrl>#stylemap_id0</styleUrl>
		<Style>
			<IconStyle>
				<scale>1</scale>
				<Icon>
					<href>https://maps.google.com/mapfiles/kml/paddle/purple-stars.png</href>
				</Icon>
			</IconStyle>
			<LabelStyle>
				<color>ffffffff</color>
				<scale>1</scale>
			</LabelStyle>
		</Style>
		<Point>
			<extrude>1</extrude>
			<altitudeMode>relativeToGround</altitudeMode>
			<coordinates>-0.00545600010082125,16.248399734497,0</coordinates>
		</Point>
	</Placemark>
	<Placemark>
		<name>GCTS</name>
		<styleUrl>#stylemap_id0</styleUrl>
		<Style>
			<IconStyle>
				<scale>1</scale>
				<Icon>
					<href>https://maps.google.com/mapfiles/kml/paddle/purple-stars.png</href>
				</Icon>
			</IconStyle>
			<LabelStyle>
				<color>ffffffff</color>
				<scale>1</scale>
			</LabelStyle>
		</Style>
		<Point>
			<extrude>1</extrude>
			<altitudeMode>relativeToGround</altitudeMode>
			<coordinates>-16.5725002289,28.044500351,0</coordinates>
		</Point>
	</Placemark>
	<Placemark>
		<name>GCXO</name>
		<styleUrl>#stylemap_id0</styleUrl>
		<Style>
			<IconStyle>
				<scale>1</scale>
				<Icon>
					<href>https://maps.google.com/mapfiles/kml/paddle/purple-stars.png</href>
				</Icon>
			</IconStyle>
			<LabelStyle>
				<color>ffffffff</color>
				<scale>1</scale>
			</LabelStyle>
		</Style>
		<Point>
			<extrude>1</extrude>
			<altitudeMode>relativeToGround</altitudeMode>
			<coordinates>-16.3414993286,28.4827003479,0</coordinates>
		</Point>
	</Placemark>
	<Placemark>
		<name>GMME</name>
		<styleUrl>#stylemap_id0</styleUrl>
		<Style>
			<IconStyle>
				<scale>1</scale>
				<Icon>
					<href>https://maps.google.com/mapfiles/kml/paddle/purple-stars.png</href>
				</Icon>
			</IconStyle>
			<LabelStyle>
				<color>ffffffff</color>
				<scale>1</scale>
			</LabelStyle>
		</Style>
		<Point>
			<extrude>1</extrude>
			<altitudeMode>relativeToGround</altitudeMode>
			<coordinates>-6.751520000000001,34.051498,0</coordinates>
		</Point>
	</Placemark>
	<Placemark>
		<name>GMMN</name>
		<styleUrl>#stylemap_id0</styleUrl>
		<Style>
			<IconStyle>
				<scale>1</scale>
				<Icon>
					<href>https://maps.google.com/mapfiles/kml/paddle/purple-stars.png</href>
				</Icon>
			</IconStyle>
			<LabelStyle>
				<color>ffffffff</color>
				<scale>1</scale>
			</LabelStyle>
		</Style>
		<Point>
			<extrude>1</extrude>
			<altitudeMode>relativeToGround</altitudeMode>
			<coordinates>-7.589970111846919,33.3675003051757,0</coordinates>
		</Point>
	</Placemark>
	<Placemark>
		<name>GMMX</name>
		<styleUrl>#stylemap_id0</styleUrl>
		<Style>
			<IconStyle>
				<scale>1</scale>
				<Icon>
					<href>https://maps.google.com/mapfiles/kml/paddle/purple-stars.png</href>
				</Icon>
			</IconStyle>
			<LabelStyle>
				<color>ffffffff</color>
				<scale>1</scale>
			</LabelStyle>
		</Style>
		<Point>
			<extrude>1</extrude>
			<altitudeMode>relativeToGround</altitudeMode>
			<coordinates>-8.03629970551,31.6068992614999,0</coordinates>
		</Point>
	</Placemark>
	<Placemark>
		<name>GMMZ</name>
		<styleUrl>#stylemap_id0</styleUrl>
		<Style>
			<IconStyle>
				<scale>1</scale>
				<Icon>
					<href>https://maps.google.com/mapfiles/kml/paddle/purple-stars.png</href>
				</Icon>
			</IconStyle>
			<LabelStyle>
				<color>ffffffff</color>
				<scale>1</scale>
			</LabelStyle>
		</Style>
		<Point>
			<extrude>1</extrude>
			<altitudeMode>relativeToGround</altitudeMode>
			<coordinates>-6.90943002701,30.9391002655,0</coordinates>
		</Point>
	</Placemark>
	<Placemark>
		<name>GOBD</name>
		<styleUrl>#stylemap_id0</styleUrl>
		<Style>
			<IconStyle>
				<scale>1</scale>
				<Icon>
					<href>https://maps.google.com/mapfiles/kml/paddle/purple-stars.png</href>
				</Icon>
			</IconStyle>
			<LabelStyle>
				<color>ffffffff</color>
				<scale>1</scale>
			</LabelStyle>
		</Style>
		<Point>
			<extrude>1</extrude>
			<altitudeMode>relativeToGround</altitudeMode>
			<coordinates>-17.073333,14.67,0</coordinates>
		</Point>
	</Placemark>
	<Placemark>
		<name>GOOY</name>
		<styleUrl>#stylemap_id0</styleUrl>
		<Style>
			<IconStyle>
				<scale>1</scale>
				<Icon>
					<href>https://maps.google.com/mapfiles/kml/paddle/purple-stars.png</href>
				</Icon>
			</IconStyle>
			<LabelStyle>
				<color>ffffffff</color>
				<scale>1</scale>
			</LabelStyle>
		</Style>
		<Point>
			<extrude>1</extrude>
			<altitudeMode>relativeToGround</altitudeMode>
			<coordinates>-17.4902000427246,14.7397003173828,0</coordinates>
		</Point>
	</Placemark>
	<Placemark>
		<name>GVAC</name>
		<styleUrl>#stylemap_id0</styleUrl>
		<Style>
			<IconStyle>
				<scale>1</scale>
				<Icon>
					<href>https://maps.google.com/mapfiles/kml/paddle/purple-stars.png</href>
				</Icon>
			</IconStyle>
			<LabelStyle>
				<color>ffffffff</color>
				<scale>1</scale>
			</LabelStyle>
		</Style>
		<Point>
			<extrude>1</extrude>
			<altitudeMode>relativeToGround</altitudeMode>
			<coordinates>-22.9494,16.7414,0</coordinates>
		</Point>
	</Placemark>
	<Placemark>
		<name>HAAB</name>
		<styleUrl>#stylemap_id0</styleUrl>
		<Style>
			<IconStyle>
				<scale>1</scale>
				<Icon>
					<href>https://maps.google.com/mapfiles/kml/paddle/purple-stars.png</href>
				</Icon>
			</IconStyle>
			<LabelStyle>
				<color>ffffffff</color>
				<scale>1</scale>
			</LabelStyle>
		</Style>
		<Point>
			<extrude>1</extrude>
			<altitudeMode>relativeToGround</altitudeMode>
			<coordinates>38.7993011474999,8.977890014650001,0</coordinates>
		</Point>
	</Placemark>
	<Placemark>
		<name>HCMM</name>
		<styleUrl>#stylemap_id0</styleUrl>
		<Style>
			<IconStyle>
				<scale>1</scale>
				<Icon>
					<href>https://maps.google.com/mapfiles/kml/paddle/purple-stars.png</href>
				</Icon>
			</IconStyle>
			<LabelStyle>
				<color>ffffffff</color>
				<scale>1</scale>
			</LabelStyle>
		</Style>
		<Point>
			<extrude>1</extrude>
			<altitudeMode>relativeToGround</altitudeMode>
			<coordinates>45.3046989440918,2.01444005966186,0</coordinates>
		</Point>
	</Placemark>
	<Placemark>
		<name>HDAM</name>
		<styleUrl>#stylemap_id0</styleUrl>
		<Style>
			<IconStyle>
				<scale>1</scale>
				<Icon>
					<href>https://maps.google.com/mapfiles/kml/paddle/purple-stars.png</href>
				</Icon>
			</IconStyle>
			<LabelStyle>
				<color>ffffffff</color>
				<scale>1</scale>
			</LabelStyle>
		</Style>
		<Point>
			<extrude>1</extrude>
			<altitudeMode>relativeToGround</altitudeMode>
			<coordinates>43.1595001220703,11.5473003387451,0</coordinates>
		</Point>
	</Placemark>
	<Placemark>
		<name>HECA</name>
		<styleUrl>#stylemap_id0</styleUrl>
		<Style>
			<IconStyle>
				<scale>1</scale>
				<Icon>
					<href>https://maps.google.com/mapfiles/kml/paddle/purple-stars.png</href>
				</Icon>
			</IconStyle>
			<LabelStyle>
				<color>ffffffff</color>
				<scale>1</scale>
			</LabelStyle>
		</Style>
		<Point>
			<extrude>1</extrude>
			<altitudeMode>relativeToGround</altitudeMode>
			<coordinates>31.4055995941162,30.1219005584716,0</coordinates>
		</Point>
	</Placemark>
	<Placemark>
		<name>HKEL</name>
		<styleUrl>#stylemap_id0</styleUrl>
		<Style>
			<IconStyle>
				<scale>1</scale>
				<Icon>
					<href>https://maps.google.com/mapfiles/kml/paddle/purple-stars.png</href>
				</Icon>
			</IconStyle>
			<LabelStyle>
				<color>ffffffff</color>
				<scale>1</scale>
			</LabelStyle>
		</Style>
		<Point>
			<extrude>1</extrude>
			<altitudeMode>relativeToGround</altitudeMode>
			<coordinates>35.238899230957,0.404457986354827,0</coordinates>
		</Point>
	</Placemark>
	<Placemark>
		<name>HKJK</name>
		<styleUrl>#stylemap_id0</styleUrl>
		<Style>
			<IconStyle>
				<scale>1</scale>
				<Icon>
					<href>https://maps.google.com/mapfiles/kml/paddle/purple-stars.png</href>
				</Icon>
			</IconStyle>
			<LabelStyle>
				<color>ffffffff</color>
				<scale>1</scale>
			</LabelStyle>
		</Style>
		<Point>
			<extrude>1</extrude>
			<altitudeMode>relativeToGround</altitudeMode>
			<coordinates>36.9277992249,-1.31923997402,0</coordinates>
		</Point>
	</Placemark>
	<Placemark>
		<name>HRYR</name>
		<styleUrl>#stylemap_id0</styleUrl>
		<Style>
			<IconStyle>
				<scale>1</scale>
				<Icon>
					<href>https://maps.google.com/mapfiles/kml/paddle/purple-stars.png</href>
				</Icon>
			</IconStyle>
			<LabelStyle>
				<color>ffffffff</color>
				<scale>1</scale>
			</LabelStyle>
		</Style>
		<Point>
			<extrude>1</extrude>
			<altitudeMode>relativeToGround</altitudeMode>
			<coordinates>30.1395,-1.96863,0</coordinates>
		</Point>
	</Placemark>
	<Placemark>
		<name>HTDO</name>
		<styleUrl>#stylemap_id0</styleUrl>
		<Style>
			<IconStyle>
				<scale>1</scale>
				<Icon>
					<href>https://maps.google.com/mapfiles/kml/paddle/purple-stars.png</href>
				</Icon>
			</IconStyle>
			<LabelStyle>
				<color>ffffffff</color>
				<scale>1</scale>
			</LabelStyle>
		</Style>
		<Point>
			<extrude>1</extrude>
			<altitudeMode>relativeToGround</altitudeMode>
			<coordinates>35.7526016235351,-6.170440196990959,0</coordinates>
		</Point>
	</Placemark>
	<Placemark>
		<name>HTKJ</name>
		<styleUrl>#stylemap_id0</styleUrl>
		<Style>
			<IconStyle>
				<scale>1</scale>
				<Icon>
					<href>https://maps.google.com/mapfiles/kml/paddle/purple-stars.png</href>
				</Icon>
			</IconStyle>
			<LabelStyle>
				<color>ffffffff</color>
				<scale>1</scale>
			</LabelStyle>
		</Style>
		<Point>
			<extrude>1</extrude>
			<altitudeMode>relativeToGround</altitudeMode>
			<coordinates>37.074501,-3.429409999999999,0</coordinates>
		</Point>
	</Placemark>
	<Placemark>
		<name>HUEN</name>
		<styleUrl>#stylemap_id0</styleUrl>
		<Style>
			<IconStyle>
				<scale>1</scale>
				<Icon>
					<href>https://maps.google.com/mapfiles/kml/paddle/purple-stars.png</href>
				</Icon>
			</IconStyle>
			<LabelStyle>
				<color>ffffffff</color>
				<scale>1</scale>
			</LabelStyle>
		</Style>
		<Point>
			<extrude>1</extrude>
			<altitudeMode>relativeToGround</altitudeMode>
			<coordinates>32.443501,0.042386,0</coordinates>
		</Point>
	</Placemark>
	<Placemark>
		<name>KAGS</name>
		<styleUrl>#stylemap_id0</styleUrl>
		<Style>
			<IconStyle>
				<scale>1</scale>
				<Icon>
					<href>https://maps.google.com/mapfiles/kml/paddle/purple-stars.png</href>
				</Icon>
			</IconStyle>
			<LabelStyle>
				<color>ffffffff</color>
				<scale>1</scale>
			</LabelStyle>
		</Style>
		<Point>
			<extrude>1</extrude>
			<altitudeMode>relativeToGround</altitudeMode>
			<coordinates>-81.96450042724609,33.3698997497558,0</coordinates>
		</Point>
	</Placemark>
	<Placemark>
		<name>KATL</name>
		<styleUrl>#stylemap_id0</styleUrl>
		<Style>
			<IconStyle>
				<scale>1</scale>
				<Icon>
					<href>https://maps.google.com/mapfiles/kml/paddle/purple-stars.png</href>
				</Icon>
			</IconStyle>
			<LabelStyle>
				<color>ffffffff</color>
				<scale>1</scale>
			</LabelStyle>
		</Style>
		<Point>
			<extrude>1</extrude>
			<altitudeMode>relativeToGround</altitudeMode>
			<coordinates>-84.428101,33.6367,0</coordinates>
		</Point>
	</Placemark>
	<Placemark>
		<name>KAUS</name>
		<styleUrl>#stylemap_id0</styleUrl>
		<Style>
			<IconStyle>
				<scale>1</scale>
				<Icon>
					<href>https://maps.google.com/mapfiles/kml/paddle/purple-stars.png</href>
				</Icon>
			</IconStyle>
			<LabelStyle>
				<color>ffffffff</color>
				<scale>1</scale>
			</LabelStyle>
		</Style>
		<Point>
			<extrude>1</extrude>
			<altitudeMode>relativeToGround</altitudeMode>
			<coordinates>-97.66989898681641,30.1944999694824,0</coordinates>
		</Point>
	</Placemark>
	<Placemark>
		<name>KBDL</name>
		<styleUrl>#stylemap_id0</styleUrl>
		<Style>
			<IconStyle>
				<scale>1</scale>
				<Icon>
					<href>https://maps.google.com/mapfiles/kml/paddle/purple-stars.png</href>
				</Icon>
			</IconStyle>
			<LabelStyle>
				<color>ffffffff</color>
				<scale>1</scale>
			</LabelStyle>
		</Style>
		<Point>
			<extrude>1</extrude>
			<altitudeMode>relativeToGround</altitudeMode>
			<coordinates>-72.68319702149989,41.9388999939,0</coordinates>
		</Point>
	</Placemark>
	<Placemark>
		<name>KBED</name>
		<styleUrl>#stylemap_id0</styleUrl>
		<Style>
			<IconStyle>
				<scale>1</scale>
				<Icon>
					<href>https://maps.google.com/mapfiles/kml/paddle/purple-stars.png</href>
				</Icon>
			</IconStyle>
			<LabelStyle>
				<color>ffffffff</color>
				<scale>1</scale>
			</LabelStyle>
		</Style>
		<Point>
			<extrude>1</extrude>
			<altitudeMode>relativeToGround</altitudeMode>
			<coordinates>-71.28900145999999,42.47000122,0</coordinates>
		</Point>
	</Placemark>
	<Placemark>
		<name>KBFI</name>
		<styleUrl>#stylemap_id0</styleUrl>
		<Style>
			<IconStyle>
				<scale>1</scale>
				<Icon>
					<href>https://maps.google.com/mapfiles/kml/paddle/purple-stars.png</href>
				</Icon>
			</IconStyle>
			<LabelStyle>
				<color>ffffffff</color>
				<scale>1</scale>
			</LabelStyle>
		</Style>
		<Point>
			<extrude>1</extrude>
			<altitudeMode>relativeToGround</altitudeMode>
			<coordinates>-122.302001953125,47.5299987792968,0</coordinates>
		</Point>
	</Placemark>
	<Placemark>
		<name>KBNA</name>
		<styleUrl>#stylemap_id0</styleUrl>
		<Style>
			<IconStyle>
				<scale>1</scale>
				<Icon>
					<href>https://maps.google.com/mapfiles/kml/paddle/purple-stars.png</href>
				</Icon>
			</IconStyle>
			<LabelStyle>
				<color>ffffffff</color>
				<scale>1</scale>
			</LabelStyle>
		</Style>
		<Point>
			<extrude>1</extrude>
			<altitudeMode>relativeToGround</altitudeMode>
			<coordinates>-86.67819976806641,36.1245002746582,0</coordinates>
		</Point>
	</Placemark>
	<Placemark>
		<name>KBOS</name>
		<styleUrl>#stylemap_id0</styleUrl>
		<Style>
			<IconStyle>
				<scale>1</scale>
				<Icon>
					<href>https://maps.google.com/mapfiles/kml/paddle/purple-stars.png</href>
				</Icon>
			</IconStyle>
			<LabelStyle>
				<color>ffffffff</color>
				<scale>1</scale>
			</LabelStyle>
		</Style>
		<Point>
			<extrude>1</extrude>
			<altitudeMode>relativeToGround</altitudeMode>
			<coordinates>-71.00520324999999,42.36429977,0</coordinates>
		</Point>
	</Placemark>
	<Placemark>
		<name>KBUR</name>
		<styleUrl>#stylemap_id0</styleUrl>
		<Style>
			<IconStyle>
				<scale>1</scale>
				<Icon>
					<href>https://maps.google.com/mapfiles/kml/paddle/purple-stars.png</href>
				</Icon>
			</IconStyle>
			<LabelStyle>
				<color>ffffffff</color>
				<scale>1</scale>
			</LabelStyle>
		</Style>
		<Point>
			<extrude>1</extrude>
			<altitudeMode>relativeToGround</altitudeMode>
			<coordinates>-118.359001159667,34.200698852539,0</coordinates>
		</Point>
	</Placemark>
	<Placemark>
		<name>KBWI</name>
		<styleUrl>#stylemap_id0</styleUrl>
		<Style>
			<IconStyle>
				<scale>1</scale>
				<Icon>
					<href>https://maps.google.com/mapfiles/kml/paddle/purple-stars.png</href>
				</Icon>
			</IconStyle>
			<LabelStyle>
				<color>ffffffff</color>
				<scale>1</scale>
			</LabelStyle>
		</Style>
		<Point>
			<extrude>1</extrude>
			<altitudeMode>relativeToGround</altitudeMode>
			<coordinates>-76.668297,39.1754,0</coordinates>
		</Point>
	</Placemark>
	<Placemark>
		<name>KCAE</name>
		<styleUrl>#stylemap_id0</styleUrl>
		<Style>
			<IconStyle>
				<scale>1</scale>
				<Icon>
					<href>https://maps.google.com/mapfiles/kml/paddle/purple-stars.png</href>
				</Icon>
			</IconStyle>
			<LabelStyle>
				<color>ffffffff</color>
				<scale>1</scale>
			</LabelStyle>
		</Style>
		<Point>
			<extrude>1</extrude>
			<altitudeMode>relativeToGround</altitudeMode>
			<coordinates>-81.1194992065429,33.9388008117675,0</coordinates>
		</Point>
	</Placemark>
	<Placemark>
		<name>KCHA</name>
		<styleUrl>#stylemap_id0</styleUrl>
		<Style>
			<IconStyle>
				<scale>1</scale>
				<Icon>
					<href>https://maps.google.com/mapfiles/kml/paddle/purple-stars.png</href>
				</Icon>
			</IconStyle>
			<LabelStyle>
				<color>ffffffff</color>
				<scale>1</scale>
			</LabelStyle>
		</Style>
		<Point>
			<extrude>1</extrude>
			<altitudeMode>relativeToGround</altitudeMode>
			<coordinates>-85.20379638671869,35.035301208496,0</coordinates>
		</Point>
	</Placemark>
	<Placemark>
		<name>KCHS</name>
		<styleUrl>#stylemap_id0</styleUrl>
		<Style>
			<IconStyle>
				<scale>1</scale>
				<Icon>
					<href>https://maps.google.com/mapfiles/kml/paddle/purple-stars.png</href>
				</Icon>
			</IconStyle>
			<LabelStyle>
				<color>ffffffff</color>
				<scale>1</scale>
			</LabelStyle>
		</Style>
		<Point>
			<extrude>1</extrude>
			<altitudeMode>relativeToGround</altitudeMode>
			<coordinates>-80.04049683,32.89860153,0</coordinates>
		</Point>
	</Placemark>
	<Placemark>
		<name>KCVG</name>
		<styleUrl>#stylemap_id0</styleUrl>
		<Style>
			<IconStyle>
				<scale>1</scale>
				<Icon>
					<href>https://maps.google.com/mapfiles/kml/paddle/purple-stars.png</href>
				</Icon>
			</IconStyle>
			<LabelStyle>
				<color>ffffffff</color>
				<scale>1</scale>
			</LabelStyle>
		</Style>
		<Point>
			<extrude>1</extrude>
			<altitudeMode>relativeToGround</altitudeMode>
			<coordinates>-84.667801,39.048801,0</coordinates>
		</Point>
	</Placemark>
	<Placemark>
		<name>KDEN</name>
		<styleUrl>#stylemap_id0</styleUrl>
		<Style>
			<IconStyle>
				<scale>1</scale>
				<Icon>
					<href>https://maps.google.com/mapfiles/kml/paddle/purple-stars.png</href>
				</Icon>
			</IconStyle>
			<LabelStyle>
				<color>ffffffff</color>
				<scale>1</scale>
			</LabelStyle>
		</Style>
		<Point>
			<extrude>1</extrude>
			<altitudeMode>relativeToGround</altitudeMode>
			<coordinates>-104.672996521,39.861698150635,0</coordinates>
		</Point>
	</Placemark>
	<Placemark>
		<name>KDTW</name>
		<styleUrl>#stylemap_id0</styleUrl>
		<Style>
			<IconStyle>
				<scale>1</scale>
				<Icon>
					<href>https://maps.google.com/mapfiles/kml/paddle/purple-stars.png</href>
				</Icon>
			</IconStyle>
			<LabelStyle>
				<color>ffffffff</color>
				<scale>1</scale>
			</LabelStyle>
		</Style>
		<Point>
			<extrude>1</extrude>
			<altitudeMode>relativeToGround</altitudeMode>
			<coordinates>-83.353401184082,42.2123985290527,0</coordinates>
		</Point>
	</Placemark>
	<Placemark>
		<name>KEGE</name>
		<styleUrl>#stylemap_id0</styleUrl>
		<Style>
			<IconStyle>
				<scale>1</scale>
				<Icon>
					<href>https://maps.google.com/mapfiles/kml/paddle/purple-stars.png</href>
				</Icon>
			</IconStyle>
			<LabelStyle>
				<color>ffffffff</color>
				<scale>1</scale>
			</LabelStyle>
		</Style>
		<Point>
			<extrude>1</extrude>
			<altitudeMode>relativeToGround</altitudeMode>
			<coordinates>-106.9179993,39.64260101,0</coordinates>
		</Point>
	</Placemark>
	<Placemark>
		<name>KEWR</name>
		<styleUrl>#stylemap_id0</styleUrl>
		<Style>
			<IconStyle>
				<scale>1</scale>
				<Icon>
					<href>https://maps.google.com/mapfiles/kml/paddle/purple-stars.png</href>
				</Icon>
			</IconStyle>
			<LabelStyle>
				<color>ffffffff</color>
				<scale>1</scale>
			</LabelStyle>
		</Style>
		<Point>
			<extrude>1</extrude>
			<altitudeMode>relativeToGround</altitudeMode>
			<coordinates>-74.168701171875,40.6925010681152,0</coordinates>
		</Point>
	</Placemark>
	<Placemark>
		<name>KFLL</name>
		<styleUrl>#stylemap_id0</styleUrl>
		<Style>
			<IconStyle>
				<scale>1</scale>
				<Icon>
					<href>https://maps.google.com/mapfiles/kml/paddle/purple-stars.png</href>
				</Icon>
			</IconStyle>
			<LabelStyle>
				<color>ffffffff</color>
				<scale>1</scale>
			</LabelStyle>
		</Style>
		<Point>
			<extrude>1</extrude>
			<altitudeMode>relativeToGround</altitudeMode>
			<coordinates>-80.15270200000001,26.072599,0</coordinates>
		</Point>
	</Placemark>
	<Placemark>
		<name>KGJT</name>
		<styleUrl>#stylemap_id0</styleUrl>
		<Style>
			<IconStyle>
				<scale>1</scale>
				<Icon>
					<href>https://maps.google.com/mapfiles/kml/paddle/purple-stars.png</href>
				</Icon>
			</IconStyle>
			<LabelStyle>
				<color>ffffffff</color>
				<scale>1</scale>
			</LabelStyle>
		</Style>
		<Point>
			<extrude>1</extrude>
			<altitudeMode>relativeToGround</altitudeMode>
			<coordinates>-108.527000427,39.1223983765,0</coordinates>
		</Point>
	</Placemark>
	<Placemark>
		<name>KGPI</name>
		<styleUrl>#stylemap_id0</styleUrl>
		<Style>
			<IconStyle>
				<scale>1</scale>
				<Icon>
					<href>https://maps.google.com/mapfiles/kml/paddle/purple-stars.png</href>
				</Icon>
			</IconStyle>
			<LabelStyle>
				<color>ffffffff</color>
				<scale>1</scale>
			</LabelStyle>
		</Style>
		<Point>
			<extrude>1</extrude>
			<altitudeMode>relativeToGround</altitudeMode>
			<coordinates>-114.255996704101,48.3105010986328,0</coordinates>
		</Point>
	</Placemark>
	<Placemark>
		<name>KGRB</name>
		<styleUrl>#stylemap_id0</styleUrl>
		<Style>
			<IconStyle>
				<scale>1</scale>
				<Icon>
					<href>https://maps.google.com/mapfiles/kml/paddle/purple-stars.png</href>
				</Icon>
			</IconStyle>
			<LabelStyle>
				<color>ffffffff</color>
				<scale>1</scale>
			</LabelStyle>
		</Style>
		<Point>
			<extrude>1</extrude>
			<altitudeMode>relativeToGround</altitudeMode>
			<coordinates>-88.1296005249023,44.4850997924804,0</coordinates>
		</Point>
	</Placemark>
	<Placemark>
		<name>KGSP</name>
		<styleUrl>#stylemap_id0</styleUrl>
		<Style>
			<IconStyle>
				<scale>1</scale>
				<Icon>
					<href>https://maps.google.com/mapfiles/kml/paddle/purple-stars.png</href>
				</Icon>
			</IconStyle>
			<LabelStyle>
				<color>ffffffff</color>
				<scale>1</scale>
			</LabelStyle>
		</Style>
		<Point>
			<extrude>1</extrude>
			<altitudeMode>relativeToGround</altitudeMode>
			<coordinates>-82.2189025879,34.8956985474,0</coordinates>
		</Point>
	</Placemark>
	<Placemark>
		<name>KGTF</name>
		<styleUrl>#stylemap_id0</styleUrl>
		<Style>
			<IconStyle>
				<scale>1</scale>
				<Icon>
					<href>https://maps.google.com/mapfiles/kml/paddle/purple-stars.png</href>
				</Icon>
			</IconStyle>
			<LabelStyle>
				<color>ffffffff</color>
				<scale>1</scale>
			</LabelStyle>
		</Style>
		<Point>
			<extrude>1</extrude>
			<altitudeMode>relativeToGround</altitudeMode>
			<coordinates>-111.3710022,47.48199843999999,0</coordinates>
		</Point>
	</Placemark>
	<Placemark>
		<name>KHOU</name>
		<styleUrl>#stylemap_id0</styleUrl>
		<Style>
			<IconStyle>
				<scale>1</scale>
				<Icon>
					<href>https://maps.google.com/mapfiles/kml/paddle/purple-stars.png</href>
				</Icon>
			</IconStyle>
			<LabelStyle>
				<color>ffffffff</color>
				<scale>1</scale>
			</LabelStyle>
		</Style>
		<Point>
			<extrude>1</extrude>
			<altitudeMode>relativeToGround</altitudeMode>
			<coordinates>-95.27890015,29.64539909,0</coordinates>
		</Point>
	</Placemark>
	<Placemark>
		<name>KHPN</name>
		<styleUrl>#stylemap_id0</styleUrl>
		<Style>
			<IconStyle>
				<scale>1</scale>
				<Icon>
					<href>https://maps.google.com/mapfiles/kml/paddle/purple-stars.png</href>
				</Icon>
			</IconStyle>
			<LabelStyle>
				<color>ffffffff</color>
				<scale>1</scale>
			</LabelStyle>
		</Style>
		<Point>
			<extrude>1</extrude>
			<altitudeMode>relativeToGround</altitudeMode>
			<coordinates>-73.7076034545898,41.0670013427734,0</coordinates>
		</Point>
	</Placemark>
	<Placemark>
		<name>KHSV</name>
		<styleUrl>#stylemap_id0</styleUrl>
		<Style>
			<IconStyle>
				<scale>1</scale>
				<Icon>
					<href>https://maps.google.com/mapfiles/kml/paddle/purple-stars.png</href>
				</Icon>
			</IconStyle>
			<LabelStyle>
				<color>ffffffff</color>
				<scale>1</scale>
			</LabelStyle>
		</Style>
		<Point>
			<extrude>1</extrude>
			<altitudeMode>relativeToGround</altitudeMode>
			<coordinates>-86.775100708008,34.637199401855,0</coordinates>
		</Point>
	</Placemark>
	<Placemark>
		<name>KIAD</name>
		<styleUrl>#stylemap_id0</styleUrl>
		<Style>
			<IconStyle>
				<scale>1</scale>
				<Icon>
					<href>https://maps.google.com/mapfiles/kml/paddle/purple-stars.png</href>
				</Icon>
			</IconStyle>
			<LabelStyle>
				<color>ffffffff</color>
				<scale>1</scale>
			</LabelStyle>
		</Style>
		<Point>
			<extrude>1</extrude>
			<altitudeMode>relativeToGround</altitudeMode>
			<coordinates>-77.455803,38.9445,0</coordinates>
		</Point>
	</Placemark>
	<Placemark>
		<name>KIAH</name>
		<styleUrl>#stylemap_id0</styleUrl>
		<Style>
			<IconStyle>
				<scale>1</scale>
				<Icon>
					<href>https://maps.google.com/mapfiles/kml/paddle/purple-stars.png</href>
				</Icon>
			</IconStyle>
			<LabelStyle>
				<color>ffffffff</color>
				<scale>1</scale>
			</LabelStyle>
		</Style>
		<Point>
			<extrude>1</extrude>
			<altitudeMode>relativeToGround</altitudeMode>
			<coordinates>-95.3414001464843,29.9843997955322,0</coordinates>
		</Point>
	</Placemark>
	<Placemark>
		<name>KIFP</name>
		<styleUrl>#stylemap_id0</styleUrl>
		<Style>
			<IconStyle>
				<scale>1</scale>
				<Icon>
					<href>https://maps.google.com/mapfiles/kml/paddle/purple-stars.png</href>
				</Icon>
			</IconStyle>
			<LabelStyle>
				<color>ffffffff</color>
				<scale>1</scale>
			</LabelStyle>
		</Style>
		<Point>
			<extrude>1</extrude>
			<altitudeMode>relativeToGround</altitudeMode>
			<coordinates>-114.559278524638,35.1551889239575,0</coordinates>
		</Point>
	</Placemark>
	<Placemark>
		<name>KIND</name>
		<styleUrl>#stylemap_id0</styleUrl>
		<Style>
			<IconStyle>
				<scale>1</scale>
				<Icon>
					<href>https://maps.google.com/mapfiles/kml/paddle/purple-stars.png</href>
				</Icon>
			</IconStyle>
			<LabelStyle>
				<color>ffffffff</color>
				<scale>1</scale>
			</LabelStyle>
		</Style>
		<Point>
			<extrude>1</extrude>
			<altitudeMode>relativeToGround</altitudeMode>
			<coordinates>-86.294403,39.7173,0</coordinates>
		</Point>
	</Placemark>
	<Placemark>
		<name>KJFK</name>
		<styleUrl>#stylemap_id0</styleUrl>
		<Style>
			<IconStyle>
				<scale>1</scale>
				<Icon>
					<href>https://maps.google.com/mapfiles/kml/paddle/purple-stars.png</href>
				</Icon>
			</IconStyle>
			<LabelStyle>
				<color>ffffffff</color>
				<scale>1</scale>
			</LabelStyle>
		</Style>
		<Point>
			<extrude>1</extrude>
			<altitudeMode>relativeToGround</altitudeMode>
			<coordinates>-73.77889999999999,40.639801,0</coordinates>
		</Point>
	</Placemark>
	<Placemark>
		<name>KLAF</name>
		<styleUrl>#stylemap_id0</styleUrl>
		<Style>
			<IconStyle>
				<scale>1</scale>
				<Icon>
					<href>https://maps.google.com/mapfiles/kml/paddle/purple-stars.png</href>
				</Icon>
			</IconStyle>
			<LabelStyle>
				<color>ffffffff</color>
				<scale>1</scale>
			</LabelStyle>
		</Style>
		<Point>
			<extrude>1</extrude>
			<altitudeMode>relativeToGround</altitudeMode>
			<coordinates>-86.936897277832,40.4123001098632,0</coordinates>
		</Point>
	</Placemark>
	<Placemark>
		<name>KLAS</name>
		<styleUrl>#stylemap_id0</styleUrl>
		<Style>
			<IconStyle>
				<scale>1</scale>
				<Icon>
					<href>https://maps.google.com/mapfiles/kml/paddle/purple-stars.png</href>
				</Icon>
			</IconStyle>
			<LabelStyle>
				<color>ffffffff</color>
				<scale>1</scale>
			</LabelStyle>
		</Style>
		<Point>
			<extrude>1</extrude>
			<altitudeMode>relativeToGround</altitudeMode>
			<coordinates>-115.1520004,36.08010101,0</coordinates>
		</Point>
	</Placemark>
	<Placemark>
		<name>KLAX</name>
		<styleUrl>#stylemap_id0</styleUrl>
		<Style>
			<IconStyle>
				<scale>1</scale>
				<Icon>
					<href>https://maps.google.com/mapfiles/kml/paddle/purple-stars.png</href>
				</Icon>
			</IconStyle>
			<LabelStyle>
				<color>ffffffff</color>
				<scale>1</scale>
			</LabelStyle>
		</Style>
		<Point>
			<extrude>1</extrude>
			<altitudeMode>relativeToGround</altitudeMode>
			<coordinates>-118.407997,33.942501,0</coordinates>
		</Point>
	</Placemark>
	<Placemark>
		<name>KLEX</name>
		<styleUrl>#stylemap_id0</styleUrl>
		<Style>
			<IconStyle>
				<scale>1</scale>
				<Icon>
					<href>https://maps.google.com/mapfiles/kml/paddle/purple-stars.png</href>
				</Icon>
			</IconStyle>
			<LabelStyle>
				<color>ffffffff</color>
				<scale>1</scale>
			</LabelStyle>
		</Style>
		<Point>
			<extrude>1</extrude>
			<altitudeMode>relativeToGround</altitudeMode>
			<coordinates>-84.6059036254882,38.0364990234375,0</coordinates>
		</Point>
	</Placemark>
	<Placemark>
		<name>KLGB</name>
		<styleUrl>#stylemap_id0</styleUrl>
		<Style>
			<IconStyle>
				<scale>1</scale>
				<Icon>
					<href>https://maps.google.com/mapfiles/kml/paddle/purple-stars.png</href>
				</Icon>
			</IconStyle>
			<LabelStyle>
				<color>ffffffff</color>
				<scale>1</scale>
			</LabelStyle>
		</Style>
		<Point>
			<extrude>1</extrude>
			<altitudeMode>relativeToGround</altitudeMode>
			<coordinates>-118.152,33.817699,0</coordinates>
		</Point>
	</Placemark>
	<Placemark>
		<name>KMBS</name>
		<styleUrl>#stylemap_id0</styleUrl>
		<Style>
			<IconStyle>
				<scale>1</scale>
				<Icon>
					<href>https://maps.google.com/mapfiles/kml/paddle/purple-stars.png</href>
				</Icon>
			</IconStyle>
			<LabelStyle>
				<color>ffffffff</color>
				<scale>1</scale>
			</LabelStyle>
		</Style>
		<Point>
			<extrude>1</extrude>
			<altitudeMode>relativeToGround</altitudeMode>
			<coordinates>-84.0795974731445,43.532901763916,0</coordinates>
		</Point>
	</Placemark>
	<Placemark>
		<name>KMCC</name>
		<styleUrl>#stylemap_id0</styleUrl>
		<Style>
			<IconStyle>
				<scale>1</scale>
				<Icon>
					<href>https://maps.google.com/mapfiles/kml/paddle/purple-stars.png</href>
				</Icon>
			</IconStyle>
			<LabelStyle>
				<color>ffffffff</color>
				<scale>1</scale>
			</LabelStyle>
		</Style>
		<Point>
			<extrude>1</extrude>
			<altitudeMode>relativeToGround</altitudeMode>
			<coordinates>-121.401001,38.66759872,0</coordinates>
		</Point>
	</Placemark>
	<Placemark>
		<name>KMCO</name>
		<styleUrl>#stylemap_id0</styleUrl>
		<Style>
			<IconStyle>
				<scale>1</scale>
				<Icon>
					<href>https://maps.google.com/mapfiles/kml/paddle/purple-stars.png</href>
				</Icon>
			</IconStyle>
			<LabelStyle>
				<color>ffffffff</color>
				<scale>1</scale>
			</LabelStyle>
		</Style>
		<Point>
			<extrude>1</extrude>
			<altitudeMode>relativeToGround</altitudeMode>
			<coordinates>-81.3089981079101,28.4293994903564,0</coordinates>
		</Point>
	</Placemark>
	<Placemark>
		<name>KMDW</name>
		<styleUrl>#stylemap_id0</styleUrl>
		<Style>
			<IconStyle>
				<scale>1</scale>
				<Icon>
					<href>https://maps.google.com/mapfiles/kml/paddle/purple-stars.png</href>
				</Icon>
			</IconStyle>
			<LabelStyle>
				<color>ffffffff</color>
				<scale>1</scale>
			</LabelStyle>
		</Style>
		<Point>
			<extrude>1</extrude>
			<altitudeMode>relativeToGround</altitudeMode>
			<coordinates>-87.752403,41.785999,0</coordinates>
		</Point>
	</Placemark>
	<Placemark>
		<name>KMEM</name>
		<styleUrl>#stylemap_id0</styleUrl>
		<Style>
			<IconStyle>
				<scale>1</scale>
				<Icon>
					<href>https://maps.google.com/mapfiles/kml/paddle/purple-stars.png</href>
				</Icon>
			</IconStyle>
			<LabelStyle>
				<color>ffffffff</color>
				<scale>1</scale>
			</LabelStyle>
		</Style>
		<Point>
			<extrude>1</extrude>
			<altitudeMode>relativeToGround</altitudeMode>
			<coordinates>-89.97669982910151,35.0424003601074,0</coordinates>
		</Point>
	</Placemark>
	<Placemark>
		<name>KMHR</name>
		<styleUrl>#stylemap_id0</styleUrl>
		<Style>
			<IconStyle>
				<scale>1</scale>
				<Icon>
					<href>https://maps.google.com/mapfiles/kml/paddle/purple-stars.png</href>
				</Icon>
			</IconStyle>
			<LabelStyle>
				<color>ffffffff</color>
				<scale>1</scale>
			</LabelStyle>
		</Style>
		<Point>
			<extrude>1</extrude>
			<altitudeMode>relativeToGround</altitudeMode>
			<coordinates>-121.2979965,38.55390167,0</coordinates>
		</Point>
	</Placemark>
	<Placemark>
		<name>KMIA</name>
		<styleUrl>#stylemap_id0</styleUrl>
		<Style>
			<IconStyle>
				<scale>1</scale>
				<Icon>
					<href>https://maps.google.com/mapfiles/kml/paddle/purple-stars.png</href>
				</Icon>
			</IconStyle>
			<LabelStyle>
				<color>ffffffff</color>
				<scale>1</scale>
			</LabelStyle>
		</Style>
		<Point>
			<extrude>1</extrude>
			<altitudeMode>relativeToGround</altitudeMode>
			<coordinates>-80.2906036376953,25.7931995391845,0</coordinates>
		</Point>
	</Placemark>
	<Placemark>
		<name>KMKL</name>
		<styleUrl>#stylemap_id0</styleUrl>
		<Style>
			<IconStyle>
				<scale>1</scale>
				<Icon>
					<href>https://maps.google.com/mapfiles/kml/paddle/purple-stars.png</href>
				</Icon>
			</IconStyle>
			<LabelStyle>
				<color>ffffffff</color>
				<scale>1</scale>
			</LabelStyle>
		</Style>
		<Point>
			<extrude>1</extrude>
			<altitudeMode>relativeToGround</altitudeMode>
			<coordinates>-88.915604,35.599899,0</coordinates>
		</Point>
	</Placemark>
	<Placemark>
		<name>KMOT</name>
		<styleUrl>#stylemap_id0</styleUrl>
		<Style>
			<IconStyle>
				<scale>1</scale>
				<Icon>
					<href>https://maps.google.com/mapfiles/kml/paddle/purple-stars.png</href>
				</Icon>
			</IconStyle>
			<LabelStyle>
				<color>ffffffff</color>
				<scale>1</scale>
			</LabelStyle>
		</Style>
		<Point>
			<extrude>1</extrude>
			<altitudeMode>relativeToGround</altitudeMode>
			<coordinates>-101.279998779296,48.2593994140625,0</coordinates>
		</Point>
	</Placemark>
	<Placemark>
		<name>KMRY</name>
		<styleUrl>#stylemap_id0</styleUrl>
		<Style>
			<IconStyle>
				<scale>1</scale>
				<Icon>
					<href>https://maps.google.com/mapfiles/kml/paddle/purple-stars.png</href>
				</Icon>
			</IconStyle>
			<LabelStyle>
				<color>ffffffff</color>
				<scale>1</scale>
			</LabelStyle>
		</Style>
		<Point>
			<extrude>1</extrude>
			<altitudeMode>relativeToGround</altitudeMode>
			<coordinates>-121.843002319335,36.5870018005371,0</coordinates>
		</Point>
	</Placemark>
	<Placemark>
		<name>KMSP</name>
		<styleUrl>#stylemap_id0</styleUrl>
		<Style>
			<IconStyle>
				<scale>1</scale>
				<Icon>
					<href>https://maps.google.com/mapfiles/kml/paddle/purple-stars.png</href>
				</Icon>
			</IconStyle>
			<LabelStyle>
				<color>ffffffff</color>
				<scale>1</scale>
			</LabelStyle>
		</Style>
		<Point>
			<extrude>1</extrude>
			<altitudeMode>relativeToGround</altitudeMode>
			<coordinates>-93.22180199999998,44.882,0</coordinates>
		</Point>
	</Placemark>
	<Placemark>
		<name>KOAK</name>
		<styleUrl>#stylemap_id0</styleUrl>
		<Style>
			<IconStyle>
				<scale>1</scale>
				<Icon>
					<href>https://maps.google.com/mapfiles/kml/paddle/purple-stars.png</href>
				</Icon>
			</IconStyle>
			<LabelStyle>
				<color>ffffffff</color>
				<scale>1</scale>
			</LabelStyle>
		</Style>
		<Point>
			<extrude>1</extrude>
			<altitudeMode>relativeToGround</altitudeMode>
			<coordinates>-122.221001,37.721298,0</coordinates>
		</Point>
	</Placemark>
	<Placemark>
		<name>KOKC</name>
		<styleUrl>#stylemap_id0</styleUrl>
		<Style>
			<IconStyle>
				<scale>1</scale>
				<Icon>
					<href>https://maps.google.com/mapfiles/kml/paddle/purple-stars.png</href>
				</Icon>
			</IconStyle>
			<LabelStyle>
				<color>ffffffff</color>
				<scale>1</scale>
			</LabelStyle>
		</Style>
		<Point>
			<extrude>1</extrude>
			<altitudeMode>relativeToGround</altitudeMode>
			<coordinates>-97.60070037841788,35.3931007385253,0</coordinates>
		</Point>
	</Placemark>
	<Placemark>
		<name>KONT</name>
		<styleUrl>#stylemap_id0</styleUrl>
		<Style>
			<IconStyle>
				<scale>1</scale>
				<Icon>
					<href>https://maps.google.com/mapfiles/kml/paddle/purple-stars.png</href>
				</Icon>
			</IconStyle>
			<LabelStyle>
				<color>ffffffff</color>
				<scale>1</scale>
			</LabelStyle>
		</Style>
		<Point>
			<extrude>1</extrude>
			<altitudeMode>relativeToGround</altitudeMode>
			<coordinates>-117.600997924804,34.0559997558593,0</coordinates>
		</Point>
	</Placemark>
	<Placemark>
		<name>KOPF</name>
		<styleUrl>#stylemap_id0</styleUrl>
		<Style>
			<IconStyle>
				<scale>1</scale>
				<Icon>
					<href>https://maps.google.com/mapfiles/kml/paddle/purple-stars.png</href>
				</Icon>
			</IconStyle>
			<LabelStyle>
				<color>ffffffff</color>
				<scale>1</scale>
			</LabelStyle>
		</Style>
		<Point>
			<extrude>1</extrude>
			<altitudeMode>relativeToGround</altitudeMode>
			<coordinates>-80.278397,25.907,0</coordinates>
		</Point>
	</Placemark>
	<Placemark>
		<name>KORD</name>
		<styleUrl>#stylemap_id0</styleUrl>
		<Style>
			<IconStyle>
				<scale>1</scale>
				<Icon>
					<href>https://maps.google.com/mapfiles/kml/paddle/purple-stars.png</href>
				</Icon>
			</IconStyle>
			<LabelStyle>
				<color>ffffffff</color>
				<scale>1</scale>
			</LabelStyle>
		</Style>
		<Point>
			<extrude>1</extrude>
			<altitudeMode>relativeToGround</altitudeMode>
			<coordinates>-87.90479999999999,41.9786,0</coordinates>
		</Point>
	</Placemark>
	<Placemark>
		<name>KDJT</name>
		<styleUrl>#stylemap_id0</styleUrl>
		<Style>
			<IconStyle>
				<scale>1</scale>
				<Icon>
					<href>https://maps.google.com/mapfiles/kml/paddle/purple-stars.png</href>
				</Icon>
			</IconStyle>
			<LabelStyle>
				<color>ffffffff</color>
				<scale>1</scale>
			</LabelStyle>
		</Style>
		<Point>
			<extrude>1</extrude>
			<altitudeMode>relativeToGround</altitudeMode>
			<coordinates>-80.09559631347651,26.6832008361816,0</coordinates>
		</Point>
	</Placemark>
	<Placemark>
		<name>KPDX</name>
		<styleUrl>#stylemap_id0</styleUrl>
		<Style>
			<IconStyle>
				<scale>1</scale>
				<Icon>
					<href>https://maps.google.com/mapfiles/kml/paddle/purple-stars.png</href>
				</Icon>
			</IconStyle>
			<LabelStyle>
				<color>ffffffff</color>
				<scale>1</scale>
			</LabelStyle>
		</Style>
		<Point>
			<extrude>1</extrude>
			<altitudeMode>relativeToGround</altitudeMode>
			<coordinates>-122.5979996,45.58869934,0</coordinates>
		</Point>
	</Placemark>
	<Placemark>
		<name>KPHL</name>
		<styleUrl>#stylemap_id0</styleUrl>
		<Style>
			<IconStyle>
				<scale>1</scale>
				<Icon>
					<href>https://maps.google.com/mapfiles/kml/paddle/purple-stars.png</href>
				</Icon>
			</IconStyle>
			<LabelStyle>
				<color>ffffffff</color>
				<scale>1</scale>
			</LabelStyle>
		</Style>
		<Point>
			<extrude>1</extrude>
			<altitudeMode>relativeToGround</altitudeMode>
			<coordinates>-75.241096496582,39.871898651123,0</coordinates>
		</Point>
	</Placemark>
	<Placemark>
		<name>KPSP</name>
		<styleUrl>#stylemap_id0</styleUrl>
		<Style>
			<IconStyle>
				<scale>1</scale>
				<Icon>
					<href>https://maps.google.com/mapfiles/kml/paddle/purple-stars.png</href>
				</Icon>
			</IconStyle>
			<LabelStyle>
				<color>ffffffff</color>
				<scale>1</scale>
			</LabelStyle>
		</Style>
		<Point>
			<extrude>1</extrude>
			<altitudeMode>relativeToGround</altitudeMode>
			<coordinates>-116.507003784179,33.8297004699707,0</coordinates>
		</Point>
	</Placemark>
	<Placemark>
		<name>KPTK</name>
		<styleUrl>#stylemap_id0</styleUrl>
		<Style>
			<IconStyle>
				<scale>1</scale>
				<Icon>
					<href>https://maps.google.com/mapfiles/kml/paddle/purple-stars.png</href>
				</Icon>
			</IconStyle>
			<LabelStyle>
				<color>ffffffff</color>
				<scale>1</scale>
			</LabelStyle>
		</Style>
		<Point>
			<extrude>1</extrude>
			<altitudeMode>relativeToGround</altitudeMode>
			<coordinates>-83.42009735107401,42.665500640869,0</coordinates>
		</Point>
	</Placemark>
	<Placemark>
		<name>KPVD</name>
		<styleUrl>#stylemap_id0</styleUrl>
		<Style>
			<IconStyle>
				<scale>1</scale>
				<Icon>
					<href>https://maps.google.com/mapfiles/kml/paddle/purple-stars.png</href>
				</Icon>
			</IconStyle>
			<LabelStyle>
				<color>ffffffff</color>
				<scale>1</scale>
			</LabelStyle>
		</Style>
		<Point>
			<extrude>1</extrude>
			<altitudeMode>relativeToGround</altitudeMode>
			<coordinates>-71.42040299999999,41.732601,0</coordinates>
		</Point>
	</Placemark>
	<Placemark>
		<name>KRNO</name>
		<styleUrl>#stylemap_id0</styleUrl>
		<Style>
			<IconStyle>
				<scale>1</scale>
				<Icon>
					<href>https://maps.google.com/mapfiles/kml/paddle/purple-stars.png</href>
				</Icon>
			</IconStyle>
			<LabelStyle>
				<color>ffffffff</color>
				<scale>1</scale>
			</LabelStyle>
		</Style>
		<Point>
			<extrude>1</extrude>
			<altitudeMode>relativeToGround</altitudeMode>
			<coordinates>-119.767997741699,39.4990997314453,0</coordinates>
		</Point>
	</Placemark>
	<Placemark>
		<name>KRST</name>
		<styleUrl>#stylemap_id0</styleUrl>
		<Style>
			<IconStyle>
				<scale>1</scale>
				<Icon>
					<href>https://maps.google.com/mapfiles/kml/paddle/purple-stars.png</href>
				</Icon>
			</IconStyle>
			<LabelStyle>
				<color>ffffffff</color>
				<scale>1</scale>
			</LabelStyle>
		</Style>
		<Point>
			<extrude>1</extrude>
			<altitudeMode>relativeToGround</altitudeMode>
			<coordinates>-92.49999999999999,43.9082984924316,0</coordinates>
		</Point>
	</Placemark>
	<Placemark>
		<name>KSAT</name>
		<styleUrl>#stylemap_id0</styleUrl>
		<Style>
			<IconStyle>
				<scale>1</scale>
				<Icon>
					<href>https://maps.google.com/mapfiles/kml/paddle/purple-stars.png</href>
				</Icon>
			</IconStyle>
			<LabelStyle>
				<color>ffffffff</color>
				<scale>1</scale>
			</LabelStyle>
		</Style>
		<Point>
			<extrude>1</extrude>
			<altitudeMode>relativeToGround</altitudeMode>
			<coordinates>-98.469803,29.533701,0</coordinates>
		</Point>
	</Placemark>
	<Placemark>
		<name>KSAV</name>
		<styleUrl>#stylemap_id0</styleUrl>
		<Style>
			<IconStyle>
				<scale>1</scale>
				<Icon>
					<href>https://maps.google.com/mapfiles/kml/paddle/purple-stars.png</href>
				</Icon>
			</IconStyle>
			<LabelStyle>
				<color>ffffffff</color>
				<scale>1</scale>
			</LabelStyle>
		</Style>
		<Point>
			<extrude>1</extrude>
			<altitudeMode>relativeToGround</altitudeMode>
			<coordinates>-81.20210265999999,32.12760162,0</coordinates>
		</Point>
	</Placemark>
	<Placemark>
		<name>KSDF</name>
		<styleUrl>#stylemap_id0</styleUrl>
		<Style>
			<IconStyle>
				<scale>1</scale>
				<Icon>
					<href>https://maps.google.com/mapfiles/kml/paddle/purple-stars.png</href>
				</Icon>
			</IconStyle>
			<LabelStyle>
				<color>ffffffff</color>
				<scale>1</scale>
			</LabelStyle>
		</Style>
		<Point>
			<extrude>1</extrude>
			<altitudeMode>relativeToGround</altitudeMode>
			<coordinates>-85.736,38.1744,0</coordinates>
		</Point>
	</Placemark>
	<Placemark>
		<name>KSEA</name>
		<styleUrl>#stylemap_id0</styleUrl>
		<Style>
			<IconStyle>
				<scale>1</scale>
				<Icon>
					<href>https://maps.google.com/mapfiles/kml/paddle/purple-stars.png</href>
				</Icon>
			</IconStyle>
			<LabelStyle>
				<color>ffffffff</color>
				<scale>1</scale>
			</LabelStyle>
		</Style>
		<Point>
			<extrude>1</extrude>
			<altitudeMode>relativeToGround</altitudeMode>
			<coordinates>-122.308998,47.449001,0</coordinates>
		</Point>
	</Placemark>
	<Placemark>
		<name>KSFO</name>
		<styleUrl>#stylemap_id0</styleUrl>
		<Style>
			<IconStyle>
				<scale>1</scale>
				<Icon>
					<href>https://maps.google.com/mapfiles/kml/paddle/purple-stars.png</href>
				</Icon>
			</IconStyle>
			<LabelStyle>
				<color>ffffffff</color>
				<scale>1</scale>
			</LabelStyle>
		</Style>
		<Point>
			<extrude>1</extrude>
			<altitudeMode>relativeToGround</altitudeMode>
			<coordinates>-122.375,37.6189994812011,0</coordinates>
		</Point>
	</Placemark>
	<Placemark>
		<name>KSJC</name>
		<styleUrl>#stylemap_id0</styleUrl>
		<Style>
			<IconStyle>
				<scale>1</scale>
				<Icon>
					<href>https://maps.google.com/mapfiles/kml/paddle/purple-stars.png</href>
				</Icon>
			</IconStyle>
			<LabelStyle>
				<color>ffffffff</color>
				<scale>1</scale>
			</LabelStyle>
		</Style>
		<Point>
			<extrude>1</extrude>
			<altitudeMode>relativeToGround</altitudeMode>
			<coordinates>-121.929001,37.362598,0</coordinates>
		</Point>
	</Placemark>
	<Placemark>
		<name>KSMF</name>
		<styleUrl>#stylemap_id0</styleUrl>
		<Style>
			<IconStyle>
				<scale>1</scale>
				<Icon>
					<href>https://maps.google.com/mapfiles/kml/paddle/purple-stars.png</href>
				</Icon>
			</IconStyle>
			<LabelStyle>
				<color>ffffffff</color>
				<scale>1</scale>
			</LabelStyle>
		</Style>
		<Point>
			<extrude>1</extrude>
			<altitudeMode>relativeToGround</altitudeMode>
			<coordinates>-121.591003417968,38.6954002380371,0</coordinates>
		</Point>
	</Placemark>
	<Placemark>
		<name>KSNA</name>
		<styleUrl>#stylemap_id0</styleUrl>
		<Style>
			<IconStyle>
				<scale>1</scale>
				<Icon>
					<href>https://maps.google.com/mapfiles/kml/paddle/purple-stars.png</href>
				</Icon>
			</IconStyle>
			<LabelStyle>
				<color>ffffffff</color>
				<scale>1</scale>
			</LabelStyle>
		</Style>
		<Point>
			<extrude>1</extrude>
			<altitudeMode>relativeToGround</altitudeMode>
			<coordinates>-117.8679962,33.67570114,0</coordinates>
		</Point>
	</Placemark>
	<Placemark>
		<name>KSWF</name>
		<styleUrl>#stylemap_id0</styleUrl>
		<Style>
			<IconStyle>
				<scale>1</scale>
				<Icon>
					<href>https://maps.google.com/mapfiles/kml/paddle/purple-stars.png</href>
				</Icon>
			</IconStyle>
			<LabelStyle>
				<color>ffffffff</color>
				<scale>1</scale>
			</LabelStyle>
		</Style>
		<Point>
			<extrude>1</extrude>
			<altitudeMode>relativeToGround</altitudeMode>
			<coordinates>-74.104797,41.504101,0</coordinates>
		</Point>
	</Placemark>
	<Placemark>
		<name>KTEB</name>
		<styleUrl>#stylemap_id0</styleUrl>
		<Style>
			<IconStyle>
				<scale>1</scale>
				<Icon>
					<href>https://maps.google.com/mapfiles/kml/paddle/purple-stars.png</href>
				</Icon>
			</IconStyle>
			<LabelStyle>
				<color>ffffffff</color>
				<scale>1</scale>
			</LabelStyle>
		</Style>
		<Point>
			<extrude>1</extrude>
			<altitudeMode>relativeToGround</altitudeMode>
			<coordinates>-74.06079864500001,40.8501014708999,0</coordinates>
		</Point>
	</Placemark>
	<Placemark>
		<name>KTLH</name>
		<styleUrl>#stylemap_id0</styleUrl>
		<Style>
			<IconStyle>
				<scale>1</scale>
				<Icon>
					<href>https://maps.google.com/mapfiles/kml/paddle/purple-stars.png</href>
				</Icon>
			</IconStyle>
			<LabelStyle>
				<color>ffffffff</color>
				<scale>1</scale>
			</LabelStyle>
		</Style>
		<Point>
			<extrude>1</extrude>
			<altitudeMode>relativeToGround</altitudeMode>
			<coordinates>-84.3503036499023,30.39649963378899,0</coordinates>
		</Point>
	</Placemark>
	<Placemark>
		<name>KTRK</name>
		<styleUrl>#stylemap_id0</styleUrl>
		<Style>
			<IconStyle>
				<scale>1</scale>
				<Icon>
					<href>https://maps.google.com/mapfiles/kml/paddle/purple-stars.png</href>
				</Icon>
			</IconStyle>
			<LabelStyle>
				<color>ffffffff</color>
				<scale>1</scale>
			</LabelStyle>
		</Style>
		<Point>
			<extrude>1</extrude>
			<altitudeMode>relativeToGround</altitudeMode>
			<coordinates>-120.13999939,39.3199996947999,0</coordinates>
		</Point>
	</Placemark>
	<Placemark>
		<name>KTUL</name>
		<styleUrl>#stylemap_id0</styleUrl>
		<Style>
			<IconStyle>
				<scale>1</scale>
				<Icon>
					<href>https://maps.google.com/mapfiles/kml/paddle/purple-stars.png</href>
				</Icon>
			</IconStyle>
			<LabelStyle>
				<color>ffffffff</color>
				<scale>1</scale>
			</LabelStyle>
		</Style>
		<Point>
			<extrude>1</extrude>
			<altitudeMode>relativeToGround</altitudeMode>
			<coordinates>-95.88809967041009,36.1983985900878,0</coordinates>
		</Point>
	</Placemark>
	<Placemark>
		<name>KTUS</name>
		<styleUrl>#stylemap_id0</styleUrl>
		<Style>
			<IconStyle>
				<scale>1</scale>
				<Icon>
					<href>https://maps.google.com/mapfiles/kml/paddle/purple-stars.png</href>
				</Icon>
			</IconStyle>
			<LabelStyle>
				<color>ffffffff</color>
				<scale>1</scale>
			</LabelStyle>
		</Style>
		<Point>
			<extrude>1</extrude>
			<altitudeMode>relativeToGround</altitudeMode>
			<coordinates>-110.938053,32.115004,0</coordinates>
		</Point>
	</Placemark>
	<Placemark>
		<name>KVNY</name>
		<styleUrl>#stylemap_id0</styleUrl>
		<Style>
			<IconStyle>
				<scale>1</scale>
				<Icon>
					<href>https://maps.google.com/mapfiles/kml/paddle/purple-stars.png</href>
				</Icon>
			</IconStyle>
			<LabelStyle>
				<color>ffffffff</color>
				<scale>1</scale>
			</LabelStyle>
		</Style>
		<Point>
			<extrude>1</extrude>
			<altitudeMode>relativeToGround</altitudeMode>
			<coordinates>-118.48999786377,34.209800720215,0</coordinates>
		</Point>
	</Placemark>
	<Placemark>
		<name>LATI</name>
		<styleUrl>#stylemap_id0</styleUrl>
		<Style>
			<IconStyle>
				<scale>1</scale>
				<Icon>
					<href>https://maps.google.com/mapfiles/kml/paddle/purple-stars.png</href>
				</Icon>
			</IconStyle>
			<LabelStyle>
				<color>ffffffff</color>
				<scale>1</scale>
			</LabelStyle>
		</Style>
		<Point>
			<extrude>1</extrude>
			<altitudeMode>relativeToGround</altitudeMode>
			<coordinates>19.7206001282,41.4146995544,0</coordinates>
		</Point>
	</Placemark>
	<Placemark>
		<name>LBPD</name>
		<styleUrl>#stylemap_id0</styleUrl>
		<Style>
			<IconStyle>
				<scale>1</scale>
				<Icon>
					<href>https://maps.google.com/mapfiles/kml/paddle/purple-stars.png</href>
				</Icon>
			</IconStyle>
			<LabelStyle>
				<color>ffffffff</color>
				<scale>1</scale>
			</LabelStyle>
		</Style>
		<Point>
			<extrude>1</extrude>
			<altitudeMode>relativeToGround</altitudeMode>
			<coordinates>24.8508,42.067799,0</coordinates>
		</Point>
	</Placemark>
	<Placemark>
		<name>LBSF</name>
		<styleUrl>#stylemap_id0</styleUrl>
		<Style>
			<IconStyle>
				<scale>1</scale>
				<Icon>
					<href>https://maps.google.com/mapfiles/kml/paddle/purple-stars.png</href>
				</Icon>
			</IconStyle>
			<LabelStyle>
				<color>ffffffff</color>
				<scale>1</scale>
			</LabelStyle>
		</Style>
		<Point>
			<extrude>1</extrude>
			<altitudeMode>relativeToGround</altitudeMode>
			<coordinates>23.4114360809326,42.6966934204101,0</coordinates>
		</Point>
	</Placemark>
	<Placemark>
		<name>LCLK</name>
		<styleUrl>#stylemap_id0</styleUrl>
		<Style>
			<IconStyle>
				<scale>1</scale>
				<Icon>
					<href>https://maps.google.com/mapfiles/kml/paddle/purple-stars.png</href>
				</Icon>
			</IconStyle>
			<LabelStyle>
				<color>ffffffff</color>
				<scale>1</scale>
			</LabelStyle>
		</Style>
		<Point>
			<extrude>1</extrude>
			<altitudeMode>relativeToGround</altitudeMode>
			<coordinates>33.624900817871,34.8750991821289,0</coordinates>
		</Point>
	</Placemark>
	<Placemark>
		<name>LCPH</name>
		<styleUrl>#stylemap_id0</styleUrl>
		<Style>
			<IconStyle>
				<scale>1</scale>
				<Icon>
					<href>https://maps.google.com/mapfiles/kml/paddle/purple-stars.png</href>
				</Icon>
			</IconStyle>
			<LabelStyle>
				<color>ffffffff</color>
				<scale>1</scale>
			</LabelStyle>
		</Style>
		<Point>
			<extrude>1</extrude>
			<altitudeMode>relativeToGround</altitudeMode>
			<coordinates>32.4856986999511,34.7179985046386,0</coordinates>
		</Point>
	</Placemark>
	<Placemark>
		<name>LDDU</name>
		<styleUrl>#stylemap_id0</styleUrl>
		<Style>
			<IconStyle>
				<scale>1</scale>
				<Icon>
					<href>https://maps.google.com/mapfiles/kml/paddle/purple-stars.png</href>
				</Icon>
			</IconStyle>
			<LabelStyle>
				<color>ffffffff</color>
				<scale>1</scale>
			</LabelStyle>
		</Style>
		<Point>
			<extrude>1</extrude>
			<altitudeMode>relativeToGround</altitudeMode>
			<coordinates>18.2681999206542,42.5614013671875,0</coordinates>
		</Point>
	</Placemark>
	<Placemark>
		<name>LDZA</name>
		<styleUrl>#stylemap_id0</styleUrl>
		<Style>
			<IconStyle>
				<scale>1</scale>
				<Icon>
					<href>https://maps.google.com/mapfiles/kml/paddle/purple-stars.png</href>
				</Icon>
			</IconStyle>
			<LabelStyle>
				<color>ffffffff</color>
				<scale>1</scale>
			</LabelStyle>
		</Style>
		<Point>
			<extrude>1</extrude>
			<altitudeMode>relativeToGround</altitudeMode>
			<coordinates>16.0687999725,45.7429008484,0</coordinates>
		</Point>
	</Placemark>
	<Placemark>
		<name>LDZD</name>
		<styleUrl>#stylemap_id0</styleUrl>
		<Style>
			<IconStyle>
				<scale>1</scale>
				<Icon>
					<href>https://maps.google.com/mapfiles/kml/paddle/purple-stars.png</href>
				</Icon>
			</IconStyle>
			<LabelStyle>
				<color>ffffffff</color>
				<scale>1</scale>
			</LabelStyle>
		</Style>
		<Point>
			<extrude>1</extrude>
			<altitudeMode>relativeToGround</altitudeMode>
			<coordinates>15.3467,44.108299,0</coordinates>
		</Point>
	</Placemark>
	<Placemark>
		<name>LEAL</name>
		<styleUrl>#stylemap_id0</styleUrl>
		<Style>
			<IconStyle>
				<scale>1</scale>
				<Icon>
					<href>https://maps.google.com/mapfiles/kml/paddle/purple-stars.png</href>
				</Icon>
			</IconStyle>
			<LabelStyle>
				<color>ffffffff</color>
				<scale>1</scale>
			</LabelStyle>
		</Style>
		<Point>
			<extrude>1</extrude>
			<altitudeMode>relativeToGround</altitudeMode>
			<coordinates>-0.558156013488769,38.2821998596191,0</coordinates>
		</Point>
	</Placemark>
	<Placemark>
		<name>LEBL</name>
		<styleUrl>#stylemap_id0</styleUrl>
		<Style>
			<IconStyle>
				<scale>1</scale>
				<Icon>
					<href>https://maps.google.com/mapfiles/kml/paddle/purple-stars.png</href>
				</Icon>
			</IconStyle>
			<LabelStyle>
				<color>ffffffff</color>
				<scale>1</scale>
			</LabelStyle>
		</Style>
		<Point>
			<extrude>1</extrude>
			<altitudeMode>relativeToGround</altitudeMode>
			<coordinates>2.07846,41.2971,0</coordinates>
		</Point>
	</Placemark>
	<Placemark>
		<name>LEGR</name>
		<styleUrl>#stylemap_id0</styleUrl>
		<Style>
			<IconStyle>
				<scale>1</scale>
				<Icon>
					<href>https://maps.google.com/mapfiles/kml/paddle/purple-stars.png</href>
				</Icon>
			</IconStyle>
			<LabelStyle>
				<color>ffffffff</color>
				<scale>1</scale>
			</LabelStyle>
		</Style>
		<Point>
			<extrude>1</extrude>
			<altitudeMode>relativeToGround</altitudeMode>
			<coordinates>-3.77735996246337,37.1887016296386,0</coordinates>
		</Point>
	</Placemark>
	<Placemark>
		<name>LEMI</name>
		<styleUrl>#stylemap_id0</styleUrl>
		<Style>
			<IconStyle>
				<scale>1</scale>
				<Icon>
					<href>https://maps.google.com/mapfiles/kml/paddle/purple-stars.png</href>
				</Icon>
			</IconStyle>
			<LabelStyle>
				<color>ffffffff</color>
				<scale>1</scale>
			</LabelStyle>
		</Style>
		<Point>
			<extrude>1</extrude>
			<altitudeMode>relativeToGround</altitudeMode>
			<coordinates>-1.13709998130798,37.7934989929199,0</coordinates>
		</Point>
	</Placemark>
	<Placemark>
		<name>LEMD</name>
		<styleUrl>#stylemap_id0</styleUrl>
		<Style>
			<IconStyle>
				<scale>1</scale>
				<Icon>
					<href>https://maps.google.com/mapfiles/kml/paddle/purple-stars.png</href>
				</Icon>
			</IconStyle>
			<LabelStyle>
				<color>ffffffff</color>
				<scale>1</scale>
			</LabelStyle>
		</Style>
		<Point>
			<extrude>1</extrude>
			<altitudeMode>relativeToGround</altitudeMode>
			<coordinates>-3.56264,40.471926,0</coordinates>
		</Point>
	</Placemark>
	<Placemark>
		<name>LEPA</name>
		<styleUrl>#stylemap_id0</styleUrl>
		<Style>
			<IconStyle>
				<scale>1</scale>
				<Icon>
					<href>https://maps.google.com/mapfiles/kml/paddle/purple-stars.png</href>
				</Icon>
			</IconStyle>
			<LabelStyle>
				<color>ffffffff</color>
				<scale>1</scale>
			</LabelStyle>
		</Style>
		<Point>
			<extrude>1</extrude>
			<altitudeMode>relativeToGround</altitudeMode>
			<coordinates>2.73881006241,39.551700592,0</coordinates>
		</Point>
	</Placemark>
	<Placemark>
		<name>LERS</name>
		<styleUrl>#stylemap_id0</styleUrl>
		<Style>
			<IconStyle>
				<scale>1</scale>
				<Icon>
					<href>https://maps.google.com/mapfiles/kml/paddle/purple-stars.png</href>
				</Icon>
			</IconStyle>
			<LabelStyle>
				<color>ffffffff</color>
				<scale>1</scale>
			</LabelStyle>
		</Style>
		<Point>
			<extrude>1</extrude>
			<altitudeMode>relativeToGround</altitudeMode>
			<coordinates>1.16717004776,41.1473999023437,0</coordinates>
		</Point>
	</Placemark>
	<Placemark>
		<name>LETO</name>
		<styleUrl>#stylemap_id0</styleUrl>
		<Style>
			<IconStyle>
				<scale>1</scale>
				<Icon>
					<href>https://maps.google.com/mapfiles/kml/paddle/purple-stars.png</href>
				</Icon>
			</IconStyle>
			<LabelStyle>
				<color>ffffffff</color>
				<scale>1</scale>
			</LabelStyle>
		</Style>
		<Point>
			<extrude>1</extrude>
			<altitudeMode>relativeToGround</altitudeMode>
			<coordinates>-3.44586992263793,40.4967002868652,0</coordinates>
		</Point>
	</Placemark>
	<Placemark>
		<name>LEVC</name>
		<styleUrl>#stylemap_id0</styleUrl>
		<Style>
			<IconStyle>
				<scale>1</scale>
				<Icon>
					<href>https://maps.google.com/mapfiles/kml/paddle/purple-stars.png</href>
				</Icon>
			</IconStyle>
			<LabelStyle>
				<color>ffffffff</color>
				<scale>1</scale>
			</LabelStyle>
		</Style>
		<Point>
			<extrude>1</extrude>
			<altitudeMode>relativeToGround</altitudeMode>
			<coordinates>-0.481625,39.4893,0</coordinates>
		</Point>
	</Placemark>
	<Placemark>
		<name>LEZL</name>
		<styleUrl>#stylemap_id0</styleUrl>
		<Style>
			<IconStyle>
				<scale>1</scale>
				<Icon>
					<href>https://maps.google.com/mapfiles/kml/paddle/purple-stars.png</href>
				</Icon>
			</IconStyle>
			<LabelStyle>
				<color>ffffffff</color>
				<scale>1</scale>
			</LabelStyle>
		</Style>
		<Point>
			<extrude>1</extrude>
			<altitudeMode>relativeToGround</altitudeMode>
			<coordinates>-5.89310979843139,37.4179992675781,0</coordinates>
		</Point>
	</Placemark>
	<Placemark>
		<name>LFBD</name>
		<styleUrl>#stylemap_id0</styleUrl>
		<Style>
			<IconStyle>
				<scale>1</scale>
				<Icon>
					<href>https://maps.google.com/mapfiles/kml/paddle/purple-stars.png</href>
				</Icon>
			</IconStyle>
			<LabelStyle>
				<color>ffffffff</color>
				<scale>1</scale>
			</LabelStyle>
		</Style>
		<Point>
			<extrude>1</extrude>
			<altitudeMode>relativeToGround</altitudeMode>
			<coordinates>-0.715556,44.8283,0</coordinates>
		</Point>
	</Placemark>
	<Placemark>
		<name>LFBL</name>
		<styleUrl>#stylemap_id0</styleUrl>
		<Style>
			<IconStyle>
				<scale>1</scale>
				<Icon>
					<href>https://maps.google.com/mapfiles/kml/paddle/purple-stars.png</href>
				</Icon>
			</IconStyle>
			<LabelStyle>
				<color>ffffffff</color>
				<scale>1</scale>
			</LabelStyle>
		</Style>
		<Point>
			<extrude>1</extrude>
			<altitudeMode>relativeToGround</altitudeMode>
			<coordinates>1.17944002151489,45.8628005981445,0</coordinates>
		</Point>
	</Placemark>
	<Placemark>
		<name>LFBO</name>
		<styleUrl>#stylemap_id0</styleUrl>
		<Style>
			<IconStyle>
				<scale>1</scale>
				<Icon>
					<href>https://maps.google.com/mapfiles/kml/paddle/purple-stars.png</href>
				</Icon>
			</IconStyle>
			<LabelStyle>
				<color>ffffffff</color>
				<scale>1</scale>
			</LabelStyle>
		</Style>
		<Point>
			<extrude>1</extrude>
			<altitudeMode>relativeToGround</altitudeMode>
			<coordinates>1.36382,43.629101,0</coordinates>
		</Point>
	</Placemark>
	<Placemark>
		<name>LFBP</name>
		<styleUrl>#stylemap_id0</styleUrl>
		<Style>
			<IconStyle>
				<scale>1</scale>
				<Icon>
					<href>https://maps.google.com/mapfiles/kml/paddle/purple-stars.png</href>
				</Icon>
			</IconStyle>
			<LabelStyle>
				<color>ffffffff</color>
				<scale>1</scale>
			</LabelStyle>
		</Style>
		<Point>
			<extrude>1</extrude>
			<altitudeMode>relativeToGround</altitudeMode>
			<coordinates>-0.4186109900474541,43.3800010681152,0</coordinates>
		</Point>
	</Placemark>
	<Placemark>
		<name>LFGJ</name>
		<styleUrl>#stylemap_id0</styleUrl>
		<Style>
			<IconStyle>
				<scale>1</scale>
				<Icon>
					<href>https://maps.google.com/mapfiles/kml/paddle/purple-stars.png</href>
				</Icon>
			</IconStyle>
			<LabelStyle>
				<color>ffffffff</color>
				<scale>1</scale>
			</LabelStyle>
		</Style>
		<Point>
			<extrude>1</extrude>
			<altitudeMode>relativeToGround</altitudeMode>
			<coordinates>5.435063,47.042686,0</coordinates>
		</Point>
	</Placemark>
	<Placemark>
		<name>LFLL</name>
		<styleUrl>#stylemap_id0</styleUrl>
		<Style>
			<IconStyle>
				<scale>1</scale>
				<Icon>
					<href>https://maps.google.com/mapfiles/kml/paddle/purple-stars.png</href>
				</Icon>
			</IconStyle>
			<LabelStyle>
				<color>ffffffff</color>
				<scale>1</scale>
			</LabelStyle>
		</Style>
		<Point>
			<extrude>1</extrude>
			<altitudeMode>relativeToGround</altitudeMode>
			<coordinates>5.081111,45.725556,0</coordinates>
		</Point>
	</Placemark>
	<Placemark>
		<name>LFLS</name>
		<styleUrl>#stylemap_id0</styleUrl>
		<Style>
			<IconStyle>
				<scale>1</scale>
				<Icon>
					<href>https://maps.google.com/mapfiles/kml/paddle/purple-stars.png</href>
				</Icon>
			</IconStyle>
			<LabelStyle>
				<color>ffffffff</color>
				<scale>1</scale>
			</LabelStyle>
		</Style>
		<Point>
			<extrude>1</extrude>
			<altitudeMode>relativeToGround</altitudeMode>
			<coordinates>5.32937,45.3629,0</coordinates>
		</Point>
	</Placemark>
	<Placemark>
		<name>LFLX</name>
		<styleUrl>#stylemap_id0</styleUrl>
		<Style>
			<IconStyle>
				<scale>1</scale>
				<Icon>
					<href>https://maps.google.com/mapfiles/kml/paddle/purple-stars.png</href>
				</Icon>
			</IconStyle>
			<LabelStyle>
				<color>ffffffff</color>
				<scale>1</scale>
			</LabelStyle>
		</Style>
		<Point>
			<extrude>1</extrude>
			<altitudeMode>relativeToGround</altitudeMode>
			<coordinates>1.721111,46.86027800000001,0</coordinates>
		</Point>
	</Placemark>
	<Placemark>
		<name>LFLY</name>
		<styleUrl>#stylemap_id0</styleUrl>
		<Style>
			<IconStyle>
				<scale>1</scale>
				<Icon>
					<href>https://maps.google.com/mapfiles/kml/paddle/purple-stars.png</href>
				</Icon>
			</IconStyle>
			<LabelStyle>
				<color>ffffffff</color>
				<scale>1</scale>
			</LabelStyle>
		</Style>
		<Point>
			<extrude>1</extrude>
			<altitudeMode>relativeToGround</altitudeMode>
			<coordinates>4.94427013397216,45.72719955444331,0</coordinates>
		</Point>
	</Placemark>
	<Placemark>
		<name>LFML</name>
		<styleUrl>#stylemap_id0</styleUrl>
		<Style>
			<IconStyle>
				<scale>1</scale>
				<Icon>
					<href>https://maps.google.com/mapfiles/kml/paddle/purple-stars.png</href>
				</Icon>
			</IconStyle>
			<LabelStyle>
				<color>ffffffff</color>
				<scale>1</scale>
			</LabelStyle>
		</Style>
		<Point>
			<extrude>1</extrude>
			<altitudeMode>relativeToGround</altitudeMode>
			<coordinates>5.22142410278,43.439271922,0</coordinates>
		</Point>
	</Placemark>
	<Placemark>
		<name>LFMN</name>
		<styleUrl>#stylemap_id0</styleUrl>
		<Style>
			<IconStyle>
				<scale>1</scale>
				<Icon>
					<href>https://maps.google.com/mapfiles/kml/paddle/purple-stars.png</href>
				</Icon>
			</IconStyle>
			<LabelStyle>
				<color>ffffffff</color>
				<scale>1</scale>
			</LabelStyle>
		</Style>
		<Point>
			<extrude>1</extrude>
			<altitudeMode>relativeToGround</altitudeMode>
			<coordinates>7.215869903559999,43.6584014893,0</coordinates>
		</Point>
	</Placemark>
	<Placemark>
		<name>LFOB</name>
		<styleUrl>#stylemap_id0</styleUrl>
		<Style>
			<IconStyle>
				<scale>1</scale>
				<Icon>
					<href>https://maps.google.com/mapfiles/kml/paddle/purple-stars.png</href>
				</Icon>
			</IconStyle>
			<LabelStyle>
				<color>ffffffff</color>
				<scale>1</scale>
			</LabelStyle>
		</Style>
		<Point>
			<extrude>1</extrude>
			<altitudeMode>relativeToGround</altitudeMode>
			<coordinates>2.11278009414672,49.4543991088867,0</coordinates>
		</Point>
	</Placemark>
	<Placemark>
		<name>LFOK</name>
		<styleUrl>#stylemap_id0</styleUrl>
		<Style>
			<IconStyle>
				<scale>1</scale>
				<Icon>
					<href>https://maps.google.com/mapfiles/kml/paddle/purple-stars.png</href>
				</Icon>
			</IconStyle>
			<LabelStyle>
				<color>ffffffff</color>
				<scale>1</scale>
			</LabelStyle>
		</Style>
		<Point>
			<extrude>1</extrude>
			<altitudeMode>relativeToGround</altitudeMode>
			<coordinates>4.206111111,48.7733333333,0</coordinates>
		</Point>
	</Placemark>
	<Placemark>
		<name>LFPB</name>
		<styleUrl>#stylemap_id0</styleUrl>
		<Style>
			<IconStyle>
				<scale>1</scale>
				<Icon>
					<href>https://maps.google.com/mapfiles/kml/paddle/purple-stars.png</href>
				</Icon>
			</IconStyle>
			<LabelStyle>
				<color>ffffffff</color>
				<scale>1</scale>
			</LabelStyle>
		</Style>
		<Point>
			<extrude>1</extrude>
			<altitudeMode>relativeToGround</altitudeMode>
			<coordinates>2.44139003753662,48.9693984985351,0</coordinates>
		</Point>
	</Placemark>
	<Placemark>
		<name>LFPG</name>
		<styleUrl>#stylemap_id0</styleUrl>
		<Style>
			<IconStyle>
				<scale>1</scale>
				<Icon>
					<href>https://maps.google.com/mapfiles/kml/paddle/purple-stars.png</href>
				</Icon>
			</IconStyle>
			<LabelStyle>
				<color>ffffffff</color>
				<scale>1</scale>
			</LabelStyle>
		</Style>
		<Point>
			<extrude>1</extrude>
			<altitudeMode>relativeToGround</altitudeMode>
			<coordinates>2.55,49.012798,0</coordinates>
		</Point>
	</Placemark>
	<Placemark>
		<name>LFPO</name>
		<styleUrl>#stylemap_id0</styleUrl>
		<Style>
			<IconStyle>
				<scale>1</scale>
				<Icon>
					<href>https://maps.google.com/mapfiles/kml/paddle/purple-stars.png</href>
				</Icon>
			</IconStyle>
			<LabelStyle>
				<color>ffffffff</color>
				<scale>1</scale>
			</LabelStyle>
		</Style>
		<Point>
			<extrude>1</extrude>
			<altitudeMode>relativeToGround</altitudeMode>
			<coordinates>2.3794444,48.7233333,0</coordinates>
		</Point>
	</Placemark>
	<Placemark>
		<name>LFQQ</name>
		<styleUrl>#stylemap_id0</styleUrl>
		<Style>
			<IconStyle>
				<scale>1</scale>
				<Icon>
					<href>https://maps.google.com/mapfiles/kml/paddle/purple-stars.png</href>
				</Icon>
			</IconStyle>
			<LabelStyle>
				<color>ffffffff</color>
				<scale>1</scale>
			</LabelStyle>
		</Style>
		<Point>
			<extrude>1</extrude>
			<altitudeMode>relativeToGround</altitudeMode>
			<coordinates>3.086886,50.563332,0</coordinates>
		</Point>
	</Placemark>
	<Placemark>
		<name>LFSB</name>
		<styleUrl>#stylemap_id0</styleUrl>
		<Style>
			<IconStyle>
				<scale>1</scale>
				<Icon>
					<href>https://maps.google.com/mapfiles/kml/paddle/purple-stars.png</href>
				</Icon>
			</IconStyle>
			<LabelStyle>
				<color>ffffffff</color>
				<scale>1</scale>
			</LabelStyle>
		</Style>
		<Point>
			<extrude>1</extrude>
			<altitudeMode>relativeToGround</altitudeMode>
			<coordinates>7.529166999999999,47.59,0</coordinates>
		</Point>
	</Placemark>
	<Placemark>
		<name>LFSD</name>
		<styleUrl>#stylemap_id0</styleUrl>
		<Style>
			<IconStyle>
				<scale>1</scale>
				<Icon>
					<href>https://maps.google.com/mapfiles/kml/paddle/purple-stars.png</href>
				</Icon>
			</IconStyle>
			<LabelStyle>
				<color>ffffffff</color>
				<scale>1</scale>
			</LabelStyle>
		</Style>
		<Point>
			<extrude>1</extrude>
			<altitudeMode>relativeToGround</altitudeMode>
			<coordinates>5.09,47.268902,0</coordinates>
		</Point>
	</Placemark>
	<Placemark>
		<name>LGAL</name>
		<styleUrl>#stylemap_id0</styleUrl>
		<Style>
			<IconStyle>
				<scale>1</scale>
				<Icon>
					<href>https://maps.google.com/mapfiles/kml/paddle/purple-stars.png</href>
				</Icon>
			</IconStyle>
			<LabelStyle>
				<color>ffffffff</color>
				<scale>1</scale>
			</LabelStyle>
		</Style>
		<Point>
			<extrude>1</extrude>
			<altitudeMode>relativeToGround</altitudeMode>
			<coordinates>25.9563007354736,40.855899810791,0</coordinates>
		</Point>
	</Placemark>
	<Placemark>
		<name>LGAV</name>
		<styleUrl>#stylemap_id0</styleUrl>
		<Style>
			<IconStyle>
				<scale>1</scale>
				<Icon>
					<href>https://maps.google.com/mapfiles/kml/paddle/purple-stars.png</href>
				</Icon>
			</IconStyle>
			<LabelStyle>
				<color>ffffffff</color>
				<scale>1</scale>
			</LabelStyle>
		</Style>
		<Point>
			<extrude>1</extrude>
			<altitudeMode>relativeToGround</altitudeMode>
			<coordinates>23.9444999695,37.9364013672,0</coordinates>
		</Point>
	</Placemark>
	<Placemark>
		<name>LGKV</name>
		<styleUrl>#stylemap_id0</styleUrl>
		<Style>
			<IconStyle>
				<scale>1</scale>
				<Icon>
					<href>https://maps.google.com/mapfiles/kml/paddle/purple-stars.png</href>
				</Icon>
			</IconStyle>
			<LabelStyle>
				<color>ffffffff</color>
				<scale>1</scale>
			</LabelStyle>
		</Style>
		<Point>
			<extrude>1</extrude>
			<altitudeMode>relativeToGround</altitudeMode>
			<coordinates>24.6191997528076,40.9132995605468,0</coordinates>
		</Point>
	</Placemark>
	<Placemark>
		<name>LGRP</name>
		<styleUrl>#stylemap_id0</styleUrl>
		<Style>
			<IconStyle>
				<scale>1</scale>
				<Icon>
					<href>https://maps.google.com/mapfiles/kml/paddle/purple-stars.png</href>
				</Icon>
			</IconStyle>
			<LabelStyle>
				<color>ffffffff</color>
				<scale>1</scale>
			</LabelStyle>
		</Style>
		<Point>
			<extrude>1</extrude>
			<altitudeMode>relativeToGround</altitudeMode>
			<coordinates>28.0862007141113,36.4053993225097,0</coordinates>
		</Point>
	</Placemark>
	<Placemark>
		<name>LGTS</name>
		<styleUrl>#stylemap_id0</styleUrl>
		<Style>
			<IconStyle>
				<scale>1</scale>
				<Icon>
					<href>https://maps.google.com/mapfiles/kml/paddle/purple-stars.png</href>
				</Icon>
			</IconStyle>
			<LabelStyle>
				<color>ffffffff</color>
				<scale>1</scale>
			</LabelStyle>
		</Style>
		<Point>
			<extrude>1</extrude>
			<altitudeMode>relativeToGround</altitudeMode>
			<coordinates>22.9708995819091,40.5196990966796,0</coordinates>
		</Point>
	</Placemark>
	<Placemark>
		<name>LHBP</name>
		<styleUrl>#stylemap_id0</styleUrl>
		<Style>
			<IconStyle>
				<scale>1</scale>
				<Icon>
					<href>https://maps.google.com/mapfiles/kml/paddle/purple-stars.png</href>
				</Icon>
			</IconStyle>
			<LabelStyle>
				<color>ffffffff</color>
				<scale>1</scale>
			</LabelStyle>
		</Style>
		<Point>
			<extrude>1</extrude>
			<altitudeMode>relativeToGround</altitudeMode>
			<coordinates>19.261093,47.42976,0</coordinates>
		</Point>
	</Placemark>
	<Placemark>
		<name>LIBR</name>
		<styleUrl>#stylemap_id0</styleUrl>
		<Style>
			<IconStyle>
				<scale>1</scale>
				<Icon>
					<href>https://maps.google.com/mapfiles/kml/paddle/purple-stars.png</href>
				</Icon>
			</IconStyle>
			<LabelStyle>
				<color>ffffffff</color>
				<scale>1</scale>
			</LabelStyle>
		</Style>
		<Point>
			<extrude>1</extrude>
			<altitudeMode>relativeToGround</altitudeMode>
			<coordinates>17.947001,40.6576,0</coordinates>
		</Point>
	</Placemark>
	<Placemark>
		<name>LICA</name>
		<styleUrl>#stylemap_id0</styleUrl>
		<Style>
			<IconStyle>
				<scale>1</scale>
				<Icon>
					<href>https://maps.google.com/mapfiles/kml/paddle/purple-stars.png</href>
				</Icon>
			</IconStyle>
			<LabelStyle>
				<color>ffffffff</color>
				<scale>1</scale>
			</LabelStyle>
		</Style>
		<Point>
			<extrude>1</extrude>
			<altitudeMode>relativeToGround</altitudeMode>
			<coordinates>16.2423,38.905399,0</coordinates>
		</Point>
	</Placemark>
	<Placemark>
		<name>LICB</name>
		<styleUrl>#stylemap_id0</styleUrl>
		<Style>
			<IconStyle>
				<scale>1</scale>
				<Icon>
					<href>https://maps.google.com/mapfiles/kml/paddle/purple-stars.png</href>
				</Icon>
			</IconStyle>
			<LabelStyle>
				<color>ffffffff</color>
				<scale>1</scale>
			</LabelStyle>
		</Style>
		<Point>
			<extrude>1</extrude>
			<altitudeMode>relativeToGround</altitudeMode>
			<coordinates>14.607182,36.994601,0</coordinates>
		</Point>
	</Placemark>
	<Placemark>
		<name>LICC</name>
		<styleUrl>#stylemap_id0</styleUrl>
		<Style>
			<IconStyle>
				<scale>1</scale>
				<Icon>
					<href>https://maps.google.com/mapfiles/kml/paddle/purple-stars.png</href>
				</Icon>
			</IconStyle>
			<LabelStyle>
				<color>ffffffff</color>
				<scale>1</scale>
			</LabelStyle>
		</Style>
		<Point>
			<extrude>1</extrude>
			<altitudeMode>relativeToGround</altitudeMode>
			<coordinates>15.0664,37.466801,0</coordinates>
		</Point>
	</Placemark>
	<Placemark>
		<name>LICJ</name>
		<styleUrl>#stylemap_id0</styleUrl>
		<Style>
			<IconStyle>
				<scale>1</scale>
				<Icon>
					<href>https://maps.google.com/mapfiles/kml/paddle/purple-stars.png</href>
				</Icon>
			</IconStyle>
			<LabelStyle>
				<color>ffffffff</color>
				<scale>1</scale>
			</LabelStyle>
		</Style>
		<Point>
			<extrude>1</extrude>
			<altitudeMode>relativeToGround</altitudeMode>
			<coordinates>13.091,38.175999,0</coordinates>
		</Point>
	</Placemark>
	<Placemark>
		<name>LICT</name>
		<styleUrl>#stylemap_id0</styleUrl>
		<Style>
			<IconStyle>
				<scale>1</scale>
				<Icon>
					<href>https://maps.google.com/mapfiles/kml/paddle/purple-stars.png</href>
				</Icon>
			</IconStyle>
			<LabelStyle>
				<color>ffffffff</color>
				<scale>1</scale>
			</LabelStyle>
		</Style>
		<Point>
			<extrude>1</extrude>
			<altitudeMode>relativeToGround</altitudeMode>
			<coordinates>12.488,37.9114,0</coordinates>
		</Point>
	</Placemark>
	<Placemark>
		<name>LIEA</name>
		<styleUrl>#stylemap_id0</styleUrl>
		<Style>
			<IconStyle>
				<scale>1</scale>
				<Icon>
					<href>https://maps.google.com/mapfiles/kml/paddle/purple-stars.png</href>
				</Icon>
			</IconStyle>
			<LabelStyle>
				<color>ffffffff</color>
				<scale>1</scale>
			</LabelStyle>
		</Style>
		<Point>
			<extrude>1</extrude>
			<altitudeMode>relativeToGround</altitudeMode>
			<coordinates>8.29077,40.632099,0</coordinates>
		</Point>
	</Placemark>
	<Placemark>
		<name>LIEO</name>
		<styleUrl>#stylemap_id0</styleUrl>
		<Style>
			<IconStyle>
				<scale>1</scale>
				<Icon>
					<href>https://maps.google.com/mapfiles/kml/paddle/purple-stars.png</href>
				</Icon>
			</IconStyle>
			<LabelStyle>
				<color>ffffffff</color>
				<scale>1</scale>
			</LabelStyle>
		</Style>
		<Point>
			<extrude>1</extrude>
			<altitudeMode>relativeToGround</altitudeMode>
			<coordinates>9.51763,40.898701,0</coordinates>
		</Point>
	</Placemark>
	<Placemark>
		<name>LIMC</name>
		<styleUrl>#stylemap_id0</styleUrl>
		<Style>
			<IconStyle>
				<scale>1</scale>
				<Icon>
					<href>https://maps.google.com/mapfiles/kml/paddle/purple-stars.png</href>
				</Icon>
			</IconStyle>
			<LabelStyle>
				<color>ffffffff</color>
				<scale>1</scale>
			</LabelStyle>
		</Style>
		<Point>
			<extrude>1</extrude>
			<altitudeMode>relativeToGround</altitudeMode>
			<coordinates>8.728109999999999,45.6306,0</coordinates>
		</Point>
	</Placemark>
	<Placemark>
		<name>LIMJ</name>
		<styleUrl>#stylemap_id0</styleUrl>
		<Style>
			<IconStyle>
				<scale>1</scale>
				<Icon>
					<href>https://maps.google.com/mapfiles/kml/paddle/purple-stars.png</href>
				</Icon>
			</IconStyle>
			<LabelStyle>
				<color>ffffffff</color>
				<scale>1</scale>
			</LabelStyle>
		</Style>
		<Point>
			<extrude>1</extrude>
			<altitudeMode>relativeToGround</altitudeMode>
			<coordinates>8.8375,44.4133,0</coordinates>
		</Point>
	</Placemark>
	<Placemark>
		<name>LIML</name>
		<styleUrl>#stylemap_id0</styleUrl>
		<Style>
			<IconStyle>
				<scale>1</scale>
				<Icon>
					<href>https://maps.google.com/mapfiles/kml/paddle/purple-stars.png</href>
				</Icon>
			</IconStyle>
			<LabelStyle>
				<color>ffffffff</color>
				<scale>1</scale>
			</LabelStyle>
		</Style>
		<Point>
			<extrude>1</extrude>
			<altitudeMode>relativeToGround</altitudeMode>
			<coordinates>9.27674,45.445099,0</coordinates>
		</Point>
	</Placemark>
	<Placemark>
		<name>LIMP</name>
		<styleUrl>#stylemap_id0</styleUrl>
		<Style>
			<IconStyle>
				<scale>1</scale>
				<Icon>
					<href>https://maps.google.com/mapfiles/kml/paddle/purple-stars.png</href>
				</Icon>
			</IconStyle>
			<LabelStyle>
				<color>ffffffff</color>
				<scale>1</scale>
			</LabelStyle>
		</Style>
		<Point>
			<extrude>1</extrude>
			<altitudeMode>relativeToGround</altitudeMode>
			<coordinates>10.2964,44.824501,0</coordinates>
		</Point>
	</Placemark>
	<Placemark>
		<name>LIPE</name>
		<styleUrl>#stylemap_id0</styleUrl>
		<Style>
			<IconStyle>
				<scale>1</scale>
				<Icon>
					<href>https://maps.google.com/mapfiles/kml/paddle/purple-stars.png</href>
				</Icon>
			</IconStyle>
			<LabelStyle>
				<color>ffffffff</color>
				<scale>1</scale>
			</LabelStyle>
		</Style>
		<Point>
			<extrude>1</extrude>
			<altitudeMode>relativeToGround</altitudeMode>
			<coordinates>11.2887,44.5354,0</coordinates>
		</Point>
	</Placemark>
	<Placemark>
		<name>LIPH</name>
		<styleUrl>#stylemap_id0</styleUrl>
		<Style>
			<IconStyle>
				<scale>1</scale>
				<Icon>
					<href>https://maps.google.com/mapfiles/kml/paddle/purple-stars.png</href>
				</Icon>
			</IconStyle>
			<LabelStyle>
				<color>ffffffff</color>
				<scale>1</scale>
			</LabelStyle>
		</Style>
		<Point>
			<extrude>1</extrude>
			<altitudeMode>relativeToGround</altitudeMode>
			<coordinates>12.1944,45.648399,0</coordinates>
		</Point>
	</Placemark>
	<Placemark>
		<name>LIPK</name>
		<styleUrl>#stylemap_id0</styleUrl>
		<Style>
			<IconStyle>
				<scale>1</scale>
				<Icon>
					<href>https://maps.google.com/mapfiles/kml/paddle/purple-stars.png</href>
				</Icon>
			</IconStyle>
			<LabelStyle>
				<color>ffffffff</color>
				<scale>1</scale>
			</LabelStyle>
		</Style>
		<Point>
			<extrude>1</extrude>
			<altitudeMode>relativeToGround</altitudeMode>
			<coordinates>12.0701,44.194801,0</coordinates>
		</Point>
	</Placemark>
	<Placemark>
		<name>LIPQ</name>
		<styleUrl>#stylemap_id0</styleUrl>
		<Style>
			<IconStyle>
				<scale>1</scale>
				<Icon>
					<href>https://maps.google.com/mapfiles/kml/paddle/purple-stars.png</href>
				</Icon>
			</IconStyle>
			<LabelStyle>
				<color>ffffffff</color>
				<scale>1</scale>
			</LabelStyle>
		</Style>
		<Point>
			<extrude>1</extrude>
			<altitudeMode>relativeToGround</altitudeMode>
			<coordinates>13.4722,45.827499,0</coordinates>
		</Point>
	</Placemark>
	<Placemark>
		<name>LIPR</name>
		<styleUrl>#stylemap_id0</styleUrl>
		<Style>
			<IconStyle>
				<scale>1</scale>
				<Icon>
					<href>https://maps.google.com/mapfiles/kml/paddle/purple-stars.png</href>
				</Icon>
			</IconStyle>
			<LabelStyle>
				<color>ffffffff</color>
				<scale>1</scale>
			</LabelStyle>
		</Style>
		<Point>
			<extrude>1</extrude>
			<altitudeMode>relativeToGround</altitudeMode>
			<coordinates>12.6117,44.020302,0</coordinates>
		</Point>
	</Placemark>
	<Placemark>
		<name>LIPZ</name>
		<styleUrl>#stylemap_id0</styleUrl>
		<Style>
			<IconStyle>
				<scale>1</scale>
				<Icon>
					<href>https://maps.google.com/mapfiles/kml/paddle/purple-stars.png</href>
				</Icon>
			</IconStyle>
			<LabelStyle>
				<color>ffffffff</color>
				<scale>1</scale>
			</LabelStyle>
		</Style>
		<Point>
			<extrude>1</extrude>
			<altitudeMode>relativeToGround</altitudeMode>
			<coordinates>12.3519,45.505299,0</coordinates>
		</Point>
	</Placemark>
	<Placemark>
		<name>LIRA</name>
		<styleUrl>#stylemap_id0</styleUrl>
		<Style>
			<IconStyle>
				<scale>1</scale>
				<Icon>
					<href>https://maps.google.com/mapfiles/kml/paddle/purple-stars.png</href>
				</Icon>
			</IconStyle>
			<LabelStyle>
				<color>ffffffff</color>
				<scale>1</scale>
			</LabelStyle>
		</Style>
		<Point>
			<extrude>1</extrude>
			<altitudeMode>relativeToGround</altitudeMode>
			<coordinates>12.5949,41.7994,0</coordinates>
		</Point>
	</Placemark>
	<Placemark>
		<name>LIRN</name>
		<styleUrl>#stylemap_id0</styleUrl>
		<Style>
			<IconStyle>
				<scale>1</scale>
				<Icon>
					<href>https://maps.google.com/mapfiles/kml/paddle/purple-stars.png</href>
				</Icon>
			</IconStyle>
			<LabelStyle>
				<color>ffffffff</color>
				<scale>1</scale>
			</LabelStyle>
		</Style>
		<Point>
			<extrude>1</extrude>
			<altitudeMode>relativeToGround</altitudeMode>
			<coordinates>14.2908,40.886002,0</coordinates>
		</Point>
	</Placemark>
	<Placemark>
		<name>LIRP</name>
		<styleUrl>#stylemap_id0</styleUrl>
		<Style>
			<IconStyle>
				<scale>1</scale>
				<Icon>
					<href>https://maps.google.com/mapfiles/kml/paddle/purple-stars.png</href>
				</Icon>
			</IconStyle>
			<LabelStyle>
				<color>ffffffff</color>
				<scale>1</scale>
			</LabelStyle>
		</Style>
		<Point>
			<extrude>1</extrude>
			<altitudeMode>relativeToGround</altitudeMode>
			<coordinates>10.3927,43.683899,0</coordinates>
		</Point>
	</Placemark>
	<Placemark>
		<name>LIRQ</name>
		<styleUrl>#stylemap_id0</styleUrl>
		<Style>
			<IconStyle>
				<scale>1</scale>
				<Icon>
					<href>https://maps.google.com/mapfiles/kml/paddle/purple-stars.png</href>
				</Icon>
			</IconStyle>
			<LabelStyle>
				<color>ffffffff</color>
				<scale>1</scale>
			</LabelStyle>
		</Style>
		<Point>
			<extrude>1</extrude>
			<altitudeMode>relativeToGround</altitudeMode>
			<coordinates>11.2051,43.810001,0</coordinates>
		</Point>
	</Placemark>
	<Placemark>
		<name>LIRS</name>
		<styleUrl>#stylemap_id0</styleUrl>
		<Style>
			<IconStyle>
				<scale>1</scale>
				<Icon>
					<href>https://maps.google.com/mapfiles/kml/paddle/purple-stars.png</href>
				</Icon>
			</IconStyle>
			<LabelStyle>
				<color>ffffffff</color>
				<scale>1</scale>
			</LabelStyle>
		</Style>
		<Point>
			<extrude>1</extrude>
			<altitudeMode>relativeToGround</altitudeMode>
			<coordinates>11.0719,42.759701,0</coordinates>
		</Point>
	</Placemark>
	<Placemark>
		<name>LIRZ</name>
		<styleUrl>#stylemap_id0</styleUrl>
		<Style>
			<IconStyle>
				<scale>1</scale>
				<Icon>
					<href>https://maps.google.com/mapfiles/kml/paddle/purple-stars.png</href>
				</Icon>
			</IconStyle>
			<LabelStyle>
				<color>ffffffff</color>
				<scale>1</scale>
			</LabelStyle>
		</Style>
		<Point>
			<extrude>1</extrude>
			<altitudeMode>relativeToGround</altitudeMode>
			<coordinates>12.5132,43.095901,0</coordinates>
		</Point>
	</Placemark>
	<Placemark>
		<name>LJLJ</name>
		<styleUrl>#stylemap_id0</styleUrl>
		<Style>
			<IconStyle>
				<scale>1</scale>
				<Icon>
					<href>https://maps.google.com/mapfiles/kml/paddle/purple-stars.png</href>
				</Icon>
			</IconStyle>
			<LabelStyle>
				<color>ffffffff</color>
				<scale>1</scale>
			</LabelStyle>
		</Style>
		<Point>
			<extrude>1</extrude>
			<altitudeMode>relativeToGround</altitudeMode>
			<coordinates>14.4576,46.223701,0</coordinates>
		</Point>
	</Placemark>
	<Placemark>
		<name>LKPR</name>
		<styleUrl>#stylemap_id0</styleUrl>
		<Style>
			<IconStyle>
				<scale>1</scale>
				<Icon>
					<href>https://maps.google.com/mapfiles/kml/paddle/purple-stars.png</href>
				</Icon>
			</IconStyle>
			<LabelStyle>
				<color>ffffffff</color>
				<scale>1</scale>
			</LabelStyle>
		</Style>
		<Point>
			<extrude>1</extrude>
			<altitudeMode>relativeToGround</altitudeMode>
			<coordinates>14.26,50.10080000000001,0</coordinates>
		</Point>
	</Placemark>
	<Placemark>
		<name>LLBG</name>
		<styleUrl>#stylemap_id0</styleUrl>
		<Style>
			<IconStyle>
				<scale>1</scale>
				<Icon>
					<href>https://maps.google.com/mapfiles/kml/paddle/purple-stars.png</href>
				</Icon>
			</IconStyle>
			<LabelStyle>
				<color>ffffffff</color>
				<scale>1</scale>
			</LabelStyle>
		</Style>
		<Point>
			<extrude>1</extrude>
			<altitudeMode>relativeToGround</altitudeMode>
			<coordinates>34.8866996765136,32.0113983154296,0</coordinates>
		</Point>
	</Placemark>
	<Placemark>
		<name>LMML</name>
		<styleUrl>#stylemap_id0</styleUrl>
		<Style>
			<IconStyle>
				<scale>1</scale>
				<Icon>
					<href>https://maps.google.com/mapfiles/kml/paddle/purple-stars.png</href>
				</Icon>
			</IconStyle>
			<LabelStyle>
				<color>ffffffff</color>
				<scale>1</scale>
			</LabelStyle>
		</Style>
		<Point>
			<extrude>1</extrude>
			<altitudeMode>relativeToGround</altitudeMode>
			<coordinates>14.4775,35.857498,0</coordinates>
		</Point>
	</Placemark>
	<Placemark>
		<name>LOWW</name>
		<styleUrl>#stylemap_id0</styleUrl>
		<Style>
			<IconStyle>
				<scale>1</scale>
				<Icon>
					<href>https://maps.google.com/mapfiles/kml/paddle/purple-stars.png</href>
				</Icon>
			</IconStyle>
			<LabelStyle>
				<color>ffffffff</color>
				<scale>1</scale>
			</LabelStyle>
		</Style>
		<Point>
			<extrude>1</extrude>
			<altitudeMode>relativeToGround</altitudeMode>
			<coordinates>16.569700241089,48.110298156738,0</coordinates>
		</Point>
	</Placemark>
	<Placemark>
		<name>LPAZ</name>
		<styleUrl>#stylemap_id0</styleUrl>
		<Style>
			<IconStyle>
				<scale>1</scale>
				<Icon>
					<href>https://maps.google.com/mapfiles/kml/paddle/purple-stars.png</href>
				</Icon>
			</IconStyle>
			<LabelStyle>
				<color>ffffffff</color>
				<scale>1</scale>
			</LabelStyle>
		</Style>
		<Point>
			<extrude>1</extrude>
			<altitudeMode>relativeToGround</altitudeMode>
			<coordinates>-25.1706008911132,36.9714012145996,0</coordinates>
		</Point>
	</Placemark>
	<Placemark>
		<name>LPFR</name>
		<styleUrl>#stylemap_id0</styleUrl>
		<Style>
			<IconStyle>
				<scale>1</scale>
				<Icon>
					<href>https://maps.google.com/mapfiles/kml/paddle/purple-stars.png</href>
				</Icon>
			</IconStyle>
			<LabelStyle>
				<color>ffffffff</color>
				<scale>1</scale>
			</LabelStyle>
		</Style>
		<Point>
			<extrude>1</extrude>
			<altitudeMode>relativeToGround</altitudeMode>
			<coordinates>-7.96590995789,37.0144004822,0</coordinates>
		</Point>
	</Placemark>
	<Placemark>
		<name>LPLA</name>
		<styleUrl>#stylemap_id0</styleUrl>
		<Style>
			<IconStyle>
				<scale>1</scale>
				<Icon>
					<href>https://maps.google.com/mapfiles/kml/paddle/purple-stars.png</href>
				</Icon>
			</IconStyle>
			<LabelStyle>
				<color>ffffffff</color>
				<scale>1</scale>
			</LabelStyle>
		</Style>
		<Point>
			<extrude>1</extrude>
			<altitudeMode>relativeToGround</altitudeMode>
			<coordinates>-27.090799,38.761799,0</coordinates>
		</Point>
	</Placemark>
	<Placemark>
		<name>LPMR</name>
		<styleUrl>#stylemap_id0</styleUrl>
		<Style>
			<IconStyle>
				<scale>1</scale>
				<Icon>
					<href>https://maps.google.com/mapfiles/kml/paddle/purple-stars.png</href>
				</Icon>
			</IconStyle>
			<LabelStyle>
				<color>ffffffff</color>
				<scale>1</scale>
			</LabelStyle>
		</Style>
		<Point>
			<extrude>1</extrude>
			<altitudeMode>relativeToGround</altitudeMode>
			<coordinates>-8.887499999999999,39.828335,0</coordinates>
		</Point>
	</Placemark>
	<Placemark>
		<name>LPPD</name>
		<styleUrl>#stylemap_id0</styleUrl>
		<Style>
			<IconStyle>
				<scale>1</scale>
				<Icon>
					<href>https://maps.google.com/mapfiles/kml/paddle/purple-stars.png</href>
				</Icon>
			</IconStyle>
			<LabelStyle>
				<color>ffffffff</color>
				<scale>1</scale>
			</LabelStyle>
		</Style>
		<Point>
			<extrude>1</extrude>
			<altitudeMode>relativeToGround</altitudeMode>
			<coordinates>-25.6979007721,37.7411994934,0</coordinates>
		</Point>
	</Placemark>
	<Placemark>
		<name>LPPR</name>
		<styleUrl>#stylemap_id0</styleUrl>
		<Style>
			<IconStyle>
				<scale>1</scale>
				<Icon>
					<href>https://maps.google.com/mapfiles/kml/paddle/purple-stars.png</href>
				</Icon>
			</IconStyle>
			<LabelStyle>
				<color>ffffffff</color>
				<scale>1</scale>
			</LabelStyle>
		</Style>
		<Point>
			<extrude>1</extrude>
			<altitudeMode>relativeToGround</altitudeMode>
			<coordinates>-8.68138980865,41.2481002808,0</coordinates>
		</Point>
	</Placemark>
	<Placemark>
		<name>LPPT</name>
		<styleUrl>#stylemap_id0</styleUrl>
		<Style>
			<IconStyle>
				<scale>1</scale>
				<Icon>
					<href>https://maps.google.com/mapfiles/kml/paddle/purple-stars.png</href>
				</Icon>
			</IconStyle>
			<LabelStyle>
				<color>ffffffff</color>
				<scale>1</scale>
			</LabelStyle>
		</Style>
		<Point>
			<extrude>1</extrude>
			<altitudeMode>relativeToGround</altitudeMode>
			<coordinates>-9.13592,38.7813,0</coordinates>
		</Point>
	</Placemark>
	<Placemark>
		<name>LSGG</name>
		<styleUrl>#stylemap_id0</styleUrl>
		<Style>
			<IconStyle>
				<scale>1</scale>
				<Icon>
					<href>https://maps.google.com/mapfiles/kml/paddle/purple-stars.png</href>
				</Icon>
			</IconStyle>
			<LabelStyle>
				<color>ffffffff</color>
				<scale>1</scale>
			</LabelStyle>
		</Style>
		<Point>
			<extrude>1</extrude>
			<altitudeMode>relativeToGround</altitudeMode>
			<coordinates>6.108950138092039,46.2380981445312,0</coordinates>
		</Point>
	</Placemark>
	<Placemark>
		<name>LSMD</name>
		<styleUrl>#stylemap_id0</styleUrl>
		<Style>
			<IconStyle>
				<scale>1</scale>
				<Icon>
					<href>https://maps.google.com/mapfiles/kml/paddle/purple-stars.png</href>
				</Icon>
			</IconStyle>
			<LabelStyle>
				<color>ffffffff</color>
				<scale>1</scale>
			</LabelStyle>
		</Style>
		<Point>
			<extrude>1</extrude>
			<altitudeMode>relativeToGround</altitudeMode>
			<coordinates>8.648229599,47.398601532,0</coordinates>
		</Point>
	</Placemark>
	<Placemark>
		<name>LSZH</name>
		<styleUrl>#stylemap_id0</styleUrl>
		<Style>
			<IconStyle>
				<scale>1</scale>
				<Icon>
					<href>https://maps.google.com/mapfiles/kml/paddle/purple-stars.png</href>
				</Icon>
			</IconStyle>
			<LabelStyle>
				<color>ffffffff</color>
				<scale>1</scale>
			</LabelStyle>
		</Style>
		<Point>
			<extrude>1</extrude>
			<altitudeMode>relativeToGround</altitudeMode>
			<coordinates>8.54917,47.46469900000001,0</coordinates>
		</Point>
	</Placemark>
	<Placemark>
		<name>LTAC</name>
		<styleUrl>#stylemap_id0</styleUrl>
		<Style>
			<IconStyle>
				<scale>1</scale>
				<Icon>
					<href>https://maps.google.com/mapfiles/kml/paddle/purple-stars.png</href>
				</Icon>
			</IconStyle>
			<LabelStyle>
				<color>ffffffff</color>
				<scale>1</scale>
			</LabelStyle>
		</Style>
		<Point>
			<extrude>1</extrude>
			<altitudeMode>relativeToGround</altitudeMode>
			<coordinates>32.995098114,40.1281013488999,0</coordinates>
		</Point>
	</Placemark>
	<Placemark>
		<name>LTAU</name>
		<styleUrl>#stylemap_id0</styleUrl>
		<Style>
			<IconStyle>
				<scale>1</scale>
				<Icon>
					<href>https://maps.google.com/mapfiles/kml/paddle/purple-stars.png</href>
				</Icon>
			</IconStyle>
			<LabelStyle>
				<color>ffffffff</color>
				<scale>1</scale>
			</LabelStyle>
		</Style>
		<Point>
			<extrude>1</extrude>
			<altitudeMode>relativeToGround</altitudeMode>
			<coordinates>35.4953994751,38.770401001,0</coordinates>
		</Point>
	</Placemark>
	<Placemark>
		<name>LTBA</name>
		<styleUrl>#stylemap_id0</styleUrl>
		<Style>
			<IconStyle>
				<scale>1</scale>
				<Icon>
					<href>https://maps.google.com/mapfiles/kml/paddle/purple-stars.png</href>
				</Icon>
			</IconStyle>
			<LabelStyle>
				<color>ffffffff</color>
				<scale>1</scale>
			</LabelStyle>
		</Style>
		<Point>
			<extrude>1</extrude>
			<altitudeMode>relativeToGround</altitudeMode>
			<coordinates>28.8146,40.976898,0</coordinates>
		</Point>
	</Placemark>
	<Placemark>
		<name>LTBG</name>
		<styleUrl>#stylemap_id0</styleUrl>
		<Style>
			<IconStyle>
				<scale>1</scale>
				<Icon>
					<href>https://maps.google.com/mapfiles/kml/paddle/purple-stars.png</href>
				</Icon>
			</IconStyle>
			<LabelStyle>
				<color>ffffffff</color>
				<scale>1</scale>
			</LabelStyle>
		</Style>
		<Point>
			<extrude>1</extrude>
			<altitudeMode>relativeToGround</altitudeMode>
			<coordinates>27.9776992797851,40.318000793457,0</coordinates>
		</Point>
	</Placemark>
	<Placemark>
		<name>LTBU</name>
		<styleUrl>#stylemap_id0</styleUrl>
		<Style>
			<IconStyle>
				<scale>1</scale>
				<Icon>
					<href>https://maps.google.com/mapfiles/kml/paddle/purple-stars.png</href>
				</Icon>
			</IconStyle>
			<LabelStyle>
				<color>ffffffff</color>
				<scale>1</scale>
			</LabelStyle>
		</Style>
		<Point>
			<extrude>1</extrude>
			<altitudeMode>relativeToGround</altitudeMode>
			<coordinates>27.9190998077392,41.138198852539,0</coordinates>
		</Point>
	</Placemark>
	<Placemark>
		<name>LTFH</name>
		<styleUrl>#stylemap_id0</styleUrl>
		<Style>
			<IconStyle>
				<scale>1</scale>
				<Icon>
					<href>https://maps.google.com/mapfiles/kml/paddle/purple-stars.png</href>
				</Icon>
			</IconStyle>
			<LabelStyle>
				<color>ffffffff</color>
				<scale>1</scale>
			</LabelStyle>
		</Style>
		<Point>
			<extrude>1</extrude>
			<altitudeMode>relativeToGround</altitudeMode>
			<coordinates>36.554167,41.263833,0</coordinates>
		</Point>
	</Placemark>
	<Placemark>
		<name>LTFJ</name>
		<styleUrl>#stylemap_id0</styleUrl>
		<Style>
			<IconStyle>
				<scale>1</scale>
				<Icon>
					<href>https://maps.google.com/mapfiles/kml/paddle/purple-stars.png</href>
				</Icon>
			</IconStyle>
			<LabelStyle>
				<color>ffffffff</color>
				<scale>1</scale>
			</LabelStyle>
		</Style>
		<Point>
			<extrude>1</extrude>
			<altitudeMode>relativeToGround</altitudeMode>
			<coordinates>29.3092,40.898602,0</coordinates>
		</Point>
	</Placemark>
	<Placemark>
		<name>LTFM</name>
		<styleUrl>#stylemap_id0</styleUrl>
		<Style>
			<IconStyle>
				<scale>1</scale>
				<Icon>
					<href>https://maps.google.com/mapfiles/kml/paddle/purple-stars.png</href>
				</Icon>
			</IconStyle>
			<LabelStyle>
				<color>ffffffff</color>
				<scale>1</scale>
			</LabelStyle>
		</Style>
		<Point>
			<extrude>1</extrude>
			<altitudeMode>relativeToGround</altitudeMode>
			<coordinates>28.741951,41.261297,0</coordinates>
		</Point>
	</Placemark>
	<Placemark>
		<name>LYNI</name>
		<styleUrl>#stylemap_id0</styleUrl>
		<Style>
			<IconStyle>
				<scale>1</scale>
				<Icon>
					<href>https://maps.google.com/mapfiles/kml/paddle/purple-stars.png</href>
				</Icon>
			</IconStyle>
			<LabelStyle>
				<color>ffffffff</color>
				<scale>1</scale>
			</LabelStyle>
		</Style>
		<Point>
			<extrude>1</extrude>
			<altitudeMode>relativeToGround</altitudeMode>
			<coordinates>21.853701,43.337299,0</coordinates>
		</Point>
	</Placemark>
	<Placemark>
		<name>LYPG</name>
		<styleUrl>#stylemap_id0</styleUrl>
		<Style>
			<IconStyle>
				<scale>1</scale>
				<Icon>
					<href>https://maps.google.com/mapfiles/kml/paddle/purple-stars.png</href>
				</Icon>
			</IconStyle>
			<LabelStyle>
				<color>ffffffff</color>
				<scale>1</scale>
			</LabelStyle>
		</Style>
		<Point>
			<extrude>1</extrude>
			<altitudeMode>relativeToGround</altitudeMode>
			<coordinates>19.2519,42.359402,0</coordinates>
		</Point>
	</Placemark>
	<Placemark>
		<name>LYTV</name>
		<styleUrl>#stylemap_id0</styleUrl>
		<Style>
			<IconStyle>
				<scale>1</scale>
				<Icon>
					<href>https://maps.google.com/mapfiles/kml/paddle/purple-stars.png</href>
				</Icon>
			</IconStyle>
			<LabelStyle>
				<color>ffffffff</color>
				<scale>1</scale>
			</LabelStyle>
		</Style>
		<Point>
			<extrude>1</extrude>
			<altitudeMode>relativeToGround</altitudeMode>
			<coordinates>18.7233009338378,42.4047012329101,0</coordinates>
		</Point>
	</Placemark>
	<Placemark>
		<name>LZIB</name>
		<styleUrl>#stylemap_id0</styleUrl>
		<Style>
			<IconStyle>
				<scale>1</scale>
				<Icon>
					<href>https://maps.google.com/mapfiles/kml/paddle/purple-stars.png</href>
				</Icon>
			</IconStyle>
			<LabelStyle>
				<color>ffffffff</color>
				<scale>1</scale>
			</LabelStyle>
		</Style>
		<Point>
			<extrude>1</extrude>
			<altitudeMode>relativeToGround</altitudeMode>
			<coordinates>17.2126998901367,48.17020034790029,0</coordinates>
		</Point>
	</Placemark>
	<Placemark>
		<name>MDLR</name>
		<styleUrl>#stylemap_id0</styleUrl>
		<Style>
			<IconStyle>
				<scale>1</scale>
				<Icon>
					<href>https://maps.google.com/mapfiles/kml/paddle/purple-stars.png</href>
				</Icon>
			</IconStyle>
			<LabelStyle>
				<color>ffffffff</color>
				<scale>1</scale>
			</LabelStyle>
		</Style>
		<Point>
			<extrude>1</extrude>
			<altitudeMode>relativeToGround</altitudeMode>
			<coordinates>-68.9117965698242,18.4507007598876,0</coordinates>
		</Point>
	</Placemark>
	<Placemark>
		<name>MDPC</name>
		<styleUrl>#stylemap_id0</styleUrl>
		<Style>
			<IconStyle>
				<scale>1</scale>
				<Icon>
					<href>https://maps.google.com/mapfiles/kml/paddle/purple-stars.png</href>
				</Icon>
			</IconStyle>
			<LabelStyle>
				<color>ffffffff</color>
				<scale>1</scale>
			</LabelStyle>
		</Style>
		<Point>
			<extrude>1</extrude>
			<altitudeMode>relativeToGround</altitudeMode>
			<coordinates>-68.36340332029999,18.5673999785999,0</coordinates>
		</Point>
	</Placemark>
	<Placemark>
		<name>MDPP</name>
		<styleUrl>#stylemap_id0</styleUrl>
		<Style>
			<IconStyle>
				<scale>1</scale>
				<Icon>
					<href>https://maps.google.com/mapfiles/kml/paddle/purple-stars.png</href>
				</Icon>
			</IconStyle>
			<LabelStyle>
				<color>ffffffff</color>
				<scale>1</scale>
			</LabelStyle>
		</Style>
		<Point>
			<extrude>1</extrude>
			<altitudeMode>relativeToGround</altitudeMode>
			<coordinates>-70.5699996948242,19.7579002380371,0</coordinates>
		</Point>
	</Placemark>
	<Placemark>
		<name>MDSD</name>
		<styleUrl>#stylemap_id0</styleUrl>
		<Style>
			<IconStyle>
				<scale>1</scale>
				<Icon>
					<href>https://maps.google.com/mapfiles/kml/paddle/purple-stars.png</href>
				</Icon>
			</IconStyle>
			<LabelStyle>
				<color>ffffffff</color>
				<scale>1</scale>
			</LabelStyle>
		</Style>
		<Point>
			<extrude>1</extrude>
			<altitudeMode>relativeToGround</altitudeMode>
			<coordinates>-69.668899536133,18.42970085144,0</coordinates>
		</Point>
	</Placemark>
	<Placemark>
		<name>MDST</name>
		<styleUrl>#stylemap_id0</styleUrl>
		<Style>
			<IconStyle>
				<scale>1</scale>
				<Icon>
					<href>https://maps.google.com/mapfiles/kml/paddle/purple-stars.png</href>
				</Icon>
			</IconStyle>
			<LabelStyle>
				<color>ffffffff</color>
				<scale>1</scale>
			</LabelStyle>
		</Style>
		<Point>
			<extrude>1</extrude>
			<altitudeMode>relativeToGround</altitudeMode>
			<coordinates>-70.6046981811523,19.406099319458,0</coordinates>
		</Point>
	</Placemark>
	<Placemark>
		<name>MGGT</name>
		<styleUrl>#stylemap_id0</styleUrl>
		<Style>
			<IconStyle>
				<scale>1</scale>
				<Icon>
					<href>https://maps.google.com/mapfiles/kml/paddle/purple-stars.png</href>
				</Icon>
			</IconStyle>
			<LabelStyle>
				<color>ffffffff</color>
				<scale>1</scale>
			</LabelStyle>
		</Style>
		<Point>
			<extrude>1</extrude>
			<altitudeMode>relativeToGround</altitudeMode>
			<coordinates>-90.52749600000001,14.5833,0</coordinates>
		</Point>
	</Placemark>
	<Placemark>
		<name>MKJP</name>
		<styleUrl>#stylemap_id0</styleUrl>
		<Style>
			<IconStyle>
				<scale>1</scale>
				<Icon>
					<href>https://maps.google.com/mapfiles/kml/paddle/purple-stars.png</href>
				</Icon>
			</IconStyle>
			<LabelStyle>
				<color>ffffffff</color>
				<scale>1</scale>
			</LabelStyle>
		</Style>
		<Point>
			<extrude>1</extrude>
			<altitudeMode>relativeToGround</altitudeMode>
			<coordinates>-76.78749847412109,17.9356994628906,0</coordinates>
		</Point>
	</Placemark>
	<Placemark>
		<name>MKJS</name>
		<styleUrl>#stylemap_id0</styleUrl>
		<Style>
			<IconStyle>
				<scale>1</scale>
				<Icon>
					<href>https://maps.google.com/mapfiles/kml/paddle/purple-stars.png</href>
				</Icon>
			</IconStyle>
			<LabelStyle>
				<color>ffffffff</color>
				<scale>1</scale>
			</LabelStyle>
		</Style>
		<Point>
			<extrude>1</extrude>
			<altitudeMode>relativeToGround</altitudeMode>
			<coordinates>-77.9133987426757,18.5037002563476,0</coordinates>
		</Point>
	</Placemark>
	<Placemark>
		<name>MMCM</name>
		<styleUrl>#stylemap_id0</styleUrl>
		<Style>
			<IconStyle>
				<scale>1</scale>
				<Icon>
					<href>https://maps.google.com/mapfiles/kml/paddle/purple-stars.png</href>
				</Icon>
			</IconStyle>
			<LabelStyle>
				<color>ffffffff</color>
				<scale>1</scale>
			</LabelStyle>
		</Style>
		<Point>
			<extrude>1</extrude>
			<altitudeMode>relativeToGround</altitudeMode>
			<coordinates>-88.32679748535151,18.5046997070312,0</coordinates>
		</Point>
	</Placemark>
	<Placemark>
		<name>MMMX</name>
		<styleUrl>#stylemap_id0</styleUrl>
		<Style>
			<IconStyle>
				<scale>1</scale>
				<Icon>
					<href>https://maps.google.com/mapfiles/kml/paddle/purple-stars.png</href>
				</Icon>
			</IconStyle>
			<LabelStyle>
				<color>ffffffff</color>
				<scale>1</scale>
			</LabelStyle>
		</Style>
		<Point>
			<extrude>1</extrude>
			<altitudeMode>relativeToGround</altitudeMode>
			<coordinates>-99.072098,19.4363,0</coordinates>
		</Point>
	</Placemark>
	<Placemark>
		<name>MMTO</name>
		<styleUrl>#stylemap_id0</styleUrl>
		<Style>
			<IconStyle>
				<scale>1</scale>
				<Icon>
					<href>https://maps.google.com/mapfiles/kml/paddle/purple-stars.png</href>
				</Icon>
			</IconStyle>
			<LabelStyle>
				<color>ffffffff</color>
				<scale>1</scale>
			</LabelStyle>
		</Style>
		<Point>
			<extrude>1</extrude>
			<altitudeMode>relativeToGround</altitudeMode>
			<coordinates>-99.56600189209999,19.3370990753,0</coordinates>
		</Point>
	</Placemark>
	<Placemark>
		<name>MPTO</name>
		<styleUrl>#stylemap_id0</styleUrl>
		<Style>
			<IconStyle>
				<scale>1</scale>
				<Icon>
					<href>https://maps.google.com/mapfiles/kml/paddle/purple-stars.png</href>
				</Icon>
			</IconStyle>
			<LabelStyle>
				<color>ffffffff</color>
				<scale>1</scale>
			</LabelStyle>
		</Style>
		<Point>
			<extrude>1</extrude>
			<altitudeMode>relativeToGround</altitudeMode>
			<coordinates>-79.3834991455,9.0713596344,0</coordinates>
		</Point>
	</Placemark>
	<Placemark>
		<name>MROC</name>
		<styleUrl>#stylemap_id0</styleUrl>
		<Style>
			<IconStyle>
				<scale>1</scale>
				<Icon>
					<href>https://maps.google.com/mapfiles/kml/paddle/purple-stars.png</href>
				</Icon>
			</IconStyle>
			<LabelStyle>
				<color>ffffffff</color>
				<scale>1</scale>
			</LabelStyle>
		</Style>
		<Point>
			<extrude>1</extrude>
			<altitudeMode>relativeToGround</altitudeMode>
			<coordinates>-84.20880126953119,9.993860244750969,0</coordinates>
		</Point>
	</Placemark>
	<Placemark>
		<name>MSLP</name>
		<styleUrl>#stylemap_id0</styleUrl>
		<Style>
			<IconStyle>
				<scale>1</scale>
				<Icon>
					<href>https://maps.google.com/mapfiles/kml/paddle/purple-stars.png</href>
				</Icon>
			</IconStyle>
			<LabelStyle>
				<color>ffffffff</color>
				<scale>1</scale>
			</LabelStyle>
		</Style>
		<Point>
			<extrude>1</extrude>
			<altitudeMode>relativeToGround</altitudeMode>
			<coordinates>-89.055702,13.4409,0</coordinates>
		</Point>
	</Placemark>
	<Placemark>
		<name>MYGF</name>
		<styleUrl>#stylemap_id0</styleUrl>
		<Style>
			<IconStyle>
				<scale>1</scale>
				<Icon>
					<href>https://maps.google.com/mapfiles/kml/paddle/purple-stars.png</href>
				</Icon>
			</IconStyle>
			<LabelStyle>
				<color>ffffffff</color>
				<scale>1</scale>
			</LabelStyle>
		</Style>
		<Point>
			<extrude>1</extrude>
			<altitudeMode>relativeToGround</altitudeMode>
			<coordinates>-78.695602417,26.5587005615,0</coordinates>
		</Point>
	</Placemark>
	<Placemark>
		<name>MYNN</name>
		<styleUrl>#stylemap_id0</styleUrl>
		<Style>
			<IconStyle>
				<scale>1</scale>
				<Icon>
					<href>https://maps.google.com/mapfiles/kml/paddle/purple-stars.png</href>
				</Icon>
			</IconStyle>
			<LabelStyle>
				<color>ffffffff</color>
				<scale>1</scale>
			</LabelStyle>
		</Style>
		<Point>
			<extrude>1</extrude>
			<altitudeMode>relativeToGround</altitudeMode>
			<coordinates>-77.466202,25.039,0</coordinates>
		</Point>
	</Placemark>
	<Placemark>
		<name>MZBZ</name>
		<styleUrl>#stylemap_id0</styleUrl>
		<Style>
			<IconStyle>
				<scale>1</scale>
				<Icon>
					<href>https://maps.google.com/mapfiles/kml/paddle/purple-stars.png</href>
				</Icon>
			</IconStyle>
			<LabelStyle>
				<color>ffffffff</color>
				<scale>1</scale>
			</LabelStyle>
		</Style>
		<Point>
			<extrude>1</extrude>
			<altitudeMode>relativeToGround</altitudeMode>
			<coordinates>-88.3081970214843,17.5391006469726,0</coordinates>
		</Point>
	</Placemark>
	<Placemark>
		<name>NWWW</name>
		<styleUrl>#stylemap_id0</styleUrl>
		<Style>
			<IconStyle>
				<scale>1</scale>
				<Icon>
					<href>https://maps.google.com/mapfiles/kml/paddle/purple-stars.png</href>
				</Icon>
			</IconStyle>
			<LabelStyle>
				<color>ffffffff</color>
				<scale>1</scale>
			</LabelStyle>
		</Style>
		<Point>
			<extrude>1</extrude>
			<altitudeMode>relativeToGround</altitudeMode>
			<coordinates>166.212997436523,-22.0146007537841,0</coordinates>
		</Point>
	</Placemark>
	<Placemark>
		<name>NZAA</name>
		<styleUrl>#stylemap_id0</styleUrl>
		<Style>
			<IconStyle>
				<scale>1</scale>
				<Icon>
					<href>https://maps.google.com/mapfiles/kml/paddle/purple-stars.png</href>
				</Icon>
			</IconStyle>
			<LabelStyle>
				<color>ffffffff</color>
				<scale>1</scale>
			</LabelStyle>
		</Style>
		<Point>
			<extrude>1</extrude>
			<altitudeMode>relativeToGround</altitudeMode>
			<coordinates>174.792007446,-37.0080986022999,0</coordinates>
		</Point>
	</Placemark>
	<Placemark>
		<name>NZCH</name>
		<styleUrl>#stylemap_id0</styleUrl>
		<Style>
			<IconStyle>
				<scale>1</scale>
				<Icon>
					<href>https://maps.google.com/mapfiles/kml/paddle/purple-stars.png</href>
				</Icon>
			</IconStyle>
			<LabelStyle>
				<color>ffffffff</color>
				<scale>1</scale>
			</LabelStyle>
		</Style>
		<Point>
			<extrude>1</extrude>
			<altitudeMode>relativeToGround</altitudeMode>
			<coordinates>172.531997680664,-43.4893989562988,0</coordinates>
		</Point>
	</Placemark>
	<Placemark>
		<name>NZQN</name>
		<styleUrl>#stylemap_id0</styleUrl>
		<Style>
			<IconStyle>
				<scale>1</scale>
				<Icon>
					<href>https://maps.google.com/mapfiles/kml/paddle/purple-stars.png</href>
				</Icon>
			</IconStyle>
			<LabelStyle>
				<color>ffffffff</color>
				<scale>1</scale>
			</LabelStyle>
		</Style>
		<Point>
			<extrude>1</extrude>
			<altitudeMode>relativeToGround</altitudeMode>
			<coordinates>168.738998,-45.02109899999999,0</coordinates>
		</Point>
	</Placemark>
	<Placemark>
		<name>NZWN</name>
		<styleUrl>#stylemap_id0</styleUrl>
		<Style>
			<IconStyle>
				<scale>1</scale>
				<Icon>
					<href>https://maps.google.com/mapfiles/kml/paddle/purple-stars.png</href>
				</Icon>
			</IconStyle>
			<LabelStyle>
				<color>ffffffff</color>
				<scale>1</scale>
			</LabelStyle>
		</Style>
		<Point>
			<extrude>1</extrude>
			<altitudeMode>relativeToGround</altitudeMode>
			<coordinates>174.804992676,-41.3272018433,0</coordinates>
		</Point>
	</Placemark>
	<Placemark>
		<name>OBBI</name>
		<styleUrl>#stylemap_id0</styleUrl>
		<Style>
			<IconStyle>
				<scale>1</scale>
				<Icon>
					<href>https://maps.google.com/mapfiles/kml/paddle/purple-stars.png</href>
				</Icon>
			</IconStyle>
			<LabelStyle>
				<color>ffffffff</color>
				<scale>1</scale>
			</LabelStyle>
		</Style>
		<Point>
			<extrude>1</extrude>
			<altitudeMode>relativeToGround</altitudeMode>
			<coordinates>50.6335983276367,26.2707996368408,0</coordinates>
		</Point>
	</Placemark>
	<Placemark>
		<name>OEDF</name>
		<styleUrl>#stylemap_id0</styleUrl>
		<Style>
			<IconStyle>
				<scale>1</scale>
				<Icon>
					<href>https://maps.google.com/mapfiles/kml/paddle/purple-stars.png</href>
				</Icon>
			</IconStyle>
			<LabelStyle>
				<color>ffffffff</color>
				<scale>1</scale>
			</LabelStyle>
		</Style>
		<Point>
			<extrude>1</extrude>
			<altitudeMode>relativeToGround</altitudeMode>
			<coordinates>49.7979011535644,26.4712009429931,0</coordinates>
		</Point>
	</Placemark>
	<Placemark>
		<name>OEDR</name>
		<styleUrl>#stylemap_id0</styleUrl>
		<Style>
			<IconStyle>
				<scale>1</scale>
				<Icon>
					<href>https://maps.google.com/mapfiles/kml/paddle/purple-stars.png</href>
				</Icon>
			</IconStyle>
			<LabelStyle>
				<color>ffffffff</color>
				<scale>1</scale>
			</LabelStyle>
		</Style>
		<Point>
			<extrude>1</extrude>
			<altitudeMode>relativeToGround</altitudeMode>
			<coordinates>50.1520004271999,26.2653999329,0</coordinates>
		</Point>
	</Placemark>
	<Placemark>
		<name>OEMA</name>
		<styleUrl>#stylemap_id0</styleUrl>
		<Style>
			<IconStyle>
				<scale>1</scale>
				<Icon>
					<href>https://maps.google.com/mapfiles/kml/paddle/purple-stars.png</href>
				</Icon>
			</IconStyle>
			<LabelStyle>
				<color>ffffffff</color>
				<scale>1</scale>
			</LabelStyle>
		</Style>
		<Point>
			<extrude>1</extrude>
			<altitudeMode>relativeToGround</altitudeMode>
			<coordinates>39.705101,24.5534,0</coordinates>
		</Point>
	</Placemark>
	<Placemark>
		<name>OERK</name>
		<styleUrl>#stylemap_id0</styleUrl>
		<Style>
			<IconStyle>
				<scale>1</scale>
				<Icon>
					<href>https://maps.google.com/mapfiles/kml/paddle/purple-stars.png</href>
				</Icon>
			</IconStyle>
			<LabelStyle>
				<color>ffffffff</color>
				<scale>1</scale>
			</LabelStyle>
		</Style>
		<Point>
			<extrude>1</extrude>
			<altitudeMode>relativeToGround</altitudeMode>
			<coordinates>46.6987991333007,24.9575996398925,0</coordinates>
		</Point>
	</Placemark>
	<Placemark>
		<name>OEYN</name>
		<styleUrl>#stylemap_id0</styleUrl>
		<Style>
			<IconStyle>
				<scale>1</scale>
				<Icon>
					<href>https://maps.google.com/mapfiles/kml/paddle/purple-stars.png</href>
				</Icon>
			</IconStyle>
			<LabelStyle>
				<color>ffffffff</color>
				<scale>1</scale>
			</LabelStyle>
		</Style>
		<Point>
			<extrude>1</extrude>
			<altitudeMode>relativeToGround</altitudeMode>
			<coordinates>38.0634,24.144199,0</coordinates>
		</Point>
	</Placemark>
	<Placemark>
		<name>OIFM</name>
		<styleUrl>#stylemap_id0</styleUrl>
		<Style>
			<IconStyle>
				<scale>1</scale>
				<Icon>
					<href>https://maps.google.com/mapfiles/kml/paddle/purple-stars.png</href>
				</Icon>
			</IconStyle>
			<LabelStyle>
				<color>ffffffff</color>
				<scale>1</scale>
			</LabelStyle>
		</Style>
		<Point>
			<extrude>1</extrude>
			<altitudeMode>relativeToGround</altitudeMode>
			<coordinates>51.8613014221191,32.7508010864257,0</coordinates>
		</Point>
	</Placemark>
	<Placemark>
		<name>OIIE</name>
		<styleUrl>#stylemap_id0</styleUrl>
		<Style>
			<IconStyle>
				<scale>1</scale>
				<Icon>
					<href>https://maps.google.com/mapfiles/kml/paddle/purple-stars.png</href>
				</Icon>
			</IconStyle>
			<LabelStyle>
				<color>ffffffff</color>
				<scale>1</scale>
			</LabelStyle>
		</Style>
		<Point>
			<extrude>1</extrude>
			<altitudeMode>relativeToGround</altitudeMode>
			<coordinates>51.15219879150391,35.4160995483398,0</coordinates>
		</Point>
	</Placemark>
	<Placemark>
		<name>OIII</name>
		<styleUrl>#stylemap_id0</styleUrl>
		<Style>
			<IconStyle>
				<scale>1</scale>
				<Icon>
					<href>https://maps.google.com/mapfiles/kml/paddle/purple-stars.png</href>
				</Icon>
			</IconStyle>
			<LabelStyle>
				<color>ffffffff</color>
				<scale>1</scale>
			</LabelStyle>
		</Style>
		<Point>
			<extrude>1</extrude>
			<altitudeMode>relativeToGround</altitudeMode>
			<coordinates>51.3134002685546,35.6892013549804,0</coordinates>
		</Point>
	</Placemark>
	<Placemark>
		<name>OIZH</name>
		<styleUrl>#stylemap_id0</styleUrl>
		<Style>
			<IconStyle>
				<scale>1</scale>
				<Icon>
					<href>https://maps.google.com/mapfiles/kml/paddle/purple-stars.png</href>
				</Icon>
			</IconStyle>
			<LabelStyle>
				<color>ffffffff</color>
				<scale>1</scale>
			</LabelStyle>
		</Style>
		<Point>
			<extrude>1</extrude>
			<altitudeMode>relativeToGround</altitudeMode>
			<coordinates>60.90620040893549,29.4757003784179,0</coordinates>
		</Point>
	</Placemark>
	<Placemark>
		<name>OJAM</name>
		<styleUrl>#stylemap_id0</styleUrl>
		<Style>
			<IconStyle>
				<scale>1</scale>
				<Icon>
					<href>https://maps.google.com/mapfiles/kml/paddle/purple-stars.png</href>
				</Icon>
			</IconStyle>
			<LabelStyle>
				<color>ffffffff</color>
				<scale>1</scale>
			</LabelStyle>
		</Style>
		<Point>
			<extrude>1</extrude>
			<altitudeMode>relativeToGround</altitudeMode>
			<coordinates>35.991600036621,31.9727001190185,0</coordinates>
		</Point>
	</Placemark>
	<Placemark>
		<name>OKAS</name>
		<styleUrl>#stylemap_id0</styleUrl>
		<Style>
			<IconStyle>
				<scale>1</scale>
				<Icon>
					<href>https://maps.google.com/mapfiles/kml/paddle/purple-stars.png</href>
				</Icon>
			</IconStyle>
			<LabelStyle>
				<color>ffffffff</color>
				<scale>1</scale>
			</LabelStyle>
		</Style>
		<Point>
			<extrude>1</extrude>
			<altitudeMode>relativeToGround</altitudeMode>
			<coordinates>47.5208015441894,29.3467006683349,0</coordinates>
		</Point>
	</Placemark>
	<Placemark>
		<name>OKKK</name>
		<styleUrl>#stylemap_id0</styleUrl>
		<Style>
			<IconStyle>
				<scale>1</scale>
				<Icon>
					<href>https://maps.google.com/mapfiles/kml/paddle/purple-stars.png</href>
				</Icon>
			</IconStyle>
			<LabelStyle>
				<color>ffffffff</color>
				<scale>1</scale>
			</LabelStyle>
		</Style>
		<Point>
			<extrude>1</extrude>
			<altitudeMode>relativeToGround</altitudeMode>
			<coordinates>47.9688987731933,29.2266006469726,0</coordinates>
		</Point>
	</Placemark>
	<Placemark>
		<name>OMAA</name>
		<styleUrl>#stylemap_id0</styleUrl>
		<Style>
			<IconStyle>
				<scale>1</scale>
				<Icon>
					<href>https://maps.google.com/mapfiles/kml/paddle/purple-stars.png</href>
				</Icon>
			</IconStyle>
			<LabelStyle>
				<color>ffffffff</color>
				<scale>1</scale>
			</LabelStyle>
		</Style>
		<Point>
			<extrude>1</extrude>
			<altitudeMode>relativeToGround</altitudeMode>
			<coordinates>54.6511001586914,24.4330005645751,0</coordinates>
		</Point>
	</Placemark>
	<Placemark>
		<name>OMAD</name>
		<styleUrl>#stylemap_id0</styleUrl>
		<Style>
			<IconStyle>
				<scale>1</scale>
				<Icon>
					<href>https://maps.google.com/mapfiles/kml/paddle/purple-stars.png</href>
				</Icon>
			</IconStyle>
			<LabelStyle>
				<color>ffffffff</color>
				<scale>1</scale>
			</LabelStyle>
		</Style>
		<Point>
			<extrude>1</extrude>
			<altitudeMode>relativeToGround</altitudeMode>
			<coordinates>54.4580993652343,24.4283008575439,0</coordinates>
		</Point>
	</Placemark>
	<Placemark>
		<name>OMDB</name>
		<styleUrl>#stylemap_id0</styleUrl>
		<Style>
			<IconStyle>
				<scale>1</scale>
				<Icon>
					<href>https://maps.google.com/mapfiles/kml/paddle/purple-stars.png</href>
				</Icon>
			</IconStyle>
			<LabelStyle>
				<color>ffffffff</color>
				<scale>1</scale>
			</LabelStyle>
		</Style>
		<Point>
			<extrude>1</extrude>
			<altitudeMode>relativeToGround</altitudeMode>
			<coordinates>55.3643989563,25.2527999878,0</coordinates>
		</Point>
	</Placemark>
	<Placemark>
		<name>OMDW</name>
		<styleUrl>#stylemap_id0</styleUrl>
		<Style>
			<IconStyle>
				<scale>1</scale>
				<Icon>
					<href>https://maps.google.com/mapfiles/kml/paddle/purple-stars.png</href>
				</Icon>
			</IconStyle>
			<LabelStyle>
				<color>ffffffff</color>
				<scale>1</scale>
			</LabelStyle>
		</Style>
		<Point>
			<extrude>1</extrude>
			<altitudeMode>relativeToGround</altitudeMode>
			<coordinates>55.161389,24.896356,0</coordinates>
		</Point>
	</Placemark>
	<Placemark>
		<name>OMSJ</name>
		<styleUrl>#stylemap_id0</styleUrl>
		<Style>
			<IconStyle>
				<scale>1</scale>
				<Icon>
					<href>https://maps.google.com/mapfiles/kml/paddle/purple-stars.png</href>
				</Icon>
			</IconStyle>
			<LabelStyle>
				<color>ffffffff</color>
				<scale>1</scale>
			</LabelStyle>
		</Style>
		<Point>
			<extrude>1</extrude>
			<altitudeMode>relativeToGround</altitudeMode>
			<coordinates>55.51720046997071,25.3285999298095,0</coordinates>
		</Point>
	</Placemark>
	<Placemark>
		<name>OOMS</name>
		<styleUrl>#stylemap_id0</styleUrl>
		<Style>
			<IconStyle>
				<scale>1</scale>
				<Icon>
					<href>https://maps.google.com/mapfiles/kml/paddle/purple-stars.png</href>
				</Icon>
			</IconStyle>
			<LabelStyle>
				<color>ffffffff</color>
				<scale>1</scale>
			</LabelStyle>
		</Style>
		<Point>
			<extrude>1</extrude>
			<altitudeMode>relativeToGround</altitudeMode>
			<coordinates>58.28440093994141,23.5932998657226,0</coordinates>
		</Point>
	</Placemark>
	<Placemark>
		<name>OOSA</name>
		<styleUrl>#stylemap_id0</styleUrl>
		<Style>
			<IconStyle>
				<scale>1</scale>
				<Icon>
					<href>https://maps.google.com/mapfiles/kml/paddle/purple-stars.png</href>
				</Icon>
			</IconStyle>
			<LabelStyle>
				<color>ffffffff</color>
				<scale>1</scale>
			</LabelStyle>
		</Style>
		<Point>
			<extrude>1</extrude>
			<altitudeMode>relativeToGround</altitudeMode>
			<coordinates>54.0913009643554,17.0387001037597,0</coordinates>
		</Point>
	</Placemark>
	<Placemark>
		<name>OOTH</name>
		<styleUrl>#stylemap_id0</styleUrl>
		<Style>
			<IconStyle>
				<scale>1</scale>
				<Icon>
					<href>https://maps.google.com/mapfiles/kml/paddle/purple-stars.png</href>
				</Icon>
			</IconStyle>
			<LabelStyle>
				<color>ffffffff</color>
				<scale>1</scale>
			</LabelStyle>
		</Style>
		<Point>
			<extrude>1</extrude>
			<altitudeMode>relativeToGround</altitudeMode>
			<coordinates>54.024600982666,17.6660003662109,0</coordinates>
		</Point>
	</Placemark>
	<Placemark>
		<name>OPIS</name>
		<styleUrl>#stylemap_id0</styleUrl>
		<Style>
			<IconStyle>
				<scale>1</scale>
				<Icon>
					<href>https://maps.google.com/mapfiles/kml/paddle/purple-stars.png</href>
				</Icon>
			</IconStyle>
			<LabelStyle>
				<color>ffffffff</color>
				<scale>1</scale>
			</LabelStyle>
		</Style>
		<Point>
			<extrude>1</extrude>
			<altitudeMode>relativeToGround</altitudeMode>
			<coordinates>72.82566,33.549,0</coordinates>
		</Point>
	</Placemark>
	<Placemark>
		<name>OPKC</name>
		<styleUrl>#stylemap_id0</styleUrl>
		<Style>
			<IconStyle>
				<scale>1</scale>
				<Icon>
					<href>https://maps.google.com/mapfiles/kml/paddle/purple-stars.png</href>
				</Icon>
			</IconStyle>
			<LabelStyle>
				<color>ffffffff</color>
				<scale>1</scale>
			</LabelStyle>
		</Style>
		<Point>
			<extrude>1</extrude>
			<altitudeMode>relativeToGround</altitudeMode>
			<coordinates>67.160797,24.9065,0</coordinates>
		</Point>
	</Placemark>
	<Placemark>
		<name>ORBI</name>
		<styleUrl>#stylemap_id0</styleUrl>
		<Style>
			<IconStyle>
				<scale>1</scale>
				<Icon>
					<href>https://maps.google.com/mapfiles/kml/paddle/purple-stars.png</href>
				</Icon>
			</IconStyle>
			<LabelStyle>
				<color>ffffffff</color>
				<scale>1</scale>
			</LabelStyle>
		</Style>
		<Point>
			<extrude>1</extrude>
			<altitudeMode>relativeToGround</altitudeMode>
			<coordinates>44.2346000671,33.2625007629,0</coordinates>
		</Point>
	</Placemark>
	<Placemark>
		<name>OTBD</name>
		<styleUrl>#stylemap_id0</styleUrl>
		<Style>
			<IconStyle>
				<scale>1</scale>
				<Icon>
					<href>https://maps.google.com/mapfiles/kml/paddle/purple-stars.png</href>
				</Icon>
			</IconStyle>
			<LabelStyle>
				<color>ffffffff</color>
				<scale>1</scale>
			</LabelStyle>
		</Style>
		<Point>
			<extrude>1</extrude>
			<altitudeMode>relativeToGround</altitudeMode>
			<coordinates>51.565102,25.261101,0</coordinates>
		</Point>
	</Placemark>
	<Placemark>
		<name>OTHH</name>
		<styleUrl>#stylemap_id0</styleUrl>
		<Style>
			<IconStyle>
				<scale>1</scale>
				<Icon>
					<href>https://maps.google.com/mapfiles/kml/paddle/purple-stars.png</href>
				</Icon>
			</IconStyle>
			<LabelStyle>
				<color>ffffffff</color>
				<scale>1</scale>
			</LabelStyle>
		</Style>
		<Point>
			<extrude>1</extrude>
			<altitudeMode>relativeToGround</altitudeMode>
			<coordinates>51.608056,25.273056,0</coordinates>
		</Point>
	</Placemark>
	<Placemark>
		<name>PABE</name>
		<styleUrl>#stylemap_id0</styleUrl>
		<Style>
			<IconStyle>
				<scale>1</scale>
				<Icon>
					<href>https://maps.google.com/mapfiles/kml/paddle/purple-stars.png</href>
				</Icon>
			</IconStyle>
			<LabelStyle>
				<color>ffffffff</color>
				<scale>1</scale>
			</LabelStyle>
		</Style>
		<Point>
			<extrude>1</extrude>
			<altitudeMode>relativeToGround</altitudeMode>
			<coordinates>-161.8379974,60.77980042,0</coordinates>
		</Point>
	</Placemark>
	<Placemark>
		<name>PACD</name>
		<styleUrl>#stylemap_id0</styleUrl>
		<Style>
			<IconStyle>
				<scale>1</scale>
				<Icon>
					<href>https://maps.google.com/mapfiles/kml/paddle/purple-stars.png</href>
				</Icon>
			</IconStyle>
			<LabelStyle>
				<color>ffffffff</color>
				<scale>1</scale>
			</LabelStyle>
		</Style>
		<Point>
			<extrude>1</extrude>
			<altitudeMode>relativeToGround</altitudeMode>
			<coordinates>-162.725006103515,55.2061004638671,0</coordinates>
		</Point>
	</Placemark>
	<Placemark>
		<name>PAED</name>
		<styleUrl>#stylemap_id0</styleUrl>
		<Style>
			<IconStyle>
				<scale>1</scale>
				<Icon>
					<href>https://maps.google.com/mapfiles/kml/paddle/purple-stars.png</href>
				</Icon>
			</IconStyle>
			<LabelStyle>
				<color>ffffffff</color>
				<scale>1</scale>
			</LabelStyle>
		</Style>
		<Point>
			<extrude>1</extrude>
			<altitudeMode>relativeToGround</altitudeMode>
			<coordinates>-149.807006835937,61.25099945068349,0</coordinates>
		</Point>
	</Placemark>
	<Placemark>
		<name>PAFA</name>
		<styleUrl>#stylemap_id0</styleUrl>
		<Style>
			<IconStyle>
				<scale>1</scale>
				<Icon>
					<href>https://maps.google.com/mapfiles/kml/paddle/purple-stars.png</href>
				</Icon>
			</IconStyle>
			<LabelStyle>
				<color>ffffffff</color>
				<scale>1</scale>
			</LabelStyle>
		</Style>
		<Point>
			<extrude>1</extrude>
			<altitudeMode>relativeToGround</altitudeMode>
			<coordinates>-147.8560028,64.81510161999999,0</coordinates>
		</Point>
	</Placemark>
	<Placemark>
		<name>PAKN</name>
		<styleUrl>#stylemap_id0</styleUrl>
		<Style>
			<IconStyle>
				<scale>1</scale>
				<Icon>
					<href>https://maps.google.com/mapfiles/kml/paddle/purple-stars.png</href>
				</Icon>
			</IconStyle>
			<LabelStyle>
				<color>ffffffff</color>
				<scale>1</scale>
			</LabelStyle>
		</Style>
		<Point>
			<extrude>1</extrude>
			<altitudeMode>relativeToGround</altitudeMode>
			<coordinates>-156.6490021,58.67679977,0</coordinates>
		</Point>
	</Placemark>
	<Placemark>
		<name>PAKT</name>
		<styleUrl>#stylemap_id0</styleUrl>
		<Style>
			<IconStyle>
				<scale>1</scale>
				<Icon>
					<href>https://maps.google.com/mapfiles/kml/paddle/purple-stars.png</href>
				</Icon>
			</IconStyle>
			<LabelStyle>
				<color>ffffffff</color>
				<scale>1</scale>
			</LabelStyle>
		</Style>
		<Point>
			<extrude>1</extrude>
			<altitudeMode>relativeToGround</altitudeMode>
			<coordinates>-131.7140045,55.35559845,0</coordinates>
		</Point>
	</Placemark>
	<Placemark>
		<name>PANC</name>
		<styleUrl>#stylemap_id0</styleUrl>
		<Style>
			<IconStyle>
				<scale>1</scale>
				<Icon>
					<href>https://maps.google.com/mapfiles/kml/paddle/purple-stars.png</href>
				</Icon>
			</IconStyle>
			<LabelStyle>
				<color>ffffffff</color>
				<scale>1</scale>
			</LabelStyle>
		</Style>
		<Point>
			<extrude>1</extrude>
			<altitudeMode>relativeToGround</altitudeMode>
			<coordinates>-149.996002197265,61.1744003295898,0</coordinates>
		</Point>
	</Placemark>
	<Placemark>
		<name>PASY</name>
		<styleUrl>#stylemap_id0</styleUrl>
		<Style>
			<IconStyle>
				<scale>1</scale>
				<Icon>
					<href>https://maps.google.com/mapfiles/kml/paddle/purple-stars.png</href>
				</Icon>
			</IconStyle>
			<LabelStyle>
				<color>ffffffff</color>
				<scale>1</scale>
			</LabelStyle>
		</Style>
		<Point>
			<extrude>1</extrude>
			<altitudeMode>relativeToGround</altitudeMode>
			<coordinates>174.1139984,52.71229935,0</coordinates>
		</Point>
	</Placemark>
	<Placemark>
		<name>PGSN</name>
		<styleUrl>#stylemap_id0</styleUrl>
		<Style>
			<IconStyle>
				<scale>1</scale>
				<Icon>
					<href>https://maps.google.com/mapfiles/kml/paddle/purple-stars.png</href>
				</Icon>
			</IconStyle>
			<LabelStyle>
				<color>ffffffff</color>
				<scale>1</scale>
			</LabelStyle>
		</Style>
		<Point>
			<extrude>1</extrude>
			<altitudeMode>relativeToGround</altitudeMode>
			<coordinates>145.729004,15.119,0</coordinates>
		</Point>
	</Placemark>
	<Placemark>
		<name>PGUM</name>
		<styleUrl>#stylemap_id0</styleUrl>
		<Style>
			<IconStyle>
				<scale>1</scale>
				<Icon>
					<href>https://maps.google.com/mapfiles/kml/paddle/purple-stars.png</href>
				</Icon>
			</IconStyle>
			<LabelStyle>
				<color>ffffffff</color>
				<scale>1</scale>
			</LabelStyle>
		</Style>
		<Point>
			<extrude>1</extrude>
			<altitudeMode>relativeToGround</altitudeMode>
			<coordinates>144.796005,13.4834,0</coordinates>
		</Point>
	</Placemark>
	<Placemark>
		<name>PHKO</name>
		<styleUrl>#stylemap_id0</styleUrl>
		<Style>
			<IconStyle>
				<scale>1</scale>
				<Icon>
					<href>https://maps.google.com/mapfiles/kml/paddle/purple-stars.png</href>
				</Icon>
			</IconStyle>
			<LabelStyle>
				<color>ffffffff</color>
				<scale>1</scale>
			</LabelStyle>
		</Style>
		<Point>
			<extrude>1</extrude>
			<altitudeMode>relativeToGround</altitudeMode>
			<coordinates>-156.045603,19.738783,0</coordinates>
		</Point>
	</Placemark>
	<Placemark>
		<name>PHLI</name>
		<styleUrl>#stylemap_id0</styleUrl>
		<Style>
			<IconStyle>
				<scale>1</scale>
				<Icon>
					<href>https://maps.google.com/mapfiles/kml/paddle/purple-stars.png</href>
				</Icon>
			</IconStyle>
			<LabelStyle>
				<color>ffffffff</color>
				<scale>1</scale>
			</LabelStyle>
		</Style>
		<Point>
			<extrude>1</extrude>
			<altitudeMode>relativeToGround</altitudeMode>
			<coordinates>-159.339004516601,21.9759998321533,0</coordinates>
		</Point>
	</Placemark>
	<Placemark>
		<name>PHNL</name>
		<styleUrl>#stylemap_id0</styleUrl>
		<Style>
			<IconStyle>
				<scale>1</scale>
				<Icon>
					<href>https://maps.google.com/mapfiles/kml/paddle/purple-stars.png</href>
				</Icon>
			</IconStyle>
			<LabelStyle>
				<color>ffffffff</color>
				<scale>1</scale>
			</LabelStyle>
		</Style>
		<Point>
			<extrude>1</extrude>
			<altitudeMode>relativeToGround</altitudeMode>
			<coordinates>-157.924228,21.32062,0</coordinates>
		</Point>
	</Placemark>
	<Placemark>
		<name>PHOG</name>
		<styleUrl>#stylemap_id0</styleUrl>
		<Style>
			<IconStyle>
				<scale>1</scale>
				<Icon>
					<href>https://maps.google.com/mapfiles/kml/paddle/purple-stars.png</href>
				</Icon>
			</IconStyle>
			<LabelStyle>
				<color>ffffffff</color>
				<scale>1</scale>
			</LabelStyle>
		</Style>
		<Point>
			<extrude>1</extrude>
			<altitudeMode>relativeToGround</altitudeMode>
			<coordinates>-156.429993,20.8986,0</coordinates>
		</Point>
	</Placemark>
	<Placemark>
		<name>PHTO</name>
		<styleUrl>#stylemap_id0</styleUrl>
		<Style>
			<IconStyle>
				<scale>1</scale>
				<Icon>
					<href>https://maps.google.com/mapfiles/kml/paddle/purple-stars.png</href>
				</Icon>
			</IconStyle>
			<LabelStyle>
				<color>ffffffff</color>
				<scale>1</scale>
			</LabelStyle>
		</Style>
		<Point>
			<extrude>1</extrude>
			<altitudeMode>relativeToGround</altitudeMode>
			<coordinates>-155.04800415039,19.7213993072509,0</coordinates>
		</Point>
	</Placemark>
	<Placemark>
		<name>PMDY</name>
		<styleUrl>#stylemap_id0</styleUrl>
		<Style>
			<IconStyle>
				<scale>1</scale>
				<Icon>
					<href>https://maps.google.com/mapfiles/kml/paddle/purple-stars.png</href>
				</Icon>
			</IconStyle>
			<LabelStyle>
				<color>ffffffff</color>
				<scale>1</scale>
			</LabelStyle>
		</Style>
		<Point>
			<extrude>1</extrude>
			<altitudeMode>relativeToGround</altitudeMode>
			<coordinates>-177.380996704101,28.2017002105712,0</coordinates>
		</Point>
	</Placemark>
	<Placemark>
		<name>PWAK</name>
		<styleUrl>#stylemap_id0</styleUrl>
		<Style>
			<IconStyle>
				<scale>1</scale>
				<Icon>
					<href>https://maps.google.com/mapfiles/kml/paddle/purple-stars.png</href>
				</Icon>
			</IconStyle>
			<LabelStyle>
				<color>ffffffff</color>
				<scale>1</scale>
			</LabelStyle>
		</Style>
		<Point>
			<extrude>1</extrude>
			<altitudeMode>relativeToGround</altitudeMode>
			<coordinates>166.636001586914,19.2821006774902,0</coordinates>
		</Point>
	</Placemark>
	<Placemark>
		<name>RCKH</name>
		<styleUrl>#stylemap_id0</styleUrl>
		<Style>
			<IconStyle>
				<scale>1</scale>
				<Icon>
					<href>https://maps.google.com/mapfiles/kml/paddle/purple-stars.png</href>
				</Icon>
			</IconStyle>
			<LabelStyle>
				<color>ffffffff</color>
				<scale>1</scale>
			</LabelStyle>
		</Style>
		<Point>
			<extrude>1</extrude>
			<altitudeMode>relativeToGround</altitudeMode>
			<coordinates>120.349998,22.577101,0</coordinates>
		</Point>
	</Placemark>
	<Placemark>
		<name>RCSS</name>
		<styleUrl>#stylemap_id0</styleUrl>
		<Style>
			<IconStyle>
				<scale>1</scale>
				<Icon>
					<href>https://maps.google.com/mapfiles/kml/paddle/purple-stars.png</href>
				</Icon>
			</IconStyle>
			<LabelStyle>
				<color>ffffffff</color>
				<scale>1</scale>
			</LabelStyle>
		</Style>
		<Point>
			<extrude>1</extrude>
			<altitudeMode>relativeToGround</altitudeMode>
			<coordinates>121.552001953125,25.0694007873535,0</coordinates>
		</Point>
	</Placemark>
	<Placemark>
		<name>RCTP</name>
		<styleUrl>#stylemap_id0</styleUrl>
		<Style>
			<IconStyle>
				<scale>1</scale>
				<Icon>
					<href>https://maps.google.com/mapfiles/kml/paddle/purple-stars.png</href>
				</Icon>
			</IconStyle>
			<LabelStyle>
				<color>ffffffff</color>
				<scale>1</scale>
			</LabelStyle>
		</Style>
		<Point>
			<extrude>1</extrude>
			<altitudeMode>relativeToGround</altitudeMode>
			<coordinates>121.233002,25.0777,0</coordinates>
		</Point>
	</Placemark>
	<Placemark>
		<name>RJAA</name>
		<styleUrl>#stylemap_id0</styleUrl>
		<Style>
			<IconStyle>
				<scale>1</scale>
				<Icon>
					<href>https://maps.google.com/mapfiles/kml/paddle/purple-stars.png</href>
				</Icon>
			</IconStyle>
			<LabelStyle>
				<color>ffffffff</color>
				<scale>1</scale>
			</LabelStyle>
		</Style>
		<Point>
			<extrude>1</extrude>
			<altitudeMode>relativeToGround</altitudeMode>
			<coordinates>140.386002,35.764702,0</coordinates>
		</Point>
	</Placemark>
	<Placemark>
		<name>RJBB</name>
		<styleUrl>#stylemap_id0</styleUrl>
		<Style>
			<IconStyle>
				<scale>1</scale>
				<Icon>
					<href>https://maps.google.com/mapfiles/kml/paddle/purple-stars.png</href>
				</Icon>
			</IconStyle>
			<LabelStyle>
				<color>ffffffff</color>
				<scale>1</scale>
			</LabelStyle>
		</Style>
		<Point>
			<extrude>1</extrude>
			<altitudeMode>relativeToGround</altitudeMode>
			<coordinates>135.244003,34.427299,0</coordinates>
		</Point>
	</Placemark>
	<Placemark>
		<name>RJCC</name>
		<styleUrl>#stylemap_id0</styleUrl>
		<Style>
			<IconStyle>
				<scale>1</scale>
				<Icon>
					<href>https://maps.google.com/mapfiles/kml/paddle/purple-stars.png</href>
				</Icon>
			</IconStyle>
			<LabelStyle>
				<color>ffffffff</color>
				<scale>1</scale>
			</LabelStyle>
		</Style>
		<Point>
			<extrude>1</extrude>
			<altitudeMode>relativeToGround</altitudeMode>
			<coordinates>141.692001342773,42.7751998901367,0</coordinates>
		</Point>
	</Placemark>
	<Placemark>
		<name>RJCH</name>
		<styleUrl>#stylemap_id0</styleUrl>
		<Style>
			<IconStyle>
				<scale>1</scale>
				<Icon>
					<href>https://maps.google.com/mapfiles/kml/paddle/purple-stars.png</href>
				</Icon>
			</IconStyle>
			<LabelStyle>
				<color>ffffffff</color>
				<scale>1</scale>
			</LabelStyle>
		</Style>
		<Point>
			<extrude>1</extrude>
			<altitudeMode>relativeToGround</altitudeMode>
			<coordinates>140.822006226,41.7700004578,0</coordinates>
		</Point>
	</Placemark>
	<Placemark>
		<name>RJFF</name>
		<styleUrl>#stylemap_id0</styleUrl>
		<Style>
			<IconStyle>
				<scale>1</scale>
				<Icon>
					<href>https://maps.google.com/mapfiles/kml/paddle/purple-stars.png</href>
				</Icon>
			</IconStyle>
			<LabelStyle>
				<color>ffffffff</color>
				<scale>1</scale>
			</LabelStyle>
		</Style>
		<Point>
			<extrude>1</extrude>
			<altitudeMode>relativeToGround</altitudeMode>
			<coordinates>130.45100402832,33.5858993530273,0</coordinates>
		</Point>
	</Placemark>
	<Placemark>
		<name>RJFU</name>
		<styleUrl>#stylemap_id0</styleUrl>
		<Style>
			<IconStyle>
				<scale>1</scale>
				<Icon>
					<href>https://maps.google.com/mapfiles/kml/paddle/purple-stars.png</href>
				</Icon>
			</IconStyle>
			<LabelStyle>
				<color>ffffffff</color>
				<scale>1</scale>
			</LabelStyle>
		</Style>
		<Point>
			<extrude>1</extrude>
			<altitudeMode>relativeToGround</altitudeMode>
			<coordinates>129.914001465,32.9169006347999,0</coordinates>
		</Point>
	</Placemark>
	<Placemark>
		<name>RJGG</name>
		<styleUrl>#stylemap_id0</styleUrl>
		<Style>
			<IconStyle>
				<scale>1</scale>
				<Icon>
					<href>https://maps.google.com/mapfiles/kml/paddle/purple-stars.png</href>
				</Icon>
			</IconStyle>
			<LabelStyle>
				<color>ffffffff</color>
				<scale>1</scale>
			</LabelStyle>
		</Style>
		<Point>
			<extrude>1</extrude>
			<altitudeMode>relativeToGround</altitudeMode>
			<coordinates>136.804992675781,34.8583984375,0</coordinates>
		</Point>
	</Placemark>
	<Placemark>
		<name>RJNA</name>
		<styleUrl>#stylemap_id0</styleUrl>
		<Style>
			<IconStyle>
				<scale>1</scale>
				<Icon>
					<href>https://maps.google.com/mapfiles/kml/paddle/purple-stars.png</href>
				</Icon>
			</IconStyle>
			<LabelStyle>
				<color>ffffffff</color>
				<scale>1</scale>
			</LabelStyle>
		</Style>
		<Point>
			<extrude>1</extrude>
			<altitudeMode>relativeToGround</altitudeMode>
			<coordinates>136.923995971679,35.2550010681152,0</coordinates>
		</Point>
	</Placemark>
	<Placemark>
		<name>RJNT</name>
		<styleUrl>#stylemap_id0</styleUrl>
		<Style>
			<IconStyle>
				<scale>1</scale>
				<Icon>
					<href>https://maps.google.com/mapfiles/kml/paddle/purple-stars.png</href>
				</Icon>
			</IconStyle>
			<LabelStyle>
				<color>ffffffff</color>
				<scale>1</scale>
			</LabelStyle>
		</Style>
		<Point>
			<extrude>1</extrude>
			<altitudeMode>relativeToGround</altitudeMode>
			<coordinates>137.188003540039,36.6483001708984,0</coordinates>
		</Point>
	</Placemark>
	<Placemark>
		<name>RJSN</name>
		<styleUrl>#stylemap_id0</styleUrl>
		<Style>
			<IconStyle>
				<scale>1</scale>
				<Icon>
					<href>https://maps.google.com/mapfiles/kml/paddle/purple-stars.png</href>
				</Icon>
			</IconStyle>
			<LabelStyle>
				<color>ffffffff</color>
				<scale>1</scale>
			</LabelStyle>
		</Style>
		<Point>
			<extrude>1</extrude>
			<altitudeMode>relativeToGround</altitudeMode>
			<coordinates>139.121002197,37.9558982849,0</coordinates>
		</Point>
	</Placemark>
	<Placemark>
		<name>RJSS</name>
		<styleUrl>#stylemap_id0</styleUrl>
		<Style>
			<IconStyle>
				<scale>1</scale>
				<Icon>
					<href>https://maps.google.com/mapfiles/kml/paddle/purple-stars.png</href>
				</Icon>
			</IconStyle>
			<LabelStyle>
				<color>ffffffff</color>
				<scale>1</scale>
			</LabelStyle>
		</Style>
		<Point>
			<extrude>1</extrude>
			<altitudeMode>relativeToGround</altitudeMode>
			<coordinates>140.917007,38.139702,0</coordinates>
		</Point>
	</Placemark>
	<Placemark>
		<name>RJTT</name>
		<styleUrl>#stylemap_id0</styleUrl>
		<Style>
			<IconStyle>
				<scale>1</scale>
				<Icon>
					<href>https://maps.google.com/mapfiles/kml/paddle/purple-stars.png</href>
				</Icon>
			</IconStyle>
			<LabelStyle>
				<color>ffffffff</color>
				<scale>1</scale>
			</LabelStyle>
		</Style>
		<Point>
			<extrude>1</extrude>
			<altitudeMode>relativeToGround</altitudeMode>
			<coordinates>139.779999,35.552299,0</coordinates>
		</Point>
	</Placemark>
	<Placemark>
		<name>RKJB</name>
		<styleUrl>#stylemap_id0</styleUrl>
		<Style>
			<IconStyle>
				<scale>1</scale>
				<Icon>
					<href>https://maps.google.com/mapfiles/kml/paddle/purple-stars.png</href>
				</Icon>
			</IconStyle>
			<LabelStyle>
				<color>ffffffff</color>
				<scale>1</scale>
			</LabelStyle>
		</Style>
		<Point>
			<extrude>1</extrude>
			<altitudeMode>relativeToGround</altitudeMode>
			<coordinates>126.382814,34.991406,0</coordinates>
		</Point>
	</Placemark>
	<Placemark>
		<name>RKJJ</name>
		<styleUrl>#stylemap_id0</styleUrl>
		<Style>
			<IconStyle>
				<scale>1</scale>
				<Icon>
					<href>https://maps.google.com/mapfiles/kml/paddle/purple-stars.png</href>
				</Icon>
			</IconStyle>
			<LabelStyle>
				<color>ffffffff</color>
				<scale>1</scale>
			</LabelStyle>
		</Style>
		<Point>
			<extrude>1</extrude>
			<altitudeMode>relativeToGround</altitudeMode>
			<coordinates>126.805444,35.123173,0</coordinates>
		</Point>
	</Placemark>
	<Placemark>
		<name>RKJY</name>
		<styleUrl>#stylemap_id0</styleUrl>
		<Style>
			<IconStyle>
				<scale>1</scale>
				<Icon>
					<href>https://maps.google.com/mapfiles/kml/paddle/purple-stars.png</href>
				</Icon>
			</IconStyle>
			<LabelStyle>
				<color>ffffffff</color>
				<scale>1</scale>
			</LabelStyle>
		</Style>
		<Point>
			<extrude>1</extrude>
			<altitudeMode>relativeToGround</altitudeMode>
			<coordinates>127.616996765136,34.842300415039,0</coordinates>
		</Point>
	</Placemark>
	<Placemark>
		<name>RKNY</name>
		<styleUrl>#stylemap_id0</styleUrl>
		<Style>
			<IconStyle>
				<scale>1</scale>
				<Icon>
					<href>https://maps.google.com/mapfiles/kml/paddle/purple-stars.png</href>
				</Icon>
			</IconStyle>
			<LabelStyle>
				<color>ffffffff</color>
				<scale>1</scale>
			</LabelStyle>
		</Style>
		<Point>
			<extrude>1</extrude>
			<altitudeMode>relativeToGround</altitudeMode>
			<coordinates>128.669006,38.061298,0</coordinates>
		</Point>
	</Placemark>
	<Placemark>
		<name>RKPC</name>
		<styleUrl>#stylemap_id0</styleUrl>
		<Style>
			<IconStyle>
				<scale>1</scale>
				<Icon>
					<href>https://maps.google.com/mapfiles/kml/paddle/purple-stars.png</href>
				</Icon>
			</IconStyle>
			<LabelStyle>
				<color>ffffffff</color>
				<scale>1</scale>
			</LabelStyle>
		</Style>
		<Point>
			<extrude>1</extrude>
			<altitudeMode>relativeToGround</altitudeMode>
			<coordinates>126.49299621582,33.5112991333007,0</coordinates>
		</Point>
	</Placemark>
	<Placemark>
		<name>RKPK</name>
		<styleUrl>#stylemap_id0</styleUrl>
		<Style>
			<IconStyle>
				<scale>1</scale>
				<Icon>
					<href>https://maps.google.com/mapfiles/kml/paddle/purple-stars.png</href>
				</Icon>
			</IconStyle>
			<LabelStyle>
				<color>ffffffff</color>
				<scale>1</scale>
			</LabelStyle>
		</Style>
		<Point>
			<extrude>1</extrude>
			<altitudeMode>relativeToGround</altitudeMode>
			<coordinates>128.93800354,35.1795005798,0</coordinates>
		</Point>
	</Placemark>
	<Placemark>
		<name>RKPS</name>
		<styleUrl>#stylemap_id0</styleUrl>
		<Style>
			<IconStyle>
				<scale>1</scale>
				<Icon>
					<href>https://maps.google.com/mapfiles/kml/paddle/purple-stars.png</href>
				</Icon>
			</IconStyle>
			<LabelStyle>
				<color>ffffffff</color>
				<scale>1</scale>
			</LabelStyle>
		</Style>
		<Point>
			<extrude>1</extrude>
			<altitudeMode>relativeToGround</altitudeMode>
			<coordinates>128.071747,35.088591,0</coordinates>
		</Point>
	</Placemark>
	<Placemark>
		<name>RKPU</name>
		<styleUrl>#stylemap_id0</styleUrl>
		<Style>
			<IconStyle>
				<scale>1</scale>
				<Icon>
					<href>https://maps.google.com/mapfiles/kml/paddle/purple-stars.png</href>
				</Icon>
			</IconStyle>
			<LabelStyle>
				<color>ffffffff</color>
				<scale>1</scale>
			</LabelStyle>
		</Style>
		<Point>
			<extrude>1</extrude>
			<altitudeMode>relativeToGround</altitudeMode>
			<coordinates>129.352005005,35.59349823,0</coordinates>
		</Point>
	</Placemark>
	<Placemark>
		<name>RKSI</name>
		<styleUrl>#stylemap_id0</styleUrl>
		<Style>
			<IconStyle>
				<scale>1</scale>
				<Icon>
					<href>https://maps.google.com/mapfiles/kml/paddle/purple-stars.png</href>
				</Icon>
			</IconStyle>
			<LabelStyle>
				<color>ffffffff</color>
				<scale>1</scale>
			</LabelStyle>
		</Style>
		<Point>
			<extrude>1</extrude>
			<altitudeMode>relativeToGround</altitudeMode>
			<coordinates>126.450996398925,37.4691009521484,0</coordinates>
		</Point>
	</Placemark>
	<Placemark>
		<name>RKSS</name>
		<styleUrl>#stylemap_id0</styleUrl>
		<Style>
			<IconStyle>
				<scale>1</scale>
				<Icon>
					<href>https://maps.google.com/mapfiles/kml/paddle/purple-stars.png</href>
				</Icon>
			</IconStyle>
			<LabelStyle>
				<color>ffffffff</color>
				<scale>1</scale>
			</LabelStyle>
		</Style>
		<Point>
			<extrude>1</extrude>
			<altitudeMode>relativeToGround</altitudeMode>
			<coordinates>126.791,37.5583,0</coordinates>
		</Point>
	</Placemark>
	<Placemark>
		<name>RKTN</name>
		<styleUrl>#stylemap_id0</styleUrl>
		<Style>
			<IconStyle>
				<scale>1</scale>
				<Icon>
					<href>https://maps.google.com/mapfiles/kml/paddle/purple-stars.png</href>
				</Icon>
			</IconStyle>
			<LabelStyle>
				<color>ffffffff</color>
				<scale>1</scale>
			</LabelStyle>
		</Style>
		<Point>
			<extrude>1</extrude>
			<altitudeMode>relativeToGround</altitudeMode>
			<coordinates>128.65531,35.896872,0</coordinates>
		</Point>
	</Placemark>
	<Placemark>
		<name>RKTU</name>
		<styleUrl>#stylemap_id0</styleUrl>
		<Style>
			<IconStyle>
				<scale>1</scale>
				<Icon>
					<href>https://maps.google.com/mapfiles/kml/paddle/purple-stars.png</href>
				</Icon>
			</IconStyle>
			<LabelStyle>
				<color>ffffffff</color>
				<scale>1</scale>
			</LabelStyle>
		</Style>
		<Point>
			<extrude>1</extrude>
			<altitudeMode>relativeToGround</altitudeMode>
			<coordinates>127.498741,36.717008,0</coordinates>
		</Point>
	</Placemark>
	<Placemark>
		<name>ROAH</name>
		<styleUrl>#stylemap_id0</styleUrl>
		<Style>
			<IconStyle>
				<scale>1</scale>
				<Icon>
					<href>https://maps.google.com/mapfiles/kml/paddle/purple-stars.png</href>
				</Icon>
			</IconStyle>
			<LabelStyle>
				<color>ffffffff</color>
				<scale>1</scale>
			</LabelStyle>
		</Style>
		<Point>
			<extrude>1</extrude>
			<altitudeMode>relativeToGround</altitudeMode>
			<coordinates>127.646003723,26.1958007812,0</coordinates>
		</Point>
	</Placemark>
	<Placemark>
		<name>RPLL</name>
		<styleUrl>#stylemap_id0</styleUrl>
		<Style>
			<IconStyle>
				<scale>1</scale>
				<Icon>
					<href>https://maps.google.com/mapfiles/kml/paddle/purple-stars.png</href>
				</Icon>
			</IconStyle>
			<LabelStyle>
				<color>ffffffff</color>
				<scale>1</scale>
			</LabelStyle>
		</Style>
		<Point>
			<extrude>1</extrude>
			<altitudeMode>relativeToGround</altitudeMode>
			<coordinates>121.019997,14.5086,0</coordinates>
		</Point>
	</Placemark>
	<Placemark>
		<name>RPVM</name>
		<styleUrl>#stylemap_id0</styleUrl>
		<Style>
			<IconStyle>
				<scale>1</scale>
				<Icon>
					<href>https://maps.google.com/mapfiles/kml/paddle/purple-stars.png</href>
				</Icon>
			</IconStyle>
			<LabelStyle>
				<color>ffffffff</color>
				<scale>1</scale>
			</LabelStyle>
		</Style>
		<Point>
			<extrude>1</extrude>
			<altitudeMode>relativeToGround</altitudeMode>
			<coordinates>123.97899627686,10.307499885559,0</coordinates>
		</Point>
	</Placemark>
	<Placemark>
		<name>SAAR</name>
		<styleUrl>#stylemap_id0</styleUrl>
		<Style>
			<IconStyle>
				<scale>1</scale>
				<Icon>
					<href>https://maps.google.com/mapfiles/kml/paddle/purple-stars.png</href>
				</Icon>
			</IconStyle>
			<LabelStyle>
				<color>ffffffff</color>
				<scale>1</scale>
			</LabelStyle>
		</Style>
		<Point>
			<extrude>1</extrude>
			<altitudeMode>relativeToGround</altitudeMode>
			<coordinates>-60.785,-32.9036,0</coordinates>
		</Point>
	</Placemark>
	<Placemark>
		<name>SAEZ</name>
		<styleUrl>#stylemap_id0</styleUrl>
		<Style>
			<IconStyle>
				<scale>1</scale>
				<Icon>
					<href>https://maps.google.com/mapfiles/kml/paddle/purple-stars.png</href>
				</Icon>
			</IconStyle>
			<LabelStyle>
				<color>ffffffff</color>
				<scale>1</scale>
			</LabelStyle>
		</Style>
		<Point>
			<extrude>1</extrude>
			<altitudeMode>relativeToGround</altitudeMode>
			<coordinates>-58.53580000000001,-34.8222,0</coordinates>
		</Point>
	</Placemark>
	<Placemark>
		<name>SAME</name>
		<styleUrl>#stylemap_id0</styleUrl>
		<Style>
			<IconStyle>
				<scale>1</scale>
				<Icon>
					<href>https://maps.google.com/mapfiles/kml/paddle/purple-stars.png</href>
				</Icon>
			</IconStyle>
			<LabelStyle>
				<color>ffffffff</color>
				<scale>1</scale>
			</LabelStyle>
		</Style>
		<Point>
			<extrude>1</extrude>
			<altitudeMode>relativeToGround</altitudeMode>
			<coordinates>-68.79290008540001,-32.8316993713,0</coordinates>
		</Point>
	</Placemark>
	<Placemark>
		<name>SBBR</name>
		<styleUrl>#stylemap_id0</styleUrl>
		<Style>
			<IconStyle>
				<scale>1</scale>
				<Icon>
					<href>https://maps.google.com/mapfiles/kml/paddle/purple-stars.png</href>
				</Icon>
			</IconStyle>
			<LabelStyle>
				<color>ffffffff</color>
				<scale>1</scale>
			</LabelStyle>
		</Style>
		<Point>
			<extrude>1</extrude>
			<altitudeMode>relativeToGround</altitudeMode>
			<coordinates>-47.92083399999999,-15.869167,0</coordinates>
		</Point>
	</Placemark>
	<Placemark>
		<name>SBCB</name>
		<styleUrl>#stylemap_id0</styleUrl>
		<Style>
			<IconStyle>
				<scale>1</scale>
				<Icon>
					<href>https://maps.google.com/mapfiles/kml/paddle/purple-stars.png</href>
				</Icon>
			</IconStyle>
			<LabelStyle>
				<color>ffffffff</color>
				<scale>1</scale>
			</LabelStyle>
		</Style>
		<Point>
			<extrude>1</extrude>
			<altitudeMode>relativeToGround</altitudeMode>
			<coordinates>-42.083,-22.923667,0</coordinates>
		</Point>
	</Placemark>
	<Placemark>
		<name>SBCF</name>
		<styleUrl>#stylemap_id0</styleUrl>
		<Style>
			<IconStyle>
				<scale>1</scale>
				<Icon>
					<href>https://maps.google.com/mapfiles/kml/paddle/purple-stars.png</href>
				</Icon>
			</IconStyle>
			<LabelStyle>
				<color>ffffffff</color>
				<scale>1</scale>
			</LabelStyle>
		</Style>
		<Point>
			<extrude>1</extrude>
			<altitudeMode>relativeToGround</altitudeMode>
			<coordinates>-43.9719429016113,-19.6244430541992,0</coordinates>
		</Point>
	</Placemark>
	<Placemark>
		<name>SBEG</name>
		<styleUrl>#stylemap_id0</styleUrl>
		<Style>
			<IconStyle>
				<scale>1</scale>
				<Icon>
					<href>https://maps.google.com/mapfiles/kml/paddle/purple-stars.png</href>
				</Icon>
			</IconStyle>
			<LabelStyle>
				<color>ffffffff</color>
				<scale>1</scale>
			</LabelStyle>
		</Style>
		<Point>
			<extrude>1</extrude>
			<altitudeMode>relativeToGround</altitudeMode>
			<coordinates>-60.04970200000001,-3.03861,0</coordinates>
		</Point>
	</Placemark>
	<Placemark>
		<name>SBFI</name>
		<styleUrl>#stylemap_id0</styleUrl>
		<Style>
			<IconStyle>
				<scale>1</scale>
				<Icon>
					<href>https://maps.google.com/mapfiles/kml/paddle/purple-stars.png</href>
				</Icon>
			</IconStyle>
			<LabelStyle>
				<color>ffffffff</color>
				<scale>1</scale>
			</LabelStyle>
		</Style>
		<Point>
			<extrude>1</extrude>
			<altitudeMode>relativeToGround</altitudeMode>
			<coordinates>-54.4850006103515,-25.6002788543701,0</coordinates>
		</Point>
	</Placemark>
	<Placemark>
		<name>SBGL</name>
		<styleUrl>#stylemap_id0</styleUrl>
		<Style>
			<IconStyle>
				<scale>1</scale>
				<Icon>
					<href>https://maps.google.com/mapfiles/kml/paddle/purple-stars.png</href>
				</Icon>
			</IconStyle>
			<LabelStyle>
				<color>ffffffff</color>
				<scale>1</scale>
			</LabelStyle>
		</Style>
		<Point>
			<extrude>1</extrude>
			<altitudeMode>relativeToGround</altitudeMode>
			<coordinates>-43.2505569458,-22.8099994659,0</coordinates>
		</Point>
	</Placemark>
	<Placemark>
		<name>SBGR</name>
		<styleUrl>#stylemap_id0</styleUrl>
		<Style>
			<IconStyle>
				<scale>1</scale>
				<Icon>
					<href>https://maps.google.com/mapfiles/kml/paddle/purple-stars.png</href>
				</Icon>
			</IconStyle>
			<LabelStyle>
				<color>ffffffff</color>
				<scale>1</scale>
			</LabelStyle>
		</Style>
		<Point>
			<extrude>1</extrude>
			<altitudeMode>relativeToGround</altitudeMode>
			<coordinates>-46.4730567932128,-23.4355564117431,0</coordinates>
		</Point>
	</Placemark>
	<Placemark>
		<name>SBKP</name>
		<styleUrl>#stylemap_id0</styleUrl>
		<Style>
			<IconStyle>
				<scale>1</scale>
				<Icon>
					<href>https://maps.google.com/mapfiles/kml/paddle/purple-stars.png</href>
				</Icon>
			</IconStyle>
			<LabelStyle>
				<color>ffffffff</color>
				<scale>1</scale>
			</LabelStyle>
		</Style>
		<Point>
			<extrude>1</extrude>
			<altitudeMode>relativeToGround</altitudeMode>
			<coordinates>-47.1344985962,-23.0074005127,0</coordinates>
		</Point>
	</Placemark>
	<Placemark>
		<name>SBMN</name>
		<styleUrl>#stylemap_id0</styleUrl>
		<Style>
			<IconStyle>
				<scale>1</scale>
				<Icon>
					<href>https://maps.google.com/mapfiles/kml/paddle/purple-stars.png</href>
				</Icon>
			</IconStyle>
			<LabelStyle>
				<color>ffffffff</color>
				<scale>1</scale>
			</LabelStyle>
		</Style>
		<Point>
			<extrude>1</extrude>
			<altitudeMode>relativeToGround</altitudeMode>
			<coordinates>-59.986301,-3.14604,0</coordinates>
		</Point>
	</Placemark>
	<Placemark>
		<name>SBRF</name>
		<styleUrl>#stylemap_id0</styleUrl>
		<Style>
			<IconStyle>
				<scale>1</scale>
				<Icon>
					<href>https://maps.google.com/mapfiles/kml/paddle/purple-stars.png</href>
				</Icon>
			</IconStyle>
			<LabelStyle>
				<color>ffffffff</color>
				<scale>1</scale>
			</LabelStyle>
		</Style>
		<Point>
			<extrude>1</extrude>
			<altitudeMode>relativeToGround</altitudeMode>
			<coordinates>-34.923599243164,-8.126489639282219,0</coordinates>
		</Point>
	</Placemark>
	<Placemark>
		<name>SBSP</name>
		<styleUrl>#stylemap_id0</styleUrl>
		<Style>
			<IconStyle>
				<scale>1</scale>
				<Icon>
					<href>https://maps.google.com/mapfiles/kml/paddle/purple-stars.png</href>
				</Icon>
			</IconStyle>
			<LabelStyle>
				<color>ffffffff</color>
				<scale>1</scale>
			</LabelStyle>
		</Style>
		<Point>
			<extrude>1</extrude>
			<altitudeMode>relativeToGround</altitudeMode>
			<coordinates>-46.6563873291015,-23.6261100769042,0</coordinates>
		</Point>
	</Placemark>
	<Placemark>
		<name>SBSV</name>
		<styleUrl>#stylemap_id0</styleUrl>
		<Style>
			<IconStyle>
				<scale>1</scale>
				<Icon>
					<href>https://maps.google.com/mapfiles/kml/paddle/purple-stars.png</href>
				</Icon>
			</IconStyle>
			<LabelStyle>
				<color>ffffffff</color>
				<scale>1</scale>
			</LabelStyle>
		</Style>
		<Point>
			<extrude>1</extrude>
			<altitudeMode>relativeToGround</altitudeMode>
			<coordinates>-38.3224983215,-12.9086112976,0</coordinates>
		</Point>
	</Placemark>
	<Placemark>
		<name>SCEL</name>
		<styleUrl>#stylemap_id0</styleUrl>
		<Style>
			<IconStyle>
				<scale>1</scale>
				<Icon>
					<href>https://maps.google.com/mapfiles/kml/paddle/purple-stars.png</href>
				</Icon>
			</IconStyle>
			<LabelStyle>
				<color>ffffffff</color>
				<scale>1</scale>
			</LabelStyle>
		</Style>
		<Point>
			<extrude>1</extrude>
			<altitudeMode>relativeToGround</altitudeMode>
			<coordinates>-70.7857971191406,-33.3930015563964,0</coordinates>
		</Point>
	</Placemark>
	<Placemark>
		<name>SCIE</name>
		<styleUrl>#stylemap_id0</styleUrl>
		<Style>
			<IconStyle>
				<scale>1</scale>
				<Icon>
					<href>https://maps.google.com/mapfiles/kml/paddle/purple-stars.png</href>
				</Icon>
			</IconStyle>
			<LabelStyle>
				<color>ffffffff</color>
				<scale>1</scale>
			</LabelStyle>
		</Style>
		<Point>
			<extrude>1</extrude>
			<altitudeMode>relativeToGround</altitudeMode>
			<coordinates>-73.063103,-36.772701,0</coordinates>
		</Point>
	</Placemark>
	<Placemark>
		<name>SCIP</name>
		<styleUrl>#stylemap_id0</styleUrl>
		<Style>
			<IconStyle>
				<scale>1</scale>
				<Icon>
					<href>https://maps.google.com/mapfiles/kml/paddle/purple-stars.png</href>
				</Icon>
			</IconStyle>
			<LabelStyle>
				<color>ffffffff</color>
				<scale>1</scale>
			</LabelStyle>
		</Style>
		<Point>
			<extrude>1</extrude>
			<altitudeMode>relativeToGround</altitudeMode>
			<coordinates>-109.42199707,-27.1648006439,0</coordinates>
		</Point>
	</Placemark>
	<Placemark>
		<name>SEGU</name>
		<styleUrl>#stylemap_id0</styleUrl>
		<Style>
			<IconStyle>
				<scale>1</scale>
				<Icon>
					<href>https://maps.google.com/mapfiles/kml/paddle/purple-stars.png</href>
				</Icon>
			</IconStyle>
			<LabelStyle>
				<color>ffffffff</color>
				<scale>1</scale>
			</LabelStyle>
		</Style>
		<Point>
			<extrude>1</extrude>
			<altitudeMode>relativeToGround</altitudeMode>
			<coordinates>-79.8835983276,-2.15741991996999,0</coordinates>
		</Point>
	</Placemark>
	<Placemark>
		<name>SEMT</name>
		<styleUrl>#stylemap_id0</styleUrl>
		<Style>
			<IconStyle>
				<scale>1</scale>
				<Icon>
					<href>https://maps.google.com/mapfiles/kml/paddle/purple-stars.png</href>
				</Icon>
			</IconStyle>
			<LabelStyle>
				<color>ffffffff</color>
				<scale>1</scale>
			</LabelStyle>
		</Style>
		<Point>
			<extrude>1</extrude>
			<altitudeMode>relativeToGround</altitudeMode>
			<coordinates>-80.6788024902343,-0.94607800245285,0</coordinates>
		</Point>
	</Placemark>
	<Placemark>
		<name>SEQM</name>
		<styleUrl>#stylemap_id0</styleUrl>
		<Style>
			<IconStyle>
				<scale>1</scale>
				<Icon>
					<href>https://maps.google.com/mapfiles/kml/paddle/purple-stars.png</href>
				</Icon>
			</IconStyle>
			<LabelStyle>
				<color>ffffffff</color>
				<scale>1</scale>
			</LabelStyle>
		</Style>
		<Point>
			<extrude>1</extrude>
			<altitudeMode>relativeToGround</altitudeMode>
			<coordinates>-78.3575,-0.129166666667,0</coordinates>
		</Point>
	</Placemark>
	<Placemark>
		<name>SETN</name>
		<styleUrl>#stylemap_id0</styleUrl>
		<Style>
			<IconStyle>
				<scale>1</scale>
				<Icon>
					<href>https://maps.google.com/mapfiles/kml/paddle/purple-stars.png</href>
				</Icon>
			</IconStyle>
			<LabelStyle>
				<color>ffffffff</color>
				<scale>1</scale>
			</LabelStyle>
		</Style>
		<Point>
			<extrude>1</extrude>
			<altitudeMode>relativeToGround</altitudeMode>
			<coordinates>-79.627167,0.966333,0</coordinates>
		</Point>
	</Placemark>
	<Placemark>
		<name>SGAS</name>
		<styleUrl>#stylemap_id0</styleUrl>
		<Style>
			<IconStyle>
				<scale>1</scale>
				<Icon>
					<href>https://maps.google.com/mapfiles/kml/paddle/purple-stars.png</href>
				</Icon>
			</IconStyle>
			<LabelStyle>
				<color>ffffffff</color>
				<scale>1</scale>
			</LabelStyle>
		</Style>
		<Point>
			<extrude>1</extrude>
			<altitudeMode>relativeToGround</altitudeMode>
			<coordinates>-57.5200004577636,-25.2399997711181,0</coordinates>
		</Point>
	</Placemark>
	<Placemark>
		<name>SGES</name>
		<styleUrl>#stylemap_id0</styleUrl>
		<Style>
			<IconStyle>
				<scale>1</scale>
				<Icon>
					<href>https://maps.google.com/mapfiles/kml/paddle/purple-stars.png</href>
				</Icon>
			</IconStyle>
			<LabelStyle>
				<color>ffffffff</color>
				<scale>1</scale>
			</LabelStyle>
		</Style>
		<Point>
			<extrude>1</extrude>
			<altitudeMode>relativeToGround</altitudeMode>
			<coordinates>-54.842682,-25.454516,0</coordinates>
		</Point>
	</Placemark>
	<Placemark>
		<name>SKBO</name>
		<styleUrl>#stylemap_id0</styleUrl>
		<Style>
			<IconStyle>
				<scale>1</scale>
				<Icon>
					<href>https://maps.google.com/mapfiles/kml/paddle/purple-stars.png</href>
				</Icon>
			</IconStyle>
			<LabelStyle>
				<color>ffffffff</color>
				<scale>1</scale>
			</LabelStyle>
		</Style>
		<Point>
			<extrude>1</extrude>
			<altitudeMode>relativeToGround</altitudeMode>
			<coordinates>-74.1469,4.70159,0</coordinates>
		</Point>
	</Placemark>
	<Placemark>
		<name>SKCL</name>
		<styleUrl>#stylemap_id0</styleUrl>
		<Style>
			<IconStyle>
				<scale>1</scale>
				<Icon>
					<href>https://maps.google.com/mapfiles/kml/paddle/purple-stars.png</href>
				</Icon>
			</IconStyle>
			<LabelStyle>
				<color>ffffffff</color>
				<scale>1</scale>
			</LabelStyle>
		</Style>
		<Point>
			<extrude>1</extrude>
			<altitudeMode>relativeToGround</altitudeMode>
			<coordinates>-76.38160000000001,3.54322,0</coordinates>
		</Point>
	</Placemark>
	<Placemark>
		<name>SKRG</name>
		<styleUrl>#stylemap_id0</styleUrl>
		<Style>
			<IconStyle>
				<scale>1</scale>
				<Icon>
					<href>https://maps.google.com/mapfiles/kml/paddle/purple-stars.png</href>
				</Icon>
			</IconStyle>
			<LabelStyle>
				<color>ffffffff</color>
				<scale>1</scale>
			</LabelStyle>
		</Style>
		<Point>
			<extrude>1</extrude>
			<altitudeMode>relativeToGround</altitudeMode>
			<coordinates>-75.42310000000001,6.16454,0</coordinates>
		</Point>
	</Placemark>
	<Placemark>
		<name>SLVR</name>
		<styleUrl>#stylemap_id0</styleUrl>
		<Style>
			<IconStyle>
				<scale>1</scale>
				<Icon>
					<href>https://maps.google.com/mapfiles/kml/paddle/purple-stars.png</href>
				</Icon>
			</IconStyle>
			<LabelStyle>
				<color>ffffffff</color>
				<scale>1</scale>
			</LabelStyle>
		</Style>
		<Point>
			<extrude>1</extrude>
			<altitudeMode>relativeToGround</altitudeMode>
			<coordinates>-63.135399,-17.6448,0</coordinates>
		</Point>
	</Placemark>
	<Placemark>
		<name>SMJP</name>
		<styleUrl>#stylemap_id0</styleUrl>
		<Style>
			<IconStyle>
				<scale>1</scale>
				<Icon>
					<href>https://maps.google.com/mapfiles/kml/paddle/purple-stars.png</href>
				</Icon>
			</IconStyle>
			<LabelStyle>
				<color>ffffffff</color>
				<scale>1</scale>
			</LabelStyle>
		</Style>
		<Point>
			<extrude>1</extrude>
			<altitudeMode>relativeToGround</altitudeMode>
			<coordinates>-55.1878013611,5.45282983779999,0</coordinates>
		</Point>
	</Placemark>
	<Placemark>
		<name>SOCA</name>
		<styleUrl>#stylemap_id0</styleUrl>
		<Style>
			<IconStyle>
				<scale>1</scale>
				<Icon>
					<href>https://maps.google.com/mapfiles/kml/paddle/purple-stars.png</href>
				</Icon>
			</IconStyle>
			<LabelStyle>
				<color>ffffffff</color>
				<scale>1</scale>
			</LabelStyle>
		</Style>
		<Point>
			<extrude>1</extrude>
			<altitudeMode>relativeToGround</altitudeMode>
			<coordinates>-52.3604011535999,4.81980991363999,0</coordinates>
		</Point>
	</Placemark>
	<Placemark>
		<name>SPHI</name>
		<styleUrl>#stylemap_id0</styleUrl>
		<Style>
			<IconStyle>
				<scale>1</scale>
				<Icon>
					<href>https://maps.google.com/mapfiles/kml/paddle/purple-stars.png</href>
				</Icon>
			</IconStyle>
			<LabelStyle>
				<color>ffffffff</color>
				<scale>1</scale>
			</LabelStyle>
		</Style>
		<Point>
			<extrude>1</extrude>
			<altitudeMode>relativeToGround</altitudeMode>
			<coordinates>-79.82810211181641,-6.78747987747192,0</coordinates>
		</Point>
	</Placemark>
	<Placemark>
		<name>SPJC</name>
		<styleUrl>#stylemap_id0</styleUrl>
		<Style>
			<IconStyle>
				<scale>1</scale>
				<Icon>
					<href>https://maps.google.com/mapfiles/kml/paddle/purple-stars.png</href>
				</Icon>
			</IconStyle>
			<LabelStyle>
				<color>ffffffff</color>
				<scale>1</scale>
			</LabelStyle>
		</Style>
		<Point>
			<extrude>1</extrude>
			<altitudeMode>relativeToGround</altitudeMode>
			<coordinates>-77.116175,-12.020778,0</coordinates>
		</Point>
	</Placemark>
	<Placemark>
		<name>SPSO</name>
		<styleUrl>#stylemap_id0</styleUrl>
		<Style>
			<IconStyle>
				<scale>1</scale>
				<Icon>
					<href>https://maps.google.com/mapfiles/kml/paddle/purple-stars.png</href>
				</Icon>
			</IconStyle>
			<LabelStyle>
				<color>ffffffff</color>
				<scale>1</scale>
			</LabelStyle>
		</Style>
		<Point>
			<extrude>1</extrude>
			<altitudeMode>relativeToGround</altitudeMode>
			<coordinates>-76.2202987670898,-13.7448997497558,0</coordinates>
		</Point>
	</Placemark>
	<Placemark>
		<name>SUMU</name>
		<styleUrl>#stylemap_id0</styleUrl>
		<Style>
			<IconStyle>
				<scale>1</scale>
				<Icon>
					<href>https://maps.google.com/mapfiles/kml/paddle/purple-stars.png</href>
				</Icon>
			</IconStyle>
			<LabelStyle>
				<color>ffffffff</color>
				<scale>1</scale>
			</LabelStyle>
		</Style>
		<Point>
			<extrude>1</extrude>
			<altitudeMode>relativeToGround</altitudeMode>
			<coordinates>-56.0308,-34.838402,0</coordinates>
		</Point>
	</Placemark>
	<Placemark>
		<name>SYCJ</name>
		<styleUrl>#stylemap_id0</styleUrl>
		<Style>
			<IconStyle>
				<scale>1</scale>
				<Icon>
					<href>https://maps.google.com/mapfiles/kml/paddle/purple-stars.png</href>
				</Icon>
			</IconStyle>
			<LabelStyle>
				<color>ffffffff</color>
				<scale>1</scale>
			</LabelStyle>
		</Style>
		<Point>
			<extrude>1</extrude>
			<altitudeMode>relativeToGround</altitudeMode>
			<coordinates>-58.2541007995605,6.4985499382019,0</coordinates>
		</Point>
	</Placemark>
	<Placemark>
		<name>TAPA</name>
		<styleUrl>#stylemap_id0</styleUrl>
		<Style>
			<IconStyle>
				<scale>1</scale>
				<Icon>
					<href>https://maps.google.com/mapfiles/kml/paddle/purple-stars.png</href>
				</Icon>
			</IconStyle>
			<LabelStyle>
				<color>ffffffff</color>
				<scale>1</scale>
			</LabelStyle>
		</Style>
		<Point>
			<extrude>1</extrude>
			<altitudeMode>relativeToGround</altitudeMode>
			<coordinates>-61.792702,17.1367,0</coordinates>
		</Point>
	</Placemark>
	<Placemark>
		<name>TBPB</name>
		<styleUrl>#stylemap_id0</styleUrl>
		<Style>
			<IconStyle>
				<scale>1</scale>
				<Icon>
					<href>https://maps.google.com/mapfiles/kml/paddle/purple-stars.png</href>
				</Icon>
			</IconStyle>
			<LabelStyle>
				<color>ffffffff</color>
				<scale>1</scale>
			</LabelStyle>
		</Style>
		<Point>
			<extrude>1</extrude>
			<altitudeMode>relativeToGround</altitudeMode>
			<coordinates>-59.4925,13.0746,0</coordinates>
		</Point>
	</Placemark>
	<Placemark>
		<name>TDPD</name>
		<styleUrl>#stylemap_id0</styleUrl>
		<Style>
			<IconStyle>
				<scale>1</scale>
				<Icon>
					<href>https://maps.google.com/mapfiles/kml/paddle/purple-stars.png</href>
				</Icon>
			</IconStyle>
			<LabelStyle>
				<color>ffffffff</color>
				<scale>1</scale>
			</LabelStyle>
		</Style>
		<Point>
			<extrude>1</extrude>
			<altitudeMode>relativeToGround</altitudeMode>
			<coordinates>-61.299999,15.547,0</coordinates>
		</Point>
	</Placemark>
	<Placemark>
		<name>TFFF</name>
		<styleUrl>#stylemap_id0</styleUrl>
		<Style>
			<IconStyle>
				<scale>1</scale>
				<Icon>
					<href>https://maps.google.com/mapfiles/kml/paddle/purple-stars.png</href>
				</Icon>
			</IconStyle>
			<LabelStyle>
				<color>ffffffff</color>
				<scale>1</scale>
			</LabelStyle>
		</Style>
		<Point>
			<extrude>1</extrude>
			<altitudeMode>relativeToGround</altitudeMode>
			<coordinates>-61.0032005310058,14.5909996032714,0</coordinates>
		</Point>
	</Placemark>
	<Placemark>
		<name>TGPY</name>
		<styleUrl>#stylemap_id0</styleUrl>
		<Style>
			<IconStyle>
				<scale>1</scale>
				<Icon>
					<href>https://maps.google.com/mapfiles/kml/paddle/purple-stars.png</href>
				</Icon>
			</IconStyle>
			<LabelStyle>
				<color>ffffffff</color>
				<scale>1</scale>
			</LabelStyle>
		</Style>
		<Point>
			<extrude>1</extrude>
			<altitudeMode>relativeToGround</altitudeMode>
			<coordinates>-61.7862014770507,12.0041999816894,0</coordinates>
		</Point>
	</Placemark>
	<Placemark>
		<name>TJSJ</name>
		<styleUrl>#stylemap_id0</styleUrl>
		<Style>
			<IconStyle>
				<scale>1</scale>
				<Icon>
					<href>https://maps.google.com/mapfiles/kml/paddle/purple-stars.png</href>
				</Icon>
			</IconStyle>
			<LabelStyle>
				<color>ffffffff</color>
				<scale>1</scale>
			</LabelStyle>
		</Style>
		<Point>
			<extrude>1</extrude>
			<altitudeMode>relativeToGround</altitudeMode>
			<coordinates>-66.0018005371,18.4393997192,0</coordinates>
		</Point>
	</Placemark>
	<Placemark>
		<name>TKPK</name>
		<styleUrl>#stylemap_id0</styleUrl>
		<Style>
			<IconStyle>
				<scale>1</scale>
				<Icon>
					<href>https://maps.google.com/mapfiles/kml/paddle/purple-stars.png</href>
				</Icon>
			</IconStyle>
			<LabelStyle>
				<color>ffffffff</color>
				<scale>1</scale>
			</LabelStyle>
		</Style>
		<Point>
			<extrude>1</extrude>
			<altitudeMode>relativeToGround</altitudeMode>
			<coordinates>-62.7187004089355,17.3111991882324,0</coordinates>
		</Point>
	</Placemark>
	<Placemark>
		<name>TLPL</name>
		<styleUrl>#stylemap_id0</styleUrl>
		<Style>
			<IconStyle>
				<scale>1</scale>
				<Icon>
					<href>https://maps.google.com/mapfiles/kml/paddle/purple-stars.png</href>
				</Icon>
			</IconStyle>
			<LabelStyle>
				<color>ffffffff</color>
				<scale>1</scale>
			</LabelStyle>
		</Style>
		<Point>
			<extrude>1</extrude>
			<altitudeMode>relativeToGround</altitudeMode>
			<coordinates>-60.952599,13.7332,0</coordinates>
		</Point>
	</Placemark>
	<Placemark>
		<name>TNCA</name>
		<styleUrl>#stylemap_id0</styleUrl>
		<Style>
			<IconStyle>
				<scale>1</scale>
				<Icon>
					<href>https://maps.google.com/mapfiles/kml/paddle/purple-stars.png</href>
				</Icon>
			</IconStyle>
			<LabelStyle>
				<color>ffffffff</color>
				<scale>1</scale>
			</LabelStyle>
		</Style>
		<Point>
			<extrude>1</extrude>
			<altitudeMode>relativeToGround</altitudeMode>
			<coordinates>-70.015198,12.5014,0</coordinates>
		</Point>
	</Placemark>
	<Placemark>
		<name>TNCM</name>
		<styleUrl>#stylemap_id0</styleUrl>
		<Style>
			<IconStyle>
				<scale>1</scale>
				<Icon>
					<href>https://maps.google.com/mapfiles/kml/paddle/purple-stars.png</href>
				</Icon>
			</IconStyle>
			<LabelStyle>
				<color>ffffffff</color>
				<scale>1</scale>
			</LabelStyle>
		</Style>
		<Point>
			<extrude>1</extrude>
			<altitudeMode>relativeToGround</altitudeMode>
			<coordinates>-63.1088981628,18.0410003662,0</coordinates>
		</Point>
	</Placemark>
	<Placemark>
		<name>TTPP</name>
		<styleUrl>#stylemap_id0</styleUrl>
		<Style>
			<IconStyle>
				<scale>1</scale>
				<Icon>
					<href>https://maps.google.com/mapfiles/kml/paddle/purple-stars.png</href>
				</Icon>
			</IconStyle>
			<LabelStyle>
				<color>ffffffff</color>
				<scale>1</scale>
			</LabelStyle>
		</Style>
		<Point>
			<extrude>1</extrude>
			<altitudeMode>relativeToGround</altitudeMode>
			<coordinates>-61.3372001647949,10.5953998565673,0</coordinates>
		</Point>
	</Placemark>
	<Placemark>
		<name>TVSA</name>
		<styleUrl>#stylemap_id0</styleUrl>
		<Style>
			<IconStyle>
				<scale>1</scale>
				<Icon>
					<href>https://maps.google.com/mapfiles/kml/paddle/purple-stars.png</href>
				</Icon>
			</IconStyle>
			<LabelStyle>
				<color>ffffffff</color>
				<scale>1</scale>
			</LabelStyle>
		</Style>
		<Point>
			<extrude>1</extrude>
			<altitudeMode>relativeToGround</altitudeMode>
			<coordinates>-61.149945,13.156695,0</coordinates>
		</Point>
	</Placemark>
	<Placemark>
		<name>UAAA</name>
		<styleUrl>#stylemap_id0</styleUrl>
		<Style>
			<IconStyle>
				<scale>1</scale>
				<Icon>
					<href>https://maps.google.com/mapfiles/kml/paddle/purple-stars.png</href>
				</Icon>
			</IconStyle>
			<LabelStyle>
				<color>ffffffff</color>
				<scale>1</scale>
			</LabelStyle>
		</Style>
		<Point>
			<extrude>1</extrude>
			<altitudeMode>relativeToGround</altitudeMode>
			<coordinates>77.0404968261718,43.3521003723144,0</coordinates>
		</Point>
	</Placemark>
	<Placemark>
		<name>UACC</name>
		<styleUrl>#stylemap_id0</styleUrl>
		<Style>
			<IconStyle>
				<scale>1</scale>
				<Icon>
					<href>https://maps.google.com/mapfiles/kml/paddle/purple-stars.png</href>
				</Icon>
			</IconStyle>
			<LabelStyle>
				<color>ffffffff</color>
				<scale>1</scale>
			</LabelStyle>
		</Style>
		<Point>
			<extrude>1</extrude>
			<altitudeMode>relativeToGround</altitudeMode>
			<coordinates>71.46690368652339,51.0222015380859,0</coordinates>
		</Point>
	</Placemark>
	<Placemark>
		<name>UBBB</name>
		<styleUrl>#stylemap_id0</styleUrl>
		<Style>
			<IconStyle>
				<scale>1</scale>
				<Icon>
					<href>https://maps.google.com/mapfiles/kml/paddle/purple-stars.png</href>
				</Icon>
			</IconStyle>
			<LabelStyle>
				<color>ffffffff</color>
				<scale>1</scale>
			</LabelStyle>
		</Style>
		<Point>
			<extrude>1</extrude>
			<altitudeMode>relativeToGround</altitudeMode>
			<coordinates>50.0466995239257,40.4674987792968,0</coordinates>
		</Point>
	</Placemark>
	<Placemark>
		<name>UBBG</name>
		<styleUrl>#stylemap_id0</styleUrl>
		<Style>
			<IconStyle>
				<scale>1</scale>
				<Icon>
					<href>https://maps.google.com/mapfiles/kml/paddle/purple-stars.png</href>
				</Icon>
			</IconStyle>
			<LabelStyle>
				<color>ffffffff</color>
				<scale>1</scale>
			</LabelStyle>
		</Style>
		<Point>
			<extrude>1</extrude>
			<altitudeMode>relativeToGround</altitudeMode>
			<coordinates>46.3176,40.737701,0</coordinates>
		</Point>
	</Placemark>
	<Placemark>
		<name>UBBQ</name>
		<styleUrl>#stylemap_id0</styleUrl>
		<Style>
			<IconStyle>
				<scale>1</scale>
				<Icon>
					<href>https://maps.google.com/mapfiles/kml/paddle/purple-stars.png</href>
				</Icon>
			</IconStyle>
			<LabelStyle>
				<color>ffffffff</color>
				<scale>1</scale>
			</LabelStyle>
		</Style>
		<Point>
			<extrude>1</extrude>
			<altitudeMode>relativeToGround</altitudeMode>
			<coordinates>47.71249999999999,40.826667,0</coordinates>
		</Point>
	</Placemark>
	<Placemark>
		<name>UCFM</name>
		<styleUrl>#stylemap_id0</styleUrl>
		<Style>
			<IconStyle>
				<scale>1</scale>
				<Icon>
					<href>https://maps.google.com/mapfiles/kml/paddle/purple-stars.png</href>
				</Icon>
			</IconStyle>
			<LabelStyle>
				<color>ffffffff</color>
				<scale>1</scale>
			</LabelStyle>
		</Style>
		<Point>
			<extrude>1</extrude>
			<altitudeMode>relativeToGround</altitudeMode>
			<coordinates>74.47760009770001,43.0612983704,0</coordinates>
		</Point>
	</Placemark>
	<Placemark>
		<name>UCFO</name>
		<styleUrl>#stylemap_id0</styleUrl>
		<Style>
			<IconStyle>
				<scale>1</scale>
				<Icon>
					<href>https://maps.google.com/mapfiles/kml/paddle/purple-stars.png</href>
				</Icon>
			</IconStyle>
			<LabelStyle>
				<color>ffffffff</color>
				<scale>1</scale>
			</LabelStyle>
		</Style>
		<Point>
			<extrude>1</extrude>
			<altitudeMode>relativeToGround</altitudeMode>
			<coordinates>72.793296814,40.6090011597,0</coordinates>
		</Point>
	</Placemark>
	<Placemark>
		<name>UDYZ</name>
		<styleUrl>#stylemap_id0</styleUrl>
		<Style>
			<IconStyle>
				<scale>1</scale>
				<Icon>
					<href>https://maps.google.com/mapfiles/kml/paddle/purple-stars.png</href>
				</Icon>
			</IconStyle>
			<LabelStyle>
				<color>ffffffff</color>
				<scale>1</scale>
			</LabelStyle>
		</Style>
		<Point>
			<extrude>1</extrude>
			<altitudeMode>relativeToGround</altitudeMode>
			<coordinates>44.3959007263,40.1473007202,0</coordinates>
		</Point>
	</Placemark>
	<Placemark>
		<name>UGKO</name>
		<styleUrl>#stylemap_id0</styleUrl>
		<Style>
			<IconStyle>
				<scale>1</scale>
				<Icon>
					<href>https://maps.google.com/mapfiles/kml/paddle/purple-stars.png</href>
				</Icon>
			</IconStyle>
			<LabelStyle>
				<color>ffffffff</color>
				<scale>1</scale>
			</LabelStyle>
		</Style>
		<Point>
			<extrude>1</extrude>
			<altitudeMode>relativeToGround</altitudeMode>
			<coordinates>42.4826011658,42.176700592,0</coordinates>
		</Point>
	</Placemark>
	<Placemark>
		<name>UGTB</name>
		<styleUrl>#stylemap_id0</styleUrl>
		<Style>
			<IconStyle>
				<scale>1</scale>
				<Icon>
					<href>https://maps.google.com/mapfiles/kml/paddle/purple-stars.png</href>
				</Icon>
			</IconStyle>
			<LabelStyle>
				<color>ffffffff</color>
				<scale>1</scale>
			</LabelStyle>
		</Style>
		<Point>
			<extrude>1</extrude>
			<altitudeMode>relativeToGround</altitudeMode>
			<coordinates>44.95470047,41.6692008972,0</coordinates>
		</Point>
	</Placemark>
	<Placemark>
		<name>UHHH</name>
		<styleUrl>#stylemap_id0</styleUrl>
		<Style>
			<IconStyle>
				<scale>1</scale>
				<Icon>
					<href>https://maps.google.com/mapfiles/kml/paddle/purple-stars.png</href>
				</Icon>
			</IconStyle>
			<LabelStyle>
				<color>ffffffff</color>
				<scale>1</scale>
			</LabelStyle>
		</Style>
		<Point>
			<extrude>1</extrude>
			<altitudeMode>relativeToGround</altitudeMode>
			<coordinates>135.18800354004,48.52799987793,0</coordinates>
		</Point>
	</Placemark>
	<Placemark>
		<name>UHMA</name>
		<styleUrl>#stylemap_id0</styleUrl>
		<Style>
			<IconStyle>
				<scale>1</scale>
				<Icon>
					<href>https://maps.google.com/mapfiles/kml/paddle/purple-stars.png</href>
				</Icon>
			</IconStyle>
			<LabelStyle>
				<color>ffffffff</color>
				<scale>1</scale>
			</LabelStyle>
		</Style>
		<Point>
			<extrude>1</extrude>
			<altitudeMode>relativeToGround</altitudeMode>
			<coordinates>177.740997,64.73490200000001,0</coordinates>
		</Point>
	</Placemark>
	<Placemark>
		<name>UHMM</name>
		<styleUrl>#stylemap_id0</styleUrl>
		<Style>
			<IconStyle>
				<scale>1</scale>
				<Icon>
					<href>https://maps.google.com/mapfiles/kml/paddle/purple-stars.png</href>
				</Icon>
			</IconStyle>
			<LabelStyle>
				<color>ffffffff</color>
				<scale>1</scale>
			</LabelStyle>
		</Style>
		<Point>
			<extrude>1</extrude>
			<altitudeMode>relativeToGround</altitudeMode>
			<coordinates>150.720001220703,59.9109992980957,0</coordinates>
		</Point>
	</Placemark>
	<Placemark>
		<name>UHPP</name>
		<styleUrl>#stylemap_id0</styleUrl>
		<Style>
			<IconStyle>
				<scale>1</scale>
				<Icon>
					<href>https://maps.google.com/mapfiles/kml/paddle/purple-stars.png</href>
				</Icon>
			</IconStyle>
			<LabelStyle>
				<color>ffffffff</color>
				<scale>1</scale>
			</LabelStyle>
		</Style>
		<Point>
			<extrude>1</extrude>
			<altitudeMode>relativeToGround</altitudeMode>
			<coordinates>158.453994750976,53.1679000854492,0</coordinates>
		</Point>
	</Placemark>
	<Placemark>
		<name>UHSS</name>
		<styleUrl>#stylemap_id0</styleUrl>
		<Style>
			<IconStyle>
				<scale>1</scale>
				<Icon>
					<href>https://maps.google.com/mapfiles/kml/paddle/purple-stars.png</href>
				</Icon>
			</IconStyle>
			<LabelStyle>
				<color>ffffffff</color>
				<scale>1</scale>
			</LabelStyle>
		</Style>
		<Point>
			<extrude>1</extrude>
			<altitudeMode>relativeToGround</altitudeMode>
			<coordinates>142.718002319335,46.8886985778808,0</coordinates>
		</Point>
	</Placemark>
	<Placemark>
		<name>UHWW</name>
		<styleUrl>#stylemap_id0</styleUrl>
		<Style>
			<IconStyle>
				<scale>1</scale>
				<Icon>
					<href>https://maps.google.com/mapfiles/kml/paddle/purple-stars.png</href>
				</Icon>
			</IconStyle>
			<LabelStyle>
				<color>ffffffff</color>
				<scale>1</scale>
			</LabelStyle>
		</Style>
		<Point>
			<extrude>1</extrude>
			<altitudeMode>relativeToGround</altitudeMode>
			<coordinates>132.148155,43.396256,0</coordinates>
		</Point>
	</Placemark>
	<Placemark>
		<name>UIBB</name>
		<styleUrl>#stylemap_id0</styleUrl>
		<Style>
			<IconStyle>
				<scale>1</scale>
				<Icon>
					<href>https://maps.google.com/mapfiles/kml/paddle/purple-stars.png</href>
				</Icon>
			</IconStyle>
			<LabelStyle>
				<color>ffffffff</color>
				<scale>1</scale>
			</LabelStyle>
		</Style>
		<Point>
			<extrude>1</extrude>
			<altitudeMode>relativeToGround</altitudeMode>
			<coordinates>101.697998046875,56.3706016540527,0</coordinates>
		</Point>
	</Placemark>
	<Placemark>
		<name>UIII</name>
		<styleUrl>#stylemap_id0</styleUrl>
		<Style>
			<IconStyle>
				<scale>1</scale>
				<Icon>
					<href>https://maps.google.com/mapfiles/kml/paddle/purple-stars.png</href>
				</Icon>
			</IconStyle>
			<LabelStyle>
				<color>ffffffff</color>
				<scale>1</scale>
			</LabelStyle>
		</Style>
		<Point>
			<extrude>1</extrude>
			<altitudeMode>relativeToGround</altitudeMode>
			<coordinates>104.38899993896,52.268001556396,0</coordinates>
		</Point>
	</Placemark>
	<Placemark>
		<name>UKBB</name>
		<styleUrl>#stylemap_id0</styleUrl>
		<Style>
			<IconStyle>
				<scale>1</scale>
				<Icon>
					<href>https://maps.google.com/mapfiles/kml/paddle/purple-stars.png</href>
				</Icon>
			</IconStyle>
			<LabelStyle>
				<color>ffffffff</color>
				<scale>1</scale>
			</LabelStyle>
		</Style>
		<Point>
			<extrude>1</extrude>
			<altitudeMode>relativeToGround</altitudeMode>
			<coordinates>30.8946990966796,50.34500122070309,0</coordinates>
		</Point>
	</Placemark>
	<Placemark>
		<name>ULLI</name>
		<styleUrl>#stylemap_id0</styleUrl>
		<Style>
			<IconStyle>
				<scale>1</scale>
				<Icon>
					<href>https://maps.google.com/mapfiles/kml/paddle/purple-stars.png</href>
				</Icon>
			</IconStyle>
			<LabelStyle>
				<color>ffffffff</color>
				<scale>1</scale>
			</LabelStyle>
		</Style>
		<Point>
			<extrude>1</extrude>
			<altitudeMode>relativeToGround</altitudeMode>
			<coordinates>30.2625007629394,59.8003005981445,0</coordinates>
		</Point>
	</Placemark>
	<Placemark>
		<name>UMMS</name>
		<styleUrl>#stylemap_id0</styleUrl>
		<Style>
			<IconStyle>
				<scale>1</scale>
				<Icon>
					<href>https://maps.google.com/mapfiles/kml/paddle/purple-stars.png</href>
				</Icon>
			</IconStyle>
			<LabelStyle>
				<color>ffffffff</color>
				<scale>1</scale>
			</LabelStyle>
		</Style>
		<Point>
			<extrude>1</extrude>
			<altitudeMode>relativeToGround</altitudeMode>
			<coordinates>28.030700683594,53.88249969482401,0</coordinates>
		</Point>
	</Placemark>
	<Placemark>
		<name>UNAA</name>
		<styleUrl>#stylemap_id0</styleUrl>
		<Style>
			<IconStyle>
				<scale>1</scale>
				<Icon>
					<href>https://maps.google.com/mapfiles/kml/paddle/purple-stars.png</href>
				</Icon>
			</IconStyle>
			<LabelStyle>
				<color>ffffffff</color>
				<scale>1</scale>
			</LabelStyle>
		</Style>
		<Point>
			<extrude>1</extrude>
			<altitudeMode>relativeToGround</altitudeMode>
			<coordinates>91.3850021362304,53.7400016784668,0</coordinates>
		</Point>
	</Placemark>
	<Placemark>
		<name>UNKL</name>
		<styleUrl>#stylemap_id0</styleUrl>
		<Style>
			<IconStyle>
				<scale>1</scale>
				<Icon>
					<href>https://maps.google.com/mapfiles/kml/paddle/purple-stars.png</href>
				</Icon>
			</IconStyle>
			<LabelStyle>
				<color>ffffffff</color>
				<scale>1</scale>
			</LabelStyle>
		</Style>
		<Point>
			<extrude>1</extrude>
			<altitudeMode>relativeToGround</altitudeMode>
			<coordinates>92.49330100000002,56.17290100000001,0</coordinates>
		</Point>
	</Placemark>
	<Placemark>
		<name>UNNT</name>
		<styleUrl>#stylemap_id0</styleUrl>
		<Style>
			<IconStyle>
				<scale>1</scale>
				<Icon>
					<href>https://maps.google.com/mapfiles/kml/paddle/purple-stars.png</href>
				</Icon>
			</IconStyle>
			<LabelStyle>
				<color>ffffffff</color>
				<scale>1</scale>
			</LabelStyle>
		</Style>
		<Point>
			<extrude>1</extrude>
			<altitudeMode>relativeToGround</altitudeMode>
			<coordinates>82.65070343017599,55.012599945068,0</coordinates>
		</Point>
	</Placemark>
	<Placemark>
		<name>URSS</name>
		<styleUrl>#stylemap_id0</styleUrl>
		<Style>
			<IconStyle>
				<scale>1</scale>
				<Icon>
					<href>https://maps.google.com/mapfiles/kml/paddle/purple-stars.png</href>
				</Icon>
			</IconStyle>
			<LabelStyle>
				<color>ffffffff</color>
				<scale>1</scale>
			</LabelStyle>
		</Style>
		<Point>
			<extrude>1</extrude>
			<altitudeMode>relativeToGround</altitudeMode>
			<coordinates>39.9566,43.449902,0</coordinates>
		</Point>
	</Placemark>
	<Placemark>
		<name>USCC</name>
		<styleUrl>#stylemap_id0</styleUrl>
		<Style>
			<IconStyle>
				<scale>1</scale>
				<Icon>
					<href>https://maps.google.com/mapfiles/kml/paddle/purple-stars.png</href>
				</Icon>
			</IconStyle>
			<LabelStyle>
				<color>ffffffff</color>
				<scale>1</scale>
			</LabelStyle>
		</Style>
		<Point>
			<extrude>1</extrude>
			<altitudeMode>relativeToGround</altitudeMode>
			<coordinates>61.5033,55.305801,0</coordinates>
		</Point>
	</Placemark>
	<Placemark>
		<name>USNN</name>
		<styleUrl>#stylemap_id0</styleUrl>
		<Style>
			<IconStyle>
				<scale>1</scale>
				<Icon>
					<href>https://maps.google.com/mapfiles/kml/paddle/purple-stars.png</href>
				</Icon>
			</IconStyle>
			<LabelStyle>
				<color>ffffffff</color>
				<scale>1</scale>
			</LabelStyle>
		</Style>
		<Point>
			<extrude>1</extrude>
			<altitudeMode>relativeToGround</altitudeMode>
			<coordinates>76.4835968017578,60.9492988586425,0</coordinates>
		</Point>
	</Placemark>
	<Placemark>
		<name>USPP</name>
		<styleUrl>#stylemap_id0</styleUrl>
		<Style>
			<IconStyle>
				<scale>1</scale>
				<Icon>
					<href>https://maps.google.com/mapfiles/kml/paddle/purple-stars.png</href>
				</Icon>
			</IconStyle>
			<LabelStyle>
				<color>ffffffff</color>
				<scale>1</scale>
			</LabelStyle>
		</Style>
		<Point>
			<extrude>1</extrude>
			<altitudeMode>relativeToGround</altitudeMode>
			<coordinates>56.021198272705,57.914501190186,0</coordinates>
		</Point>
	</Placemark>
	<Placemark>
		<name>USRR</name>
		<styleUrl>#stylemap_id0</styleUrl>
		<Style>
			<IconStyle>
				<scale>1</scale>
				<Icon>
					<href>https://maps.google.com/mapfiles/kml/paddle/purple-stars.png</href>
				</Icon>
			</IconStyle>
			<LabelStyle>
				<color>ffffffff</color>
				<scale>1</scale>
			</LabelStyle>
		</Style>
		<Point>
			<extrude>1</extrude>
			<altitudeMode>relativeToGround</altitudeMode>
			<coordinates>73.4018020629882,61.3437004089355,0</coordinates>
		</Point>
	</Placemark>
	<Placemark>
		<name>USSS</name>
		<styleUrl>#stylemap_id0</styleUrl>
		<Style>
			<IconStyle>
				<scale>1</scale>
				<Icon>
					<href>https://maps.google.com/mapfiles/kml/paddle/purple-stars.png</href>
				</Icon>
			</IconStyle>
			<LabelStyle>
				<color>ffffffff</color>
				<scale>1</scale>
			</LabelStyle>
		</Style>
		<Point>
			<extrude>1</extrude>
			<altitudeMode>relativeToGround</altitudeMode>
			<coordinates>60.802700042725,56.743099212646,0</coordinates>
		</Point>
	</Placemark>
	<Placemark>
		<name>UTDD</name>
		<styleUrl>#stylemap_id0</styleUrl>
		<Style>
			<IconStyle>
				<scale>1</scale>
				<Icon>
					<href>https://maps.google.com/mapfiles/kml/paddle/purple-stars.png</href>
				</Icon>
			</IconStyle>
			<LabelStyle>
				<color>ffffffff</color>
				<scale>1</scale>
			</LabelStyle>
		</Style>
		<Point>
			<extrude>1</extrude>
			<altitudeMode>relativeToGround</altitudeMode>
			<coordinates>68.8249969482,38.5433006286999,0</coordinates>
		</Point>
	</Placemark>
	<Placemark>
		<name>UZSS</name>
		<styleUrl>#stylemap_id0</styleUrl>
		<Style>
			<IconStyle>
				<scale>1</scale>
				<Icon>
					<href>https://maps.google.com/mapfiles/kml/paddle/purple-stars.png</href>
				</Icon>
			</IconStyle>
			<LabelStyle>
				<color>ffffffff</color>
				<scale>1</scale>
			</LabelStyle>
		</Style>
		<Point>
			<extrude>1</extrude>
			<altitudeMode>relativeToGround</altitudeMode>
			<coordinates>66.9838027954101,39.7005004882812,0</coordinates>
		</Point>
	</Placemark>
	<Placemark>
		<name>UZTT</name>
		<styleUrl>#stylemap_id0</styleUrl>
		<Style>
			<IconStyle>
				<scale>1</scale>
				<Icon>
					<href>https://maps.google.com/mapfiles/kml/paddle/purple-stars.png</href>
				</Icon>
			</IconStyle>
			<LabelStyle>
				<color>ffffffff</color>
				<scale>1</scale>
			</LabelStyle>
		</Style>
		<Point>
			<extrude>1</extrude>
			<altitudeMode>relativeToGround</altitudeMode>
			<coordinates>69.2811965942,41.257900238,0</coordinates>
		</Point>
	</Placemark>
	<Placemark>
		<name>UUDD</name>
		<styleUrl>#stylemap_id0</styleUrl>
		<Style>
			<IconStyle>
				<scale>1</scale>
				<Icon>
					<href>https://maps.google.com/mapfiles/kml/paddle/purple-stars.png</href>
				</Icon>
			</IconStyle>
			<LabelStyle>
				<color>ffffffff</color>
				<scale>1</scale>
			</LabelStyle>
		</Style>
		<Point>
			<extrude>1</extrude>
			<altitudeMode>relativeToGround</altitudeMode>
			<coordinates>37.9062995910644,55.40879821777339,0</coordinates>
		</Point>
	</Placemark>
	<Placemark>
		<name>UUDL</name>
		<styleUrl>#stylemap_id0</styleUrl>
		<Style>
			<IconStyle>
				<scale>1</scale>
				<Icon>
					<href>https://maps.google.com/mapfiles/kml/paddle/purple-stars.png</href>
				</Icon>
			</IconStyle>
			<LabelStyle>
				<color>ffffffff</color>
				<scale>1</scale>
			</LabelStyle>
		</Style>
		<Point>
			<extrude>1</extrude>
			<altitudeMode>relativeToGround</altitudeMode>
			<coordinates>40.157369,57.560667,0</coordinates>
		</Point>
	</Placemark>
	<Placemark>
		<name>UUEE</name>
		<styleUrl>#stylemap_id0</styleUrl>
		<Style>
			<IconStyle>
				<scale>1</scale>
				<Icon>
					<href>https://maps.google.com/mapfiles/kml/paddle/purple-stars.png</href>
				</Icon>
			</IconStyle>
			<LabelStyle>
				<color>ffffffff</color>
				<scale>1</scale>
			</LabelStyle>
		</Style>
		<Point>
			<extrude>1</extrude>
			<altitudeMode>relativeToGround</altitudeMode>
			<coordinates>37.4146,55.972599,0</coordinates>
		</Point>
	</Placemark>
	<Placemark>
		<name>UUWW</name>
		<styleUrl>#stylemap_id0</styleUrl>
		<Style>
			<IconStyle>
				<scale>1</scale>
				<Icon>
					<href>https://maps.google.com/mapfiles/kml/paddle/purple-stars.png</href>
				</Icon>
			</IconStyle>
			<LabelStyle>
				<color>ffffffff</color>
				<scale>1</scale>
			</LabelStyle>
		</Style>
		<Point>
			<extrude>1</extrude>
			<altitudeMode>relativeToGround</altitudeMode>
			<coordinates>37.2615013123,55.59149932859999,0</coordinates>
		</Point>
	</Placemark>
	<Placemark>
		<name>UUYY</name>
		<styleUrl>#stylemap_id0</styleUrl>
		<Style>
			<IconStyle>
				<scale>1</scale>
				<Icon>
					<href>https://maps.google.com/mapfiles/kml/paddle/purple-stars.png</href>
				</Icon>
			</IconStyle>
			<LabelStyle>
				<color>ffffffff</color>
				<scale>1</scale>
			</LabelStyle>
		</Style>
		<Point>
			<extrude>1</extrude>
			<altitudeMode>relativeToGround</altitudeMode>
			<coordinates>50.845100402832,61.64699935913081,0</coordinates>
		</Point>
	</Placemark>
	<Placemark>
		<name>UWGG</name>
		<styleUrl>#stylemap_id0</styleUrl>
		<Style>
			<IconStyle>
				<scale>1</scale>
				<Icon>
					<href>https://maps.google.com/mapfiles/kml/paddle/purple-stars.png</href>
				</Icon>
			</IconStyle>
			<LabelStyle>
				<color>ffffffff</color>
				<scale>1</scale>
			</LabelStyle>
		</Style>
		<Point>
			<extrude>1</extrude>
			<altitudeMode>relativeToGround</altitudeMode>
			<coordinates>43.784000396729,56.230098724365,0</coordinates>
		</Point>
	</Placemark>
	<Placemark>
		<name>UWKD</name>
		<styleUrl>#stylemap_id0</styleUrl>
		<Style>
			<IconStyle>
				<scale>1</scale>
				<Icon>
					<href>https://maps.google.com/mapfiles/kml/paddle/purple-stars.png</href>
				</Icon>
			</IconStyle>
			<LabelStyle>
				<color>ffffffff</color>
				<scale>1</scale>
			</LabelStyle>
		</Style>
		<Point>
			<extrude>1</extrude>
			<altitudeMode>relativeToGround</altitudeMode>
			<coordinates>49.278701782227,55.60620117187499,0</coordinates>
		</Point>
	</Placemark>
	<Placemark>
		<name>UWKE</name>
		<styleUrl>#stylemap_id0</styleUrl>
		<Style>
			<IconStyle>
				<scale>1</scale>
				<Icon>
					<href>https://maps.google.com/mapfiles/kml/paddle/purple-stars.png</href>
				</Icon>
			</IconStyle>
			<LabelStyle>
				<color>ffffffff</color>
				<scale>1</scale>
			</LabelStyle>
		</Style>
		<Point>
			<extrude>1</extrude>
			<altitudeMode>relativeToGround</altitudeMode>
			<coordinates>52.09249877929679,55.5647010803222,0</coordinates>
		</Point>
	</Placemark>
	<Placemark>
		<name>UWKS</name>
		<styleUrl>#stylemap_id0</styleUrl>
		<Style>
			<IconStyle>
				<scale>1</scale>
				<Icon>
					<href>https://maps.google.com/mapfiles/kml/paddle/purple-stars.png</href>
				</Icon>
			</IconStyle>
			<LabelStyle>
				<color>ffffffff</color>
				<scale>1</scale>
			</LabelStyle>
		</Style>
		<Point>
			<extrude>1</extrude>
			<altitudeMode>relativeToGround</altitudeMode>
			<coordinates>47.3473014831543,56.0903015136718,0</coordinates>
		</Point>
	</Placemark>
	<Placemark>
		<name>UWUU</name>
		<styleUrl>#stylemap_id0</styleUrl>
		<Style>
			<IconStyle>
				<scale>1</scale>
				<Icon>
					<href>https://maps.google.com/mapfiles/kml/paddle/purple-stars.png</href>
				</Icon>
			</IconStyle>
			<LabelStyle>
				<color>ffffffff</color>
				<scale>1</scale>
			</LabelStyle>
		</Style>
		<Point>
			<extrude>1</extrude>
			<altitudeMode>relativeToGround</altitudeMode>
			<coordinates>55.87440109252899,54.557498931885,0</coordinates>
		</Point>
	</Placemark>
	<Placemark>
		<name>VAAH</name>
		<styleUrl>#stylemap_id0</styleUrl>
		<Style>
			<IconStyle>
				<scale>1</scale>
				<Icon>
					<href>https://maps.google.com/mapfiles/kml/paddle/purple-stars.png</href>
				</Icon>
			</IconStyle>
			<LabelStyle>
				<color>ffffffff</color>
				<scale>1</scale>
			</LabelStyle>
		</Style>
		<Point>
			<extrude>1</extrude>
			<altitudeMode>relativeToGround</altitudeMode>
			<coordinates>72.63469696039991,23.0771999359,0</coordinates>
		</Point>
	</Placemark>
	<Placemark>
		<name>VANP</name>
		<styleUrl>#stylemap_id0</styleUrl>
		<Style>
			<IconStyle>
				<scale>1</scale>
				<Icon>
					<href>https://maps.google.com/mapfiles/kml/paddle/purple-stars.png</href>
				</Icon>
			</IconStyle>
			<LabelStyle>
				<color>ffffffff</color>
				<scale>1</scale>
			</LabelStyle>
		</Style>
		<Point>
			<extrude>1</extrude>
			<altitudeMode>relativeToGround</altitudeMode>
			<coordinates>79.047203,21.092199,0</coordinates>
		</Point>
	</Placemark>
	<Placemark>
		<name>VCBI</name>
		<styleUrl>#stylemap_id0</styleUrl>
		<Style>
			<IconStyle>
				<scale>1</scale>
				<Icon>
					<href>https://maps.google.com/mapfiles/kml/paddle/purple-stars.png</href>
				</Icon>
			</IconStyle>
			<LabelStyle>
				<color>ffffffff</color>
				<scale>1</scale>
			</LabelStyle>
		</Style>
		<Point>
			<extrude>1</extrude>
			<altitudeMode>relativeToGround</altitudeMode>
			<coordinates>79.8841018676757,7.180759906768791,0</coordinates>
		</Point>
	</Placemark>
	<Placemark>
		<name>VDTI</name>
		<styleUrl>#stylemap_id0</styleUrl>
		<Style>
			<IconStyle>
				<scale>1</scale>
				<Icon>
					<href>https://maps.google.com/mapfiles/kml/paddle/purple-stars.png</href>
				</Icon>
			</IconStyle>
			<LabelStyle>
				<color>ffffffff</color>
				<scale>1</scale>
			</LabelStyle>
		</Style>
		<Point>
			<extrude>1</extrude>
			<altitudeMode>relativeToGround</altitudeMode>
			<coordinates>104.933529287352,11.3590757107557,0</coordinates>
		</Point>
	</Placemark>
	<Placemark>
		<name>VDSA</name>
		<styleUrl>#stylemap_id0</styleUrl>
		<Style>
			<IconStyle>
				<scale>1</scale>
				<Icon>
					<href>https://maps.google.com/mapfiles/kml/paddle/purple-stars.png</href>
				</Icon>
			</IconStyle>
			<LabelStyle>
				<color>ffffffff</color>
				<scale>1</scale>
			</LabelStyle>
		</Style>
		<Point>
			<extrude>1</extrude>
			<altitudeMode>relativeToGround</altitudeMode>
			<coordinates>104.220782517772,13.3757723057204,0</coordinates>
		</Point>
	</Placemark>
	<Placemark>
		<name>VECC</name>
		<styleUrl>#stylemap_id0</styleUrl>
		<Style>
			<IconStyle>
				<scale>1</scale>
				<Icon>
					<href>https://maps.google.com/mapfiles/kml/paddle/purple-stars.png</href>
				</Icon>
			</IconStyle>
			<LabelStyle>
				<color>ffffffff</color>
				<scale>1</scale>
			</LabelStyle>
		</Style>
		<Point>
			<extrude>1</extrude>
			<altitudeMode>relativeToGround</altitudeMode>
			<coordinates>88.4467010498046,22.6546993255615,0</coordinates>
		</Point>
	</Placemark>
	<Placemark>
		<name>VEDG</name>
		<styleUrl>#stylemap_id0</styleUrl>
		<Style>
			<IconStyle>
				<scale>1</scale>
				<Icon>
					<href>https://maps.google.com/mapfiles/kml/paddle/purple-stars.png</href>
				</Icon>
			</IconStyle>
			<LabelStyle>
				<color>ffffffff</color>
				<scale>1</scale>
			</LabelStyle>
		</Style>
		<Point>
			<extrude>1</extrude>
			<altitudeMode>relativeToGround</altitudeMode>
			<coordinates>87.24299999999999,23.6225,0</coordinates>
		</Point>
	</Placemark>
	<Placemark>
		<name>VERC</name>
		<styleUrl>#stylemap_id0</styleUrl>
		<Style>
			<IconStyle>
				<scale>1</scale>
				<Icon>
					<href>https://maps.google.com/mapfiles/kml/paddle/purple-stars.png</href>
				</Icon>
			</IconStyle>
			<LabelStyle>
				<color>ffffffff</color>
				<scale>1</scale>
			</LabelStyle>
		</Style>
		<Point>
			<extrude>1</extrude>
			<altitudeMode>relativeToGround</altitudeMode>
			<coordinates>85.3217010498,23.3143005371,0</coordinates>
		</Point>
	</Placemark>
	<Placemark>
		<name>VGHS</name>
		<styleUrl>#stylemap_id0</styleUrl>
		<Style>
			<IconStyle>
				<scale>1</scale>
				<Icon>
					<href>https://maps.google.com/mapfiles/kml/paddle/purple-stars.png</href>
				</Icon>
			</IconStyle>
			<LabelStyle>
				<color>ffffffff</color>
				<scale>1</scale>
			</LabelStyle>
		</Style>
		<Point>
			<extrude>1</extrude>
			<altitudeMode>relativeToGround</altitudeMode>
			<coordinates>90.40305599999999,23.843333,0</coordinates>
		</Point>
	</Placemark>
	<Placemark>
		<name>VHHH</name>
		<styleUrl>#stylemap_id0</styleUrl>
		<Style>
			<IconStyle>
				<scale>1</scale>
				<Icon>
					<href>https://maps.google.com/mapfiles/kml/paddle/purple-stars.png</href>
				</Icon>
			</IconStyle>
			<LabelStyle>
				<color>ffffffff</color>
				<scale>1</scale>
			</LabelStyle>
		</Style>
		<Point>
			<extrude>1</extrude>
			<altitudeMode>relativeToGround</altitudeMode>
			<coordinates>113.915001,22.308901,0</coordinates>
		</Point>
	</Placemark>
	<Placemark>
		<name>VIDP</name>
		<styleUrl>#stylemap_id0</styleUrl>
		<Style>
			<IconStyle>
				<scale>1</scale>
				<Icon>
					<href>https://maps.google.com/mapfiles/kml/paddle/purple-stars.png</href>
				</Icon>
			</IconStyle>
			<LabelStyle>
				<color>ffffffff</color>
				<scale>1</scale>
			</LabelStyle>
		</Style>
		<Point>
			<extrude>1</extrude>
			<altitudeMode>relativeToGround</altitudeMode>
			<coordinates>77.103104,28.5665,0</coordinates>
		</Point>
	</Placemark>
	<Placemark>
		<name>VLPS</name>
		<styleUrl>#stylemap_id0</styleUrl>
		<Style>
			<IconStyle>
				<scale>1</scale>
				<Icon>
					<href>https://maps.google.com/mapfiles/kml/paddle/purple-stars.png</href>
				</Icon>
			</IconStyle>
			<LabelStyle>
				<color>ffffffff</color>
				<scale>1</scale>
			</LabelStyle>
		</Style>
		<Point>
			<extrude>1</extrude>
			<altitudeMode>relativeToGround</altitudeMode>
			<coordinates>105.78099822998,15.1321001052856,0</coordinates>
		</Point>
	</Placemark>
	<Placemark>
		<name>VMMC</name>
		<styleUrl>#stylemap_id0</styleUrl>
		<Style>
			<IconStyle>
				<scale>1</scale>
				<Icon>
					<href>https://maps.google.com/mapfiles/kml/paddle/purple-stars.png</href>
				</Icon>
			</IconStyle>
			<LabelStyle>
				<color>ffffffff</color>
				<scale>1</scale>
			</LabelStyle>
		</Style>
		<Point>
			<extrude>1</extrude>
			<altitudeMode>relativeToGround</altitudeMode>
			<coordinates>113.592003,22.149599,0</coordinates>
		</Point>
	</Placemark>
	<Placemark>
		<name>VOHS</name>
		<styleUrl>#stylemap_id0</styleUrl>
		<Style>
			<IconStyle>
				<scale>1</scale>
				<Icon>
					<href>https://maps.google.com/mapfiles/kml/paddle/purple-stars.png</href>
				</Icon>
			</IconStyle>
			<LabelStyle>
				<color>ffffffff</color>
				<scale>1</scale>
			</LabelStyle>
		</Style>
		<Point>
			<extrude>1</extrude>
			<altitudeMode>relativeToGround</altitudeMode>
			<coordinates>78.429855,17.231318,0</coordinates>
		</Point>
	</Placemark>
	<Placemark>
		<name>VOMM</name>
		<styleUrl>#stylemap_id0</styleUrl>
		<Style>
			<IconStyle>
				<scale>1</scale>
				<Icon>
					<href>https://maps.google.com/mapfiles/kml/paddle/purple-stars.png</href>
				</Icon>
			</IconStyle>
			<LabelStyle>
				<color>ffffffff</color>
				<scale>1</scale>
			</LabelStyle>
		</Style>
		<Point>
			<extrude>1</extrude>
			<altitudeMode>relativeToGround</altitudeMode>
			<coordinates>80.169296,12.990005,0</coordinates>
		</Point>
	</Placemark>
	<Placemark>
		<name>VRMM</name>
		<styleUrl>#stylemap_id0</styleUrl>
		<Style>
			<IconStyle>
				<scale>1</scale>
				<Icon>
					<href>https://maps.google.com/mapfiles/kml/paddle/purple-stars.png</href>
				</Icon>
			</IconStyle>
			<LabelStyle>
				<color>ffffffff</color>
				<scale>1</scale>
			</LabelStyle>
		</Style>
		<Point>
			<extrude>1</extrude>
			<altitudeMode>relativeToGround</altitudeMode>
			<coordinates>73.5290985107421,4.19183015823364,0</coordinates>
		</Point>
	</Placemark>
	<Placemark>
		<name>VTBD</name>
		<styleUrl>#stylemap_id0</styleUrl>
		<Style>
			<IconStyle>
				<scale>1</scale>
				<Icon>
					<href>https://maps.google.com/mapfiles/kml/paddle/purple-stars.png</href>
				</Icon>
			</IconStyle>
			<LabelStyle>
				<color>ffffffff</color>
				<scale>1</scale>
			</LabelStyle>
		</Style>
		<Point>
			<extrude>1</extrude>
			<altitudeMode>relativeToGround</altitudeMode>
			<coordinates>100.607002258,13.9125995636,0</coordinates>
		</Point>
	</Placemark>
	<Placemark>
		<name>VTBS</name>
		<styleUrl>#stylemap_id0</styleUrl>
		<Style>
			<IconStyle>
				<scale>1</scale>
				<Icon>
					<href>https://maps.google.com/mapfiles/kml/paddle/purple-stars.png</href>
				</Icon>
			</IconStyle>
			<LabelStyle>
				<color>ffffffff</color>
				<scale>1</scale>
			</LabelStyle>
		</Style>
		<Point>
			<extrude>1</extrude>
			<altitudeMode>relativeToGround</altitudeMode>
			<coordinates>100.747001647949,13.6810998916625,0</coordinates>
		</Point>
	</Placemark>
	<Placemark>
		<name>VTBU</name>
		<styleUrl>#stylemap_id0</styleUrl>
		<Style>
			<IconStyle>
				<scale>1</scale>
				<Icon>
					<href>https://maps.google.com/mapfiles/kml/paddle/purple-stars.png</href>
				</Icon>
			</IconStyle>
			<LabelStyle>
				<color>ffffffff</color>
				<scale>1</scale>
			</LabelStyle>
		</Style>
		<Point>
			<extrude>1</extrude>
			<altitudeMode>relativeToGround</altitudeMode>
			<coordinates>101.004997253417,12.6799001693725,0</coordinates>
		</Point>
	</Placemark>
	<Placemark>
		<name>VTCC</name>
		<styleUrl>#stylemap_id0</styleUrl>
		<Style>
			<IconStyle>
				<scale>1</scale>
				<Icon>
					<href>https://maps.google.com/mapfiles/kml/paddle/purple-stars.png</href>
				</Icon>
			</IconStyle>
			<LabelStyle>
				<color>ffffffff</color>
				<scale>1</scale>
			</LabelStyle>
		</Style>
		<Point>
			<extrude>1</extrude>
			<altitudeMode>relativeToGround</altitudeMode>
			<coordinates>98.962600708,18.7667999267999,0</coordinates>
		</Point>
	</Placemark>
	<Placemark>
		<name>VTSG</name>
		<styleUrl>#stylemap_id0</styleUrl>
		<Style>
			<IconStyle>
				<scale>1</scale>
				<Icon>
					<href>https://maps.google.com/mapfiles/kml/paddle/purple-stars.png</href>
				</Icon>
			</IconStyle>
			<LabelStyle>
				<color>ffffffff</color>
				<scale>1</scale>
			</LabelStyle>
		</Style>
		<Point>
			<extrude>1</extrude>
			<altitudeMode>relativeToGround</altitudeMode>
			<coordinates>98.9861984253,8.09912014008,0</coordinates>
		</Point>
	</Placemark>
	<Placemark>
		<name>VTSP</name>
		<styleUrl>#stylemap_id0</styleUrl>
		<Style>
			<IconStyle>
				<scale>1</scale>
				<Icon>
					<href>https://maps.google.com/mapfiles/kml/paddle/purple-stars.png</href>
				</Icon>
			</IconStyle>
			<LabelStyle>
				<color>ffffffff</color>
				<scale>1</scale>
			</LabelStyle>
		</Style>
		<Point>
			<extrude>1</extrude>
			<altitudeMode>relativeToGround</altitudeMode>
			<coordinates>98.316902,8.113200000000001,0</coordinates>
		</Point>
	</Placemark>
	<Placemark>
		<name>VVCI</name>
		<styleUrl>#stylemap_id0</styleUrl>
		<Style>
			<IconStyle>
				<scale>1</scale>
				<Icon>
					<href>https://maps.google.com/mapfiles/kml/paddle/purple-stars.png</href>
				</Icon>
			</IconStyle>
			<LabelStyle>
				<color>ffffffff</color>
				<scale>1</scale>
			</LabelStyle>
		</Style>
		<Point>
			<extrude>1</extrude>
			<altitudeMode>relativeToGround</altitudeMode>
			<coordinates>106.724998474121,20.8194007873535,0</coordinates>
		</Point>
	</Placemark>
	<Placemark>
		<name>VVCR</name>
		<styleUrl>#stylemap_id0</styleUrl>
		<Style>
			<IconStyle>
				<scale>1</scale>
				<Icon>
					<href>https://maps.google.com/mapfiles/kml/paddle/purple-stars.png</href>
				</Icon>
			</IconStyle>
			<LabelStyle>
				<color>ffffffff</color>
				<scale>1</scale>
			</LabelStyle>
		</Style>
		<Point>
			<extrude>1</extrude>
			<altitudeMode>relativeToGround</altitudeMode>
			<coordinates>109.219002,11.9982,0</coordinates>
		</Point>
	</Placemark>
	<Placemark>
		<name>VVDN</name>
		<styleUrl>#stylemap_id0</styleUrl>
		<Style>
			<IconStyle>
				<scale>1</scale>
				<Icon>
					<href>https://maps.google.com/mapfiles/kml/paddle/purple-stars.png</href>
				</Icon>
			</IconStyle>
			<LabelStyle>
				<color>ffffffff</color>
				<scale>1</scale>
			</LabelStyle>
		</Style>
		<Point>
			<extrude>1</extrude>
			<altitudeMode>relativeToGround</altitudeMode>
			<coordinates>108.198997497558,16.0438995361328,0</coordinates>
		</Point>
	</Placemark>
	<Placemark>
		<name>VVNB</name>
		<styleUrl>#stylemap_id0</styleUrl>
		<Style>
			<IconStyle>
				<scale>1</scale>
				<Icon>
					<href>https://maps.google.com/mapfiles/kml/paddle/purple-stars.png</href>
				</Icon>
			</IconStyle>
			<LabelStyle>
				<color>ffffffff</color>
				<scale>1</scale>
			</LabelStyle>
		</Style>
		<Point>
			<extrude>1</extrude>
			<altitudeMode>relativeToGround</altitudeMode>
			<coordinates>105.806999,21.221201,0</coordinates>
		</Point>
	</Placemark>
	<Placemark>
		<name>VVTS</name>
		<styleUrl>#stylemap_id0</styleUrl>
		<Style>
			<IconStyle>
				<scale>1</scale>
				<Icon>
					<href>https://maps.google.com/mapfiles/kml/paddle/purple-stars.png</href>
				</Icon>
			</IconStyle>
			<LabelStyle>
				<color>ffffffff</color>
				<scale>1</scale>
			</LabelStyle>
		</Style>
		<Point>
			<extrude>1</extrude>
			<altitudeMode>relativeToGround</altitudeMode>
			<coordinates>106.652000427,10.8187999725,0</coordinates>
		</Point>
	</Placemark>
	<Placemark>
		<name>VYYY</name>
		<styleUrl>#stylemap_id0</styleUrl>
		<Style>
			<IconStyle>
				<scale>1</scale>
				<Icon>
					<href>https://maps.google.com/mapfiles/kml/paddle/purple-stars.png</href>
				</Icon>
			</IconStyle>
			<LabelStyle>
				<color>ffffffff</color>
				<scale>1</scale>
			</LabelStyle>
		</Style>
		<Point>
			<extrude>1</extrude>
			<altitudeMode>relativeToGround</altitudeMode>
			<coordinates>96.1332015991,16.9073009490999,0</coordinates>
		</Point>
	</Placemark>
	<Placemark>
		<name>WADD</name>
		<styleUrl>#stylemap_id0</styleUrl>
		<Style>
			<IconStyle>
				<scale>1</scale>
				<Icon>
					<href>https://maps.google.com/mapfiles/kml/paddle/purple-stars.png</href>
				</Icon>
			</IconStyle>
			<LabelStyle>
				<color>ffffffff</color>
				<scale>1</scale>
			</LabelStyle>
		</Style>
		<Point>
			<extrude>1</extrude>
			<altitudeMode>relativeToGround</altitudeMode>
			<coordinates>115.16699981689,-8.7481698989868,0</coordinates>
		</Point>
	</Placemark>
	<Placemark>
		<name>WAGG</name>
		<styleUrl>#stylemap_id0</styleUrl>
		<Style>
			<IconStyle>
				<scale>1</scale>
				<Icon>
					<href>https://maps.google.com/mapfiles/kml/paddle/purple-stars.png</href>
				</Icon>
			</IconStyle>
			<LabelStyle>
				<color>ffffffff</color>
				<scale>1</scale>
			</LabelStyle>
		</Style>
		<Point>
			<extrude>1</extrude>
			<altitudeMode>relativeToGround</altitudeMode>
			<coordinates>113.943,-2.22513,0</coordinates>
		</Point>
	</Placemark>
	<Placemark>
		<name>WAOO</name>
		<styleUrl>#stylemap_id0</styleUrl>
		<Style>
			<IconStyle>
				<scale>1</scale>
				<Icon>
					<href>https://maps.google.com/mapfiles/kml/paddle/purple-stars.png</href>
				</Icon>
			</IconStyle>
			<LabelStyle>
				<color>ffffffff</color>
				<scale>1</scale>
			</LabelStyle>
		</Style>
		<Point>
			<extrude>1</extrude>
			<altitudeMode>relativeToGround</altitudeMode>
			<coordinates>114.7625,-3.442222,0</coordinates>
		</Point>
	</Placemark>
	<Placemark>
		<name>WARR</name>
		<styleUrl>#stylemap_id0</styleUrl>
		<Style>
			<IconStyle>
				<scale>1</scale>
				<Icon>
					<href>https://maps.google.com/mapfiles/kml/paddle/purple-stars.png</href>
				</Icon>
			</IconStyle>
			<LabelStyle>
				<color>ffffffff</color>
				<scale>1</scale>
			</LabelStyle>
		</Style>
		<Point>
			<extrude>1</extrude>
			<altitudeMode>relativeToGround</altitudeMode>
			<coordinates>112.787002563476,-7.37982988357543,0</coordinates>
		</Point>
	</Placemark>
	<Placemark>
		<name>WBKK</name>
		<styleUrl>#stylemap_id0</styleUrl>
		<Style>
			<IconStyle>
				<scale>1</scale>
				<Icon>
					<href>https://maps.google.com/mapfiles/kml/paddle/purple-stars.png</href>
				</Icon>
			</IconStyle>
			<LabelStyle>
				<color>ffffffff</color>
				<scale>1</scale>
			</LabelStyle>
		</Style>
		<Point>
			<extrude>1</extrude>
			<altitudeMode>relativeToGround</altitudeMode>
			<coordinates>116.051002502441,5.937210083007809,0</coordinates>
		</Point>
	</Placemark>
	<Placemark>
		<name>WBSB</name>
		<styleUrl>#stylemap_id0</styleUrl>
		<Style>
			<IconStyle>
				<scale>1</scale>
				<Icon>
					<href>https://maps.google.com/mapfiles/kml/paddle/purple-stars.png</href>
				</Icon>
			</IconStyle>
			<LabelStyle>
				<color>ffffffff</color>
				<scale>1</scale>
			</LabelStyle>
		</Style>
		<Point>
			<extrude>1</extrude>
			<altitudeMode>relativeToGround</altitudeMode>
			<coordinates>114.928001403808,4.94420003890991,0</coordinates>
		</Point>
	</Placemark>
	<Placemark>
		<name>WIHH</name>
		<styleUrl>#stylemap_id0</styleUrl>
		<Style>
			<IconStyle>
				<scale>1</scale>
				<Icon>
					<href>https://maps.google.com/mapfiles/kml/paddle/purple-stars.png</href>
				</Icon>
			</IconStyle>
			<LabelStyle>
				<color>ffffffff</color>
				<scale>1</scale>
			</LabelStyle>
		</Style>
		<Point>
			<extrude>1</extrude>
			<altitudeMode>relativeToGround</altitudeMode>
			<coordinates>106.890998840332,-6.266610145568839,0</coordinates>
		</Point>
	</Placemark>
	<Placemark>
		<name>WIII</name>
		<styleUrl>#stylemap_id0</styleUrl>
		<Style>
			<IconStyle>
				<scale>1</scale>
				<Icon>
					<href>https://maps.google.com/mapfiles/kml/paddle/purple-stars.png</href>
				</Icon>
			</IconStyle>
			<LabelStyle>
				<color>ffffffff</color>
				<scale>1</scale>
			</LabelStyle>
		</Style>
		<Point>
			<extrude>1</extrude>
			<altitudeMode>relativeToGround</altitudeMode>
			<coordinates>106.65599823,-6.125569820400001,0</coordinates>
		</Point>
	</Placemark>
	<Placemark>
		<name>WIMM</name>
		<styleUrl>#stylemap_id0</styleUrl>
		<Style>
			<IconStyle>
				<scale>1</scale>
				<Icon>
					<href>https://maps.google.com/mapfiles/kml/paddle/purple-stars.png</href>
				</Icon>
			</IconStyle>
			<LabelStyle>
				<color>ffffffff</color>
				<scale>1</scale>
			</LabelStyle>
		</Style>
		<Point>
			<extrude>1</extrude>
			<altitudeMode>relativeToGround</altitudeMode>
			<coordinates>98.885278,3.642222,0</coordinates>
		</Point>
	</Placemark>
	<Placemark>
		<name>WMKJ</name>
		<styleUrl>#stylemap_id0</styleUrl>
		<Style>
			<IconStyle>
				<scale>1</scale>
				<Icon>
					<href>https://maps.google.com/mapfiles/kml/paddle/purple-stars.png</href>
				</Icon>
			</IconStyle>
			<LabelStyle>
				<color>ffffffff</color>
				<scale>1</scale>
			</LabelStyle>
		</Style>
		<Point>
			<extrude>1</extrude>
			<altitudeMode>relativeToGround</altitudeMode>
			<coordinates>103.669998,1.64131,0</coordinates>
		</Point>
	</Placemark>
	<Placemark>
		<name>WMKK</name>
		<styleUrl>#stylemap_id0</styleUrl>
		<Style>
			<IconStyle>
				<scale>1</scale>
				<Icon>
					<href>https://maps.google.com/mapfiles/kml/paddle/purple-stars.png</href>
				</Icon>
			</IconStyle>
			<LabelStyle>
				<color>ffffffff</color>
				<scale>1</scale>
			</LabelStyle>
		</Style>
		<Point>
			<extrude>1</extrude>
			<altitudeMode>relativeToGround</altitudeMode>
			<coordinates>101.70999908447,2.745579957962,0</coordinates>
		</Point>
	</Placemark>
	<Placemark>
		<name>WMSA</name>
		<styleUrl>#stylemap_id0</styleUrl>
		<Style>
			<IconStyle>
				<scale>1</scale>
				<Icon>
					<href>https://maps.google.com/mapfiles/kml/paddle/purple-stars.png</href>
				</Icon>
			</IconStyle>
			<LabelStyle>
				<color>ffffffff</color>
				<scale>1</scale>
			</LabelStyle>
		</Style>
		<Point>
			<extrude>1</extrude>
			<altitudeMode>relativeToGround</altitudeMode>
			<coordinates>101.549003601074,3.13057994842529,0</coordinates>
		</Point>
	</Placemark>
	<Placemark>
		<name>WSAP</name>
		<styleUrl>#stylemap_id0</styleUrl>
		<Style>
			<IconStyle>
				<scale>1</scale>
				<Icon>
					<href>https://maps.google.com/mapfiles/kml/paddle/purple-stars.png</href>
				</Icon>
			</IconStyle>
			<LabelStyle>
				<color>ffffffff</color>
				<scale>1</scale>
			</LabelStyle>
		</Style>
		<Point>
			<extrude>1</extrude>
			<altitudeMode>relativeToGround</altitudeMode>
			<coordinates>103.910003662109,1.3604199886322,0</coordinates>
		</Point>
	</Placemark>
	<Placemark>
		<name>WSSL</name>
		<styleUrl>#stylemap_id0</styleUrl>
		<Style>
			<IconStyle>
				<scale>1</scale>
				<Icon>
					<href>https://maps.google.com/mapfiles/kml/paddle/purple-stars.png</href>
				</Icon>
			</IconStyle>
			<LabelStyle>
				<color>ffffffff</color>
				<scale>1</scale>
			</LabelStyle>
		</Style>
		<Point>
			<extrude>1</extrude>
			<altitudeMode>relativeToGround</altitudeMode>
			<coordinates>103.86799621582,1.41694998741149,0</coordinates>
		</Point>
	</Placemark>
	<Placemark>
		<name>WSSS</name>
		<styleUrl>#stylemap_id0</styleUrl>
		<Style>
			<IconStyle>
				<scale>1</scale>
				<Icon>
					<href>https://maps.google.com/mapfiles/kml/paddle/purple-stars.png</href>
				</Icon>
			</IconStyle>
			<LabelStyle>
				<color>ffffffff</color>
				<scale>1</scale>
			</LabelStyle>
		</Style>
		<Point>
			<extrude>1</extrude>
			<altitudeMode>relativeToGround</altitudeMode>
			<coordinates>103.994003,1.35019,0</coordinates>
		</Point>
	</Placemark>
	<Placemark>
		<name>YBBN</name>
		<styleUrl>#stylemap_id0</styleUrl>
		<Style>
			<IconStyle>
				<scale>1</scale>
				<Icon>
					<href>https://maps.google.com/mapfiles/kml/paddle/purple-stars.png</href>
				</Icon>
			</IconStyle>
			<LabelStyle>
				<color>ffffffff</color>
				<scale>1</scale>
			</LabelStyle>
		</Style>
		<Point>
			<extrude>1</extrude>
			<altitudeMode>relativeToGround</altitudeMode>
			<coordinates>153.117004394531,-27.384199142456,0</coordinates>
		</Point>
	</Placemark>
	<Placemark>
		<name>YBCS</name>
		<styleUrl>#stylemap_id0</styleUrl>
		<Style>
			<IconStyle>
				<scale>1</scale>
				<Icon>
					<href>https://maps.google.com/mapfiles/kml/paddle/purple-stars.png</href>
				</Icon>
			</IconStyle>
			<LabelStyle>
				<color>ffffffff</color>
				<scale>1</scale>
			</LabelStyle>
		</Style>
		<Point>
			<extrude>1</extrude>
			<altitudeMode>relativeToGround</altitudeMode>
			<coordinates>145.755004883,-16.885799408,0</coordinates>
		</Point>
	</Placemark>
	<Placemark>
		<name>YMML</name>
		<styleUrl>#stylemap_id0</styleUrl>
		<Style>
			<IconStyle>
				<scale>1</scale>
				<Icon>
					<href>https://maps.google.com/mapfiles/kml/paddle/purple-stars.png</href>
				</Icon>
			</IconStyle>
			<LabelStyle>
				<color>ffffffff</color>
				<scale>1</scale>
			</LabelStyle>
		</Style>
		<Point>
			<extrude>1</extrude>
			<altitudeMode>relativeToGround</altitudeMode>
			<coordinates>144.843002,-37.673302,0</coordinates>
		</Point>
	</Placemark>
	<Placemark>
		<name>YPAD</name>
		<styleUrl>#stylemap_id0</styleUrl>
		<Style>
			<IconStyle>
				<scale>1</scale>
				<Icon>
					<href>https://maps.google.com/mapfiles/kml/paddle/purple-stars.png</href>
				</Icon>
			</IconStyle>
			<LabelStyle>
				<color>ffffffff</color>
				<scale>1</scale>
			</LabelStyle>
		</Style>
		<Point>
			<extrude>1</extrude>
			<altitudeMode>relativeToGround</altitudeMode>
			<coordinates>138.531006,-34.945,0</coordinates>
		</Point>
	</Placemark>
	<Placemark>
		<name>YPPH</name>
		<styleUrl>#stylemap_id0</styleUrl>
		<Style>
			<IconStyle>
				<scale>1</scale>
				<Icon>
					<href>https://maps.google.com/mapfiles/kml/paddle/purple-stars.png</href>
				</Icon>
			</IconStyle>
			<LabelStyle>
				<color>ffffffff</color>
				<scale>1</scale>
			</LabelStyle>
		</Style>
		<Point>
			<extrude>1</extrude>
			<altitudeMode>relativeToGround</altitudeMode>
			<coordinates>115.967002868652,-31.9402999877929,0</coordinates>
		</Point>
	</Placemark>
	<Placemark>
		<name>YSCB</name>
		<styleUrl>#stylemap_id0</styleUrl>
		<Style>
			<IconStyle>
				<scale>1</scale>
				<Icon>
					<href>https://maps.google.com/mapfiles/kml/paddle/purple-stars.png</href>
				</Icon>
			</IconStyle>
			<LabelStyle>
				<color>ffffffff</color>
				<scale>1</scale>
			</LabelStyle>
		</Style>
		<Point>
			<extrude>1</extrude>
			<altitudeMode>relativeToGround</altitudeMode>
			<coordinates>149.195007324218,-35.306900024414,0</coordinates>
		</Point>
	</Placemark>
	<Placemark>
		<name>YSSY</name>
		<styleUrl>#stylemap_id0</styleUrl>
		<Style>
			<IconStyle>
				<scale>1</scale>
				<Icon>
					<href>https://maps.google.com/mapfiles/kml/paddle/purple-stars.png</href>
				</Icon>
			</IconStyle>
			<LabelStyle>
				<color>ffffffff</color>
				<scale>1</scale>
			</LabelStyle>
		</Style>
		<Point>
			<extrude>1</extrude>
			<altitudeMode>relativeToGround</altitudeMode>
			<coordinates>151.177001953125,-33.9460983276367,0</coordinates>
		</Point>
	</Placemark>
	<Placemark>
		<name>ZBAA</name>
		<styleUrl>#stylemap_id0</styleUrl>
		<Style>
			<IconStyle>
				<scale>1</scale>
				<Icon>
					<href>https://maps.google.com/mapfiles/kml/paddle/purple-stars.png</href>
				</Icon>
			</IconStyle>
			<LabelStyle>
				<color>ffffffff</color>
				<scale>1</scale>
			</LabelStyle>
		</Style>
		<Point>
			<extrude>1</extrude>
			<altitudeMode>relativeToGround</altitudeMode>
			<coordinates>116.584999084472,40.0801010131835,0</coordinates>
		</Point>
	</Placemark>
	<Placemark>
		<name>ZBAD</name>
		<styleUrl>#stylemap_id0</styleUrl>
		<Style>
			<IconStyle>
				<scale>1</scale>
				<Icon>
					<href>https://maps.google.com/mapfiles/kml/paddle/purple-stars.png</href>
				</Icon>
			</IconStyle>
			<LabelStyle>
				<color>ffffffff</color>
				<scale>1</scale>
			</LabelStyle>
		</Style>
		<Point>
			<extrude>1</extrude>
			<altitudeMode>relativeToGround</altitudeMode>
			<coordinates>116.41092,39.509945,0</coordinates>
		</Point>
	</Placemark>
	<Placemark>
		<name>ZBHH</name>
		<styleUrl>#stylemap_id0</styleUrl>
		<Style>
			<IconStyle>
				<scale>1</scale>
				<Icon>
					<href>https://maps.google.com/mapfiles/kml/paddle/purple-stars.png</href>
				</Icon>
			</IconStyle>
			<LabelStyle>
				<color>ffffffff</color>
				<scale>1</scale>
			</LabelStyle>
		</Style>
		<Point>
			<extrude>1</extrude>
			<altitudeMode>relativeToGround</altitudeMode>
			<coordinates>111.823997,40.851398,0</coordinates>
		</Point>
	</Placemark>
	<Placemark>
		<name>ZBSJ</name>
		<styleUrl>#stylemap_id0</styleUrl>
		<Style>
			<IconStyle>
				<scale>1</scale>
				<Icon>
					<href>https://maps.google.com/mapfiles/kml/paddle/purple-stars.png</href>
				</Icon>
			</IconStyle>
			<LabelStyle>
				<color>ffffffff</color>
				<scale>1</scale>
			</LabelStyle>
		</Style>
		<Point>
			<extrude>1</extrude>
			<altitudeMode>relativeToGround</altitudeMode>
			<coordinates>114.696998596191,38.2807006835937,0</coordinates>
		</Point>
	</Placemark>
	<Placemark>
		<name>ZBTJ</name>
		<styleUrl>#stylemap_id0</styleUrl>
		<Style>
			<IconStyle>
				<scale>1</scale>
				<Icon>
					<href>https://maps.google.com/mapfiles/kml/paddle/purple-stars.png</href>
				</Icon>
			</IconStyle>
			<LabelStyle>
				<color>ffffffff</color>
				<scale>1</scale>
			</LabelStyle>
		</Style>
		<Point>
			<extrude>1</extrude>
			<altitudeMode>relativeToGround</altitudeMode>
			<coordinates>117.346000671,39.1244010924999,0</coordinates>
		</Point>
	</Placemark>
	<Placemark>
		<name>ZBYN</name>
		<styleUrl>#stylemap_id0</styleUrl>
		<Style>
			<IconStyle>
				<scale>1</scale>
				<Icon>
					<href>https://maps.google.com/mapfiles/kml/paddle/purple-stars.png</href>
				</Icon>
			</IconStyle>
			<LabelStyle>
				<color>ffffffff</color>
				<scale>1</scale>
			</LabelStyle>
		</Style>
		<Point>
			<extrude>1</extrude>
			<altitudeMode>relativeToGround</altitudeMode>
			<coordinates>112.62799835205,37.746898651123,0</coordinates>
		</Point>
	</Placemark>
	<Placemark>
		<name>ZGDY</name>
		<styleUrl>#stylemap_id0</styleUrl>
		<Style>
			<IconStyle>
				<scale>1</scale>
				<Icon>
					<href>https://maps.google.com/mapfiles/kml/paddle/purple-stars.png</href>
				</Icon>
			</IconStyle>
			<LabelStyle>
				<color>ffffffff</color>
				<scale>1</scale>
			</LabelStyle>
		</Style>
		<Point>
			<extrude>1</extrude>
			<altitudeMode>relativeToGround</altitudeMode>
			<coordinates>110.432,29.098833,0</coordinates>
		</Point>
	</Placemark>
	<Placemark>
		<name>ZGGG</name>
		<styleUrl>#stylemap_id0</styleUrl>
		<Style>
			<IconStyle>
				<scale>1</scale>
				<Icon>
					<href>https://maps.google.com/mapfiles/kml/paddle/purple-stars.png</href>
				</Icon>
			</IconStyle>
			<LabelStyle>
				<color>ffffffff</color>
				<scale>1</scale>
			</LabelStyle>
		</Style>
		<Point>
			<extrude>1</extrude>
			<altitudeMode>relativeToGround</altitudeMode>
			<coordinates>113.299004,23.392401,0</coordinates>
		</Point>
	</Placemark>
	<Placemark>
		<name>ZGHA</name>
		<styleUrl>#stylemap_id0</styleUrl>
		<Style>
			<IconStyle>
				<scale>1</scale>
				<Icon>
					<href>https://maps.google.com/mapfiles/kml/paddle/purple-stars.png</href>
				</Icon>
			</IconStyle>
			<LabelStyle>
				<color>ffffffff</color>
				<scale>1</scale>
			</LabelStyle>
		</Style>
		<Point>
			<extrude>1</extrude>
			<altitudeMode>relativeToGround</altitudeMode>
			<coordinates>113.220001221,28.1891994475999,0</coordinates>
		</Point>
	</Placemark>
	<Placemark>
		<name>ZGKL</name>
		<styleUrl>#stylemap_id0</styleUrl>
		<Style>
			<IconStyle>
				<scale>1</scale>
				<Icon>
					<href>https://maps.google.com/mapfiles/kml/paddle/purple-stars.png</href>
				</Icon>
			</IconStyle>
			<LabelStyle>
				<color>ffffffff</color>
				<scale>1</scale>
			</LabelStyle>
		</Style>
		<Point>
			<extrude>1</extrude>
			<altitudeMode>relativeToGround</altitudeMode>
			<coordinates>110.039001,25.2181,0</coordinates>
		</Point>
	</Placemark>
	<Placemark>
		<name>ZGNN</name>
		<styleUrl>#stylemap_id0</styleUrl>
		<Style>
			<IconStyle>
				<scale>1</scale>
				<Icon>
					<href>https://maps.google.com/mapfiles/kml/paddle/purple-stars.png</href>
				</Icon>
			</IconStyle>
			<LabelStyle>
				<color>ffffffff</color>
				<scale>1</scale>
			</LabelStyle>
		</Style>
		<Point>
			<extrude>1</extrude>
			<altitudeMode>relativeToGround</altitudeMode>
			<coordinates>108.171997,22.608299,0</coordinates>
		</Point>
	</Placemark>
	<Placemark>
		<name>ZGSZ</name>
		<styleUrl>#stylemap_id0</styleUrl>
		<Style>
			<IconStyle>
				<scale>1</scale>
				<Icon>
					<href>https://maps.google.com/mapfiles/kml/paddle/purple-stars.png</href>
				</Icon>
			</IconStyle>
			<LabelStyle>
				<color>ffffffff</color>
				<scale>1</scale>
			</LabelStyle>
		</Style>
		<Point>
			<extrude>1</extrude>
			<altitudeMode>relativeToGround</altitudeMode>
			<coordinates>113.810997,22.639299,0</coordinates>
		</Point>
	</Placemark>
	<Placemark>
		<name>ZHHH</name>
		<styleUrl>#stylemap_id0</styleUrl>
		<Style>
			<IconStyle>
				<scale>1</scale>
				<Icon>
					<href>https://maps.google.com/mapfiles/kml/paddle/purple-stars.png</href>
				</Icon>
			</IconStyle>
			<LabelStyle>
				<color>ffffffff</color>
				<scale>1</scale>
			</LabelStyle>
		</Style>
		<Point>
			<extrude>1</extrude>
			<altitudeMode>relativeToGround</altitudeMode>
			<coordinates>114.208,30.7838,0</coordinates>
		</Point>
	</Placemark>
	<Placemark>
		<name>ZJHK</name>
		<styleUrl>#stylemap_id0</styleUrl>
		<Style>
			<IconStyle>
				<scale>1</scale>
				<Icon>
					<href>https://maps.google.com/mapfiles/kml/paddle/purple-stars.png</href>
				</Icon>
			</IconStyle>
			<LabelStyle>
				<color>ffffffff</color>
				<scale>1</scale>
			</LabelStyle>
		</Style>
		<Point>
			<extrude>1</extrude>
			<altitudeMode>relativeToGround</altitudeMode>
			<coordinates>110.459,19.9349,0</coordinates>
		</Point>
	</Placemark>
	<Placemark>
		<name>ZJQH</name>
		<styleUrl>#stylemap_id0</styleUrl>
		<Style>
			<IconStyle>
				<scale>1</scale>
				<Icon>
					<href>https://maps.google.com/mapfiles/kml/paddle/purple-stars.png</href>
				</Icon>
			</IconStyle>
			<LabelStyle>
				<color>ffffffff</color>
				<scale>1</scale>
			</LabelStyle>
		</Style>
		<Point>
			<extrude>1</extrude>
			<altitudeMode>relativeToGround</altitudeMode>
			<coordinates>110.454775,19.13824,0</coordinates>
		</Point>
	</Placemark>
	<Placemark>
		<name>ZJSY</name>
		<styleUrl>#stylemap_id0</styleUrl>
		<Style>
			<IconStyle>
				<scale>1</scale>
				<Icon>
					<href>https://maps.google.com/mapfiles/kml/paddle/purple-stars.png</href>
				</Icon>
			</IconStyle>
			<LabelStyle>
				<color>ffffffff</color>
				<scale>1</scale>
			</LabelStyle>
		</Style>
		<Point>
			<extrude>1</extrude>
			<altitudeMode>relativeToGround</altitudeMode>
			<coordinates>109.412003,18.3029,0</coordinates>
		</Point>
	</Placemark>
	<Placemark>
		<name>ZLXY</name>
		<styleUrl>#stylemap_id0</styleUrl>
		<Style>
			<IconStyle>
				<scale>1</scale>
				<Icon>
					<href>https://maps.google.com/mapfiles/kml/paddle/purple-stars.png</href>
				</Icon>
			</IconStyle>
			<LabelStyle>
				<color>ffffffff</color>
				<scale>1</scale>
			</LabelStyle>
		</Style>
		<Point>
			<extrude>1</extrude>
			<altitudeMode>relativeToGround</altitudeMode>
			<coordinates>108.751999,34.447102,0</coordinates>
		</Point>
	</Placemark>
	<Placemark>
		<name>ZMCK</name>
		<styleUrl>#stylemap_id0</styleUrl>
		<Style>
			<IconStyle>
				<scale>1</scale>
				<Icon>
					<href>https://maps.google.com/mapfiles/kml/paddle/purple-stars.png</href>
				</Icon>
			</IconStyle>
			<LabelStyle>
				<color>ffffffff</color>
				<scale>1</scale>
			</LabelStyle>
		</Style>
		<Point>
			<extrude>1</extrude>
			<altitudeMode>relativeToGround</altitudeMode>
			<coordinates>106.819833,47.646916,0</coordinates>
		</Point>
	</Placemark>
	<Placemark>
		<name>ZMKB</name>
		<styleUrl>#stylemap_id0</styleUrl>
		<Style>
			<IconStyle>
				<scale>1</scale>
				<Icon>
					<href>https://maps.google.com/mapfiles/kml/paddle/purple-stars.png</href>
				</Icon>
			</IconStyle>
			<LabelStyle>
				<color>ffffffff</color>
				<scale>1</scale>
			</LabelStyle>
		</Style>
		<Point>
			<extrude>1</extrude>
			<altitudeMode>relativeToGround</altitudeMode>
			<coordinates>106.846223549638,43.1349511544173,0</coordinates>
		</Point>
	</Placemark>
	<Placemark>
		<name>ZMUB</name>
		<styleUrl>#stylemap_id0</styleUrl>
		<Style>
			<IconStyle>
				<scale>1</scale>
				<Icon>
					<href>https://maps.google.com/mapfiles/kml/paddle/purple-stars.png</href>
				</Icon>
			</IconStyle>
			<LabelStyle>
				<color>ffffffff</color>
				<scale>1</scale>
			</LabelStyle>
		</Style>
		<Point>
			<extrude>1</extrude>
			<altitudeMode>relativeToGround</altitudeMode>
			<coordinates>106.766998,47.84310200000001,0</coordinates>
		</Point>
	</Placemark>
	<Placemark>
		<name>ZPPP</name>
		<styleUrl>#stylemap_id0</styleUrl>
		<Style>
			<IconStyle>
				<scale>1</scale>
				<Icon>
					<href>https://maps.google.com/mapfiles/kml/paddle/purple-stars.png</href>
				</Icon>
			</IconStyle>
			<LabelStyle>
				<color>ffffffff</color>
				<scale>1</scale>
			</LabelStyle>
		</Style>
		<Point>
			<extrude>1</extrude>
			<altitudeMode>relativeToGround</altitudeMode>
			<coordinates>102.9291667,25.1019444,0</coordinates>
		</Point>
	</Placemark>
	<Placemark>
		<name>ZSAM</name>
		<styleUrl>#stylemap_id0</styleUrl>
		<Style>
			<IconStyle>
				<scale>1</scale>
				<Icon>
					<href>https://maps.google.com/mapfiles/kml/paddle/purple-stars.png</href>
				</Icon>
			</IconStyle>
			<LabelStyle>
				<color>ffffffff</color>
				<scale>1</scale>
			</LabelStyle>
		</Style>
		<Point>
			<extrude>1</extrude>
			<altitudeMode>relativeToGround</altitudeMode>
			<coordinates>118.12799835205,24.5440006256103,0</coordinates>
		</Point>
	</Placemark>
	<Placemark>
		<name>ZSCG</name>
		<styleUrl>#stylemap_id0</styleUrl>
		<Style>
			<IconStyle>
				<scale>1</scale>
				<Icon>
					<href>https://maps.google.com/mapfiles/kml/paddle/purple-stars.png</href>
				</Icon>
			</IconStyle>
			<LabelStyle>
				<color>ffffffff</color>
				<scale>1</scale>
			</LabelStyle>
		</Style>
		<Point>
			<extrude>1</extrude>
			<altitudeMode>relativeToGround</altitudeMode>
			<coordinates>119.782222,31.912778,0</coordinates>
		</Point>
	</Placemark>
	<Placemark>
		<name>ZSCN</name>
		<styleUrl>#stylemap_id0</styleUrl>
		<Style>
			<IconStyle>
				<scale>1</scale>
				<Icon>
					<href>https://maps.google.com/mapfiles/kml/paddle/purple-stars.png</href>
				</Icon>
			</IconStyle>
			<LabelStyle>
				<color>ffffffff</color>
				<scale>1</scale>
			</LabelStyle>
		</Style>
		<Point>
			<extrude>1</extrude>
			<altitudeMode>relativeToGround</altitudeMode>
			<coordinates>115.900001525878,28.8649997711181,0</coordinates>
		</Point>
	</Placemark>
	<Placemark>
		<name>ZSFZ</name>
		<styleUrl>#stylemap_id0</styleUrl>
		<Style>
			<IconStyle>
				<scale>1</scale>
				<Icon>
					<href>https://maps.google.com/mapfiles/kml/paddle/purple-stars.png</href>
				</Icon>
			</IconStyle>
			<LabelStyle>
				<color>ffffffff</color>
				<scale>1</scale>
			</LabelStyle>
		</Style>
		<Point>
			<extrude>1</extrude>
			<altitudeMode>relativeToGround</altitudeMode>
			<coordinates>119.66300201416,25.9351005554199,0</coordinates>
		</Point>
	</Placemark>
	<Placemark>
		<name>ZSHC</name>
		<styleUrl>#stylemap_id0</styleUrl>
		<Style>
			<IconStyle>
				<scale>1</scale>
				<Icon>
					<href>https://maps.google.com/mapfiles/kml/paddle/purple-stars.png</href>
				</Icon>
			</IconStyle>
			<LabelStyle>
				<color>ffffffff</color>
				<scale>1</scale>
			</LabelStyle>
		</Style>
		<Point>
			<extrude>1</extrude>
			<altitudeMode>relativeToGround</altitudeMode>
			<coordinates>120.43399810791,30.2294998168945,0</coordinates>
		</Point>
	</Placemark>
	<Placemark>
		<name>ZSJN</name>
		<styleUrl>#stylemap_id0</styleUrl>
		<Style>
			<IconStyle>
				<scale>1</scale>
				<Icon>
					<href>https://maps.google.com/mapfiles/kml/paddle/purple-stars.png</href>
				</Icon>
			</IconStyle>
			<LabelStyle>
				<color>ffffffff</color>
				<scale>1</scale>
			</LabelStyle>
		</Style>
		<Point>
			<extrude>1</extrude>
			<altitudeMode>relativeToGround</altitudeMode>
			<coordinates>117.216003417968,36.8572006225585,0</coordinates>
		</Point>
	</Placemark>
	<Placemark>
		<name>ZSNJ</name>
		<styleUrl>#stylemap_id0</styleUrl>
		<Style>
			<IconStyle>
				<scale>1</scale>
				<Icon>
					<href>https://maps.google.com/mapfiles/kml/paddle/purple-stars.png</href>
				</Icon>
			</IconStyle>
			<LabelStyle>
				<color>ffffffff</color>
				<scale>1</scale>
			</LabelStyle>
		</Style>
		<Point>
			<extrude>1</extrude>
			<altitudeMode>relativeToGround</altitudeMode>
			<coordinates>118.861999511718,31.7420005798339,0</coordinates>
		</Point>
	</Placemark>
	<Placemark>
		<name>ZSOF</name>
		<styleUrl>#stylemap_id0</styleUrl>
		<Style>
			<IconStyle>
				<scale>1</scale>
				<Icon>
					<href>https://maps.google.com/mapfiles/kml/paddle/purple-stars.png</href>
				</Icon>
			</IconStyle>
			<LabelStyle>
				<color>ffffffff</color>
				<scale>1</scale>
			</LabelStyle>
		</Style>
		<Point>
			<extrude>1</extrude>
			<altitudeMode>relativeToGround</altitudeMode>
			<coordinates>117.297996520996,31.7800006866455,0</coordinates>
		</Point>
	</Placemark>
	<Placemark>
		<name>ZSPD</name>
		<styleUrl>#stylemap_id0</styleUrl>
		<Style>
			<IconStyle>
				<scale>1</scale>
				<Icon>
					<href>https://maps.google.com/mapfiles/kml/paddle/purple-stars.png</href>
				</Icon>
			</IconStyle>
			<LabelStyle>
				<color>ffffffff</color>
				<scale>1</scale>
			</LabelStyle>
		</Style>
		<Point>
			<extrude>1</extrude>
			<altitudeMode>relativeToGround</altitudeMode>
			<coordinates>121.805000305175,31.1434001922607,0</coordinates>
		</Point>
	</Placemark>
	<Placemark>
		<name>ZSQD</name>
		<styleUrl>#stylemap_id0</styleUrl>
		<Style>
			<IconStyle>
				<scale>1</scale>
				<Icon>
					<href>https://maps.google.com/mapfiles/kml/paddle/purple-stars.png</href>
				</Icon>
			</IconStyle>
			<LabelStyle>
				<color>ffffffff</color>
				<scale>1</scale>
			</LabelStyle>
		</Style>
		<Point>
			<extrude>1</extrude>
			<altitudeMode>relativeToGround</altitudeMode>
			<coordinates>120.374000549,36.2661018372,0</coordinates>
		</Point>
	</Placemark>
	<Placemark>
		<name>ZSSS</name>
		<styleUrl>#stylemap_id0</styleUrl>
		<Style>
			<IconStyle>
				<scale>1</scale>
				<Icon>
					<href>https://maps.google.com/mapfiles/kml/paddle/purple-stars.png</href>
				</Icon>
			</IconStyle>
			<LabelStyle>
				<color>ffffffff</color>
				<scale>1</scale>
			</LabelStyle>
		</Style>
		<Point>
			<extrude>1</extrude>
			<altitudeMode>relativeToGround</altitudeMode>
			<coordinates>121.335998535156,31.1979007720947,0</coordinates>
		</Point>
	</Placemark>
	<Placemark>
		<name>ZSWH</name>
		<styleUrl>#stylemap_id0</styleUrl>
		<Style>
			<IconStyle>
				<scale>1</scale>
				<Icon>
					<href>https://maps.google.com/mapfiles/kml/paddle/purple-stars.png</href>
				</Icon>
			</IconStyle>
			<LabelStyle>
				<color>ffffffff</color>
				<scale>1</scale>
			</LabelStyle>
		</Style>
		<Point>
			<extrude>1</extrude>
			<altitudeMode>relativeToGround</altitudeMode>
			<coordinates>122.228996276855,37.1870994567871,0</coordinates>
		</Point>
	</Placemark>
	<Placemark>
		<name>ZSWX</name>
		<styleUrl>#stylemap_id0</styleUrl>
		<Style>
			<IconStyle>
				<scale>1</scale>
				<Icon>
					<href>https://maps.google.com/mapfiles/kml/paddle/purple-stars.png</href>
				</Icon>
			</IconStyle>
			<LabelStyle>
				<color>ffffffff</color>
				<scale>1</scale>
			</LabelStyle>
		</Style>
		<Point>
			<extrude>1</extrude>
			<altitudeMode>relativeToGround</altitudeMode>
			<coordinates>120.429000854,31.4944000243999,0</coordinates>
		</Point>
	</Placemark>
	<Placemark>
		<name>ZSYN</name>
		<styleUrl>#stylemap_id0</styleUrl>
		<Style>
			<IconStyle>
				<scale>1</scale>
				<Icon>
					<href>https://maps.google.com/mapfiles/kml/paddle/purple-stars.png</href>
				</Icon>
			</IconStyle>
			<LabelStyle>
				<color>ffffffff</color>
				<scale>1</scale>
			</LabelStyle>
		</Style>
		<Point>
			<extrude>1</extrude>
			<altitudeMode>relativeToGround</altitudeMode>
			<coordinates>120.203056,33.425833,0</coordinates>
		</Point>
	</Placemark>
	<Placemark>
		<name>ZSYT</name>
		<styleUrl>#stylemap_id0</styleUrl>
		<Style>
			<IconStyle>
				<scale>1</scale>
				<Icon>
					<href>https://maps.google.com/mapfiles/kml/paddle/purple-stars.png</href>
				</Icon>
			</IconStyle>
			<LabelStyle>
				<color>ffffffff</color>
				<scale>1</scale>
			</LabelStyle>
		</Style>
		<Point>
			<extrude>1</extrude>
			<altitudeMode>relativeToGround</altitudeMode>
			<coordinates>120.987222,37.657222,0</coordinates>
		</Point>
	</Placemark>
	<Placemark>
		<name>ZUCK</name>
		<styleUrl>#stylemap_id0</styleUrl>
		<Style>
			<IconStyle>
				<scale>1</scale>
				<Icon>
					<href>https://maps.google.com/mapfiles/kml/paddle/purple-stars.png</href>
				</Icon>
			</IconStyle>
			<LabelStyle>
				<color>ffffffff</color>
				<scale>1</scale>
			</LabelStyle>
		</Style>
		<Point>
			<extrude>1</extrude>
			<altitudeMode>relativeToGround</altitudeMode>
			<coordinates>106.641998291015,29.7192001342773,0</coordinates>
		</Point>
	</Placemark>
	<Placemark>
		<name>ZUGY</name>
		<styleUrl>#stylemap_id0</styleUrl>
		<Style>
			<IconStyle>
				<scale>1</scale>
				<Icon>
					<href>https://maps.google.com/mapfiles/kml/paddle/purple-stars.png</href>
				</Icon>
			</IconStyle>
			<LabelStyle>
				<color>ffffffff</color>
				<scale>1</scale>
			</LabelStyle>
		</Style>
		<Point>
			<extrude>1</extrude>
			<altitudeMode>relativeToGround</altitudeMode>
			<coordinates>106.801002502441,26.5384998321533,0</coordinates>
		</Point>
	</Placemark>
	<Placemark>
		<name>ZUUU</name>
		<styleUrl>#stylemap_id0</styleUrl>
		<Style>
			<IconStyle>
				<scale>1</scale>
				<Icon>
					<href>https://maps.google.com/mapfiles/kml/paddle/purple-stars.png</href>
				</Icon>
			</IconStyle>
			<LabelStyle>
				<color>ffffffff</color>
				<scale>1</scale>
			</LabelStyle>
		</Style>
		<Point>
			<extrude>1</extrude>
			<altitudeMode>relativeToGround</altitudeMode>
			<coordinates>103.946998596191,30.5785007476806,0</coordinates>
		</Point>
	</Placemark>
	<Placemark>
		<name>ZWTN</name>
		<styleUrl>#stylemap_id0</styleUrl>
		<Style>
			<IconStyle>
				<scale>1</scale>
				<Icon>
					<href>https://maps.google.com/mapfiles/kml/paddle/purple-stars.png</href>
				</Icon>
			</IconStyle>
			<LabelStyle>
				<color>ffffffff</color>
				<scale>1</scale>
			</LabelStyle>
		</Style>
		<Point>
			<extrude>1</extrude>
			<altitudeMode>relativeToGround</altitudeMode>
			<coordinates>79.8648986816406,37.0385017395019,0</coordinates>
		</Point>
	</Placemark>
	<Placemark>
		<name>ZWWW</name>
		<styleUrl>#stylemap_id0</styleUrl>
		<Style>
			<IconStyle>
				<scale>1</scale>
				<Icon>
					<href>https://maps.google.com/mapfiles/kml/paddle/purple-stars.png</href>
				</Icon>
			</IconStyle>
			<LabelStyle>
				<color>ffffffff</color>
				<scale>1</scale>
			</LabelStyle>
		</Style>
		<Point>
			<extrude>1</extrude>
			<altitudeMode>relativeToGround</altitudeMode>
			<coordinates>87.4741973876953,43.9071006774902,0</coordinates>
		</Point>
	</Placemark>
	<Placemark>
		<name>ZYCC</name>
		<styleUrl>#stylemap_id0</styleUrl>
		<Style>
			<IconStyle>
				<scale>1</scale>
				<Icon>
					<href>https://maps.google.com/mapfiles/kml/paddle/purple-stars.png</href>
				</Icon>
			</IconStyle>
			<LabelStyle>
				<color>ffffffff</color>
				<scale>1</scale>
			</LabelStyle>
		</Style>
		<Point>
			<extrude>1</extrude>
			<altitudeMode>relativeToGround</altitudeMode>
			<coordinates>125.684997559,43.9962005615,0</coordinates>
		</Point>
	</Placemark>
	<Placemark>
		<name>ZYHB</name>
		<styleUrl>#stylemap_id0</styleUrl>
		<Style>
			<IconStyle>
				<scale>1</scale>
				<Icon>
					<href>https://maps.google.com/mapfiles/kml/paddle/purple-stars.png</href>
				</Icon>
			</IconStyle>
			<LabelStyle>
				<color>ffffffff</color>
				<scale>1</scale>
			</LabelStyle>
		</Style>
		<Point>
			<extrude>1</extrude>
			<altitudeMode>relativeToGround</altitudeMode>
			<coordinates>126.25,45.6234016418457,0</coordinates>
		</Point>
	</Placemark>
	<Placemark>
		<name>ZYTL</name>
		<styleUrl>#stylemap_id0</styleUrl>
		<Style>
			<IconStyle>
				<scale>1</scale>
				<Icon>
					<href>https://maps.google.com/mapfiles/kml/paddle/purple-stars.png</href>
				</Icon>
			</IconStyle>
			<LabelStyle>
				<color>ffffffff</color>
				<scale>1</scale>
			</LabelStyle>
		</Style>
		<Point>
			<extrude>1</extrude>
			<altitudeMode>relativeToGround</altitudeMode>
			<coordinates>121.539001464843,38.9656982421875,0</coordinates>
		</Point>
	</Placemark>
	<Placemark>
		<name>ZYTX</name>
		<styleUrl>#stylemap_id0</styleUrl>
		<Style>
			<IconStyle>
				<scale>1</scale>
				<Icon>
					<href>https://maps.google.com/mapfiles/kml/paddle/purple-stars.png</href>
				</Icon>
			</IconStyle>
			<LabelStyle>
				<color>ffffffff</color>
				<scale>1</scale>
			</LabelStyle>
		</Style>
		<Point>
			<extrude>1</extrude>
			<altitudeMode>relativeToGround</altitudeMode>
			<coordinates>123.483001708984,41.6398010253906,0</coordinates>
		</Point>
	</Placemark>
	<Placemark>
		<name>ZYYJ</name>
		<styleUrl>#stylemap_id0</styleUrl>
		<Style>
			<IconStyle>
				<scale>1</scale>
				<Icon>
					<href>https://maps.google.com/mapfiles/kml/paddle/purple-stars.png</href>
				</Icon>
			</IconStyle>
			<LabelStyle>
				<color>ffffffff</color>
				<scale>1</scale>
			</LabelStyle>
		</Style>
		<Point>
			<extrude>1</extrude>
			<altitudeMode>relativeToGround</altitudeMode>
			<coordinates>129.451004028,42.8828010559,0</coordinates>
		</Point>
	</Placemark>
	<Placemark>
		<name>RCMQ</name>
		<styleUrl>#stylemap_id0</styleUrl>
		<Style>
			<IconStyle>
				<scale>1</scale>
				<Icon>
					<href>https://maps.google.com/mapfiles/kml/paddle/purple-stars.png</href>
				</Icon>
			</IconStyle>
			<LabelStyle>
				<color>ffffffff</color>
				<scale>1</scale>
			</LabelStyle>
		</Style>
		<Point>
			<extrude>1</extrude>
			<altitudeMode>relativeToGround</altitudeMode>
			<coordinates>120.621002,24.2647,0</coordinates>
		</Point>
	</Placemark>
	<Placemark>
		<name>KNUQ</name>
		<styleUrl>#stylemap_id0</styleUrl>
		<Style>
			<IconStyle>
				<scale>1</scale>
				<Icon>
					<href>https://maps.google.com/mapfiles/kml/paddle/purple-stars.png</href>
				</Icon>
			</IconStyle>
			<LabelStyle>
				<color>ffffffff</color>
				<scale>1</scale>
			</LabelStyle>
		</Style>
		<Point>
			<extrude>1</extrude>
			<altitudeMode>relativeToGround</altitudeMode>
			<coordinates>-122.049004,37.4161,0</coordinates>
		</Point>
	</Placemark>
	<Placemark>
		<name>LFRG</name>
		<styleUrl>#stylemap_id0</styleUrl>
		<Style>
			<IconStyle>
				<scale>1</scale>
				<Icon>
					<href>https://maps.google.com/mapfiles/kml/paddle/purple-stars.png</href>
				</Icon>
			</IconStyle>
			<LabelStyle>
				<color>ffffffff</color>
				<scale>1</scale>
			</LabelStyle>
		</Style>
		<Point>
			<extrude>1</extrude>
			<altitudeMode>relativeToGround</altitudeMode>
			<coordinates>0.154305994511,49.3652992249,0</coordinates>
		</Point>
	</Placemark>
	<Placemark>
		<name>LFRS</name>
		<styleUrl>#stylemap_id0</styleUrl>
		<Style>
			<IconStyle>
				<scale>1</scale>
				<Icon>
					<href>https://maps.google.com/mapfiles/kml/paddle/purple-stars.png</href>
				</Icon>
			</IconStyle>
			<LabelStyle>
				<color>ffffffff</color>
				<scale>1</scale>
			</LabelStyle>
		</Style>
		<Point>
			<extrude>1</extrude>
			<altitudeMode>relativeToGround</altitudeMode>
			<coordinates>-1.61073005199,47.1531982422,0</coordinates>
		</Point>
	</Placemark>
	<Placemark>
		<name>VLVT</name>
		<styleUrl>#stylemap_id0</styleUrl>
		<Style>
			<IconStyle>
				<scale>1</scale>
				<Icon>
					<href>https://maps.google.com/mapfiles/kml/paddle/purple-stars.png</href>
				</Icon>
			</IconStyle>
			<LabelStyle>
				<color>ffffffff</color>
				<scale>1</scale>
			</LabelStyle>
		</Style>
		<Point>
			<extrude>1</extrude>
			<altitudeMode>relativeToGround</altitudeMode>
			<coordinates>102.56300354,17.9883003235,0</coordinates>
		</Point>
	</Placemark>
	<Placemark>
		<name>VTUD</name>
		<styleUrl>#stylemap_id0</styleUrl>
		<Style>
			<IconStyle>
				<scale>1</scale>
				<Icon>
					<href>https://maps.google.com/mapfiles/kml/paddle/purple-stars.png</href>
				</Icon>
			</IconStyle>
			<LabelStyle>
				<color>ffffffff</color>
				<scale>1</scale>
			</LabelStyle>
		</Style>
		<Point>
			<extrude>1</extrude>
			<altitudeMode>relativeToGround</altitudeMode>
			<coordinates>102.788002014,17.3864002228,0</coordinates>
		</Point>
	</Placemark>
	<Placemark>
		<name>LFAQ</name>
		<styleUrl>#stylemap_id0</styleUrl>
		<Style>
			<IconStyle>
				<scale>1</scale>
				<Icon>
					<href>https://maps.google.com/mapfiles/kml/paddle/purple-stars.png</href>
				</Icon>
			</IconStyle>
			<LabelStyle>
				<color>ffffffff</color>
				<scale>1</scale>
			</LabelStyle>
		</Style>
		<Point>
			<extrude>1</extrude>
			<altitudeMode>relativeToGround</altitudeMode>
			<coordinates>2.67866992950439,49.9693298339843,0</coordinates>
		</Point>
	</Placemark>
	<Placemark>
		<name>KMQY</name>
		<styleUrl>#stylemap_id0</styleUrl>
		<Style>
			<IconStyle>
				<scale>1</scale>
				<Icon>
					<href>https://maps.google.com/mapfiles/kml/paddle/purple-stars.png</href>
				</Icon>
			</IconStyle>
			<LabelStyle>
				<color>ffffffff</color>
				<scale>1</scale>
			</LabelStyle>
		</Style>
		<Point>
			<extrude>1</extrude>
			<altitudeMode>relativeToGround</altitudeMode>
			<coordinates>-86.5201034546,36.0089988708,0</coordinates>
		</Point>
	</Placemark>
	<Placemark>
		<name>EBLG</name>
		<styleUrl>#stylemap_id0</styleUrl>
		<Style>
			<IconStyle>
				<scale>1</scale>
				<Icon>
					<href>https://maps.google.com/mapfiles/kml/paddle/purple-stars.png</href>
				</Icon>
			</IconStyle>
			<LabelStyle>
				<color>ffffffff</color>
				<scale>1</scale>
			</LabelStyle>
		</Style>
		<Point>
			<extrude>1</extrude>
			<altitudeMode>relativeToGround</altitudeMode>
			<coordinates>5.4432201385498,50.6374015808105,0</coordinates>
		</Point>
	</Placemark>
	<Placemark>
		<name>KISP</name>
		<styleUrl>#stylemap_id0</styleUrl>
		<Style>
			<IconStyle>
				<scale>1</scale>
				<Icon>
					<href>https://maps.google.com/mapfiles/kml/paddle/purple-stars.png</href>
				</Icon>
			</IconStyle>
			<LabelStyle>
				<color>ffffffff</color>
				<scale>1</scale>
			</LabelStyle>
		</Style>
		<Point>
			<extrude>1</extrude>
			<altitudeMode>relativeToGround</altitudeMode>
			<coordinates>-73.10019684,40.79520035,0</coordinates>
		</Point>
	</Placemark>
	<Placemark>
		<name>LKPD</name>
		<styleUrl>#stylemap_id0</styleUrl>
		<Style>
			<IconStyle>
				<scale>1</scale>
				<Icon>
					<href>https://maps.google.com/mapfiles/kml/paddle/purple-stars.png</href>
				</Icon>
			</IconStyle>
			<LabelStyle>
				<color>ffffffff</color>
				<scale>1</scale>
			</LabelStyle>
		</Style>
		<Point>
			<extrude>1</extrude>
			<altitudeMode>relativeToGround</altitudeMode>
			<coordinates>15.7385997772216,50.0134010314941,0</coordinates>
		</Point>
	</Placemark>
	<Placemark>
		<name>RKTH</name>
		<styleUrl>#stylemap_id0</styleUrl>
		<Style>
			<IconStyle>
				<scale>1</scale>
				<Icon>
					<href>https://maps.google.com/mapfiles/kml/paddle/purple-stars.png</href>
				</Icon>
			</IconStyle>
			<LabelStyle>
				<color>ffffffff</color>
				<scale>1</scale>
			</LabelStyle>
		</Style>
		<Point>
			<extrude>1</extrude>
			<altitudeMode>relativeToGround</altitudeMode>
			<coordinates>129.420383,35.987955,0</coordinates>
		</Point>
	</Placemark>
	<Placemark>
		<name>RKNW</name>
		<styleUrl>#stylemap_id0</styleUrl>
		<Style>
			<IconStyle>
				<scale>1</scale>
				<Icon>
					<href>https://maps.google.com/mapfiles/kml/paddle/purple-stars.png</href>
				</Icon>
			</IconStyle>
			<LabelStyle>
				<color>ffffffff</color>
				<scale>1</scale>
			</LabelStyle>
		</Style>
		<Point>
			<extrude>1</extrude>
			<altitudeMode>relativeToGround</altitudeMode>
			<coordinates>127.963858,37.441201,0</coordinates>
		</Point>
	</Placemark>
	<Placemark>
		<name>LKTB</name>
		<styleUrl>#stylemap_id0</styleUrl>
		<Style>
			<IconStyle>
				<scale>1</scale>
				<Icon>
					<href>https://maps.google.com/mapfiles/kml/paddle/purple-stars.png</href>
				</Icon>
			</IconStyle>
			<LabelStyle>
				<color>ffffffff</color>
				<scale>1</scale>
			</LabelStyle>
		</Style>
		<Point>
			<extrude>1</extrude>
			<altitudeMode>relativeToGround</altitudeMode>
			<coordinates>16.6944007873535,49.1512985229492,0</coordinates>
		</Point>
	</Placemark>
	<Placemark>
		<name>LKMT</name>
		<styleUrl>#stylemap_id0</styleUrl>
		<Style>
			<IconStyle>
				<scale>1</scale>
				<Icon>
					<href>https://maps.google.com/mapfiles/kml/paddle/purple-stars.png</href>
				</Icon>
			</IconStyle>
			<LabelStyle>
				<color>ffffffff</color>
				<scale>1</scale>
			</LabelStyle>
		</Style>
		<Point>
			<extrude>1</extrude>
			<altitudeMode>relativeToGround</altitudeMode>
			<coordinates>18.111099243164,49.6963005065918,0</coordinates>
		</Point>
	</Placemark>
	<Placemark>
		<name>SPRU</name>
		<styleUrl>#stylemap_id0</styleUrl>
		<Style>
			<IconStyle>
				<scale>1</scale>
				<Icon>
					<href>https://maps.google.com/mapfiles/kml/paddle/purple-stars.png</href>
				</Icon>
			</IconStyle>
			<LabelStyle>
				<color>ffffffff</color>
				<scale>1</scale>
			</LabelStyle>
		</Style>
		<Point>
			<extrude>1</extrude>
			<altitudeMode>relativeToGround</altitudeMode>
			<coordinates>-79.1088027954101,-8.08141040802002,0</coordinates>
		</Point>
	</Placemark>
	<Placemark>
		<name>SPZO</name>
		<styleUrl>#stylemap_id0</styleUrl>
		<Style>
			<IconStyle>
				<scale>1</scale>
				<Icon>
					<href>https://maps.google.com/mapfiles/kml/paddle/purple-stars.png</href>
				</Icon>
			</IconStyle>
			<LabelStyle>
				<color>ffffffff</color>
				<scale>1</scale>
			</LabelStyle>
		</Style>
		<Point>
			<extrude>1</extrude>
			<altitudeMode>relativeToGround</altitudeMode>
			<coordinates>-71.9387969971,-13.5356998444,0</coordinates>
		</Point>
	</Placemark>
	<Placemark>
		<name>UAKD</name>
		<styleUrl>#stylemap_id0</styleUrl>
		<Style>
			<IconStyle>
				<scale>1</scale>
				<Icon>
					<href>https://maps.google.com/mapfiles/kml/paddle/purple-stars.png</href>
				</Icon>
			</IconStyle>
			<LabelStyle>
				<color>ffffffff</color>
				<scale>1</scale>
			</LabelStyle>
		</Style>
		<Point>
			<extrude>1</extrude>
			<altitudeMode>relativeToGround</altitudeMode>
			<coordinates>67.733299,47.708302,0</coordinates>
		</Point>
	</Placemark>
	<Placemark>
		<name>SPTN</name>
		<styleUrl>#stylemap_id0</styleUrl>
		<Style>
			<IconStyle>
				<scale>1</scale>
				<Icon>
					<href>https://maps.google.com/mapfiles/kml/paddle/purple-stars.png</href>
				</Icon>
			</IconStyle>
			<LabelStyle>
				<color>ffffffff</color>
				<scale>1</scale>
			</LabelStyle>
		</Style>
		<Point>
			<extrude>1</extrude>
			<altitudeMode>relativeToGround</altitudeMode>
			<coordinates>-70.2758026123,-18.0533008575,0</coordinates>
		</Point>
	</Placemark>
	<Placemark>
		<name>SPUR</name>
		<styleUrl>#stylemap_id0</styleUrl>
		<Style>
			<IconStyle>
				<scale>1</scale>
				<Icon>
					<href>https://maps.google.com/mapfiles/kml/paddle/purple-stars.png</href>
				</Icon>
			</IconStyle>
			<LabelStyle>
				<color>ffffffff</color>
				<scale>1</scale>
			</LabelStyle>
		</Style>
		<Point>
			<extrude>1</extrude>
			<altitudeMode>relativeToGround</altitudeMode>
			<coordinates>-80.6164016723999,-5.20574998856,0</coordinates>
		</Point>
	</Placemark>
	<Placemark>
		<name>SPCL</name>
		<styleUrl>#stylemap_id0</styleUrl>
		<Style>
			<IconStyle>
				<scale>1</scale>
				<Icon>
					<href>https://maps.google.com/mapfiles/kml/paddle/purple-stars.png</href>
				</Icon>
			</IconStyle>
			<LabelStyle>
				<color>ffffffff</color>
				<scale>1</scale>
			</LabelStyle>
		</Style>
		<Point>
			<extrude>1</extrude>
			<altitudeMode>relativeToGround</altitudeMode>
			<coordinates>-74.5743026733398,-8.37794017791748,0</coordinates>
		</Point>
	</Placemark>
	<Placemark>
		<name>KFAR</name>
		<styleUrl>#stylemap_id0</styleUrl>
		<Style>
			<IconStyle>
				<scale>1</scale>
				<Icon>
					<href>https://maps.google.com/mapfiles/kml/paddle/purple-stars.png</href>
				</Icon>
			</IconStyle>
			<LabelStyle>
				<color>ffffffff</color>
				<scale>1</scale>
			</LabelStyle>
		</Style>
		<Point>
			<extrude>1</extrude>
			<altitudeMode>relativeToGround</altitudeMode>
			<coordinates>-96.81580352783199,46.9207000732421,0</coordinates>
		</Point>
	</Placemark>
	<Placemark>
		<name>KCPR</name>
		<styleUrl>#stylemap_id0</styleUrl>
		<Style>
			<IconStyle>
				<scale>1</scale>
				<Icon>
					<href>https://maps.google.com/mapfiles/kml/paddle/purple-stars.png</href>
				</Icon>
			</IconStyle>
			<LabelStyle>
				<color>ffffffff</color>
				<scale>1</scale>
			</LabelStyle>
		</Style>
		<Point>
			<extrude>1</extrude>
			<altitudeMode>relativeToGround</altitudeMode>
			<coordinates>-106.463997,42.908001,0</coordinates>
		</Point>
	</Placemark>
	<Placemark>
		<name>RJEC</name>
		<styleUrl>#stylemap_id0</styleUrl>
		<Style>
			<IconStyle>
				<scale>1</scale>
				<Icon>
					<href>https://maps.google.com/mapfiles/kml/paddle/purple-stars.png</href>
				</Icon>
			</IconStyle>
			<LabelStyle>
				<color>ffffffff</color>
				<scale>1</scale>
			</LabelStyle>
		</Style>
		<Point>
			<extrude>1</extrude>
			<altitudeMode>relativeToGround</altitudeMode>
			<coordinates>142.447006,43.670799,0</coordinates>
		</Point>
	</Placemark>
	<Placemark>
		<name>RJFK</name>
		<styleUrl>#stylemap_id0</styleUrl>
		<Style>
			<IconStyle>
				<scale>1</scale>
				<Icon>
					<href>https://maps.google.com/mapfiles/kml/paddle/purple-stars.png</href>
				</Icon>
			</IconStyle>
			<LabelStyle>
				<color>ffffffff</color>
				<scale>1</scale>
			</LabelStyle>
		</Style>
		<Point>
			<extrude>1</extrude>
			<altitudeMode>relativeToGround</altitudeMode>
			<coordinates>130.718994140625,31.8034000396728,0</coordinates>
		</Point>
	</Placemark>
	<Placemark>
		<name>RJOA</name>
		<styleUrl>#stylemap_id0</styleUrl>
		<Style>
			<IconStyle>
				<scale>1</scale>
				<Icon>
					<href>https://maps.google.com/mapfiles/kml/paddle/purple-stars.png</href>
				</Icon>
			</IconStyle>
			<LabelStyle>
				<color>ffffffff</color>
				<scale>1</scale>
			</LabelStyle>
		</Style>
		<Point>
			<extrude>1</extrude>
			<altitudeMode>relativeToGround</altitudeMode>
			<coordinates>132.919006,34.4361,0</coordinates>
		</Point>
	</Placemark>
	<Placemark>
		<name>ZSNB</name>
		<styleUrl>#stylemap_id0</styleUrl>
		<Style>
			<IconStyle>
				<scale>1</scale>
				<Icon>
					<href>https://maps.google.com/mapfiles/kml/paddle/purple-stars.png</href>
				</Icon>
			</IconStyle>
			<LabelStyle>
				<color>ffffffff</color>
				<scale>1</scale>
			</LabelStyle>
		</Style>
		<Point>
			<extrude>1</extrude>
			<altitudeMode>relativeToGround</altitudeMode>
			<coordinates>121.461997985839,29.8267002105712,0</coordinates>
		</Point>
	</Placemark>
	<Placemark>
		<name>NTAA</name>
		<styleUrl>#stylemap_id0</styleUrl>
		<Style>
			<IconStyle>
				<scale>1</scale>
				<Icon>
					<href>https://maps.google.com/mapfiles/kml/paddle/purple-stars.png</href>
				</Icon>
			</IconStyle>
			<LabelStyle>
				<color>ffffffff</color>
				<scale>1</scale>
			</LabelStyle>
		</Style>
		<Point>
			<extrude>1</extrude>
			<altitudeMode>relativeToGround</altitudeMode>
			<coordinates>-149.606995,-17.553699,0</coordinates>
		</Point>
	</Placemark>
	<Placemark>
		<name>NTTO</name>
		<styleUrl>#stylemap_id0</styleUrl>
		<Style>
			<IconStyle>
				<scale>1</scale>
				<Icon>
					<href>https://maps.google.com/mapfiles/kml/paddle/purple-stars.png</href>
				</Icon>
			</IconStyle>
			<LabelStyle>
				<color>ffffffff</color>
				<scale>1</scale>
			</LabelStyle>
		</Style>
		<Point>
			<extrude>1</extrude>
			<altitudeMode>relativeToGround</altitudeMode>
			<coordinates>-140.945999145507,-18.074800491333,0</coordinates>
		</Point>
	</Placemark>
	<Placemark>
		<name>NCRG</name>
		<styleUrl>#stylemap_id0</styleUrl>
		<Style>
			<IconStyle>
				<scale>1</scale>
				<Icon>
					<href>https://maps.google.com/mapfiles/kml/paddle/purple-stars.png</href>
				</Icon>
			</IconStyle>
			<LabelStyle>
				<color>ffffffff</color>
				<scale>1</scale>
			</LabelStyle>
		</Style>
		<Point>
			<extrude>1</extrude>
			<altitudeMode>relativeToGround</altitudeMode>
			<coordinates>-159.805999756,-21.2026996613,0</coordinates>
		</Point>
	</Placemark>
	<Placemark>
		<name>NFFN</name>
		<styleUrl>#stylemap_id0</styleUrl>
		<Style>
			<IconStyle>
				<scale>1</scale>
				<Icon>
					<href>https://maps.google.com/mapfiles/kml/paddle/purple-stars.png</href>
				</Icon>
			</IconStyle>
			<LabelStyle>
				<color>ffffffff</color>
				<scale>1</scale>
			</LabelStyle>
		</Style>
		<Point>
			<extrude>1</extrude>
			<altitudeMode>relativeToGround</altitudeMode>
			<coordinates>177.442993164062,-17.7553997039794,0</coordinates>
		</Point>
	</Placemark>
	<Placemark>
		<name>NFNA</name>
		<styleUrl>#stylemap_id0</styleUrl>
		<Style>
			<IconStyle>
				<scale>1</scale>
				<Icon>
					<href>https://maps.google.com/mapfiles/kml/paddle/purple-stars.png</href>
				</Icon>
			</IconStyle>
			<LabelStyle>
				<color>ffffffff</color>
				<scale>1</scale>
			</LabelStyle>
		</Style>
		<Point>
			<extrude>1</extrude>
			<altitudeMode>relativeToGround</altitudeMode>
			<coordinates>178.559005737304,-18.0433006286621,0</coordinates>
		</Point>
	</Placemark>
	<Placemark>
		<name>NFTF</name>
		<styleUrl>#stylemap_id0</styleUrl>
		<Style>
			<IconStyle>
				<scale>1</scale>
				<Icon>
					<href>https://maps.google.com/mapfiles/kml/paddle/purple-stars.png</href>
				</Icon>
			</IconStyle>
			<LabelStyle>
				<color>ffffffff</color>
				<scale>1</scale>
			</LabelStyle>
		</Style>
		<Point>
			<extrude>1</extrude>
			<altitudeMode>relativeToGround</altitudeMode>
			<coordinates>-175.149993896484,-21.2411994934082,0</coordinates>
		</Point>
	</Placemark>
	<Placemark>
		<name>NIUE</name>
		<styleUrl>#stylemap_id0</styleUrl>
		<Style>
			<IconStyle>
				<scale>1</scale>
				<Icon>
					<href>https://maps.google.com/mapfiles/kml/paddle/purple-stars.png</href>
				</Icon>
			</IconStyle>
			<LabelStyle>
				<color>ffffffff</color>
				<scale>1</scale>
			</LabelStyle>
		</Style>
		<Point>
			<extrude>1</extrude>
			<altitudeMode>relativeToGround</altitudeMode>
			<coordinates>-169.925598144531,-19.0790309906005,0</coordinates>
		</Point>
	</Placemark>
	<Placemark>
		<name>NVVV</name>
		<styleUrl>#stylemap_id0</styleUrl>
		<Style>
			<IconStyle>
				<scale>1</scale>
				<Icon>
					<href>https://maps.google.com/mapfiles/kml/paddle/purple-stars.png</href>
				</Icon>
			</IconStyle>
			<LabelStyle>
				<color>ffffffff</color>
				<scale>1</scale>
			</LabelStyle>
		</Style>
		<Point>
			<extrude>1</extrude>
			<altitudeMode>relativeToGround</altitudeMode>
			<coordinates>168.32000732422,-17.699300765991,0</coordinates>
		</Point>
	</Placemark>
	<Placemark>
		<name>ANYN</name>
		<styleUrl>#stylemap_id0</styleUrl>
		<Style>
			<IconStyle>
				<scale>1</scale>
				<Icon>
					<href>https://maps.google.com/mapfiles/kml/paddle/purple-stars.png</href>
				</Icon>
			</IconStyle>
			<LabelStyle>
				<color>ffffffff</color>
				<scale>1</scale>
			</LabelStyle>
		</Style>
		<Point>
			<extrude>1</extrude>
			<altitudeMode>relativeToGround</altitudeMode>
			<coordinates>166.919006,-0.547458,0</coordinates>
		</Point>
	</Placemark>
	<Placemark>
		<name>NSFA</name>
		<styleUrl>#stylemap_id0</styleUrl>
		<Style>
			<IconStyle>
				<scale>1</scale>
				<Icon>
					<href>https://maps.google.com/mapfiles/kml/paddle/purple-stars.png</href>
				</Icon>
			</IconStyle>
			<LabelStyle>
				<color>ffffffff</color>
				<scale>1</scale>
			</LabelStyle>
		</Style>
		<Point>
			<extrude>1</extrude>
			<altitudeMode>relativeToGround</altitudeMode>
			<coordinates>-172.007995605468,-13.829999923706,0</coordinates>
		</Point>
	</Placemark>
	<Placemark>
		<name>NSTU</name>
		<styleUrl>#stylemap_id0</styleUrl>
		<Style>
			<IconStyle>
				<scale>1</scale>
				<Icon>
					<href>https://maps.google.com/mapfiles/kml/paddle/purple-stars.png</href>
				</Icon>
			</IconStyle>
			<LabelStyle>
				<color>ffffffff</color>
				<scale>1</scale>
			</LabelStyle>
		</Style>
		<Point>
			<extrude>1</extrude>
			<altitudeMode>relativeToGround</altitudeMode>
			<coordinates>-170.710006714,-14.3310003281,0</coordinates>
		</Point>
	</Placemark>
	<Placemark>
		<name>PTPN</name>
		<styleUrl>#stylemap_id0</styleUrl>
		<Style>
			<IconStyle>
				<scale>1</scale>
				<Icon>
					<href>https://maps.google.com/mapfiles/kml/paddle/purple-stars.png</href>
				</Icon>
			</IconStyle>
			<LabelStyle>
				<color>ffffffff</color>
				<scale>1</scale>
			</LabelStyle>
		</Style>
		<Point>
			<extrude>1</extrude>
			<altitudeMode>relativeToGround</altitudeMode>
			<coordinates>158.208999633789,6.98509979248046,0</coordinates>
		</Point>
	</Placemark>
	<Placemark>
		<name>PKMJ</name>
		<styleUrl>#stylemap_id0</styleUrl>
		<Style>
			<IconStyle>
				<scale>1</scale>
				<Icon>
					<href>https://maps.google.com/mapfiles/kml/paddle/purple-stars.png</href>
				</Icon>
			</IconStyle>
			<LabelStyle>
				<color>ffffffff</color>
				<scale>1</scale>
			</LabelStyle>
		</Style>
		<Point>
			<extrude>1</extrude>
			<altitudeMode>relativeToGround</altitudeMode>
			<coordinates>171.272003173828,7.06476020812988,0</coordinates>
		</Point>
	</Placemark>
	<Placemark>
		<name>NGTA</name>
		<styleUrl>#stylemap_id0</styleUrl>
		<Style>
			<IconStyle>
				<scale>1</scale>
				<Icon>
					<href>https://maps.google.com/mapfiles/kml/paddle/purple-stars.png</href>
				</Icon>
			</IconStyle>
			<LabelStyle>
				<color>ffffffff</color>
				<scale>1</scale>
			</LabelStyle>
		</Style>
		<Point>
			<extrude>1</extrude>
			<altitudeMode>relativeToGround</altitudeMode>
			<coordinates>173.147003,1.38164,0</coordinates>
		</Point>
	</Placemark>
	<Placemark>
		<name>PLCH</name>
		<styleUrl>#stylemap_id0</styleUrl>
		<Style>
			<IconStyle>
				<scale>1</scale>
				<Icon>
					<href>https://maps.google.com/mapfiles/kml/paddle/purple-stars.png</href>
				</Icon>
			</IconStyle>
			<LabelStyle>
				<color>ffffffff</color>
				<scale>1</scale>
			</LabelStyle>
		</Style>
		<Point>
			<extrude>1</extrude>
			<altitudeMode>relativeToGround</altitudeMode>
			<coordinates>-157.350006103515,1.98616003990173,0</coordinates>
		</Point>
	</Placemark>
	<Placemark>
		<name>KPAE</name>
		<styleUrl>#stylemap_id0</styleUrl>
		<Style>
			<IconStyle>
				<scale>1</scale>
				<Icon>
					<href>https://maps.google.com/mapfiles/kml/paddle/purple-stars.png</href>
				</Icon>
			</IconStyle>
			<LabelStyle>
				<color>ffffffff</color>
				<scale>1</scale>
			</LabelStyle>
		</Style>
		<Point>
			<extrude>1</extrude>
			<altitudeMode>relativeToGround</altitudeMode>
			<coordinates>-122.2819977,47.90629959,0</coordinates>
		</Point>
	</Placemark>
	<Placemark>
		<name>KABI</name>
		<styleUrl>#stylemap_id0</styleUrl>
		<Style>
			<IconStyle>
				<scale>1</scale>
				<Icon>
					<href>https://maps.google.com/mapfiles/kml/paddle/purple-stars.png</href>
				</Icon>
			</IconStyle>
			<LabelStyle>
				<color>ffffffff</color>
				<scale>1</scale>
			</LabelStyle>
		</Style>
		<Point>
			<extrude>1</extrude>
			<altitudeMode>relativeToGround</altitudeMode>
			<coordinates>-99.68190002439999,32.4113006592,0</coordinates>
		</Point>
	</Placemark>
	<Placemark>
		<name>KDAL</name>
		<styleUrl>#stylemap_id0</styleUrl>
		<Style>
			<IconStyle>
				<scale>1</scale>
				<Icon>
					<href>https://maps.google.com/mapfiles/kml/paddle/purple-stars.png</href>
				</Icon>
			</IconStyle>
			<LabelStyle>
				<color>ffffffff</color>
				<scale>1</scale>
			</LabelStyle>
		</Style>
		<Point>
			<extrude>1</extrude>
			<altitudeMode>relativeToGround</altitudeMode>
			<coordinates>-96.851799,32.847099,0</coordinates>
		</Point>
	</Placemark>
	<Placemark>
		<name>KMAF</name>
		<styleUrl>#stylemap_id0</styleUrl>
		<Style>
			<IconStyle>
				<scale>1</scale>
				<Icon>
					<href>https://maps.google.com/mapfiles/kml/paddle/purple-stars.png</href>
				</Icon>
			</IconStyle>
			<LabelStyle>
				<color>ffffffff</color>
				<scale>1</scale>
			</LabelStyle>
		</Style>
		<Point>
			<extrude>1</extrude>
			<altitudeMode>relativeToGround</altitudeMode>
			<coordinates>-102.202003479003,31.9424991607666,0</coordinates>
		</Point>
	</Placemark>
	<Placemark>
		<name>KLBB</name>
		<styleUrl>#stylemap_id0</styleUrl>
		<Style>
			<IconStyle>
				<scale>1</scale>
				<Icon>
					<href>https://maps.google.com/mapfiles/kml/paddle/purple-stars.png</href>
				</Icon>
			</IconStyle>
			<LabelStyle>
				<color>ffffffff</color>
				<scale>1</scale>
			</LabelStyle>
		</Style>
		<Point>
			<extrude>1</extrude>
			<altitudeMode>relativeToGround</altitudeMode>
			<coordinates>-101.822998,33.663601,0</coordinates>
		</Point>
	</Placemark>
	<Placemark>
		<name>KELP</name>
		<styleUrl>#stylemap_id0</styleUrl>
		<Style>
			<IconStyle>
				<scale>1</scale>
				<Icon>
					<href>https://maps.google.com/mapfiles/kml/paddle/purple-stars.png</href>
				</Icon>
			</IconStyle>
			<LabelStyle>
				<color>ffffffff</color>
				<scale>1</scale>
			</LabelStyle>
		</Style>
		<Point>
			<extrude>1</extrude>
			<altitudeMode>relativeToGround</altitudeMode>
			<coordinates>-106.3779984,31.80719948,0</coordinates>
		</Point>
	</Placemark>
	<Placemark>
		<name>KCLT</name>
		<styleUrl>#stylemap_id0</styleUrl>
		<Style>
			<IconStyle>
				<scale>1</scale>
				<Icon>
					<href>https://maps.google.com/mapfiles/kml/paddle/purple-stars.png</href>
				</Icon>
			</IconStyle>
			<LabelStyle>
				<color>ffffffff</color>
				<scale>1</scale>
			</LabelStyle>
		</Style>
		<Point>
			<extrude>1</extrude>
			<altitudeMode>relativeToGround</altitudeMode>
			<coordinates>-80.94309997558589,35.2140007019043,0</coordinates>
		</Point>
	</Placemark>
	<Placemark>
		<name>KFNT</name>
		<styleUrl>#stylemap_id0</styleUrl>
		<Style>
			<IconStyle>
				<scale>1</scale>
				<Icon>
					<href>https://maps.google.com/mapfiles/kml/paddle/purple-stars.png</href>
				</Icon>
			</IconStyle>
			<LabelStyle>
				<color>ffffffff</color>
				<scale>1</scale>
			</LabelStyle>
		</Style>
		<Point>
			<extrude>1</extrude>
			<altitudeMode>relativeToGround</altitudeMode>
			<coordinates>-83.7435989379882,42.9654006958007,0</coordinates>
		</Point>
	</Placemark>
	<Placemark>
		<name>VIJP</name>
		<styleUrl>#stylemap_id0</styleUrl>
		<Style>
			<IconStyle>
				<scale>1</scale>
				<Icon>
					<href>https://maps.google.com/mapfiles/kml/paddle/purple-stars.png</href>
				</Icon>
			</IconStyle>
			<LabelStyle>
				<color>ffffffff</color>
				<scale>1</scale>
			</LabelStyle>
		</Style>
		<Point>
			<extrude>1</extrude>
			<altitudeMode>relativeToGround</altitudeMode>
			<coordinates>75.812202,26.8242,0</coordinates>
		</Point>
	</Placemark>
	<Placemark>
		<name>VABB</name>
		<styleUrl>#stylemap_id0</styleUrl>
		<Style>
			<IconStyle>
				<scale>1</scale>
				<Icon>
					<href>https://maps.google.com/mapfiles/kml/paddle/purple-stars.png</href>
				</Icon>
			</IconStyle>
			<LabelStyle>
				<color>ffffffff</color>
				<scale>1</scale>
			</LabelStyle>
		</Style>
		<Point>
			<extrude>1</extrude>
			<altitudeMode>relativeToGround</altitudeMode>
			<coordinates>72.8678970337,19.0886993408,0</coordinates>
		</Point>
	</Placemark>
	<Placemark>
		<name>VOBL</name>
		<styleUrl>#stylemap_id0</styleUrl>
		<Style>
			<IconStyle>
				<scale>1</scale>
				<Icon>
					<href>https://maps.google.com/mapfiles/kml/paddle/purple-stars.png</href>
				</Icon>
			</IconStyle>
			<LabelStyle>
				<color>ffffffff</color>
				<scale>1</scale>
			</LabelStyle>
		</Style>
		<Point>
			<extrude>1</extrude>
			<altitudeMode>relativeToGround</altitudeMode>
			<coordinates>77.706299,13.1979,0</coordinates>
		</Point>
	</Placemark>
	<Placemark>
		<name>LRBS</name>
		<styleUrl>#stylemap_id0</styleUrl>
		<Style>
			<IconStyle>
				<scale>1</scale>
				<Icon>
					<href>https://maps.google.com/mapfiles/kml/paddle/purple-stars.png</href>
				</Icon>
			</IconStyle>
			<LabelStyle>
				<color>ffffffff</color>
				<scale>1</scale>
			</LabelStyle>
		</Style>
		<Point>
			<extrude>1</extrude>
			<altitudeMode>relativeToGround</altitudeMode>
			<coordinates>26.1021003723144,44.5032005310058,0</coordinates>
		</Point>
	</Placemark>
	<Placemark>
		<name>LROP</name>
		<styleUrl>#stylemap_id0</styleUrl>
		<Style>
			<IconStyle>
				<scale>1</scale>
				<Icon>
					<href>https://maps.google.com/mapfiles/kml/paddle/purple-stars.png</href>
				</Icon>
			</IconStyle>
			<LabelStyle>
				<color>ffffffff</color>
				<scale>1</scale>
			</LabelStyle>
		</Style>
		<Point>
			<extrude>1</extrude>
			<altitudeMode>relativeToGround</altitudeMode>
			<coordinates>26.085,44.5711111,0</coordinates>
		</Point>
	</Placemark>
	<Placemark>
		<name>LIMF</name>
		<styleUrl>#stylemap_id0</styleUrl>
		<Style>
			<IconStyle>
				<scale>1</scale>
				<Icon>
					<href>https://maps.google.com/mapfiles/kml/paddle/purple-stars.png</href>
				</Icon>
			</IconStyle>
			<LabelStyle>
				<color>ffffffff</color>
				<scale>1</scale>
			</LabelStyle>
		</Style>
		<Point>
			<extrude>1</extrude>
			<altitudeMode>relativeToGround</altitudeMode>
			<coordinates>7.649629999999999,45.200802,0</coordinates>
		</Point>
	</Placemark>
	<Placemark>
		<name>LHPR</name>
		<styleUrl>#stylemap_id0</styleUrl>
		<Style>
			<IconStyle>
				<scale>1</scale>
				<Icon>
					<href>https://maps.google.com/mapfiles/kml/paddle/purple-stars.png</href>
				</Icon>
			</IconStyle>
			<LabelStyle>
				<color>ffffffff</color>
				<scale>1</scale>
			</LabelStyle>
		</Style>
		<Point>
			<extrude>1</extrude>
			<altitudeMode>relativeToGround</altitudeMode>
			<coordinates>17.813601,47.624401,0</coordinates>
		</Point>
	</Placemark>
	<Placemark>
		<name>UTAA</name>
		<styleUrl>#stylemap_id0</styleUrl>
		<Style>
			<IconStyle>
				<scale>1</scale>
				<Icon>
					<href>https://maps.google.com/mapfiles/kml/paddle/purple-stars.png</href>
				</Icon>
			</IconStyle>
			<LabelStyle>
				<color>ffffffff</color>
				<scale>1</scale>
			</LabelStyle>
		</Style>
		<Point>
			<extrude>1</extrude>
			<altitudeMode>relativeToGround</altitudeMode>
			<coordinates>58.361,37.986801,0</coordinates>
		</Point>
	</Placemark>
	<Placemark>
		<name>ZSTX</name>
		<styleUrl>#stylemap_id0</styleUrl>
		<Style>
			<IconStyle>
				<scale>1</scale>
				<Icon>
					<href>https://maps.google.com/mapfiles/kml/paddle/purple-stars.png</href>
				</Icon>
			</IconStyle>
			<LabelStyle>
				<color>ffffffff</color>
				<scale>1</scale>
			</LabelStyle>
		</Style>
		<Point>
			<extrude>1</extrude>
			<altitudeMode>relativeToGround</altitudeMode>
			<coordinates>118.255996704101,29.733299255371,0</coordinates>
		</Point>
	</Placemark>
	<Placemark>
		<name>ESNS</name>
		<styleUrl>#stylemap_id0</styleUrl>
		<Style>
			<IconStyle>
				<scale>1</scale>
				<Icon>
					<href>https://maps.google.com/mapfiles/kml/paddle/purple-stars.png</href>
				</Icon>
			</IconStyle>
			<LabelStyle>
				<color>ffffffff</color>
				<scale>1</scale>
			</LabelStyle>
		</Style>
		<Point>
			<extrude>1</extrude>
			<altitudeMode>relativeToGround</altitudeMode>
			<coordinates>21.0769004821777,64.6248016357421,0</coordinates>
		</Point>
	</Placemark>
	<Placemark>
		<name>ESOW</name>
		<styleUrl>#stylemap_id0</styleUrl>
		<Style>
			<IconStyle>
				<scale>1</scale>
				<Icon>
					<href>https://maps.google.com/mapfiles/kml/paddle/purple-stars.png</href>
				</Icon>
			</IconStyle>
			<LabelStyle>
				<color>ffffffff</color>
				<scale>1</scale>
			</LabelStyle>
		</Style>
		<Point>
			<extrude>1</extrude>
			<altitudeMode>relativeToGround</altitudeMode>
			<coordinates>16.6336002349853,59.5894012451171,0</coordinates>
		</Point>
	</Placemark>
	<Placemark>
		<name>EIDW</name>
		<styleUrl>#stylemap_id0</styleUrl>
		<Style>
			<IconStyle>
				<scale>1</scale>
				<Icon>
					<href>https://maps.google.com/mapfiles/kml/paddle/purple-stars.png</href>
				</Icon>
			</IconStyle>
			<LabelStyle>
				<color>ffffffff</color>
				<scale>1</scale>
			</LabelStyle>
		</Style>
		<Point>
			<extrude>1</extrude>
			<altitudeMode>relativeToGround</altitudeMode>
			<coordinates>-6.270069999999999,53.421299,0</coordinates>
		</Point>
	</Placemark>
	<Placemark>
		<name>LIRF</name>
		<styleUrl>#stylemap_id0</styleUrl>
		<Style>
			<IconStyle>
				<scale>1</scale>
				<Icon>
					<href>https://maps.google.com/mapfiles/kml/paddle/purple-stars.png</href>
				</Icon>
			</IconStyle>
			<LabelStyle>
				<color>ffffffff</color>
				<scale>1</scale>
			</LabelStyle>
		</Style>
		<Point>
			<extrude>1</extrude>
			<altitudeMode>relativeToGround</altitudeMode>
			<coordinates>12.2388889,41.8002778,0</coordinates>
		</Point>
	</Placemark>
	<Placemark>
		<name>LIBD</name>
		<styleUrl>#stylemap_id0</styleUrl>
		<Style>
			<IconStyle>
				<scale>1</scale>
				<Icon>
					<href>https://maps.google.com/mapfiles/kml/paddle/purple-stars.png</href>
				</Icon>
			</IconStyle>
			<LabelStyle>
				<color>ffffffff</color>
				<scale>1</scale>
			</LabelStyle>
		</Style>
		<Point>
			<extrude>1</extrude>
			<altitudeMode>relativeToGround</altitudeMode>
			<coordinates>16.760599,41.138901,0</coordinates>
		</Point>
	</Placemark>
	<Placemark>
		<name>LIRI</name>
		<styleUrl>#stylemap_id0</styleUrl>
		<Style>
			<IconStyle>
				<scale>1</scale>
				<Icon>
					<href>https://maps.google.com/mapfiles/kml/paddle/purple-stars.png</href>
				</Icon>
			</IconStyle>
			<LabelStyle>
				<color>ffffffff</color>
				<scale>1</scale>
			</LabelStyle>
		</Style>
		<Point>
			<extrude>1</extrude>
			<altitudeMode>relativeToGround</altitudeMode>
			<coordinates>14.9113,40.620399,0</coordinates>
		</Point>
	</Placemark>
	<Placemark>
		<name>KLGA</name>
		<styleUrl>#stylemap_id0</styleUrl>
		<Style>
			<IconStyle>
				<scale>1</scale>
				<Icon>
					<href>https://maps.google.com/mapfiles/kml/paddle/purple-stars.png</href>
				</Icon>
			</IconStyle>
			<LabelStyle>
				<color>ffffffff</color>
				<scale>1</scale>
			</LabelStyle>
		</Style>
		<Point>
			<extrude>1</extrude>
			<altitudeMode>relativeToGround</altitudeMode>
			<coordinates>-73.872597,40.777199,0</coordinates>
		</Point>
	</Placemark>
	<Placemark>
		<name>KBAF</name>
		<styleUrl>#stylemap_id0</styleUrl>
		<Style>
			<IconStyle>
				<scale>1</scale>
				<Icon>
					<href>https://maps.google.com/mapfiles/kml/paddle/purple-stars.png</href>
				</Icon>
			</IconStyle>
			<LabelStyle>
				<color>ffffffff</color>
				<scale>1</scale>
			</LabelStyle>
		</Style>
		<Point>
			<extrude>1</extrude>
			<altitudeMode>relativeToGround</altitudeMode>
			<coordinates>-72.715599,42.157799,0</coordinates>
		</Point>
	</Placemark>
	<Placemark>
		<name>RJSR</name>
		<styleUrl>#stylemap_id0</styleUrl>
		<Style>
			<IconStyle>
				<scale>1</scale>
				<Icon>
					<href>https://maps.google.com/mapfiles/kml/paddle/purple-stars.png</href>
				</Icon>
			</IconStyle>
			<LabelStyle>
				<color>ffffffff</color>
				<scale>1</scale>
			</LabelStyle>
		</Style>
		<Point>
			<extrude>1</extrude>
			<altitudeMode>relativeToGround</altitudeMode>
			<coordinates>140.371002,40.191898,0</coordinates>
		</Point>
	</Placemark>
	<Placemark>
		<name>RJSA</name>
		<styleUrl>#stylemap_id0</styleUrl>
		<Style>
			<IconStyle>
				<scale>1</scale>
				<Icon>
					<href>https://maps.google.com/mapfiles/kml/paddle/purple-stars.png</href>
				</Icon>
			</IconStyle>
			<LabelStyle>
				<color>ffffffff</color>
				<scale>1</scale>
			</LabelStyle>
		</Style>
		<Point>
			<extrude>1</extrude>
			<altitudeMode>relativeToGround</altitudeMode>
			<coordinates>140.690994262695,40.7346992492675,0</coordinates>
		</Point>
	</Placemark>
	<Placemark>
		<name>RJAW</name>
		<styleUrl>#stylemap_id0</styleUrl>
		<Style>
			<IconStyle>
				<scale>1</scale>
				<Icon>
					<href>https://maps.google.com/mapfiles/kml/paddle/purple-stars.png</href>
				</Icon>
			</IconStyle>
			<LabelStyle>
				<color>ffffffff</color>
				<scale>1</scale>
			</LabelStyle>
		</Style>
		<Point>
			<extrude>1</extrude>
			<altitudeMode>relativeToGround</altitudeMode>
			<coordinates>141.32261,24.784153,0</coordinates>
		</Point>
	</Placemark>
	<Placemark>
		<name>UZTP</name>
		<styleUrl>#stylemap_id0</styleUrl>
		<Style>
			<IconStyle>
				<scale>1</scale>
				<Icon>
					<href>https://maps.google.com/mapfiles/kml/paddle/purple-stars.png</href>
				</Icon>
			</IconStyle>
			<LabelStyle>
				<color>ffffffff</color>
				<scale>1</scale>
			</LabelStyle>
		</Style>
		<Point>
			<extrude>1</extrude>
			<altitudeMode>relativeToGround</altitudeMode>
			<coordinates>69.3914031982421,41.3126983642578,0</coordinates>
		</Point>
	</Placemark>
	<Placemark>
		<name>MMSM</name>
		<styleUrl>#stylemap_id0</styleUrl>
		<Style>
			<IconStyle>
				<scale>1</scale>
				<Icon>
					<href>https://maps.google.com/mapfiles/kml/paddle/purple-stars.png</href>
				</Icon>
			</IconStyle>
			<LabelStyle>
				<color>ffffffff</color>
				<scale>1</scale>
			</LabelStyle>
		</Style>
		<Point>
			<extrude>1</extrude>
			<altitudeMode>relativeToGround</altitudeMode>
			<coordinates>-99.01454,19.745782,0</coordinates>
		</Point>
	</Placemark>
	<Placemark>
		<name>MMUN</name>
		<styleUrl>#stylemap_id0</styleUrl>
		<Style>
			<IconStyle>
				<scale>1</scale>
				<Icon>
					<href>https://maps.google.com/mapfiles/kml/paddle/purple-stars.png</href>
				</Icon>
			</IconStyle>
			<LabelStyle>
				<color>ffffffff</color>
				<scale>1</scale>
			</LabelStyle>
		</Style>
		<Point>
			<extrude>1</extrude>
			<altitudeMode>relativeToGround</altitudeMode>
			<coordinates>-86.8770980835,21.0365009308,0</coordinates>
		</Point>
	</Placemark>
	<Placemark>
		<name>MMSD</name>
		<styleUrl>#stylemap_id0</styleUrl>
		<Style>
			<IconStyle>
				<scale>1</scale>
				<Icon>
					<href>https://maps.google.com/mapfiles/kml/paddle/purple-stars.png</href>
				</Icon>
			</IconStyle>
			<LabelStyle>
				<color>ffffffff</color>
				<scale>1</scale>
			</LabelStyle>
		</Style>
		<Point>
			<extrude>1</extrude>
			<altitudeMode>relativeToGround</altitudeMode>
			<coordinates>-109.721000671386,23.1518001556396,0</coordinates>
		</Point>
	</Placemark>
	<Placemark>
		<name>MMPR</name>
		<styleUrl>#stylemap_id0</styleUrl>
		<Style>
			<IconStyle>
				<scale>1</scale>
				<Icon>
					<href>https://maps.google.com/mapfiles/kml/paddle/purple-stars.png</href>
				</Icon>
			</IconStyle>
			<LabelStyle>
				<color>ffffffff</color>
				<scale>1</scale>
			</LabelStyle>
		</Style>
		<Point>
			<extrude>1</extrude>
			<altitudeMode>relativeToGround</altitudeMode>
			<coordinates>-105.253997802734,20.6800994873046,0</coordinates>
		</Point>
	</Placemark>
	<Placemark>
		<name>MMMY</name>
		<styleUrl>#stylemap_id0</styleUrl>
		<Style>
			<IconStyle>
				<scale>1</scale>
				<Icon>
					<href>https://maps.google.com/mapfiles/kml/paddle/purple-stars.png</href>
				</Icon>
			</IconStyle>
			<LabelStyle>
				<color>ffffffff</color>
				<scale>1</scale>
			</LabelStyle>
		</Style>
		<Point>
			<extrude>1</extrude>
			<altitudeMode>relativeToGround</altitudeMode>
			<coordinates>-100.107002258,25.7784996033,0</coordinates>
		</Point>
	</Placemark>
	<Placemark>
		<name>MMGL</name>
		<styleUrl>#stylemap_id0</styleUrl>
		<Style>
			<IconStyle>
				<scale>1</scale>
				<Icon>
					<href>https://maps.google.com/mapfiles/kml/paddle/purple-stars.png</href>
				</Icon>
			</IconStyle>
			<LabelStyle>
				<color>ffffffff</color>
				<scale>1</scale>
			</LabelStyle>
		</Style>
		<Point>
			<extrude>1</extrude>
			<altitudeMode>relativeToGround</altitudeMode>
			<coordinates>-103.310997009277,20.5217990875244,0</coordinates>
		</Point>
	</Placemark>
	<Placemark>
		<name>MMQT</name>
		<styleUrl>#stylemap_id0</styleUrl>
		<Style>
			<IconStyle>
				<scale>1</scale>
				<Icon>
					<href>https://maps.google.com/mapfiles/kml/paddle/purple-stars.png</href>
				</Icon>
			</IconStyle>
			<LabelStyle>
				<color>ffffffff</color>
				<scale>1</scale>
			</LabelStyle>
		</Style>
		<Point>
			<extrude>1</extrude>
			<altitudeMode>relativeToGround</altitudeMode>
			<coordinates>-100.185997,20.6173,0</coordinates>
		</Point>
	</Placemark>
	<Placemark>
		<name>MMCZ</name>
		<styleUrl>#stylemap_id0</styleUrl>
		<Style>
			<IconStyle>
				<scale>1</scale>
				<Icon>
					<href>https://maps.google.com/mapfiles/kml/paddle/purple-stars.png</href>
				</Icon>
			</IconStyle>
			<LabelStyle>
				<color>ffffffff</color>
				<scale>1</scale>
			</LabelStyle>
		</Style>
		<Point>
			<extrude>1</extrude>
			<altitudeMode>relativeToGround</altitudeMode>
			<coordinates>-86.92559814453119,20.5223999023437,0</coordinates>
		</Point>
	</Placemark>
	<Placemark>
		<name>MMTL</name>
		<styleUrl>#stylemap_id0</styleUrl>
		<Style>
			<IconStyle>
				<scale>1</scale>
				<Icon>
					<href>https://maps.google.com/mapfiles/kml/paddle/purple-stars.png</href>
				</Icon>
			</IconStyle>
			<LabelStyle>
				<color>ffffffff</color>
				<scale>1</scale>
			</LabelStyle>
		</Style>
		<Point>
			<extrude>1</extrude>
			<altitudeMode>relativeToGround</altitudeMode>
			<coordinates>-87.6592477828929,20.1664412904135,0</coordinates>
		</Point>
	</Placemark>
	<Placemark>
		<name>MMLO</name>
		<styleUrl>#stylemap_id0</styleUrl>
		<Style>
			<IconStyle>
				<scale>1</scale>
				<Icon>
					<href>https://maps.google.com/mapfiles/kml/paddle/purple-stars.png</href>
				</Icon>
			</IconStyle>
			<LabelStyle>
				<color>ffffffff</color>
				<scale>1</scale>
			</LabelStyle>
		</Style>
		<Point>
			<extrude>1</extrude>
			<altitudeMode>relativeToGround</altitudeMode>
			<coordinates>-101.481003,20.9935,0</coordinates>
		</Point>
	</Placemark>
	<Placemark>
		<name>MMTJ</name>
		<styleUrl>#stylemap_id0</styleUrl>
		<Style>
			<IconStyle>
				<scale>1</scale>
				<Icon>
					<href>https://maps.google.com/mapfiles/kml/paddle/purple-stars.png</href>
				</Icon>
			</IconStyle>
			<LabelStyle>
				<color>ffffffff</color>
				<scale>1</scale>
			</LabelStyle>
		</Style>
		<Point>
			<extrude>1</extrude>
			<altitudeMode>relativeToGround</altitudeMode>
			<coordinates>-116.970001220703,32.5410995483398,0</coordinates>
		</Point>
	</Placemark>
	<Placemark>
		<name>MMHO</name>
		<styleUrl>#stylemap_id0</styleUrl>
		<Style>
			<IconStyle>
				<scale>1</scale>
				<Icon>
					<href>https://maps.google.com/mapfiles/kml/paddle/purple-stars.png</href>
				</Icon>
			</IconStyle>
			<LabelStyle>
				<color>ffffffff</color>
				<scale>1</scale>
			</LabelStyle>
		</Style>
		<Point>
			<extrude>1</extrude>
			<altitudeMode>relativeToGround</altitudeMode>
			<coordinates>-111.047996521,29.0958995819,0</coordinates>
		</Point>
	</Placemark>
	<Placemark>
		<name>TJBQ</name>
		<styleUrl>#stylemap_id0</styleUrl>
		<Style>
			<IconStyle>
				<scale>1</scale>
				<Icon>
					<href>https://maps.google.com/mapfiles/kml/paddle/purple-stars.png</href>
				</Icon>
			</IconStyle>
			<LabelStyle>
				<color>ffffffff</color>
				<scale>1</scale>
			</LabelStyle>
		</Style>
		<Point>
			<extrude>1</extrude>
			<altitudeMode>relativeToGround</altitudeMode>
			<coordinates>-67.1294021606445,18.4948997497558,0</coordinates>
		</Point>
	</Placemark>
	<Placemark>
		<name>TJPS</name>
		<styleUrl>#stylemap_id0</styleUrl>
		<Style>
			<IconStyle>
				<scale>1</scale>
				<Icon>
					<href>https://maps.google.com/mapfiles/kml/paddle/purple-stars.png</href>
				</Icon>
			</IconStyle>
			<LabelStyle>
				<color>ffffffff</color>
				<scale>1</scale>
			</LabelStyle>
		</Style>
		<Point>
			<extrude>1</extrude>
			<altitudeMode>relativeToGround</altitudeMode>
			<coordinates>-66.56300354003901,18.00830078125,0</coordinates>
		</Point>
	</Placemark>
	<Placemark>
		<name>TJRV</name>
		<styleUrl>#stylemap_id0</styleUrl>
		<Style>
			<IconStyle>
				<scale>1</scale>
				<Icon>
					<href>https://maps.google.com/mapfiles/kml/paddle/purple-stars.png</href>
				</Icon>
			</IconStyle>
			<LabelStyle>
				<color>ffffffff</color>
				<scale>1</scale>
			</LabelStyle>
		</Style>
		<Point>
			<extrude>1</extrude>
			<altitudeMode>relativeToGround</altitudeMode>
			<coordinates>-65.63979,18.247262,0</coordinates>
		</Point>
	</Placemark>
	<Placemark>
		<name>KSBA</name>
		<styleUrl>#stylemap_id0</styleUrl>
		<Style>
			<IconStyle>
				<scale>1</scale>
				<Icon>
					<href>https://maps.google.com/mapfiles/kml/paddle/purple-stars.png</href>
				</Icon>
			</IconStyle>
			<LabelStyle>
				<color>ffffffff</color>
				<scale>1</scale>
			</LabelStyle>
		</Style>
		<Point>
			<extrude>1</extrude>
			<altitudeMode>relativeToGround</altitudeMode>
			<coordinates>-119.8399963,34.42620087,0</coordinates>
		</Point>
	</Placemark>
	<Placemark>
		<name>VVVH</name>
		<styleUrl>#stylemap_id0</styleUrl>
		<Style>
			<IconStyle>
				<scale>1</scale>
				<Icon>
					<href>https://maps.google.com/mapfiles/kml/paddle/purple-stars.png</href>
				</Icon>
			</IconStyle>
			<LabelStyle>
				<color>ffffffff</color>
				<scale>1</scale>
			</LabelStyle>
		</Style>
		<Point>
			<extrude>1</extrude>
			<altitudeMode>relativeToGround</altitudeMode>
			<coordinates>105.67099762,18.7376003265,0</coordinates>
		</Point>
	</Placemark>
	<Placemark>
		<name>VVPB</name>
		<styleUrl>#stylemap_id0</styleUrl>
		<Style>
			<IconStyle>
				<scale>1</scale>
				<Icon>
					<href>https://maps.google.com/mapfiles/kml/paddle/purple-stars.png</href>
				</Icon>
			</IconStyle>
			<LabelStyle>
				<color>ffffffff</color>
				<scale>1</scale>
			</LabelStyle>
		</Style>
		<Point>
			<extrude>1</extrude>
			<altitudeMode>relativeToGround</altitudeMode>
			<coordinates>107.703003,16.401501,0</coordinates>
		</Point>
	</Placemark>
	<Placemark>
		<name>VVDL</name>
		<styleUrl>#stylemap_id0</styleUrl>
		<Style>
			<IconStyle>
				<scale>1</scale>
				<Icon>
					<href>https://maps.google.com/mapfiles/kml/paddle/purple-stars.png</href>
				</Icon>
			</IconStyle>
			<LabelStyle>
				<color>ffffffff</color>
				<scale>1</scale>
			</LabelStyle>
		</Style>
		<Point>
			<extrude>1</extrude>
			<altitudeMode>relativeToGround</altitudeMode>
			<coordinates>108.366997,11.75,0</coordinates>
		</Point>
	</Placemark>
	<Placemark>
		<name>VVDH</name>
		<styleUrl>#stylemap_id0</styleUrl>
		<Style>
			<IconStyle>
				<scale>1</scale>
				<Icon>
					<href>https://maps.google.com/mapfiles/kml/paddle/purple-stars.png</href>
				</Icon>
			</IconStyle>
			<LabelStyle>
				<color>ffffffff</color>
				<scale>1</scale>
			</LabelStyle>
		</Style>
		<Point>
			<extrude>1</extrude>
			<altitudeMode>relativeToGround</altitudeMode>
			<coordinates>106.589584101328,17.5124419196929,0</coordinates>
		</Point>
	</Placemark>
	<Placemark>
		<name>VVPQ</name>
		<styleUrl>#stylemap_id0</styleUrl>
		<Style>
			<IconStyle>
				<scale>1</scale>
				<Icon>
					<href>https://maps.google.com/mapfiles/kml/paddle/purple-stars.png</href>
				</Icon>
			</IconStyle>
			<LabelStyle>
				<color>ffffffff</color>
				<scale>1</scale>
			</LabelStyle>
		</Style>
		<Point>
			<extrude>1</extrude>
			<altitudeMode>relativeToGround</altitudeMode>
			<coordinates>103.9931,10.1698,0</coordinates>
		</Point>
	</Placemark>
	<Placemark>
		<name>KPIT</name>
		<styleUrl>#stylemap_id0</styleUrl>
		<Style>
			<IconStyle>
				<scale>1</scale>
				<Icon>
					<href>https://maps.google.com/mapfiles/kml/paddle/purple-stars.png</href>
				</Icon>
			</IconStyle>
			<LabelStyle>
				<color>ffffffff</color>
				<scale>1</scale>
			</LabelStyle>
		</Style>
		<Point>
			<extrude>1</extrude>
			<altitudeMode>relativeToGround</altitudeMode>
			<coordinates>-80.23290253,40.49150085,0</coordinates>
		</Point>
	</Placemark>
	<Placemark>
		<name>KAGC</name>
		<styleUrl>#stylemap_id0</styleUrl>
		<Style>
			<IconStyle>
				<scale>1</scale>
				<Icon>
					<href>https://maps.google.com/mapfiles/kml/paddle/purple-stars.png</href>
				</Icon>
			</IconStyle>
			<LabelStyle>
				<color>ffffffff</color>
				<scale>1</scale>
			</LabelStyle>
		</Style>
		<Point>
			<extrude>1</extrude>
			<altitudeMode>relativeToGround</altitudeMode>
			<coordinates>-79.93019866943359,40.3544006347656,0</coordinates>
		</Point>
	</Placemark>
	<Placemark>
		<name>MMLP</name>
		<styleUrl>#stylemap_id0</styleUrl>
		<Style>
			<IconStyle>
				<scale>1</scale>
				<Icon>
					<href>https://maps.google.com/mapfiles/kml/paddle/purple-stars.png</href>
				</Icon>
			</IconStyle>
			<LabelStyle>
				<color>ffffffff</color>
				<scale>1</scale>
			</LabelStyle>
		</Style>
		<Point>
			<extrude>1</extrude>
			<altitudeMode>relativeToGround</altitudeMode>
			<coordinates>-110.361999512,24.0727005004999,0</coordinates>
		</Point>
	</Placemark>
	<Placemark>
		<name>MMSL</name>
		<styleUrl>#stylemap_id0</styleUrl>
		<Style>
			<IconStyle>
				<scale>1</scale>
				<Icon>
					<href>https://maps.google.com/mapfiles/kml/paddle/purple-stars.png</href>
				</Icon>
			</IconStyle>
			<LabelStyle>
				<color>ffffffff</color>
				<scale>1</scale>
			</LabelStyle>
		</Style>
		<Point>
			<extrude>1</extrude>
			<altitudeMode>relativeToGround</altitudeMode>
			<coordinates>-109.936996,22.947701,0</coordinates>
		</Point>
	</Placemark>
	<Placemark>
		<name>MMLT</name>
		<styleUrl>#stylemap_id0</styleUrl>
		<Style>
			<IconStyle>
				<scale>1</scale>
				<Icon>
					<href>https://maps.google.com/mapfiles/kml/paddle/purple-stars.png</href>
				</Icon>
			</IconStyle>
			<LabelStyle>
				<color>ffffffff</color>
				<scale>1</scale>
			</LabelStyle>
		</Style>
		<Point>
			<extrude>1</extrude>
			<altitudeMode>relativeToGround</altitudeMode>
			<coordinates>-111.347999572753,25.989200592041,0</coordinates>
		</Point>
	</Placemark>
</Document>
</kml>
