<?xml version="1.0" encoding="UTF-8"?>
<kml xmlns="http://www.opengis.net/kml/2.2" xmlns:gx="http://www.google.com/kml/ext/2.2" xmlns:kml="http://www.opengis.net/kml/2.2" xmlns:atom="http://www.w3.org/2005/Atom">
<Document>
	<name>HL8080 RKSS-PANC PLAN</name>
	<atom:link rel="app" href="https://www.google.com/earth/about/versions/#earth-pro" title="Google Earth Pro 7.3.6.10441"></atom:link>
	<Style id="style_2">
		<IconStyle>
			<scale>1.2</scale>
			<Icon>
				<href>https://maps.google.com/mapfiles/kml/paddle/ylw-diamond.png</href>
			</Icon>
		</IconStyle>
		<LineStyle>
			<color>ff00ffff</color>
			<width>5</width>
		</LineStyle>
	</Style>
	<StyleMap id="style_20">
		<Pair>
			<key>normal</key>
			<styleUrl>#style_2</styleUrl>
		</Pair>
		<Pair>
			<key>highlight</key>
			<styleUrl>#style_21</styleUrl>
		</Pair>
	</StyleMap>
	<Style id="style_21">
		<IconStyle>
			<scale>1.2</scale>
			<Icon>
				<href>https://maps.google.com/mapfiles/kml/paddle/ylw-diamond.png</href>
			</Icon>
		</IconStyle>
		<LineStyle>
			<color>ff00ffff</color>
			<width>5</width>
		</LineStyle>
	</Style>
	<Style id="style_22">
		<IconStyle>
			<scale>1.1</scale>
			<Icon>
				<href>https://maps.google.com/mapfiles/kml/shapes/placemark_circle.png</href>
			</Icon>
		</IconStyle>
		<LabelStyle>
			<color>ff00ff00</color>
			<scale>1.4</scale>
		</LabelStyle>
	</Style>
	<Style id="style_3">
		<IconStyle>
			<scale>1.1</scale>
			<Icon>
				<href>https://maps.google.com/mapfiles/kml/shapes/placemark_circle.png</href>
			</Icon>
		</IconStyle>
		<LabelStyle>
			<color>ff00ff00</color>
			<scale>1.4</scale>
		</LabelStyle>
	</Style>
	<Placemark>
		<name>일본(RJJJ)</name>
		<description><![CDATA[<b>-Overfly permit :</b> <span style="white-space:nowrap"><font color="red">Not required</font></span>]]></description>
		<styleUrl>#style_22</styleUrl>
		<gx:balloonVisibility>1</gx:balloonVisibility>
		<Point>
			<extrude>1</extrude>
			<altitudeMode>absolute</altitudeMode>
			<coordinates>133,37.666667,500000</coordinates>
		</Point>
	</Placemark>
	<Placemark>
		<Style>
			<LineStyle>
				<color>ffffffff</color>
				<width>2</width>
			</LineStyle>
		</Style>
		<LineString>
			<extrude>1</extrude>
			<altitudeMode>absolute</altitudeMode>
			<coordinates>
				133,37.666667,0 133,37.666667,500000 
			</coordinates>
		</LineString>
	</Placemark>
	<Placemark>
		<name>미국(PAZA)</name>
		<description><![CDATA[<b>-Overfly permit :</b> <span style="white-space:nowrap"><font color="red">Not required</font></span>]]></description>
		<styleUrl>#style_3</styleUrl>
		<Point>
			<extrude>1</extrude>
			<altitudeMode>absolute</altitudeMode>
			<coordinates>160.681667,48.278333,500000</coordinates>
		</Point>
	</Placemark>
	<Placemark>
		<Style>
			<LineStyle>
				<color>ffffffff</color>
				<width>2</width>
			</LineStyle>
		</Style>
		<LineString>
			<extrude>1</extrude>
			<altitudeMode>absolute</altitudeMode>
			<coordinates>
				160.681667,48.278333,0 160.681667,48.278333,500000 
			</coordinates>
		</LineString>
	</Placemark>
	<Placemark>
		<name>ntm1</name>
		<Style>
			<PolyStyle>
				<color>7f00ff00</color>
				<outline>1</outline>
			</PolyStyle>
		</Style>
		<Polygon>
			<extrude>1</extrude>
			<altitudeMode>relativeToGround</altitudeMode>
			<outerBoundaryIs>
				<LinearRing>
					<coordinates>
						179.766666666667,60,91440 -176.966666666667,58.89999999999999,91440 -174.233333333333,58.0666666666667,91440 -169.483333333333,56.51666666666671,91440 -168.6,54.86666666666671,91440 -167.8,53.3333333333333,91440 -171.05,52.5666666666667,91440 -173.133333333333,55.5833333333333,91440 -177.316666666667,57.3833333333333,91440 177.25,58.73333333333329,91440 179.766666666667,60,91440 179.766666666667,60,91440 
					</coordinates>
				</LinearRing>
			</outerBoundaryIs>
		</Polygon>
	</Placemark>
	<Placemark>
		<name>ntm2</name>
		<Style>
			<PolyStyle>
				<color>7f00ff00</color>
				<outline>1</outline>
			</PolyStyle>
		</Style>
		<Polygon>
			<extrude>1</extrude>
			<altitudeMode>relativeToGround</altitudeMode>
			<outerBoundaryIs>
				<LinearRing>
					<coordinates>
						-175.266666666667,58.5,91440 -169.516666666667,56.48333333333331,91440 -165.066666666667,52.6,91440 -163.166666666667,49.33333333333331,91440 -170.6,49.15,91440 -169.683333333333,51.4666666666667,91440 -172.966666666667,55.3666666666667,91440 -177.183333333333,57.2333333333333,91440 -175.233333333333,58.55,91440 -175.266666666667,58.5,91440 -175.266666666667,58.5,91440 
					</coordinates>
				</LinearRing>
			</outerBoundaryIs>
		</Polygon>
	</Placemark>
	<Placemark>
		<name>at 1400Z (~FL270)</name>
		<styleUrl>#stylemap_id0</styleUrl>
		<Style>
			<IconStyle>
				<scale>1</scale>
				<Icon>
					<href>https://maps.google.com/mapfiles/kml/pal4/icon52.png</href>
				</Icon>
			</IconStyle>
			<LabelStyle>
				<color>ff00ff00</color>
				<scale>1.2</scale>
			</LabelStyle>
		</Style>
		<gx:balloonVisibility>1</gx:balloonVisibility>
		<Point>
			<extrude>1</extrude>
			<altitudeMode>relativeToGround</altitudeMode>
			<coordinates>179.766666666667,60,160000</coordinates>
		</Point>
	</Placemark>
	<Placemark>
		<name>at 2000Z (~FL270)</name>
		<styleUrl>#stylemap_id0</styleUrl>
		<Style>
			<IconStyle>
				<scale>1</scale>
				<Icon>
					<href>https://maps.google.com/mapfiles/kml/pal4/icon52.png</href>
				</Icon>
			</IconStyle>
			<LabelStyle>
				<color>ff00ff00</color>
				<scale>1.2</scale>
			</LabelStyle>
		</Style>
		<gx:balloonVisibility>1</gx:balloonVisibility>
		<Point>
			<extrude>1</extrude>
			<altitudeMode>relativeToGround</altitudeMode>
			<coordinates>-175.266666666667,58.5,160000</coordinates>
		</Point>
	</Placemark>
	<Placemark>
		<name>RKSS</name>
		<description><![CDATA[<span style='white-space: nowrap;'>-<b>Airway :</b> <font color='blue'>EGOBA2T</font></span><br><br><span style='white-space: nowrap;'>-<b>Altitude :</b> <font color='blue'>59 ft</font></span><br><br><span style='white-space: nowrap;'>-<b>Weight :</b> <font color='blue'>167410 lbs</font></span><br><br><span style='white-space: nowrap;'>-<b>Fuel :</b> <font color='blue'>63300 lbs</font></span><br><br><span style='white-space: nowrap;'>-<b>OAT :</b> <font color='blue'>5</font></span><br><br><span style='white-space: nowrap;'>-<b>TAS :</b> <font color='blue'>None</font></span><br><br><span style='white-space: nowrap;'>-<b>Time 1 :</b> <font color='blue'>T/O + 00.00</font></span><br><br><span style='white-space: nowrap;'>-<b>Time 2 :</b> <font color='blue'>12:15Z, 12</font></span><br><br><span style='white-space: nowrap;'>-<b>MORA :</b> <font color='blue'>4100 ft</font></span><br><br>]]></description>
		<styleUrl>#style_20</styleUrl>
		<Point>
			<extrude>1</extrude>
			<altitudeMode>relativeToGround</altitudeMode>
			<coordinates>126.796667,37.556667,195394</coordinates>
		</Point>
	</Placemark>
	<Placemark>
		<name>TD040</name>
		<description><![CDATA[<span style='white-space: nowrap;'>-<b>Airway :</b> <font color='blue'>EGOBA2T</font></span><br><br><span style='white-space: nowrap;'>-<b>Altitude :</b> <font color='blue'>0 ft</font></span><br><br><span style='white-space: nowrap;'>-<b>Weight :</b> <font color='blue'>167248 lbs</font></span><br><br><span style='white-space: nowrap;'>-<b>Fuel :</b> <font color='blue'>63138 lbs</font></span><br><br><span style='white-space: nowrap;'>-<b>OAT :</b> <font color='blue'>5</font></span><br><br><span style='white-space: nowrap;'>-<b>TAS :</b> <font color='blue'>246</font></span><br><br><span style='white-space: nowrap;'>-<b>TAT :</b> <font color='blue'>12</font></span><br><br><span style='white-space: nowrap;'>-<b>Time 1 :</b> <font color='blue'>T/O + 00:02</font></span><br><br><span style='white-space: nowrap;'>-<b>Time 2 :</b> <font color='blue'>12:17Z, 12</font></span><br><br><span style='white-space: nowrap;'>-<b>Wind factor :</b> <font color='blue'>H.W 64KT</font></span><br><br><span style='white-space: nowrap;'>-<b>Shear rate :</b> <font color='blue'>3</font></span><br><br><span style='white-space: nowrap;'>-<b>MORA :</b> <font color='blue'>4100 ft</font></span><br><br>]]></description>
		<styleUrl>#style_20</styleUrl>
		<Point>
			<extrude>1</extrude>
			<altitudeMode>relativeToGround</altitudeMode>
			<coordinates>126.693333,37.635,195394</coordinates>
		</Point>
	</Placemark>
	<Placemark>
		<name>TD050</name>
		<description><![CDATA[<span style='white-space: nowrap;'>-<b>Airway :</b> <font color='blue'>EGOBA2T</font></span><br><br><span style='white-space: nowrap;'>-<b>Altitude :</b> <font color='blue'>0 ft</font></span><br><br><span style='white-space: nowrap;'>-<b>Weight :</b> <font color='blue'>167102 lbs</font></span><br><br><span style='white-space: nowrap;'>-<b>Fuel :</b> <font color='blue'>62992 lbs</font></span><br><br><span style='white-space: nowrap;'>-<b>OAT :</b> <font color='blue'>5</font></span><br><br><span style='white-space: nowrap;'>-<b>TAS :</b> <font color='blue'>246</font></span><br><br><span style='white-space: nowrap;'>-<b>TAT :</b> <font color='blue'>12</font></span><br><br><span style='white-space: nowrap;'>-<b>Time 1 :</b> <font color='blue'>T/O + 00:03</font></span><br><br><span style='white-space: nowrap;'>-<b>Time 2 :</b> <font color='blue'>12:18Z, 12</font></span><br><br><span style='white-space: nowrap;'>-<b>Wind factor :</b> <font color='blue'>T.W 66kt</font></span><br><br><span style='white-space: nowrap;'>-<b>Shear rate :</b> <font color='blue'>3</font></span><br><br><span style='white-space: nowrap;'>-<b>MORA :</b> <font color='blue'>4100 ft</font></span><br><br>]]></description>
		<styleUrl>#style_20</styleUrl>
		<Point>
			<extrude>1</extrude>
			<altitudeMode>relativeToGround</altitudeMode>
			<coordinates>126.593333,37.561667,195394</coordinates>
		</Point>
	</Placemark>
	<Placemark>
		<name>TD100</name>
		<description><![CDATA[<span style='white-space: nowrap;'>-<b>Airway :</b> <font color='blue'>EGOBA2T</font></span><br><br><span style='white-space: nowrap;'>-<b>Altitude :</b> <font color='blue'>0 ft</font></span><br><br><span style='white-space: nowrap;'>-<b>Weight :</b> <font color='blue'>166885 lbs</font></span><br><br><span style='white-space: nowrap;'>-<b>Fuel :</b> <font color='blue'>62775 lbs</font></span><br><br><span style='white-space: nowrap;'>-<b>OAT :</b> <font color='blue'>5</font></span><br><br><span style='white-space: nowrap;'>-<b>TAS :</b> <font color='blue'>246</font></span><br><br><span style='white-space: nowrap;'>-<b>TAT :</b> <font color='blue'>12</font></span><br><br><span style='white-space: nowrap;'>-<b>Time 1 :</b> <font color='blue'>T/O + 00:05</font></span><br><br><span style='white-space: nowrap;'>-<b>Time 2 :</b> <font color='blue'>12:20Z, 12</font></span><br><br><span style='white-space: nowrap;'>-<b>Wind factor :</b> <font color='blue'>T.W 95kt</font></span><br><br><span style='white-space: nowrap;'>-<b>Shear rate :</b> <font color='blue'>3</font></span><br><br><span style='white-space: nowrap;'>-<b>MORA :</b> <font color='blue'>4100 ft</font></span><br><br>]]></description>
		<styleUrl>#style_20</styleUrl>
		<Point>
			<extrude>1</extrude>
			<altitudeMode>relativeToGround</altitudeMode>
			<coordinates>126.573333,37.405,195394</coordinates>
		</Point>
	</Placemark>
	<Placemark>
		<name>TD120</name>
		<description><![CDATA[<span style='white-space: nowrap;'>-<b>Airway :</b> <font color='blue'>EGOBA2T</font></span><br><br><span style='white-space: nowrap;'>-<b>Altitude :</b> <font color='blue'>0 ft</font></span><br><br><span style='white-space: nowrap;'>-<b>Weight :</b> <font color='blue'>166769 lbs</font></span><br><br><span style='white-space: nowrap;'>-<b>Fuel :</b> <font color='blue'>62659 lbs</font></span><br><br><span style='white-space: nowrap;'>-<b>OAT :</b> <font color='blue'>6</font></span><br><br><span style='white-space: nowrap;'>-<b>TAS :</b> <font color='blue'>246</font></span><br><br><span style='white-space: nowrap;'>-<b>TAT :</b> <font color='blue'>13</font></span><br><br><span style='white-space: nowrap;'>-<b>Time 1 :</b> <font color='blue'>T/O + 00:07</font></span><br><br><span style='white-space: nowrap;'>-<b>Time 2 :</b> <font color='blue'>12:22Z, 12</font></span><br><br><span style='white-space: nowrap;'>-<b>Wind factor :</b> <font color='blue'>T.W 93kt</font></span><br><br><span style='white-space: nowrap;'>-<b>Shear rate :</b> <font color='blue'>3</font></span><br><br><span style='white-space: nowrap;'>-<b>MORA :</b> <font color='blue'>4100 ft</font></span><br><br>]]></description>
		<styleUrl>#style_20</styleUrl>
		<Point>
			<extrude>1</extrude>
			<altitudeMode>relativeToGround</altitudeMode>
			<coordinates>126.595,37.323333,195394</coordinates>
		</Point>
	</Placemark>
	<Placemark>
		<name>TK130</name>
		<description><![CDATA[<span style='white-space: nowrap;'>-<b>Airway :</b> <font color='blue'>EGOBA2T</font></span><br><br><span style='white-space: nowrap;'>-<b>Altitude :</b> <font color='blue'>0 ft</font></span><br><br><span style='white-space: nowrap;'>-<b>Weight :</b> <font color='blue'>166453 lbs</font></span><br><br><span style='white-space: nowrap;'>-<b>Fuel :</b> <font color='blue'>62343 lbs</font></span><br><br><span style='white-space: nowrap;'>-<b>OAT :</b> <font color='blue'>6</font></span><br><br><span style='white-space: nowrap;'>-<b>TAS :</b> <font color='blue'>246</font></span><br><br><span style='white-space: nowrap;'>-<b>TAT :</b> <font color='blue'>13</font></span><br><br><span style='white-space: nowrap;'>-<b>Time 1 :</b> <font color='blue'>T/O + 00:10</font></span><br><br><span style='white-space: nowrap;'>-<b>Time 2 :</b> <font color='blue'>12:25Z, 12</font></span><br><br><span style='white-space: nowrap;'>-<b>Wind factor :</b> <font color='blue'>H.W 23KT</font></span><br><br><span style='white-space: nowrap;'>-<b>Shear rate :</b> <font color='blue'>3</font></span><br><br><span style='white-space: nowrap;'>-<b>MORA :</b> <font color='blue'>4100 ft</font></span><br><br>]]></description>
		<styleUrl>#style_20</styleUrl>
		<Point>
			<extrude>1</extrude>
			<altitudeMode>relativeToGround</altitudeMode>
			<coordinates>126.85,37.368333,195394</coordinates>
		</Point>
	</Placemark>
	<Placemark>
		<name>EGOBA</name>
		<description><![CDATA[<span style='white-space: nowrap;'>-<b>Airway :</b> <font color='blue'>Y697</font></span><br><br><span style='white-space: nowrap;'>-<b>Altitude :</b> <font color='blue'>0 ft</font></span><br><br><span style='white-space: nowrap;'>-<b>Weight :</b> <font color='blue'>165784 lbs</font></span><br><br><span style='white-space: nowrap;'>-<b>Fuel :</b> <font color='blue'>61674 lbs</font></span><br><br><span style='white-space: nowrap;'>-<b>OAT :</b> <font color='blue'>5</font></span><br><br><span style='white-space: nowrap;'>-<b>TAS :</b> <font color='blue'>246</font></span><br><br><span style='white-space: nowrap;'>-<b>TAT :</b> <font color='blue'>12</font></span><br><br><span style='white-space: nowrap;'>-<b>Time 1 :</b> <font color='blue'>T/O + 00:17</font></span><br><br><span style='white-space: nowrap;'>-<b>Time 2 :</b> <font color='blue'>12:32Z, 12</font></span><br><br><span style='white-space: nowrap;'>-<b>Wind factor :</b> <font color='blue'>H.W 28KT</font></span><br><br><span style='white-space: nowrap;'>-<b>Shear rate :</b> <font color='blue'>3</font></span><br><br><span style='white-space: nowrap;'>-<b>MORA :</b> <font color='blue'>6200 ft</font></span><br><br>]]></description>
		<styleUrl>#style_20</styleUrl>
		<Point>
			<extrude>1</extrude>
			<altitudeMode>relativeToGround</altitudeMode>
			<coordinates>127.38,37.486667,195394</coordinates>
		</Point>
	</Placemark>
	<Placemark>
		<name>KARBU</name>
		<description><![CDATA[<span style='white-space: nowrap;'>-<b>Airway :</b> <font color='blue'>Y697</font></span><br><br><span style='white-space: nowrap;'>-<b>Altitude :</b> <font color='blue'>7900 ft</font></span><br><br><span style='white-space: nowrap;'>-<b>Weight :</b> <font color='blue'>164753 lbs</font></span><br><br><span style='white-space: nowrap;'>-<b>Fuel :</b> <font color='blue'>60643 lbs</font></span><br><br><span style='white-space: nowrap;'>-<b>OAT :</b> <font color='blue'>-3</font></span><br><br><span style='white-space: nowrap;'>-<b>TAS :</b> <font color='blue'>197</font></span><br><br><span style='white-space: nowrap;'>-<b>TAT :</b> <font color='blue'>1</font></span><br><br><span style='white-space: nowrap;'>-<b>Time 1 :</b> <font color='blue'>T/O + 00:21</font></span><br><br><span style='white-space: nowrap;'>-<b>Time 2 :</b> <font color='blue'>12:36Z, 12</font></span><br><br><span style='white-space: nowrap;'>-<b>Wind factor :</b> <font color='blue'>H.W 20KT</font></span><br><br><span style='white-space: nowrap;'>-<b>Shear rate :</b> <font color='blue'>2</font></span><br><br><span style='white-space: nowrap;'>-<b>MORA :</b> <font color='blue'>6200 ft</font></span><br><br>]]></description>
		<styleUrl>#style_20</styleUrl>
		<Point>
			<extrude>1</extrude>
			<altitudeMode>relativeToGround</altitudeMode>
			<coordinates>127.665,37.533333,195394</coordinates>
		</Point>
	</Placemark>
	<Placemark>
		<name>TORUS</name>
		<description><![CDATA[<span style='white-space: nowrap;'>-<b>Airway :</b> <font color='blue'>Y697</font></span><br><br><span style='white-space: nowrap;'>-<b>Altitude :</b> <font color='blue'>FL176</font></span><br><br><span style='white-space: nowrap;'>-<b>Weight :</b> <font color='blue'>163887 lbs</font></span><br><br><span style='white-space: nowrap;'>-<b>Fuel :</b> <font color='blue'>59777 lbs</font></span><br><br><span style='white-space: nowrap;'>-<b>OAT :</b> <font color='blue'>-20</font></span><br><br><span style='white-space: nowrap;'>-<b>TAS :</b> <font color='blue'>323</font></span><br><br><span style='white-space: nowrap;'>-<b>TAT :</b> <font color='blue'>-6</font></span><br><br><span style='white-space: nowrap;'>-<b>Time 1 :</b> <font color='blue'>T/O + 00:25</font></span><br><br><span style='white-space: nowrap;'>-<b>Time 2 :</b> <font color='blue'>12:40Z, 12</font></span><br><br><span style='white-space: nowrap;'>-<b>Wind factor :</b> <font color='blue'>H.W 20KT</font></span><br><br><span style='white-space: nowrap;'>-<b>Shear rate :</b> <font color='blue'>7</font></span><br><br><span style='white-space: nowrap;'>-<b>MORA :</b> <font color='blue'>7500 ft</font></span><br><br>]]></description>
		<styleUrl>#style_20</styleUrl>
		<Point>
			<extrude>1</extrude>
			<altitudeMode>relativeToGround</altitudeMode>
			<coordinates>128.135,37.606667,195394</coordinates>
		</Point>
	</Placemark>
	<Placemark>
		<name>BIKSI</name>
		<description><![CDATA[<span style='white-space: nowrap;'>-<b>Airway :</b> <font color='blue'>Y697</font></span><br><br><span style='white-space: nowrap;'>-<b>Altitude :</b> <font color='blue'>FL239</font></span><br><br><span style='white-space: nowrap;'>-<b>Weight :</b> <font color='blue'>163259 lbs</font></span><br><br><span style='white-space: nowrap;'>-<b>Fuel :</b> <font color='blue'>59149 lbs</font></span><br><br><span style='white-space: nowrap;'>-<b>OAT :</b> <font color='blue'>-31</font></span><br><br><span style='white-space: nowrap;'>-<b>TAS :</b> <font color='blue'>376</font></span><br><br><span style='white-space: nowrap;'>-<b>TAT :</b> <font color='blue'>-12</font></span><br><br><span style='white-space: nowrap;'>-<b>Time 1 :</b> <font color='blue'>T/O + 00:29</font></span><br><br><span style='white-space: nowrap;'>-<b>Time 2 :</b> <font color='blue'>12:44Z, 12</font></span><br><br><span style='white-space: nowrap;'>-<b>Wind factor :</b> <font color='blue'>H.W 22KT</font></span><br><br><span style='white-space: nowrap;'>-<b>Shear rate :</b> <font color='blue'>8</font></span><br><br><span style='white-space: nowrap;'>-<b>MORA :</b> <font color='blue'>7500 ft</font></span><br><br>]]></description>
		<styleUrl>#style_20</styleUrl>
		<Point>
			<extrude>1</extrude>
			<altitudeMode>relativeToGround</altitudeMode>
			<coordinates>128.585,37.675,195394</coordinates>
		</Point>
	</Placemark>
	<Placemark>
		<name>KAE</name>
		<description><![CDATA[<span style='white-space: nowrap;'>-<b>Airway :</b> <font color='blue'>Y437</font></span><br><br><span style='white-space: nowrap;'>-<b>Altitude :</b> <font color='blue'>FL257</font></span><br><br><span style='white-space: nowrap;'>-<b>Weight :</b> <font color='blue'>163052 lbs</font></span><br><br><span style='white-space: nowrap;'>-<b>Fuel :</b> <font color='blue'>58942 lbs</font></span><br><br><span style='white-space: nowrap;'>-<b>OAT :</b> <font color='blue'>-40</font></span><br><br><span style='white-space: nowrap;'>-<b>TAS :</b> <font color='blue'>399</font></span><br><br><span style='white-space: nowrap;'>-<b>TAT :</b> <font color='blue'>-19</font></span><br><br><span style='white-space: nowrap;'>-<b>Time 1 :</b> <font color='blue'>T/O + 00:31</font></span><br><br><span style='white-space: nowrap;'>-<b>Time 2 :</b> <font color='blue'>12:46Z, 12</font></span><br><br><span style='white-space: nowrap;'>-<b>Wind factor :</b> <font color='blue'>H.W 24KT</font></span><br><br><span style='white-space: nowrap;'>-<b>Shear rate :</b> <font color='blue'>2</font></span><br><br><span style='white-space: nowrap;'>-<b>MORA :</b> <font color='blue'>7500 ft</font></span><br><br>]]></description>
		<styleUrl>#style_20</styleUrl>
		<Point>
			<extrude>1</extrude>
			<altitudeMode>relativeToGround</altitudeMode>
			<coordinates>128.753333,37.7,195394</coordinates>
		</Point>
	</Placemark>
	<Placemark>
		<name>LESBU</name>
		<description><![CDATA[<span style='white-space: nowrap;'>-<b>Airway :</b> <font color='blue'>Y437</font></span><br><br><span style='white-space: nowrap;'>-<b>Altitude :</b> <font color='blue'>FL329</font></span><br><br><span style='white-space: nowrap;'>-<b>Weight :</b> <font color='blue'>162136 lbs</font></span><br><br><span style='white-space: nowrap;'>-<b>Buffer Weight :</b> <font color='blue'>5559 lbs</font></span><br><br><span style='white-space: nowrap;'>-<b>Buffer Weight(+2000 ft) :</b> <font color='blue'>5559 lbs</font></span><br><br><span style='white-space: nowrap;'>-<b>Fuel :</b> <font color='blue'>58026 lbs</font></span><br><br><span style='white-space: nowrap;'>-<b>OAT :</b> <font color='blue'>-47</font></span><br><br><span style='white-space: nowrap;'>-<b>TAS :</b> <font color='blue'>430</font></span><br><br><span style='white-space: nowrap;'>-<b>TAT :</b> <font color='blue'>-22</font></span><br><br><span style='white-space: nowrap;'>-<b>Time 1 :</b> <font color='blue'>T/O + 00:37</font></span><br><br><span style='white-space: nowrap;'>-<b>Time 2 :</b> <font color='blue'>12:52Z, 12</font></span><br><br><span style='white-space: nowrap;'>-<b>Wind factor :</b> <font color='blue'>T.W 3kt</font></span><br><br><span style='white-space: nowrap;'>-<b>Shear rate :</b> <font color='blue'>6</font></span><br><br><span style='white-space: nowrap;'>-<b>MORA :</b> <font color='blue'>7500 ft</font></span><br><br>]]></description>
		<styleUrl>#style_20</styleUrl>
		<Point>
			<extrude>1</extrude>
			<altitudeMode>relativeToGround</altitudeMode>
			<coordinates>129.685,37.688333,195394</coordinates>
		</Point>
	</Placemark>
	<Placemark>
		<name>UGOVI</name>
		<description><![CDATA[<span style='white-space: nowrap;'>-<b>Airway :</b> <font color='blue'>Y437</font></span><br><br><span style='white-space: nowrap;'>-<b>Altitude :</b> <font color='blue'>FL341</font></span><br><br><span style='white-space: nowrap;'>-<b>Weight :</b> <font color='blue'>161997 lbs</font></span><br><br><span style='white-space: nowrap;'>-<b>Buffer Weight :</b> <font color='blue'>5593 lbs</font></span><br><br><span style='white-space: nowrap;'>-<b>Buffer Weight(+2000 ft) :</b> <font color='blue'>3193 lbs</font></span><br><br><span style='white-space: nowrap;'>-<b>Fuel :</b> <font color='blue'>57887 lbs</font></span><br><br><span style='white-space: nowrap;'>-<b>OAT :</b> <font color='blue'>-50</font></span><br><br><span style='white-space: nowrap;'>-<b>TAS :</b> <font color='blue'>453</font></span><br><br><span style='white-space: nowrap;'>-<b>TAT :</b> <font color='blue'>-23</font></span><br><br><span style='white-space: nowrap;'>-<b>Time 1 :</b> <font color='blue'>T/O + 00:38</font></span><br><br><span style='white-space: nowrap;'>-<b>Time 2 :</b> <font color='blue'>12:53Z, 12</font></span><br><br><span style='white-space: nowrap;'>-<b>Wind factor :</b> <font color='blue'>T.W 6kt</font></span><br><br><span style='white-space: nowrap;'>-<b>Shear rate :</b> <font color='blue'>6</font></span><br><br><span style='white-space: nowrap;'>-<b>MORA :</b> <font color='blue'>6800 ft</font></span><br><br>]]></description>
		<styleUrl>#style_20</styleUrl>
		<Point>
			<extrude>1</extrude>
			<altitudeMode>relativeToGround</altitudeMode>
			<coordinates>129.846667,37.685,195394</coordinates>
		</Point>
	</Placemark>
	<Placemark>
		<name>BUSKO</name>
		<description><![CDATA[<span style='white-space: nowrap;'>-<b>Airway :</b> <font color='blue'>Y437</font></span><br><br><span style='white-space: nowrap;'>-<b>Altitude :</b> <font color='blue'>FL364</font></span><br><br><span style='white-space: nowrap;'>-<b>Weight :</b> <font color='blue'>161658 lbs</font></span><br><br><span style='white-space: nowrap;'>-<b>Buffer Weight :</b> <font color='blue'>3497 lbs</font></span><br><br><span style='white-space: nowrap;'>-<b>Buffer Weight(+2000 ft) :</b> <font color='blue'>-6503 lbs</font></span><br><br><span style='white-space: nowrap;'>-<b>Fuel :</b> <font color='blue'>57548 lbs</font></span><br><br><span style='white-space: nowrap;'>-<b>OAT :</b> <font color='blue'>-50</font></span><br><br><span style='white-space: nowrap;'>-<b>TAS :</b> <font color='blue'>455</font></span><br><br><span style='white-space: nowrap;'>-<b>TAT :</b> <font color='blue'>-22</font></span><br><br><span style='white-space: nowrap;'>-<b>Time 1 :</b> <font color='blue'>T/O + 00:41</font></span><br><br><span style='white-space: nowrap;'>-<b>Time 2 :</b> <font color='blue'>12:56Z, 12</font></span><br><br><span style='white-space: nowrap;'>-<b>Wind factor :</b> <font color='blue'>T.W 7kt</font></span><br><br><span style='white-space: nowrap;'>-<b>Shear rate :</b> <font color='blue'>5</font></span><br><br><span style='white-space: nowrap;'>-<b>MORA :</b> <font color='blue'>6800 ft</font></span><br><br>]]></description>
		<styleUrl>#style_20</styleUrl>
		<Point>
			<extrude>1</extrude>
			<altitudeMode>relativeToGround</altitudeMode>
			<coordinates>130.27,37.675,195394</coordinates>
		</Point>
	</Placemark>
	<Placemark>
		<name>TENAS</name>
		<description><![CDATA[<span style='white-space: nowrap;'>-<b>Airway :</b> <font color='blue'>L512</font></span><br><br><span style='white-space: nowrap;'>-<b>Altitude :</b> <font color='blue'>FL370</font></span><br><br><span style='white-space: nowrap;'>-<b>Weight :</b> <font color='blue'>160841 lbs</font></span><br><br><span style='white-space: nowrap;'>-<b>Buffer Weight :</b> <font color='blue'>1774 lbs</font></span><br><br><span style='white-space: nowrap;'>-<b>Buffer Weight(+2000 ft) :</b> <font color='blue'>-13326 lbs</font></span><br><br><span style='white-space: nowrap;'>-<b>Fuel :</b> <font color='blue'>56731 lbs</font></span><br><br><span style='white-space: nowrap;'>-<b>OAT :</b> <font color='blue'>-48</font></span><br><br><span style='white-space: nowrap;'>-<b>TAS :</b> <font color='blue'>461</font></span><br><br><span style='white-space: nowrap;'>-<b>TAT :</b> <font color='blue'>-20</font></span><br><br><span style='white-space: nowrap;'>-<b>Time 1 :</b> <font color='blue'>T/O + 00:49</font></span><br><br><span style='white-space: nowrap;'>-<b>Time 2 :</b> <font color='blue'>13:04Z, 12</font></span><br><br><span style='white-space: nowrap;'>-<b>Wind factor :</b> <font color='blue'>T.W 11kt</font></span><br><br><span style='white-space: nowrap;'>-<b>Shear rate :</b> <font color='blue'>3</font></span><br><br><span style='white-space: nowrap;'>-<b>MORA :</b> <font color='blue'>4600 ft</font></span><br><br>]]></description>
		<styleUrl>#style_20</styleUrl>
		<Point>
			<extrude>1</extrude>
			<altitudeMode>relativeToGround</altitudeMode>
			<coordinates>131.575,37.638333,195394</coordinates>
		</Point>
	</Placemark>
	<Placemark>
		<name>SABET</name>
		<description><![CDATA[<span style='white-space: nowrap;'>-<b>Airway :</b> <font color='blue'>L512</font></span><br><br><span style='white-space: nowrap;'>-<b>Altitude :</b> <font color='blue'>FL370</font></span><br><br><span style='white-space: nowrap;'>-<b>Weight :</b> <font color='blue'>160179 lbs</font></span><br><br><span style='white-space: nowrap;'>-<b>Buffer Weight :</b> <font color='blue'>2121 lbs</font></span><br><br><span style='white-space: nowrap;'>-<b>Buffer Weight(+2000 ft) :</b> <font color='blue'>-12979 lbs</font></span><br><br><span style='white-space: nowrap;'>-<b>Fuel :</b> <font color='blue'>56069 lbs</font></span><br><br><span style='white-space: nowrap;'>-<b>OAT :</b> <font color='blue'>-47</font></span><br><br><span style='white-space: nowrap;'>-<b>TAS :</b> <font color='blue'>462</font></span><br><br><span style='white-space: nowrap;'>-<b>TAT :</b> <font color='blue'>-19</font></span><br><br><span style='white-space: nowrap;'>-<b>Time 1 :</b> <font color='blue'>T/O + 00:55</font></span><br><br><span style='white-space: nowrap;'>-<b>Time 2 :</b> <font color='blue'>13:10Z, 12</font></span><br><br><span style='white-space: nowrap;'>-<b>Wind factor :</b> <font color='blue'>T.W 20kt</font></span><br><br><span style='white-space: nowrap;'>-<b>Shear rate :</b> <font color='blue'>1</font></span><br><br><span style='white-space: nowrap;'>-<b>MORA :</b> <font color='blue'>1900 ft</font></span><br><br>]]></description>
		<styleUrl>#style_20</styleUrl>
		<Point>
			<extrude>1</extrude>
			<altitudeMode>relativeToGround</altitudeMode>
			<coordinates>132.671667,37.641667,195394</coordinates>
		</Point>
	</Placemark>
	<Placemark>
		<name>ANDOL</name>
		<description><![CDATA[<span style='white-space: nowrap;'>-<b>Airway :</b> <font color='blue'>L512</font></span><br><br><span style='white-space: nowrap;'>-<b>Altitude :</b> <font color='blue'>FL370</font></span><br><br><span style='white-space: nowrap;'>-<b>Weight :</b> <font color='blue'>159982 lbs</font></span><br><br><span style='white-space: nowrap;'>-<b>Buffer Weight :</b> <font color='blue'>2283 lbs</font></span><br><br><span style='white-space: nowrap;'>-<b>Buffer Weight(+2000 ft) :</b> <font color='blue'>-12817 lbs</font></span><br><br><span style='white-space: nowrap;'>-<b>Fuel :</b> <font color='blue'>55872 lbs</font></span><br><br><span style='white-space: nowrap;'>-<b>OAT :</b> <font color='blue'>-47</font></span><br><br><span style='white-space: nowrap;'>-<b>TAS :</b> <font color='blue'>463</font></span><br><br><span style='white-space: nowrap;'>-<b>TAT :</b> <font color='blue'>-18</font></span><br><br><span style='white-space: nowrap;'>-<b>Time 1 :</b> <font color='blue'>T/O + 00:57</font></span><br><br><span style='white-space: nowrap;'>-<b>Time 2 :</b> <font color='blue'>13:12Z, 12</font></span><br><br><span style='white-space: nowrap;'>-<b>Wind factor :</b> <font color='blue'>T.W 21kt</font></span><br><br><span style='white-space: nowrap;'>-<b>Shear rate :</b> <font color='blue'>1</font></span><br><br><span style='white-space: nowrap;'>-<b>MORA :</b> <font color='blue'>1500 ft</font></span><br><br>]]></description>
		<styleUrl>#style_20</styleUrl>
		<Point>
			<extrude>1</extrude>
			<altitudeMode>relativeToGround</altitudeMode>
			<coordinates>133,37.666667,195394</coordinates>
		</Point>
	</Placemark>
	<Placemark>
		<name>KAMSA</name>
		<description><![CDATA[<span style='white-space: nowrap;'>-<b>Airway :</b> <font color='blue'>L512</font></span><br><br><span style='white-space: nowrap;'>-<b>Altitude :</b> <font color='blue'>FL370</font></span><br><br><span style='white-space: nowrap;'>-<b>Weight :</b> <font color='blue'>159544 lbs</font></span><br><br><span style='white-space: nowrap;'>-<b>Buffer Weight :</b> <font color='blue'>2581 lbs</font></span><br><br><span style='white-space: nowrap;'>-<b>Buffer Weight(+2000 ft) :</b> <font color='blue'>-12519 lbs</font></span><br><br><span style='white-space: nowrap;'>-<b>Fuel :</b> <font color='blue'>55434 lbs</font></span><br><br><span style='white-space: nowrap;'>-<b>OAT :</b> <font color='blue'>-47</font></span><br><br><span style='white-space: nowrap;'>-<b>TAS :</b> <font color='blue'>463</font></span><br><br><span style='white-space: nowrap;'>-<b>TAT :</b> <font color='blue'>-18</font></span><br><br><span style='white-space: nowrap;'>-<b>Time 1 :</b> <font color='blue'>T/O + 01:01</font></span><br><br><span style='white-space: nowrap;'>-<b>Time 2 :</b> <font color='blue'>13:16Z, 12</font></span><br><br><span style='white-space: nowrap;'>-<b>Wind factor :</b> <font color='blue'>T.W 25kt</font></span><br><br><span style='white-space: nowrap;'>-<b>Shear rate :</b> <font color='blue'>1</font></span><br><br><span style='white-space: nowrap;'>-<b>MORA :</b> <font color='blue'>1000 ft</font></span><br><br>]]></description>
		<styleUrl>#style_20</styleUrl>
		<Point>
			<extrude>1</extrude>
			<altitudeMode>relativeToGround</altitudeMode>
			<coordinates>133.733333,37.718333,195394</coordinates>
		</Point>
	</Placemark>
	<Placemark>
		<name>IGOBI</name>
		<description><![CDATA[<span style='white-space: nowrap;'>-<b>Airway :</b> <font color='blue'>L512</font></span><br><br><span style='white-space: nowrap;'>-<b>Altitude :</b> <font color='blue'>FL370</font></span><br><br><span style='white-space: nowrap;'>-<b>Weight :</b> <font color='blue'>157485 lbs</font></span><br><br><span style='white-space: nowrap;'>-<b>Buffer Weight :</b> <font color='blue'>3940 lbs</font></span><br><br><span style='white-space: nowrap;'>-<b>Buffer Weight(+2000 ft) :</b> <font color='blue'>-11160 lbs</font></span><br><br><span style='white-space: nowrap;'>-<b>Fuel :</b> <font color='blue'>53375 lbs</font></span><br><br><span style='white-space: nowrap;'>-<b>OAT :</b> <font color='blue'>-46</font></span><br><br><span style='white-space: nowrap;'>-<b>TAS :</b> <font color='blue'>464</font></span><br><br><span style='white-space: nowrap;'>-<b>TAT :</b> <font color='blue'>-17</font></span><br><br><span style='white-space: nowrap;'>-<b>Time 1 :</b> <font color='blue'>T/O + 01:22</font></span><br><br><span style='white-space: nowrap;'>-<b>Time 2 :</b> <font color='blue'>13:37Z, 12</font></span><br><br><span style='white-space: nowrap;'>-<b>Wind factor :</b> <font color='blue'>T.W 45kt</font></span><br><br><span style='white-space: nowrap;'>-<b>Shear rate :</b> <font color='blue'>1</font></span><br><br><span style='white-space: nowrap;'>-<b>MORA :</b> <font color='blue'>3800 ft</font></span><br><br>]]></description>
		<styleUrl>#style_20</styleUrl>
		<Point>
			<extrude>1</extrude>
			<altitudeMode>relativeToGround</altitudeMode>
			<coordinates>137.283333,37.901667,195394</coordinates>
		</Point>
	</Placemark>
	<Placemark>
		<name>TATAM</name>
		<description><![CDATA[<span style='white-space: nowrap;'>-<b>Airway :</b> <font color='blue'>L512</font></span><br><br><span style='white-space: nowrap;'>-<b>Altitude :</b> <font color='blue'>FL370</font></span><br><br><span style='white-space: nowrap;'>-<b>Weight :</b> <font color='blue'>157023 lbs</font></span><br><br><span style='white-space: nowrap;'>-<b>Buffer Weight :</b> <font color='blue'>4367 lbs</font></span><br><br><span style='white-space: nowrap;'>-<b>Buffer Weight(+2000 ft) :</b> <font color='blue'>-10733 lbs</font></span><br><br><span style='white-space: nowrap;'>-<b>Fuel :</b> <font color='blue'>52913 lbs</font></span><br><br><span style='white-space: nowrap;'>-<b>OAT :</b> <font color='blue'>-46</font></span><br><br><span style='white-space: nowrap;'>-<b>TAS :</b> <font color='blue'>464</font></span><br><br><span style='white-space: nowrap;'>-<b>TAT :</b> <font color='blue'>-17</font></span><br><br><span style='white-space: nowrap;'>-<b>Time 1 :</b> <font color='blue'>T/O + 01:27</font></span><br><br><span style='white-space: nowrap;'>-<b>Time 2 :</b> <font color='blue'>13:42Z, 12</font></span><br><br><span style='white-space: nowrap;'>-<b>Wind factor :</b> <font color='blue'>T.W 46kt</font></span><br><br><span style='white-space: nowrap;'>-<b>Shear rate :</b> <font color='blue'>1</font></span><br><br><span style='white-space: nowrap;'>-<b>MORA :</b> <font color='blue'>5900 ft</font></span><br><br>]]></description>
		<styleUrl>#style_20</styleUrl>
		<Point>
			<extrude>1</extrude>
			<altitudeMode>relativeToGround</altitudeMode>
			<coordinates>138.103333,37.93,195394</coordinates>
		</Point>
	</Placemark>
	<Placemark>
		<name>GTC</name>
		<description><![CDATA[<span style='white-space: nowrap;'>-<b>Airway :</b> <font color='blue'>Y512</font></span><br><br><span style='white-space: nowrap;'>-<b>Altitude :</b> <font color='blue'>FL370</font></span><br><br><span style='white-space: nowrap;'>-<b>Weight :</b> <font color='blue'>156457 lbs</font></span><br><br><span style='white-space: nowrap;'>-<b>Buffer Weight :</b> <font color='blue'>4863 lbs</font></span><br><br><span style='white-space: nowrap;'>-<b>Buffer Weight(+2000 ft) :</b> <font color='blue'>-10237 lbs</font></span><br><br><span style='white-space: nowrap;'>-<b>Fuel :</b> <font color='blue'>52347 lbs</font></span><br><br><span style='white-space: nowrap;'>-<b>OAT :</b> <font color='blue'>-46</font></span><br><br><span style='white-space: nowrap;'>-<b>TAS :</b> <font color='blue'>464</font></span><br><br><span style='white-space: nowrap;'>-<b>TAT :</b> <font color='blue'>-17</font></span><br><br><span style='white-space: nowrap;'>-<b>Time 1 :</b> <font color='blue'>T/O + 01:32</font></span><br><br><span style='white-space: nowrap;'>-<b>Time 2 :</b> <font color='blue'>13:47Z, 12</font></span><br><br><span style='white-space: nowrap;'>-<b>Wind factor :</b> <font color='blue'>T.W 48kt</font></span><br><br><span style='white-space: nowrap;'>-<b>Shear rate :</b> <font color='blue'>1</font></span><br><br><span style='white-space: nowrap;'>-<b>MORA :</b> <font color='blue'>9400 ft</font></span><br><br>]]></description>
		<styleUrl>#style_20</styleUrl>
		<Point>
			<extrude>1</extrude>
			<altitudeMode>relativeToGround</altitudeMode>
			<coordinates>139.115,37.958333,195394</coordinates>
		</Point>
	</Placemark>
	<Placemark>
		<name>ELDAK</name>
		<description><![CDATA[<span style='white-space: nowrap;'>-<b>Airway :</b> <font color='blue'>Y512</font></span><br><br><span style='white-space: nowrap;'>-<b>Altitude :</b> <font color='blue'>FL370</font></span><br><br><span style='white-space: nowrap;'>-<b>Weight :</b> <font color='blue'>156099 lbs</font></span><br><br><span style='white-space: nowrap;'>-<b>Buffer Weight :</b> <font color='blue'>5186 lbs</font></span><br><br><span style='white-space: nowrap;'>-<b>Buffer Weight(+2000 ft) :</b> <font color='blue'>-9914 lbs</font></span><br><br><span style='white-space: nowrap;'>-<b>Fuel :</b> <font color='blue'>51989 lbs</font></span><br><br><span style='white-space: nowrap;'>-<b>OAT :</b> <font color='blue'>-46</font></span><br><br><span style='white-space: nowrap;'>-<b>TAS :</b> <font color='blue'>464</font></span><br><br><span style='white-space: nowrap;'>-<b>TAT :</b> <font color='blue'>-17</font></span><br><br><span style='white-space: nowrap;'>-<b>Time 1 :</b> <font color='blue'>T/O + 01:36</font></span><br><br><span style='white-space: nowrap;'>-<b>Time 2 :</b> <font color='blue'>13:51Z, 12</font></span><br><br><span style='white-space: nowrap;'>-<b>Wind factor :</b> <font color='blue'>T.W 49kt</font></span><br><br><span style='white-space: nowrap;'>-<b>Shear rate :</b> <font color='blue'>1</font></span><br><br><span style='white-space: nowrap;'>-<b>MORA :</b> <font color='blue'>9400 ft</font></span><br><br>]]></description>
		<styleUrl>#style_20</styleUrl>
		<Point>
			<extrude>1</extrude>
			<altitudeMode>relativeToGround</altitudeMode>
			<coordinates>139.761667,38.026667,195394</coordinates>
		</Point>
	</Placemark>
	<Placemark>
		<name>SDE</name>
		<description><![CDATA[<span style='white-space: nowrap;'>-<b>Airway :</b> <font color='blue'>Y512</font></span><br><br><span style='white-space: nowrap;'>-<b>Altitude :</b> <font color='blue'>FL370</font></span><br><br><span style='white-space: nowrap;'>-<b>Weight :</b> <font color='blue'>155462 lbs</font></span><br><br><span style='white-space: nowrap;'>-<b>Buffer Weight :</b> <font color='blue'>5823 lbs</font></span><br><br><span style='white-space: nowrap;'>-<b>Buffer Weight(+2000 ft) :</b> <font color='blue'>-9277 lbs</font></span><br><br><span style='white-space: nowrap;'>-<b>Fuel :</b> <font color='blue'>51352 lbs</font></span><br><br><span style='white-space: nowrap;'>-<b>OAT :</b> <font color='blue'>-47</font></span><br><br><span style='white-space: nowrap;'>-<b>TAS :</b> <font color='blue'>464</font></span><br><br><span style='white-space: nowrap;'>-<b>TAT :</b> <font color='blue'>-18</font></span><br><br><span style='white-space: nowrap;'>-<b>Time 1 :</b> <font color='blue'>T/O + 01:42</font></span><br><br><span style='white-space: nowrap;'>-<b>Time 2 :</b> <font color='blue'>13:57Z, 12</font></span><br><br><span style='white-space: nowrap;'>-<b>Wind factor :</b> <font color='blue'>T.W 49kt</font></span><br><br><span style='white-space: nowrap;'>-<b>Shear rate :</b> <font color='blue'>1</font></span><br><br><span style='white-space: nowrap;'>-<b>MORA :</b> <font color='blue'>8800 ft</font></span><br><br>]]></description>
		<styleUrl>#style_20</styleUrl>
		<Point>
			<extrude>1</extrude>
			<altitudeMode>relativeToGround</altitudeMode>
			<coordinates>140.921667,38.138333,195394</coordinates>
		</Point>
	</Placemark>
	<Placemark>
		<name>BEKEN</name>
		<description><![CDATA[<span style='white-space: nowrap;'>-<b>Airway :</b> <font color='blue'>Y512</font></span><br><br><span style='white-space: nowrap;'>-<b>Altitude :</b> <font color='blue'>FL370</font></span><br><br><span style='white-space: nowrap;'>-<b>Weight :</b> <font color='blue'>154834 lbs</font></span><br><br><span style='white-space: nowrap;'>-<b>Buffer Weight :</b> <font color='blue'>6486 lbs</font></span><br><br><span style='white-space: nowrap;'>-<b>Buffer Weight(+2000 ft) :</b> <font color='blue'>-8614 lbs</font></span><br><br><span style='white-space: nowrap;'>-<b>Fuel :</b> <font color='blue'>50724 lbs</font></span><br><br><span style='white-space: nowrap;'>-<b>OAT :</b> <font color='blue'>-47</font></span><br><br><span style='white-space: nowrap;'>-<b>TAS :</b> <font color='blue'>463</font></span><br><br><span style='white-space: nowrap;'>-<b>TAT :</b> <font color='blue'>-18</font></span><br><br><span style='white-space: nowrap;'>-<b>Time 1 :</b> <font color='blue'>T/O + 01:49</font></span><br><br><span style='white-space: nowrap;'>-<b>Time 2 :</b> <font color='blue'>14:04Z, 12</font></span><br><br><span style='white-space: nowrap;'>-<b>Wind factor :</b> <font color='blue'>T.W 48kt</font></span><br><br><span style='white-space: nowrap;'>-<b>Shear rate :</b> <font color='blue'>2</font></span><br><br><span style='white-space: nowrap;'>-<b>MORA :</b> <font color='blue'>8800 ft</font></span><br><br>]]></description>
		<styleUrl>#style_20</styleUrl>
		<Point>
			<extrude>1</extrude>
			<altitudeMode>relativeToGround</altitudeMode>
			<coordinates>142.061667,38.006667,195394</coordinates>
		</Point>
	</Placemark>
	<Placemark>
		<name>SOVMO</name>
		<description><![CDATA[<span style='white-space: nowrap;'>-<b>Airway :</b> <font color='blue'>Y512</font></span><br><br><span style='white-space: nowrap;'>-<b>Altitude :</b> <font color='blue'>FL370</font></span><br><br><span style='white-space: nowrap;'>-<b>Weight :</b> <font color='blue'>154200 lbs</font></span><br><br><span style='white-space: nowrap;'>-<b>Buffer Weight :</b> <font color='blue'>7085 lbs</font></span><br><br><span style='white-space: nowrap;'>-<b>Buffer Weight(+2000 ft) :</b> <font color='blue'>-8015 lbs</font></span><br><br><span style='white-space: nowrap;'>-<b>Fuel :</b> <font color='blue'>50090 lbs</font></span><br><br><span style='white-space: nowrap;'>-<b>OAT :</b> <font color='blue'>-47</font></span><br><br><span style='white-space: nowrap;'>-<b>TAS :</b> <font color='blue'>463</font></span><br><br><span style='white-space: nowrap;'>-<b>TAT :</b> <font color='blue'>-18</font></span><br><br><span style='white-space: nowrap;'>-<b>Time 1 :</b> <font color='blue'>T/O + 01:55</font></span><br><br><span style='white-space: nowrap;'>-<b>Time 2 :</b> <font color='blue'>14:10Z, 12</font></span><br><br><span style='white-space: nowrap;'>-<b>Wind factor :</b> <font color='blue'>T.W 49kt</font></span><br><br><span style='white-space: nowrap;'>-<b>Shear rate :</b> <font color='blue'>3</font></span><br><br><span style='white-space: nowrap;'>-<b>MORA :</b> <font color='blue'>1000 ft</font></span><br><br>]]></description>
		<styleUrl>#style_20</styleUrl>
		<Point>
			<extrude>1</extrude>
			<altitudeMode>relativeToGround</altitudeMode>
			<coordinates>143.233333,37.856667,195394</coordinates>
		</Point>
	</Placemark>
	<Placemark>
		<name>OATIS</name>
		<description><![CDATA[<span style='white-space: nowrap;'>-<b>Airway :</b> <font color='blue'>OTR3</font></span><br><br><span style='white-space: nowrap;'>-<b>Altitude :</b> <font color='blue'>FL370</font></span><br><br><span style='white-space: nowrap;'>-<b>Weight :</b> <font color='blue'>154037 lbs</font></span><br><br><span style='white-space: nowrap;'>-<b>Buffer Weight :</b> <font color='blue'>7248 lbs</font></span><br><br><span style='white-space: nowrap;'>-<b>Buffer Weight(+2000 ft) :</b> <font color='blue'>-7852 lbs</font></span><br><br><span style='white-space: nowrap;'>-<b>Fuel :</b> <font color='blue'>49927 lbs</font></span><br><br><span style='white-space: nowrap;'>-<b>OAT :</b> <font color='blue'>-47</font></span><br><br><span style='white-space: nowrap;'>-<b>TAS :</b> <font color='blue'>463</font></span><br><br><span style='white-space: nowrap;'>-<b>TAT :</b> <font color='blue'>-18</font></span><br><br><span style='white-space: nowrap;'>-<b>Time 1 :</b> <font color='blue'>T/O + 01:57</font></span><br><br><span style='white-space: nowrap;'>-<b>Time 2 :</b> <font color='blue'>14:12Z, 12</font></span><br><br><span style='white-space: nowrap;'>-<b>Wind factor :</b> <font color='blue'>T.W 49kt</font></span><br><br><span style='white-space: nowrap;'>-<b>Shear rate :</b> <font color='blue'>4</font></span><br><br><span style='white-space: nowrap;'>-<b>MORA :</b> <font color='blue'>1000 ft</font></span><br><br>]]></description>
		<styleUrl>#style_20</styleUrl>
		<Point>
			<extrude>1</extrude>
			<altitudeMode>relativeToGround</altitudeMode>
			<coordinates>143.54,37.816667,195394</coordinates>
		</Point>
	</Placemark>
	<Placemark>
		<name>PUTER</name>
		<description><![CDATA[<span style='white-space: nowrap;'>-<b>Airway :</b> <font color='blue'>A590</font></span><br><br><span style='white-space: nowrap;'>-<b>Altitude :</b> <font color='blue'>FL370</font></span><br><br><span style='white-space: nowrap;'>-<b>Weight :</b> <font color='blue'>152978 lbs</font></span><br><br><span style='white-space: nowrap;'>-<b>Buffer Weight :</b> <font color='blue'>8412 lbs</font></span><br><br><span style='white-space: nowrap;'>-<b>Buffer Weight(+2000 ft) :</b> <font color='blue'>-6688 lbs</font></span><br><br><span style='white-space: nowrap;'>-<b>Fuel :</b> <font color='blue'>48868 lbs</font></span><br><br><span style='white-space: nowrap;'>-<b>OAT :</b> <font color='blue'>-47</font></span><br><br><span style='white-space: nowrap;'>-<b>TAS :</b> <font color='blue'>463</font></span><br><br><span style='white-space: nowrap;'>-<b>TAT :</b> <font color='blue'>-18</font></span><br><br><span style='white-space: nowrap;'>-<b>Time 1 :</b> <font color='blue'>T/O + 02:08</font></span><br><br><span style='white-space: nowrap;'>-<b>Time 2 :</b> <font color='blue'>14:23Z, 12</font></span><br><br><span style='white-space: nowrap;'>-<b>Wind factor :</b> <font color='blue'>T.W 46kt</font></span><br><br><span style='white-space: nowrap;'>-<b>Shear rate :</b> <font color='blue'>4</font></span><br><br><span style='white-space: nowrap;'>-<b>MORA :</b> <font color='blue'>1000 ft</font></span><br><br>]]></description>
		<styleUrl>#style_20</styleUrl>
		<Point>
			<extrude>1</extrude>
			<altitudeMode>relativeToGround</altitudeMode>
			<coordinates>145.518333,38.331667,195394</coordinates>
		</Point>
	</Placemark>
	<Placemark>
		<name>POXED</name>
		<description><![CDATA[<span style='white-space: nowrap;'>-<b>Airway :</b> <font color='blue'>A590</font></span><br><br><span style='white-space: nowrap;'>-<b>Altitude :</b> <font color='blue'>FL370</font></span><br><br><span style='white-space: nowrap;'>-<b>Weight :</b> <font color='blue'>150421 lbs</font></span><br><br><span style='white-space: nowrap;'>-<b>Buffer Weight :</b> <font color='blue'>12439 lbs</font></span><br><br><span style='white-space: nowrap;'>-<b>Buffer Weight(+2000 ft) :</b> <font color='blue'>-2661 lbs</font></span><br><br><span style='white-space: nowrap;'>-<b>Fuel :</b> <font color='blue'>46311 lbs</font></span><br><br><span style='white-space: nowrap;'>-<b>OAT :</b> <font color='blue'>-47</font></span><br><br><span style='white-space: nowrap;'>-<b>TAS :</b> <font color='blue'>463</font></span><br><br><span style='white-space: nowrap;'>-<b>TAT :</b> <font color='blue'>-18</font></span><br><br><span style='white-space: nowrap;'>-<b>Time 1 :</b> <font color='blue'>T/O + 02:35</font></span><br><br><span style='white-space: nowrap;'>-<b>Time 2 :</b> <font color='blue'>14:50Z, 12</font></span><br><br><span style='white-space: nowrap;'>-<b>Wind factor :</b> <font color='blue'>T.W 4kt</font></span><br><br><span style='white-space: nowrap;'>-<b>Shear rate :</b> <font color='blue'>3</font></span><br><br><span style='white-space: nowrap;'>-<b>MORA :</b> <font color='blue'>1000 ft</font></span><br><br>]]></description>
		<styleUrl>#style_20</styleUrl>
		<Point>
			<extrude>1</extrude>
			<altitudeMode>relativeToGround</altitudeMode>
			<coordinates>148.941667,41.085,195394</coordinates>
		</Point>
	</Placemark>
	<Placemark>
		<name>PUGAL</name>
		<description><![CDATA[<span style='white-space: nowrap;'>-<b>Airway :</b> <font color='blue'>A590</font></span><br><br><span style='white-space: nowrap;'>-<b>Altitude :</b> <font color='blue'>FL370</font></span><br><br><span style='white-space: nowrap;'>-<b>Weight :</b> <font color='blue'>146552 lbs</font></span><br><br><span style='white-space: nowrap;'>-<b>Buffer Weight :</b> <font color='blue'>16448 lbs</font></span><br><br><span style='white-space: nowrap;'>-<b>Buffer Weight(+2000 ft) :</b> <font color='blue'>1348 lbs</font></span><br><br><span style='white-space: nowrap;'>-<b>Fuel :</b> <font color='blue'>42442 lbs</font></span><br><br><span style='white-space: nowrap;'>-<b>OAT :</b> <font color='blue'>-47</font></span><br><br><span style='white-space: nowrap;'>-<b>TAS :</b> <font color='blue'>463</font></span><br><br><span style='white-space: nowrap;'>-<b>TAT :</b> <font color='blue'>-18</font></span><br><br><span style='white-space: nowrap;'>-<b>Time 1 :</b> <font color='blue'>T/O + 03:17</font></span><br><br><span style='white-space: nowrap;'>-<b>Time 2 :</b> <font color='blue'>15:32Z, 12</font></span><br><br><span style='white-space: nowrap;'>-<b>Wind factor :</b> <font color='blue'>H.W 19KT</font></span><br><br><span style='white-space: nowrap;'>-<b>Shear rate :</b> <font color='blue'>2</font></span><br><br><span style='white-space: nowrap;'>-<b>MORA :</b> <font color='blue'>1000 ft</font></span><br><br>]]></description>
		<styleUrl>#style_20</styleUrl>
		<Point>
			<extrude>1</extrude>
			<altitudeMode>relativeToGround</altitudeMode>
			<coordinates>154.416667,44.858333,195394</coordinates>
		</Point>
	</Placemark>
	<Placemark>
		<name>PASRO</name>
		<description><![CDATA[<span style='white-space: nowrap;'>-<b>Airway :</b> <font color='blue'>A590</font></span><br><br><span style='white-space: nowrap;'>-<b>Altitude :</b> <font color='blue'>FL370</font></span><br><br><span style='white-space: nowrap;'>-<b>Weight :</b> <font color='blue'>142677 lbs</font></span><br><br><span style='white-space: nowrap;'>-<b>Buffer Weight :</b> <font color='blue'>20323 lbs</font></span><br><br><span style='white-space: nowrap;'>-<b>Buffer Weight(+2000 ft) :</b> <font color='blue'>5223 lbs</font></span><br><br><span style='white-space: nowrap;'>-<b>Fuel :</b> <font color='blue'>38567 lbs</font></span><br><br><span style='white-space: nowrap;'>-<b>OAT :</b> <font color='blue'>-52</font></span><br><br><span style='white-space: nowrap;'>-<b>TAS :</b> <font color='blue'>458</font></span><br><br><span style='white-space: nowrap;'>-<b>TAT :</b> <font color='blue'>-24</font></span><br><br><span style='white-space: nowrap;'>-<b>Time 1 :</b> <font color='blue'>T/O + 04:00</font></span><br><br><span style='white-space: nowrap;'>-<b>Time 2 :</b> <font color='blue'>16:15Z, 12</font></span><br><br><span style='white-space: nowrap;'>-<b>Wind factor :</b> <font color='blue'>H.W 4KT</font></span><br><br><span style='white-space: nowrap;'>-<b>Shear rate :</b> <font color='blue'>4</font></span><br><br><span style='white-space: nowrap;'>-<b>MORA :</b> <font color='blue'>1000 ft</font></span><br><br>]]></description>
		<styleUrl>#style_20</styleUrl>
		<Point>
			<extrude>1</extrude>
			<altitudeMode>relativeToGround</altitudeMode>
			<coordinates>160.681667,48.278333,195394</coordinates>
		</Point>
	</Placemark>
	<Placemark>
		<name>POWAL</name>
		<description><![CDATA[<span style='white-space: nowrap;'>-<b>Airway :</b> <font color='blue'>A590</font></span><br><br><span style='white-space: nowrap;'>-<b>Altitude :</b> <font color='blue'>FL390</font></span><br><br><span style='white-space: nowrap;'>-<b>Weight :</b> <font color='blue'>140210 lbs</font></span><br><br><span style='white-space: nowrap;'>-<b>Buffer Weight :</b> <font color='blue'>7690 lbs</font></span><br><br><span style='white-space: nowrap;'>-<b>Buffer Weight(+2000 ft) :</b> <font color='blue'>-5910 lbs</font></span><br><br><span style='white-space: nowrap;'>-<b>Fuel :</b> <font color='blue'>36100 lbs</font></span><br><br><span style='white-space: nowrap;'>-<b>OAT :</b> <font color='blue'>-58</font></span><br><br><span style='white-space: nowrap;'>-<b>TAS :</b> <font color='blue'>451</font></span><br><br><span style='white-space: nowrap;'>-<b>TAT :</b> <font color='blue'>-31</font></span><br><br><span style='white-space: nowrap;'>-<b>Time 1 :</b> <font color='blue'>T/O + 04:28</font></span><br><br><span style='white-space: nowrap;'>-<b>Time 2 :</b> <font color='blue'>16:43Z, 12</font></span><br><br><span style='white-space: nowrap;'>-<b>Wind factor :</b> <font color='blue'>H.W 1KT</font></span><br><br><span style='white-space: nowrap;'>-<b>Shear rate :</b> <font color='blue'>3</font></span><br><br><span style='white-space: nowrap;'>-<b>MORA :</b> <font color='blue'>1000 ft</font></span><br><br>]]></description>
		<styleUrl>#style_20</styleUrl>
		<Point>
			<extrude>1</extrude>
			<altitudeMode>relativeToGround</altitudeMode>
			<coordinates>165.123333,50.175,195394</coordinates>
		</Point>
	</Placemark>
	<Placemark>
		<name>PLADO</name>
		<description><![CDATA[<span style='white-space: nowrap;'>-<b>Airway :</b> <font color='blue'>A590</font></span><br><br><span style='white-space: nowrap;'>-<b>Altitude :</b> <font color='blue'>FL390</font></span><br><br><span style='white-space: nowrap;'>-<b>Weight :</b> <font color='blue'>137495 lbs</font></span><br><br><span style='white-space: nowrap;'>-<b>Buffer Weight :</b> <font color='blue'>10055 lbs</font></span><br><br><span style='white-space: nowrap;'>-<b>Buffer Weight(+2000 ft) :</b> <font color='blue'>-3545 lbs</font></span><br><br><span style='white-space: nowrap;'>-<b>Fuel :</b> <font color='blue'>33385 lbs</font></span><br><br><span style='white-space: nowrap;'>-<b>OAT :</b> <font color='blue'>-63</font></span><br><br><span style='white-space: nowrap;'>-<b>TAS :</b> <font color='blue'>446</font></span><br><br><span style='white-space: nowrap;'>-<b>TAT :</b> <font color='blue'>-37</font></span><br><br><span style='white-space: nowrap;'>-<b>Time 1 :</b> <font color='blue'>T/O + 05:00</font></span><br><br><span style='white-space: nowrap;'>-<b>Time 2 :</b> <font color='blue'>17:15Z, 12</font></span><br><br><span style='white-space: nowrap;'>-<b>Wind factor :</b> <font color='blue'>T.W 10kt</font></span><br><br><span style='white-space: nowrap;'>-<b>Shear rate :</b> <font color='blue'>2</font></span><br><br><span style='white-space: nowrap;'>-<b>MORA :</b> <font color='blue'>1000 ft</font></span><br><br>]]></description>
		<styleUrl>#style_20</styleUrl>
		<Point>
			<extrude>1</extrude>
			<altitudeMode>relativeToGround</altitudeMode>
			<coordinates>170.738333,52.12,195394</coordinates>
		</Point>
	</Placemark>
	<Placemark>
		<name>PINSO</name>
		<description><![CDATA[<span style='white-space: nowrap;'>-<b>Airway :</b> <font color='blue'>A590</font></span><br><br><span style='white-space: nowrap;'>-<b>Altitude :</b> <font color='blue'>FL390</font></span><br><br><span style='white-space: nowrap;'>-<b>Weight :</b> <font color='blue'>136051 lbs</font></span><br><br><span style='white-space: nowrap;'>-<b>Buffer Weight :</b> <font color='blue'>11359 lbs</font></span><br><br><span style='white-space: nowrap;'>-<b>Buffer Weight(+2000 ft) :</b> <font color='blue'>-2241 lbs</font></span><br><br><span style='white-space: nowrap;'>-<b>Fuel :</b> <font color='blue'>31941 lbs</font></span><br><br><span style='white-space: nowrap;'>-<b>OAT :</b> <font color='blue'>-65</font></span><br><br><span style='white-space: nowrap;'>-<b>TAS :</b> <font color='blue'>444</font></span><br><br><span style='white-space: nowrap;'>-<b>TAT :</b> <font color='blue'>-39</font></span><br><br><span style='white-space: nowrap;'>-<b>Time 1 :</b> <font color='blue'>T/O + 05:18</font></span><br><br><span style='white-space: nowrap;'>-<b>Time 2 :</b> <font color='blue'>17:33Z, 12</font></span><br><br><span style='white-space: nowrap;'>-<b>Wind factor :</b> <font color='blue'>T.W 14kt</font></span><br><br><span style='white-space: nowrap;'>-<b>Shear rate :</b> <font color='blue'>1</font></span><br><br><span style='white-space: nowrap;'>-<b>MORA :</b> <font color='blue'>5200 ft</font></span><br><br>]]></description>
		<styleUrl>#style_20</styleUrl>
		<Point>
			<extrude>1</extrude>
			<altitudeMode>relativeToGround</altitudeMode>
			<coordinates>173.548333,53.535,195394</coordinates>
		</Point>
	</Placemark>
	<Placemark>
		<name>POOFF</name>
		<description><![CDATA[<span style='white-space: nowrap;'>-<b>Airway :</b> <font color='blue'>A590</font></span><br><br><span style='white-space: nowrap;'>-<b>Altitude :</b> <font color='blue'>FL390</font></span><br><br><span style='white-space: nowrap;'>-<b>Weight :</b> <font color='blue'>133821 lbs</font></span><br><br><span style='white-space: nowrap;'>-<b>Buffer Weight :</b> <font color='blue'>13309 lbs</font></span><br><br><span style='white-space: nowrap;'>-<b>Buffer Weight(+2000 ft) :</b> <font color='blue'>-291 lbs</font></span><br><br><span style='white-space: nowrap;'>-<b>Fuel :</b> <font color='blue'>29711 lbs</font></span><br><br><span style='white-space: nowrap;'>-<b>OAT :</b> <font color='blue'>-63</font></span><br><br><span style='white-space: nowrap;'>-<b>TAS :</b> <font color='blue'>446</font></span><br><br><span style='white-space: nowrap;'>-<b>TAT :</b> <font color='blue'>-37</font></span><br><br><span style='white-space: nowrap;'>-<b>Time 1 :</b> <font color='blue'>T/O + 05:45</font></span><br><br><span style='white-space: nowrap;'>-<b>Time 2 :</b> <font color='blue'>18:00Z, 12</font></span><br><br><span style='white-space: nowrap;'>-<b>Wind factor :</b> <font color='blue'>T.W 22kt</font></span><br><br><span style='white-space: nowrap;'>-<b>Shear rate :</b> <font color='blue'>2</font></span><br><br><span style='white-space: nowrap;'>-<b>MORA :</b> <font color='blue'>5100 ft</font></span><br><br>]]></description>
		<styleUrl>#style_20</styleUrl>
		<Point>
			<extrude>1</extrude>
			<altitudeMode>relativeToGround</altitudeMode>
			<coordinates>178.726667,55.323333,195394</coordinates>
		</Point>
	</Placemark>
	<Placemark>
		<name>PINTT</name>
		<description><![CDATA[<span style='white-space: nowrap;'>-<b>Airway :</b> <font color='blue'>A590</font></span><br><br><span style='white-space: nowrap;'>-<b>Altitude :</b> <font color='blue'>FL390</font></span><br><br><span style='white-space: nowrap;'>-<b>Weight :</b> <font color='blue'>131746 lbs</font></span><br><br><span style='white-space: nowrap;'>-<b>Buffer Weight :</b> <font color='blue'>14964 lbs</font></span><br><br><span style='white-space: nowrap;'>-<b>Buffer Weight(+2000 ft) :</b> <font color='blue'>1364 lbs</font></span><br><br><span style='white-space: nowrap;'>-<b>Fuel :</b> <font color='blue'>27636 lbs</font></span><br><br><span style='white-space: nowrap;'>-<b>OAT :</b> <font color='blue'>-59</font></span><br><br><span style='white-space: nowrap;'>-<b>TAS :</b> <font color='blue'>450</font></span><br><br><span style='white-space: nowrap;'>-<b>TAT :</b> <font color='blue'>-32</font></span><br><br><span style='white-space: nowrap;'>-<b>Time 1 :</b> <font color='blue'>T/O + 06:11</font></span><br><br><span style='white-space: nowrap;'>-<b>Time 2 :</b> <font color='blue'>18:26Z, 12</font></span><br><br><span style='white-space: nowrap;'>-<b>Wind factor :</b> <font color='blue'>T.W 34kt</font></span><br><br><span style='white-space: nowrap;'>-<b>Shear rate :</b> <font color='blue'>4</font></span><br><br><span style='white-space: nowrap;'>-<b>MORA :</b> <font color='blue'>1000 ft</font></span><br><br>]]></description>
		<styleUrl>#style_20</styleUrl>
		<Point>
			<extrude>1</extrude>
			<altitudeMode>relativeToGround</altitudeMode>
			<coordinates>-175.88,56.823333,195394</coordinates>
		</Point>
	</Placemark>
	<Placemark>
		<name>PTZGR</name>
		<description><![CDATA[<span style='white-space: nowrap;'>-<b>Airway :</b> <font color='blue'>A590</font></span><br><br><span style='white-space: nowrap;'>-<b>Altitude :</b> <font color='blue'>FL390</font></span><br><br><span style='white-space: nowrap;'>-<b>Weight :</b> <font color='blue'>130946 lbs</font></span><br><br><span style='white-space: nowrap;'>-<b>Buffer Weight :</b> <font color='blue'>15519 lbs</font></span><br><br><span style='white-space: nowrap;'>-<b>Buffer Weight(+2000 ft) :</b> <font color='blue'>1919 lbs</font></span><br><br><span style='white-space: nowrap;'>-<b>Fuel :</b> <font color='blue'>26836 lbs</font></span><br><br><span style='white-space: nowrap;'>-<b>OAT :</b> <font color='blue'>-54</font></span><br><br><span style='white-space: nowrap;'>-<b>TAS :</b> <font color='blue'>455</font></span><br><br><span style='white-space: nowrap;'>-<b>TAT :</b> <font color='blue'>-27</font></span><br><br><span style='white-space: nowrap;'>-<b>Time 1 :</b> <font color='blue'>T/O + 06:20</font></span><br><br><span style='white-space: nowrap;'>-<b>Time 2 :</b> <font color='blue'>18:35Z, 12</font></span><br><br><span style='white-space: nowrap;'>-<b>Wind factor :</b> <font color='blue'>T.W 41kt</font></span><br><br><span style='white-space: nowrap;'>-<b>Shear rate :</b> <font color='blue'>5</font></span><br><br><span style='white-space: nowrap;'>-<b>MORA :</b> <font color='blue'>1000 ft</font></span><br><br>]]></description>
		<styleUrl>#style_20</styleUrl>
		<Point>
			<extrude>1</extrude>
			<altitudeMode>relativeToGround</altitudeMode>
			<coordinates>-173.685,57.335,195394</coordinates>
		</Point>
	</Placemark>
	<Placemark>
		<name>PUGGY</name>
		<description><![CDATA[<span style='white-space: nowrap;'>-<b>Airway :</b> <font color='blue'>A590</font></span><br><br><span style='white-space: nowrap;'>-<b>Altitude :</b> <font color='blue'>FL390</font></span><br><br><span style='white-space: nowrap;'>-<b>Weight :</b> <font color='blue'>129924 lbs</font></span><br><br><span style='white-space: nowrap;'>-<b>Buffer Weight :</b> <font color='blue'>16716 lbs</font></span><br><br><span style='white-space: nowrap;'>-<b>Buffer Weight(+2000 ft) :</b> <font color='blue'>3116 lbs</font></span><br><br><span style='white-space: nowrap;'>-<b>Fuel :</b> <font color='blue'>25814 lbs</font></span><br><br><span style='white-space: nowrap;'>-<b>OAT :</b> <font color='blue'>-50</font></span><br><br><span style='white-space: nowrap;'>-<b>TAS :</b> <font color='blue'>459</font></span><br><br><span style='white-space: nowrap;'>-<b>TAT :</b> <font color='blue'>-22</font></span><br><br><span style='white-space: nowrap;'>-<b>Time 1 :</b> <font color='blue'>T/O + 06:33</font></span><br><br><span style='white-space: nowrap;'>-<b>Time 2 :</b> <font color='blue'>18:48Z, 12</font></span><br><br><span style='white-space: nowrap;'>-<b>Wind factor :</b> <font color='blue'>T.W 36kt</font></span><br><br><span style='white-space: nowrap;'>-<b>Shear rate :</b> <font color='blue'>5</font></span><br><br><span style='white-space: nowrap;'>-<b>MORA :</b> <font color='blue'>2000 ft</font></span><br><br>]]></description>
		<styleUrl>#style_20</styleUrl>
		<Point>
			<extrude>1</extrude>
			<altitudeMode>relativeToGround</altitudeMode>
			<coordinates>-170.765,57.95666700000001,195394</coordinates>
		</Point>
	</Placemark>
	<Placemark>
		<name>POETT</name>
		<description><![CDATA[<span style='white-space: nowrap;'>-<b>Airway :</b> <font color='blue'>A590</font></span><br><br><span style='white-space: nowrap;'>-<b>Altitude :</b> <font color='blue'>FL390</font></span><br><br><span style='white-space: nowrap;'>-<b>Weight :</b> <font color='blue'>128634 lbs</font></span><br><br><span style='white-space: nowrap;'>-<b>Buffer Weight :</b> <font color='blue'>18356 lbs</font></span><br><br><span style='white-space: nowrap;'>-<b>Buffer Weight(+2000 ft) :</b> <font color='blue'>4756 lbs</font></span><br><br><span style='white-space: nowrap;'>-<b>Fuel :</b> <font color='blue'>24524 lbs</font></span><br><br><span style='white-space: nowrap;'>-<b>OAT :</b> <font color='blue'>-48</font></span><br><br><span style='white-space: nowrap;'>-<b>TAS :</b> <font color='blue'>462</font></span><br><br><span style='white-space: nowrap;'>-<b>TAT :</b> <font color='blue'>-19</font></span><br><br><span style='white-space: nowrap;'>-<b>Time 1 :</b> <font color='blue'>T/O + 06:49</font></span><br><br><span style='white-space: nowrap;'>-<b>Time 2 :</b> <font color='blue'>19:04Z, 12</font></span><br><br><span style='white-space: nowrap;'>-<b>Wind factor :</b> <font color='blue'>T.W 26kt</font></span><br><br><span style='white-space: nowrap;'>-<b>Shear rate :</b> <font color='blue'>3</font></span><br><br><span style='white-space: nowrap;'>-<b>MORA :</b> <font color='blue'>2000 ft</font></span><br><br>]]></description>
		<styleUrl>#style_20</styleUrl>
		<Point>
			<extrude>1</extrude>
			<altitudeMode>relativeToGround</altitudeMode>
			<coordinates>-166.99,58.703333,195394</coordinates>
		</Point>
	</Placemark>
	<Placemark>
		<name>SELDM</name>
		<description><![CDATA[<span style='white-space: nowrap;'>-<b>Airway :</b> <font color='blue'>A590</font></span><br><br><span style='white-space: nowrap;'>-<b>Altitude :</b> <font color='blue'>FL390</font></span><br><br><span style='white-space: nowrap;'>-<b>Weight :</b> <font color='blue'>128285 lbs</font></span><br><br><span style='white-space: nowrap;'>-<b>Buffer Weight :</b> <font color='blue'>18705 lbs</font></span><br><br><span style='white-space: nowrap;'>-<b>Buffer Weight(+2000 ft) :</b> <font color='blue'>5105 lbs</font></span><br><br><span style='white-space: nowrap;'>-<b>Fuel :</b> <font color='blue'>24175 lbs</font></span><br><br><span style='white-space: nowrap;'>-<b>OAT :</b> <font color='blue'>-46</font></span><br><br><span style='white-space: nowrap;'>-<b>TAS :</b> <font color='blue'>464</font></span><br><br><span style='white-space: nowrap;'>-<b>TAT :</b> <font color='blue'>-17</font></span><br><br><span style='white-space: nowrap;'>-<b>Time 1 :</b> <font color='blue'>T/O + 06:53</font></span><br><br><span style='white-space: nowrap;'>-<b>Time 2 :</b> <font color='blue'>19:08Z, 12</font></span><br><br><span style='white-space: nowrap;'>-<b>Wind factor :</b> <font color='blue'>T.W 26kt</font></span><br><br><span style='white-space: nowrap;'>-<b>Shear rate :</b> <font color='blue'>3</font></span><br><br><span style='white-space: nowrap;'>-<b>MORA :</b> <font color='blue'>1000 ft</font></span><br><br>]]></description>
		<styleUrl>#style_20</styleUrl>
		<Point>
			<extrude>1</extrude>
			<altitudeMode>relativeToGround</altitudeMode>
			<coordinates>-165.948333,58.888333,195394</coordinates>
		</Point>
	</Placemark>
	<Placemark>
		<name>PORGE</name>
		<description><![CDATA[<span style='white-space: nowrap;'>-<b>Airway :</b> <font color='blue'>A590</font></span><br><br><span style='white-space: nowrap;'>-<b>Altitude :</b> <font color='blue'>FL390</font></span><br><br><span style='white-space: nowrap;'>-<b>Weight :</b> <font color='blue'>127103 lbs</font></span><br><br><span style='white-space: nowrap;'>-<b>Buffer Weight :</b> <font color='blue'>20482 lbs</font></span><br><br><span style='white-space: nowrap;'>-<b>Buffer Weight(+2000 ft) :</b> <font color='blue'>6882 lbs</font></span><br><br><span style='white-space: nowrap;'>-<b>Fuel :</b> <font color='blue'>22993 lbs</font></span><br><br><span style='white-space: nowrap;'>-<b>OAT :</b> <font color='blue'>-45</font></span><br><br><span style='white-space: nowrap;'>-<b>TAS :</b> <font color='blue'>465</font></span><br><br><span style='white-space: nowrap;'>-<b>TAT :</b> <font color='blue'>-16</font></span><br><br><span style='white-space: nowrap;'>-<b>Time 1 :</b> <font color='blue'>T/O + 07:08</font></span><br><br><span style='white-space: nowrap;'>-<b>Time 2 :</b> <font color='blue'>19:23Z, 12</font></span><br><br><span style='white-space: nowrap;'>-<b>Wind factor :</b> <font color='blue'>T.W 9kt</font></span><br><br><span style='white-space: nowrap;'>-<b>Shear rate :</b> <font color='blue'>2</font></span><br><br><span style='white-space: nowrap;'>-<b>MORA :</b> <font color='blue'>1800 ft</font></span><br><br>]]></description>
		<styleUrl>#style_20</styleUrl>
		<Point>
			<extrude>1</extrude>
			<altitudeMode>relativeToGround</altitudeMode>
			<coordinates>-162.321667,59.456667,195394</coordinates>
		</Point>
	</Placemark>
	<Placemark>
		<name>HAMND</name>
		<description><![CDATA[<span style='white-space: nowrap;'>-<b>Airway :</b> <font color='blue'>NEELL7</font></span><br><br><span style='white-space: nowrap;'>-<b>Altitude :</b> <font color='blue'>FL390</font></span><br><br><span style='white-space: nowrap;'>-<b>Weight :</b> <font color='blue'>124702 lbs</font></span><br><br><span style='white-space: nowrap;'>-<b>Buffer Weight :</b> <font color='blue'>23198 lbs</font></span><br><br><span style='white-space: nowrap;'>-<b>Buffer Weight(+2000 ft) :</b> <font color='blue'>9598 lbs</font></span><br><br><span style='white-space: nowrap;'>-<b>Fuel :</b> <font color='blue'>20592 lbs</font></span><br><br><span style='white-space: nowrap;'>-<b>OAT :</b> <font color='blue'>-45</font></span><br><br><span style='white-space: nowrap;'>-<b>TAS :</b> <font color='blue'>465</font></span><br><br><span style='white-space: nowrap;'>-<b>TAT :</b> <font color='blue'>-16</font></span><br><br><span style='white-space: nowrap;'>-<b>Time 1 :</b> <font color='blue'>T/O + 07:38</font></span><br><br><span style='white-space: nowrap;'>-<b>Time 2 :</b> <font color='blue'>19:53Z, 12</font></span><br><br><span style='white-space: nowrap;'>-<b>Wind factor :</b> <font color='blue'>H.W 5KT</font></span><br><br><span style='white-space: nowrap;'>-<b>Shear rate :</b> <font color='blue'>1</font></span><br><br><span style='white-space: nowrap;'>-<b>MORA :</b> <font color='blue'>7400 ft</font></span><br><br>]]></description>
		<styleUrl>#style_20</styleUrl>
		<Point>
			<extrude>1</extrude>
			<altitudeMode>relativeToGround</altitudeMode>
			<coordinates>-154.676667,60.49833300000001,195394</coordinates>
		</Point>
	</Placemark>
	<Placemark>
		<name>-TOD-</name>
		<description><![CDATA[<span style='white-space: nowrap;'>-<b>Airway :</b> <font color='blue'>NEELL7</font></span><br><br><span style='white-space: nowrap;'>-<b>Altitude :</b> <font color='blue'>FL390</font></span><br><br><span style='white-space: nowrap;'>-<b>Weight :</b> <font color='blue'>124322 lbs</font></span><br><br><span style='white-space: nowrap;'>-<b>Buffer Weight :</b> <font color='blue'>23578 lbs</font></span><br><br><span style='white-space: nowrap;'>-<b>Buffer Weight(+2000 ft) :</b> <font color='blue'>9978 lbs</font></span><br><br><span style='white-space: nowrap;'>-<b>Fuel :</b> <font color='blue'>20212 lbs</font></span><br><br><span style='white-space: nowrap;'>-<b>OAT :</b> <font color='blue'>-46</font></span><br><br><span style='white-space: nowrap;'>-<b>TAS :</b> <font color='blue'>464</font></span><br><br><span style='white-space: nowrap;'>-<b>TAT :</b> <font color='blue'>-17</font></span><br><br><span style='white-space: nowrap;'>-<b>Time 1 :</b> <font color='blue'>T/O + 07:43</font></span><br><br><span style='white-space: nowrap;'>-<b>Time 2 :</b> <font color='blue'>19:58Z, 12</font></span><br><br><span style='white-space: nowrap;'>-<b>Wind factor :</b> <font color='blue'>H.W 7KT</font></span><br><br><span style='white-space: nowrap;'>-<b>Shear rate :</b> <font color='blue'>1</font></span><br><br><span style='white-space: nowrap;'>-<b>MORA :</b> <font color='blue'>12500 ft</font></span><br><br>]]></description>
		<styleUrl>#style_20</styleUrl>
		<Point>
			<extrude>1</extrude>
			<altitudeMode>relativeToGround</altitudeMode>
			<coordinates>-153.431667,60.66,195394</coordinates>
		</Point>
	</Placemark>
	<Placemark>
		<name>BTWEN</name>
		<description><![CDATA[<span style='white-space: nowrap;'>-<b>Airway :</b> <font color='blue'>NEELL7</font></span><br><br><span style='white-space: nowrap;'>-<b>Altitude :</b> <font color='blue'>FL316</font></span><br><br><span style='white-space: nowrap;'>-<b>Weight :</b> <font color='blue'>124231 lbs</font></span><br><br><span style='white-space: nowrap;'>-<b>Buffer Weight :</b> <font color='blue'>43569 lbs</font></span><br><br><span style='white-space: nowrap;'>-<b>Buffer Weight(+2000 ft) :</b> <font color='blue'>43569 lbs</font></span><br><br><span style='white-space: nowrap;'>-<b>Fuel :</b> <font color='blue'>20121 lbs</font></span><br><br><span style='white-space: nowrap;'>-<b>OAT :</b> <font color='blue'>-50</font></span><br><br><span style='white-space: nowrap;'>-<b>TAS :</b> <font color='blue'>460</font></span><br><br><span style='white-space: nowrap;'>-<b>TAT :</b> <font color='blue'>-22</font></span><br><br><span style='white-space: nowrap;'>-<b>Time 1 :</b> <font color='blue'>T/O + 07:45</font></span><br><br><span style='white-space: nowrap;'>-<b>Time 2 :</b> <font color='blue'>20:00Z, 12</font></span><br><br><span style='white-space: nowrap;'>-<b>Wind factor :</b> <font color='blue'>H.W 7KT</font></span><br><br><span style='white-space: nowrap;'>-<b>Shear rate :</b> <font color='blue'>1</font></span><br><br><span style='white-space: nowrap;'>-<b>MORA :</b> <font color='blue'>12500 ft</font></span><br><br>]]></description>
		<styleUrl>#style_20</styleUrl>
		<Point>
			<extrude>1</extrude>
			<altitudeMode>relativeToGround</altitudeMode>
			<coordinates>-152.766667,60.73999999999999,195394</coordinates>
		</Point>
	</Placemark>
	<Placemark>
		<name>CKING</name>
		<description><![CDATA[<span style='white-space: nowrap;'>-<b>Airway :</b> <font color='blue'>NEELL7</font></span><br><br><span style='white-space: nowrap;'>-<b>Altitude :</b> <font color='blue'>FL250</font></span><br><br><span style='white-space: nowrap;'>-<b>Weight :</b> <font color='blue'>124116 lbs</font></span><br><br><span style='white-space: nowrap;'>-<b>Fuel :</b> <font color='blue'>20006 lbs</font></span><br><br><span style='white-space: nowrap;'>-<b>OAT :</b> <font color='blue'>-52</font></span><br><br><span style='white-space: nowrap;'>-<b>TAS :</b> <font color='blue'>455</font></span><br><br><span style='white-space: nowrap;'>-<b>TAT :</b> <font color='blue'>-25</font></span><br><br><span style='white-space: nowrap;'>-<b>Time 1 :</b> <font color='blue'>T/O + 07:48</font></span><br><br><span style='white-space: nowrap;'>-<b>Time 2 :</b> <font color='blue'>20:03Z, 12</font></span><br><br><span style='white-space: nowrap;'>-<b>Wind factor :</b> <font color='blue'>H.W 7KT</font></span><br><br><span style='white-space: nowrap;'>-<b>Shear rate :</b> <font color='blue'>1</font></span><br><br><span style='white-space: nowrap;'>-<b>MORA :</b> <font color='blue'>12500 ft</font></span><br><br>]]></description>
		<styleUrl>#style_20</styleUrl>
		<Point>
			<extrude>1</extrude>
			<altitudeMode>relativeToGround</altitudeMode>
			<coordinates>-152.16,60.81166699999999,195394</coordinates>
		</Point>
	</Placemark>
	<Placemark>
		<name>SNAAG</name>
		<description><![CDATA[<span style='white-space: nowrap;'>-<b>Airway :</b> <font color='blue'>NEELL7</font></span><br><br><span style='white-space: nowrap;'>-<b>Altitude :</b> <font color='blue'>FL180</font></span><br><br><span style='white-space: nowrap;'>-<b>Weight :</b> <font color='blue'>123955 lbs</font></span><br><br><span style='white-space: nowrap;'>-<b>Fuel :</b> <font color='blue'>19845 lbs</font></span><br><br><span style='white-space: nowrap;'>-<b>OAT :</b> <font color='blue'>-43</font></span><br><br><span style='white-space: nowrap;'>-<b>TAS :</b> <font color='blue'>413</font></span><br><br><span style='white-space: nowrap;'>-<b>TAT :</b> <font color='blue'>-21</font></span><br><br><span style='white-space: nowrap;'>-<b>Time 1 :</b> <font color='blue'>T/O + 07:51</font></span><br><br><span style='white-space: nowrap;'>-<b>Time 2 :</b> <font color='blue'>20:06Z, 12</font></span><br><br><span style='white-space: nowrap;'>-<b>Wind factor :</b> <font color='blue'>H.W 5KT</font></span><br><br><span style='white-space: nowrap;'>-<b>Shear rate :</b> <font color='blue'>2</font></span><br><br><span style='white-space: nowrap;'>-<b>MORA :</b> <font color='blue'>12500 ft</font></span><br><br>]]></description>
		<styleUrl>#style_20</styleUrl>
		<Point>
			<extrude>1</extrude>
			<altitudeMode>relativeToGround</altitudeMode>
			<coordinates>-151.47,60.878333,195394</coordinates>
		</Point>
	</Placemark>
	<Placemark>
		<name>NEELL</name>
		<description><![CDATA[<span style='white-space: nowrap;'>-<b>Airway :</b> <font color='blue'>NEELL7</font></span><br><br><span style='white-space: nowrap;'>-<b>Altitude :</b> <font color='blue'>13700 ft</font></span><br><br><span style='white-space: nowrap;'>-<b>Weight :</b> <font color='blue'>123840 lbs</font></span><br><br><span style='white-space: nowrap;'>-<b>Fuel :</b> <font color='blue'>19730 lbs</font></span><br><br><span style='white-space: nowrap;'>-<b>OAT :</b> <font color='blue'>-32</font></span><br><br><span style='white-space: nowrap;'>-<b>TAS :</b> <font color='blue'>376</font></span><br><br><span style='white-space: nowrap;'>-<b>TAT :</b> <font color='blue'>-13</font></span><br><br><span style='white-space: nowrap;'>-<b>Time 1 :</b> <font color='blue'>T/O + 07:53</font></span><br><br><span style='white-space: nowrap;'>-<b>Time 2 :</b> <font color='blue'>20:08Z, 12</font></span><br><br><span style='white-space: nowrap;'>-<b>Wind factor :</b> <font color='blue'>H.W 10KT</font></span><br><br><span style='white-space: nowrap;'>-<b>Shear rate :</b> <font color='blue'>1</font></span><br><br><span style='white-space: nowrap;'>-<b>MORA :</b> <font color='blue'>4000 ft</font></span><br><br>]]></description>
		<styleUrl>#style_20</styleUrl>
		<Point>
			<extrude>1</extrude>
			<altitudeMode>relativeToGround</altitudeMode>
			<coordinates>-151.086667,60.951667,195394</coordinates>
		</Point>
	</Placemark>
	<Placemark>
		<name>PANC</name>
		<description><![CDATA[<span style='white-space: nowrap;'>-<b>Altitude :</b> <font color='blue'>151 ft</font></span><br><br><span style='white-space: nowrap;'>-<b>Weight :</b> <font color='blue'>123481 lbs</font></span><br><br><span style='white-space: nowrap;'>-<b>Fuel :</b> <font color='blue'>19371 lbs</font></span><br><br><span style='white-space: nowrap;'>-<b>OAT :</b> <font color='blue'>-16</font></span><br><br><span style='white-space: nowrap;'>-<b>TAS :</b> <font color='blue'>290</font></span><br><br><span style='white-space: nowrap;'>-<b>TAT :</b> <font color='blue'>-5</font></span><br><br><span style='white-space: nowrap;'>-<b>Time 1 :</b> <font color='blue'>T/O + 08:00</font></span><br><br><span style='white-space: nowrap;'>-<b>Time 2 :</b> <font color='blue'>20:15Z, 12</font></span><br><br><span style='white-space: nowrap;'>-<b>Wind factor :</b> <font color='blue'>H.W 1KT</font></span><br><br><span style='white-space: nowrap;'>-<b>Shear rate :</b> <font color='blue'>2</font></span><br><br><span style='white-space: nowrap;'>-<b>MORA :</b> <font color='blue'>10000 ft</font></span><br><br>]]></description>
		<styleUrl>#style_20</styleUrl>
		<Point>
			<extrude>1</extrude>
			<altitudeMode>relativeToGround</altitudeMode>
			<coordinates>-149.998333,61.173333,195394</coordinates>
		</Point>
	</Placemark>
	<Placemark>
		<styleUrl>#style_20</styleUrl>
		<LineString>
			<tessellate>1</tessellate>
			<altitudeMode>relativeToGround</altitudeMode>
			<coordinates>
				126.796667,37.556667,195394 126.693333,37.635,195394 
			</coordinates>
		</LineString>
	</Placemark>
	<Placemark>
		<styleUrl>#style_20</styleUrl>
		<LineString>
			<tessellate>1</tessellate>
			<altitudeMode>relativeToGround</altitudeMode>
			<coordinates>
				126.693333,37.635,195394 126.593333,37.561667,195394 
			</coordinates>
		</LineString>
	</Placemark>
	<Placemark>
		<styleUrl>#style_20</styleUrl>
		<LineString>
			<tessellate>1</tessellate>
			<altitudeMode>relativeToGround</altitudeMode>
			<coordinates>
				126.593333,37.561667,195394 126.573333,37.405,195394 
			</coordinates>
		</LineString>
	</Placemark>
	<Placemark>
		<styleUrl>#style_20</styleUrl>
		<LineString>
			<tessellate>1</tessellate>
			<altitudeMode>relativeToGround</altitudeMode>
			<coordinates>
				126.573333,37.405,195394 126.595,37.323333,195394 
			</coordinates>
		</LineString>
	</Placemark>
	<Placemark>
		<styleUrl>#style_20</styleUrl>
		<LineString>
			<tessellate>1</tessellate>
			<altitudeMode>relativeToGround</altitudeMode>
			<coordinates>
				126.595,37.323333,195394 126.85,37.368333,195394 
			</coordinates>
		</LineString>
	</Placemark>
	<Placemark>
		<styleUrl>#style_20</styleUrl>
		<LineString>
			<tessellate>1</tessellate>
			<altitudeMode>relativeToGround</altitudeMode>
			<coordinates>
				126.85,37.368333,195394 127.38,37.486667,195394 
			</coordinates>
		</LineString>
	</Placemark>
	<Placemark>
		<styleUrl>#style_20</styleUrl>
		<LineString>
			<tessellate>1</tessellate>
			<altitudeMode>relativeToGround</altitudeMode>
			<coordinates>
				127.38,37.486667,195394 127.665,37.533333,195394 
			</coordinates>
		</LineString>
	</Placemark>
	<Placemark>
		<styleUrl>#style_20</styleUrl>
		<LineString>
			<tessellate>1</tessellate>
			<altitudeMode>relativeToGround</altitudeMode>
			<coordinates>
				127.665,37.533333,195394 128.135,37.606667,195394 
			</coordinates>
		</LineString>
	</Placemark>
	<Placemark>
		<styleUrl>#style_20</styleUrl>
		<LineString>
			<tessellate>1</tessellate>
			<altitudeMode>relativeToGround</altitudeMode>
			<coordinates>
				128.135,37.606667,195394 128.585,37.675,195394 
			</coordinates>
		</LineString>
	</Placemark>
	<Placemark>
		<styleUrl>#style_20</styleUrl>
		<LineString>
			<tessellate>1</tessellate>
			<altitudeMode>relativeToGround</altitudeMode>
			<coordinates>
				128.585,37.675,195394 128.753333,37.7,195394 
			</coordinates>
		</LineString>
	</Placemark>
	<Placemark>
		<styleUrl>#style_20</styleUrl>
		<LineString>
			<tessellate>1</tessellate>
			<altitudeMode>relativeToGround</altitudeMode>
			<coordinates>
				128.753333,37.7,195394 129.685,37.688333,195394 
			</coordinates>
		</LineString>
	</Placemark>
	<Placemark>
		<styleUrl>#style_20</styleUrl>
		<LineString>
			<tessellate>1</tessellate>
			<altitudeMode>relativeToGround</altitudeMode>
			<coordinates>
				129.685,37.688333,195394 129.846667,37.685,195394 
			</coordinates>
		</LineString>
	</Placemark>
	<Placemark>
		<styleUrl>#style_20</styleUrl>
		<LineString>
			<tessellate>1</tessellate>
			<altitudeMode>relativeToGround</altitudeMode>
			<coordinates>
				129.846667,37.685,195394 130.27,37.675,195394 
			</coordinates>
		</LineString>
	</Placemark>
	<Placemark>
		<styleUrl>#style_20</styleUrl>
		<LineString>
			<tessellate>1</tessellate>
			<altitudeMode>relativeToGround</altitudeMode>
			<coordinates>
				130.27,37.675,195394 131.575,37.638333,195394 
			</coordinates>
		</LineString>
	</Placemark>
	<Placemark>
		<styleUrl>#style_20</styleUrl>
		<LineString>
			<tessellate>1</tessellate>
			<altitudeMode>relativeToGround</altitudeMode>
			<coordinates>
				131.575,37.638333,195394 132.671667,37.641667,195394 
			</coordinates>
		</LineString>
	</Placemark>
	<Placemark>
		<styleUrl>#style_20</styleUrl>
		<LineString>
			<tessellate>1</tessellate>
			<altitudeMode>relativeToGround</altitudeMode>
			<coordinates>
				132.671667,37.641667,195394 133,37.666667,195394 
			</coordinates>
		</LineString>
	</Placemark>
	<Placemark>
		<styleUrl>#style_20</styleUrl>
		<LineString>
			<tessellate>1</tessellate>
			<altitudeMode>relativeToGround</altitudeMode>
			<coordinates>
				133,37.666667,195394 133.733333,37.718333,195394 
			</coordinates>
		</LineString>
	</Placemark>
	<Placemark>
		<styleUrl>#style_20</styleUrl>
		<LineString>
			<tessellate>1</tessellate>
			<altitudeMode>relativeToGround</altitudeMode>
			<coordinates>
				133.733333,37.718333,195394 137.283333,37.901667,195394 
			</coordinates>
		</LineString>
	</Placemark>
	<Placemark>
		<styleUrl>#style_20</styleUrl>
		<LineString>
			<tessellate>1</tessellate>
			<altitudeMode>relativeToGround</altitudeMode>
			<coordinates>
				137.283333,37.901667,195394 138.103333,37.93,195394 
			</coordinates>
		</LineString>
	</Placemark>
	<Placemark>
		<styleUrl>#style_20</styleUrl>
		<LineString>
			<tessellate>1</tessellate>
			<altitudeMode>relativeToGround</altitudeMode>
			<coordinates>
				138.103333,37.93,195394 139.115,37.958333,195394 
			</coordinates>
		</LineString>
	</Placemark>
	<Placemark>
		<styleUrl>#style_20</styleUrl>
		<LineString>
			<tessellate>1</tessellate>
			<altitudeMode>relativeToGround</altitudeMode>
			<coordinates>
				139.115,37.958333,195394 139.761667,38.026667,195394 
			</coordinates>
		</LineString>
	</Placemark>
	<Placemark>
		<styleUrl>#style_20</styleUrl>
		<LineString>
			<tessellate>1</tessellate>
			<altitudeMode>relativeToGround</altitudeMode>
			<coordinates>
				139.761667,38.026667,195394 140.921667,38.138333,195394 
			</coordinates>
		</LineString>
	</Placemark>
	<Placemark>
		<styleUrl>#style_20</styleUrl>
		<LineString>
			<tessellate>1</tessellate>
			<altitudeMode>relativeToGround</altitudeMode>
			<coordinates>
				140.921667,38.138333,195394 142.061667,38.006667,195394 
			</coordinates>
		</LineString>
	</Placemark>
	<Placemark>
		<styleUrl>#style_20</styleUrl>
		<LineString>
			<tessellate>1</tessellate>
			<altitudeMode>relativeToGround</altitudeMode>
			<coordinates>
				142.061667,38.006667,195394 143.233333,37.856667,195394 
			</coordinates>
		</LineString>
	</Placemark>
	<Placemark>
		<styleUrl>#style_20</styleUrl>
		<LineString>
			<tessellate>1</tessellate>
			<altitudeMode>relativeToGround</altitudeMode>
			<coordinates>
				143.233333,37.856667,195394 143.54,37.816667,195394 
			</coordinates>
		</LineString>
	</Placemark>
	<Placemark>
		<styleUrl>#style_20</styleUrl>
		<LineString>
			<tessellate>1</tessellate>
			<altitudeMode>relativeToGround</altitudeMode>
			<coordinates>
				143.54,37.816667,195394 145.518333,38.331667,195394 
			</coordinates>
		</LineString>
	</Placemark>
	<Placemark>
		<styleUrl>#style_20</styleUrl>
		<LineString>
			<tessellate>1</tessellate>
			<altitudeMode>relativeToGround</altitudeMode>
			<coordinates>
				145.518333,38.331667,195394 148.941667,41.085,195394 
			</coordinates>
		</LineString>
	</Placemark>
	<Placemark>
		<styleUrl>#style_20</styleUrl>
		<LineString>
			<tessellate>1</tessellate>
			<altitudeMode>relativeToGround</altitudeMode>
			<coordinates>
				148.941667,41.085,195394 154.416667,44.858333,195394 
			</coordinates>
		</LineString>
	</Placemark>
	<Placemark>
		<styleUrl>#style_20</styleUrl>
		<LineString>
			<tessellate>1</tessellate>
			<altitudeMode>relativeToGround</altitudeMode>
			<coordinates>
				154.416667,44.858333,195394 160.681667,48.278333,195394 
			</coordinates>
		</LineString>
	</Placemark>
	<Placemark>
		<styleUrl>#style_20</styleUrl>
		<LineString>
			<tessellate>1</tessellate>
			<altitudeMode>relativeToGround</altitudeMode>
			<coordinates>
				160.681667,48.278333,195394 165.123333,50.175,195394 
			</coordinates>
		</LineString>
	</Placemark>
	<Placemark>
		<styleUrl>#style_20</styleUrl>
		<LineString>
			<tessellate>1</tessellate>
			<altitudeMode>relativeToGround</altitudeMode>
			<coordinates>
				165.123333,50.175,195394 170.738333,52.12,195394 
			</coordinates>
		</LineString>
	</Placemark>
	<Placemark>
		<styleUrl>#style_20</styleUrl>
		<LineString>
			<tessellate>1</tessellate>
			<altitudeMode>relativeToGround</altitudeMode>
			<coordinates>
				170.738333,52.12,195394 173.548333,53.535,195394 
			</coordinates>
		</LineString>
	</Placemark>
	<Placemark>
		<styleUrl>#style_20</styleUrl>
		<LineString>
			<tessellate>1</tessellate>
			<altitudeMode>relativeToGround</altitudeMode>
			<coordinates>
				173.548333,53.535,195394 178.726667,55.323333,195394 
			</coordinates>
		</LineString>
	</Placemark>
	<Placemark>
		<styleUrl>#style_20</styleUrl>
		<LineString>
			<tessellate>1</tessellate>
			<altitudeMode>relativeToGround</altitudeMode>
			<coordinates>
				178.726667,55.323333,195394 -175.88,56.823333,195394 
			</coordinates>
		</LineString>
	</Placemark>
	<Placemark>
		<styleUrl>#style_20</styleUrl>
		<LineString>
			<tessellate>1</tessellate>
			<altitudeMode>relativeToGround</altitudeMode>
			<coordinates>
				-175.88,56.823333,195394 -173.685,57.335,195394 
			</coordinates>
		</LineString>
	</Placemark>
	<Placemark>
		<styleUrl>#style_20</styleUrl>
		<LineString>
			<tessellate>1</tessellate>
			<altitudeMode>relativeToGround</altitudeMode>
			<coordinates>
				-173.685,57.335,195394 -170.765,57.95666700000001,195394 
			</coordinates>
		</LineString>
	</Placemark>
	<Placemark>
		<styleUrl>#style_20</styleUrl>
		<LineString>
			<tessellate>1</tessellate>
			<altitudeMode>relativeToGround</altitudeMode>
			<coordinates>
				-170.765,57.95666700000001,195394 -166.99,58.703333,195394 
			</coordinates>
		</LineString>
	</Placemark>
	<Placemark>
		<styleUrl>#style_20</styleUrl>
		<LineString>
			<tessellate>1</tessellate>
			<altitudeMode>relativeToGround</altitudeMode>
			<coordinates>
				-166.99,58.703333,195394 -165.948333,58.888333,195394 
			</coordinates>
		</LineString>
	</Placemark>
	<Placemark>
		<styleUrl>#style_20</styleUrl>
		<LineString>
			<tessellate>1</tessellate>
			<altitudeMode>relativeToGround</altitudeMode>
			<coordinates>
				-165.948333,58.888333,195394 -162.321667,59.456667,195394 
			</coordinates>
		</LineString>
	</Placemark>
	<Placemark>
		<styleUrl>#style_20</styleUrl>
		<LineString>
			<tessellate>1</tessellate>
			<altitudeMode>relativeToGround</altitudeMode>
			<coordinates>
				-162.321667,59.456667,195394 -154.676667,60.49833300000001,195394 
			</coordinates>
		</LineString>
	</Placemark>
	<Placemark>
		<styleUrl>#style_20</styleUrl>
		<LineString>
			<tessellate>1</tessellate>
			<altitudeMode>relativeToGround</altitudeMode>
			<coordinates>
				-154.676667,60.49833300000001,195394 -153.431667,60.66,195394 
			</coordinates>
		</LineString>
	</Placemark>
	<Placemark>
		<styleUrl>#style_20</styleUrl>
		<LineString>
			<tessellate>1</tessellate>
			<altitudeMode>relativeToGround</altitudeMode>
			<coordinates>
				-153.431667,60.66,195394 -152.766667,60.73999999999999,195394 
			</coordinates>
		</LineString>
	</Placemark>
	<Placemark>
		<styleUrl>#style_20</styleUrl>
		<LineString>
			<tessellate>1</tessellate>
			<altitudeMode>relativeToGround</altitudeMode>
			<coordinates>
				-152.766667,60.73999999999999,195394 -152.16,60.81166699999999,195394 
			</coordinates>
		</LineString>
	</Placemark>
	<Placemark>
		<styleUrl>#style_20</styleUrl>
		<LineString>
			<tessellate>1</tessellate>
			<altitudeMode>relativeToGround</altitudeMode>
			<coordinates>
				-152.16,60.81166699999999,195394 -151.47,60.878333,195394 
			</coordinates>
		</LineString>
	</Placemark>
	<Placemark>
		<styleUrl>#style_20</styleUrl>
		<LineString>
			<tessellate>1</tessellate>
			<altitudeMode>relativeToGround</altitudeMode>
			<coordinates>
				-151.47,60.878333,195394 -151.086667,60.951667,195394 
			</coordinates>
		</LineString>
	</Placemark>
	<Placemark>
		<styleUrl>#style_20</styleUrl>
		<LineString>
			<tessellate>1</tessellate>
			<altitudeMode>relativeToGround</altitudeMode>
			<coordinates>
				-151.086667,60.951667,195394 -149.998333,61.173333,195394 
			</coordinates>
		</LineString>
	</Placemark>
	<Placemark>
		<styleUrl>#style_20</styleUrl>
		<LineString>
			<tessellate>1</tessellate>
			<altitudeMode>relativeToGround</altitudeMode>
			<coordinates>
				-149.998333,61.173333,195394 0,0,195394 
			</coordinates>
		</LineString>
	</Placemark>
	<Placemark>
		<styleUrl>#style_20</styleUrl>
		<LineString>
			<tessellate>1</tessellate>
			<altitudeMode>relativeToGround</altitudeMode>
			<coordinates>
				0,0,195394 0,0,195394 
			</coordinates>
		</LineString>
	</Placemark>
	<Placemark>
		<styleUrl>#style_20</styleUrl>
		<LineString>
			<tessellate>1</tessellate>
			<altitudeMode>relativeToGround</altitudeMode>
			<coordinates>
				0,0,195394 0,0,195394 
			</coordinates>
		</LineString>
	</Placemark>
	<Placemark>
		<styleUrl>#style_20</styleUrl>
		<LineString>
			<tessellate>1</tessellate>
			<altitudeMode>relativeToGround</altitudeMode>
			<coordinates>
				0,0,195394 0,0,195394 
			</coordinates>
		</LineString>
	</Placemark>
	<Placemark>
		<styleUrl>#style_20</styleUrl>
		<LineString>
			<tessellate>1</tessellate>
			<altitudeMode>relativeToGround</altitudeMode>
			<coordinates>
				0,0,195394 0,0,195394 
			</coordinates>
		</LineString>
	</Placemark>
	<Placemark>
		<styleUrl>#style_20</styleUrl>
		<LineString>
			<tessellate>1</tessellate>
			<altitudeMode>relativeToGround</altitudeMode>
			<coordinates>
				0,0,195394 0,0,195394 
			</coordinates>
		</LineString>
	</Placemark>
	<Placemark>
		<styleUrl>#style_20</styleUrl>
		<LineString>
			<tessellate>1</tessellate>
			<altitudeMode>relativeToGround</altitudeMode>
			<coordinates>
				0,0,195394 0,0,195394 
			</coordinates>
		</LineString>
	</Placemark>
	<Placemark>
		<styleUrl>#style_20</styleUrl>
		<LineString>
			<tessellate>1</tessellate>
			<altitudeMode>relativeToGround</altitudeMode>
			<coordinates>
				0,0,195394 0,0,195394 
			</coordinates>
		</LineString>
	</Placemark>
	<Placemark>
		<styleUrl>#style_20</styleUrl>
		<LineString>
			<tessellate>1</tessellate>
			<altitudeMode>relativeToGround</altitudeMode>
			<coordinates>
				0,0,195394 0,0,195394 
			</coordinates>
		</LineString>
	</Placemark>
	<Placemark>
		<styleUrl>#style_20</styleUrl>
		<LineString>
			<tessellate>1</tessellate>
			<altitudeMode>relativeToGround</altitudeMode>
			<coordinates>
				0,0,195394 0,0,195394 
			</coordinates>
		</LineString>
	</Placemark>
	<Placemark>
		<styleUrl>#style_20</styleUrl>
		<LineString>
			<tessellate>1</tessellate>
			<altitudeMode>relativeToGround</altitudeMode>
			<coordinates>
				0,0,195394 0,0,195394 
			</coordinates>
		</LineString>
	</Placemark>
	<Placemark>
		<styleUrl>#style_20</styleUrl>
		<LineString>
			<tessellate>1</tessellate>
			<altitudeMode>relativeToGround</altitudeMode>
			<coordinates>
				0,0,195394 0,0,195394 
			</coordinates>
		</LineString>
	</Placemark>
	<Placemark>
		<styleUrl>#style_20</styleUrl>
		<LineString>
			<tessellate>1</tessellate>
			<altitudeMode>relativeToGround</altitudeMode>
			<coordinates>
				0,0,195394 0,0,195394 
			</coordinates>
		</LineString>
	</Placemark>
	<Placemark>
		<styleUrl>#style_20</styleUrl>
		<LineString>
			<tessellate>1</tessellate>
			<altitudeMode>relativeToGround</altitudeMode>
			<coordinates>
				0,0,195394 0,0,195394 
			</coordinates>
		</LineString>
	</Placemark>
	<Placemark>
		<styleUrl>#style_20</styleUrl>
		<LineString>
			<tessellate>1</tessellate>
			<altitudeMode>relativeToGround</altitudeMode>
			<coordinates>
				0,0,195394 0,0,195394 
			</coordinates>
		</LineString>
	</Placemark>
	<Placemark>
		<styleUrl>#style_20</styleUrl>
		<LineString>
			<tessellate>1</tessellate>
			<altitudeMode>relativeToGround</altitudeMode>
			<coordinates>
				0,0,195394 0,0,195394 
			</coordinates>
		</LineString>
	</Placemark>
	<Placemark>
		<styleUrl>#style_20</styleUrl>
		<LineString>
			<tessellate>1</tessellate>
			<altitudeMode>relativeToGround</altitudeMode>
			<coordinates>
				0,0,195394 0,0,195394 
			</coordinates>
		</LineString>
	</Placemark>
	<Placemark>
		<styleUrl>#style_20</styleUrl>
		<LineString>
			<tessellate>1</tessellate>
			<altitudeMode>relativeToGround</altitudeMode>
			<coordinates>
				0,0,195394 0,0,195394 
			</coordinates>
		</LineString>
	</Placemark>
	<Placemark>
		<styleUrl>#style_20</styleUrl>
		<LineString>
			<tessellate>1</tessellate>
			<altitudeMode>relativeToGround</altitudeMode>
			<coordinates>
				0,0,195394 0,0,195394 
			</coordinates>
		</LineString>
	</Placemark>
	<Placemark>
		<styleUrl>#style_20</styleUrl>
		<LineString>
			<tessellate>1</tessellate>
			<altitudeMode>relativeToGround</altitudeMode>
			<coordinates>
				0,0,195394 0,0,195394 
			</coordinates>
		</LineString>
	</Placemark>
	<Placemark>
		<styleUrl>#style_20</styleUrl>
		<LineString>
			<tessellate>1</tessellate>
			<altitudeMode>relativeToGround</altitudeMode>
			<coordinates>
				0,0,195394 0,0,195394 
			</coordinates>
		</LineString>
	</Placemark>
	<Placemark>
		<styleUrl>#style_20</styleUrl>
		<LineString>
			<tessellate>1</tessellate>
			<altitudeMode>relativeToGround</altitudeMode>
			<coordinates>
				0,0,195394 0,0,195394 
			</coordinates>
		</LineString>
	</Placemark>
	<Placemark>
		<styleUrl>#style_20</styleUrl>
		<LineString>
			<tessellate>1</tessellate>
			<altitudeMode>relativeToGround</altitudeMode>
			<coordinates>
				0,0,195394 0,0,195394 
			</coordinates>
		</LineString>
	</Placemark>
	<Placemark>
		<styleUrl>#style_20</styleUrl>
		<LineString>
			<tessellate>1</tessellate>
			<altitudeMode>relativeToGround</altitudeMode>
			<coordinates>
				0,0,195394 0,0,195394 
			</coordinates>
		</LineString>
	</Placemark>
	<Placemark>
		<styleUrl>#style_20</styleUrl>
		<LineString>
			<tessellate>1</tessellate>
			<altitudeMode>relativeToGround</altitudeMode>
			<coordinates>
				0,0,195394 0,0,195394 
			</coordinates>
		</LineString>
	</Placemark>
	<Placemark>
		<styleUrl>#style_20</styleUrl>
		<LineString>
			<tessellate>1</tessellate>
			<altitudeMode>relativeToGround</altitudeMode>
			<coordinates>
				0,0,195394 0,0,195394 
			</coordinates>
		</LineString>
	</Placemark>
	<Placemark>
		<styleUrl>#style_20</styleUrl>
		<LineString>
			<tessellate>1</tessellate>
			<altitudeMode>relativeToGround</altitudeMode>
			<coordinates>
				0,0,195394 0,0,195394 
			</coordinates>
		</LineString>
	</Placemark>
	<Placemark>
		<styleUrl>#style_20</styleUrl>
		<LineString>
			<tessellate>1</tessellate>
			<altitudeMode>relativeToGround</altitudeMode>
			<coordinates>
				0,0,195394 0,0,195394 
			</coordinates>
		</LineString>
	</Placemark>
	<Placemark>
		<styleUrl>#style_20</styleUrl>
		<LineString>
			<tessellate>1</tessellate>
			<altitudeMode>relativeToGround</altitudeMode>
			<coordinates>
				0,0,195394 0,0,195394 
			</coordinates>
		</LineString>
	</Placemark>
	<Placemark>
		<styleUrl>#style_20</styleUrl>
		<LineString>
			<tessellate>1</tessellate>
			<altitudeMode>relativeToGround</altitudeMode>
			<coordinates>
				0,0,195394 0,0,195394 
			</coordinates>
		</LineString>
	</Placemark>
	<Placemark>
		<styleUrl>#style_20</styleUrl>
		<LineString>
			<tessellate>1</tessellate>
			<altitudeMode>relativeToGround</altitudeMode>
			<coordinates>
				0,0,195394 0,0,195394 
			</coordinates>
		</LineString>
	</Placemark>
	<Placemark>
		<styleUrl>#style_20</styleUrl>
		<LineString>
			<tessellate>1</tessellate>
			<altitudeMode>relativeToGround</altitudeMode>
			<coordinates>
				0,0,195394 0,0,195394 
			</coordinates>
		</LineString>
	</Placemark>
	<Placemark>
		<styleUrl>#style_20</styleUrl>
		<LineString>
			<tessellate>1</tessellate>
			<altitudeMode>relativeToGround</altitudeMode>
			<coordinates>
				0,0,195394 0,0,195394 
			</coordinates>
		</LineString>
	</Placemark>
	<Placemark>
		<styleUrl>#style_20</styleUrl>
		<LineString>
			<tessellate>1</tessellate>
			<altitudeMode>relativeToGround</altitudeMode>
			<coordinates>
				0,0,195394 0,0,195394 
			</coordinates>
		</LineString>
	</Placemark>
	<Placemark>
		<styleUrl>#style_20</styleUrl>
		<LineString>
			<tessellate>1</tessellate>
			<altitudeMode>relativeToGround</altitudeMode>
			<coordinates>
				0,0,195394 0,0,195394 
			</coordinates>
		</LineString>
	</Placemark>
	<Placemark>
		<styleUrl>#style_20</styleUrl>
		<LineString>
			<tessellate>1</tessellate>
			<altitudeMode>relativeToGround</altitudeMode>
			<coordinates>
				0,0,195394 0,0,195394 
			</coordinates>
		</LineString>
	</Placemark>
	<Placemark>
		<styleUrl>#style_20</styleUrl>
		<LineString>
			<tessellate>1</tessellate>
			<altitudeMode>relativeToGround</altitudeMode>
			<coordinates>
				0,0,195394 0,0,195394 
			</coordinates>
		</LineString>
	</Placemark>
	<Placemark>
		<styleUrl>#style_20</styleUrl>
		<LineString>
			<tessellate>1</tessellate>
			<altitudeMode>relativeToGround</altitudeMode>
			<coordinates>
				0,0,195394 0,0,195394 
			</coordinates>
		</LineString>
	</Placemark>
	<Placemark>
		<styleUrl>#style_20</styleUrl>
		<LineString>
			<tessellate>1</tessellate>
			<altitudeMode>relativeToGround</altitudeMode>
			<coordinates>
				0,0,195394 0,0,195394 
			</coordinates>
		</LineString>
	</Placemark>
	<Placemark>
		<styleUrl>#style_20</styleUrl>
		<LineString>
			<tessellate>1</tessellate>
			<altitudeMode>relativeToGround</altitudeMode>
			<coordinates>
				0,0,195394 0,0,195394 
			</coordinates>
		</LineString>
	</Placemark>
	<Placemark>
		<styleUrl>#style_20</styleUrl>
		<LineString>
			<tessellate>1</tessellate>
			<altitudeMode>relativeToGround</altitudeMode>
			<coordinates>
				0,0,195394 0,0,195394 
			</coordinates>
		</LineString>
	</Placemark>
	<Placemark>
		<styleUrl>#style_20</styleUrl>
		<LineString>
			<tessellate>1</tessellate>
			<altitudeMode>relativeToGround</altitudeMode>
			<coordinates>
				0,0,195394 0,0,195394 
			</coordinates>
		</LineString>
	</Placemark>
	<Placemark>
		<styleUrl>#style_20</styleUrl>
		<LineString>
			<tessellate>1</tessellate>
			<altitudeMode>relativeToGround</altitudeMode>
			<coordinates>
				0,0,195394 0,0,195394 
			</coordinates>
		</LineString>
	</Placemark>
	<Placemark>
		<styleUrl>#style_20</styleUrl>
		<LineString>
			<tessellate>1</tessellate>
			<altitudeMode>relativeToGround</altitudeMode>
			<coordinates>
				0,0,195394 0,0,195394 
			</coordinates>
		</LineString>
	</Placemark>
	<Placemark>
		<styleUrl>#style_20</styleUrl>
		<LineString>
			<tessellate>1</tessellate>
			<altitudeMode>relativeToGround</altitudeMode>
			<coordinates>
				0,0,195394 0,0,195394 
			</coordinates>
		</LineString>
	</Placemark>
	<Placemark>
		<styleUrl>#style_20</styleUrl>
		<LineString>
			<tessellate>1</tessellate>
			<altitudeMode>relativeToGround</altitudeMode>
			<coordinates>
				0,0,195394 0,0,195394 
			</coordinates>
		</LineString>
	</Placemark>
	<Placemark>
		<styleUrl>#style_20</styleUrl>
		<LineString>
			<tessellate>1</tessellate>
			<altitudeMode>relativeToGround</altitudeMode>
			<coordinates>
				0,0,195394 0,0,195394 
			</coordinates>
		</LineString>
	</Placemark>
	<Placemark>
		<styleUrl>#style_20</styleUrl>
		<LineString>
			<tessellate>1</tessellate>
			<altitudeMode>relativeToGround</altitudeMode>
			<coordinates>
				0,0,195394 0,0,195394 
			</coordinates>
		</LineString>
	</Placemark>
	<Placemark>
		<styleUrl>#style_20</styleUrl>
		<LineString>
			<tessellate>1</tessellate>
			<altitudeMode>relativeToGround</altitudeMode>
			<coordinates>
				0,0,195394 0,0,195394 
			</coordinates>
		</LineString>
	</Placemark>
	<Placemark>
		<styleUrl>#style_20</styleUrl>
		<LineString>
			<tessellate>1</tessellate>
			<altitudeMode>relativeToGround</altitudeMode>
			<coordinates>
				0,0,195394 0,0,195394 
			</coordinates>
		</LineString>
	</Placemark>
	<Placemark>
		<styleUrl>#style_20</styleUrl>
		<LineString>
			<tessellate>1</tessellate>
			<altitudeMode>relativeToGround</altitudeMode>
			<coordinates>
				0,0,195394 0,0,195394 
			</coordinates>
		</LineString>
	</Placemark>
	<Placemark>
		<styleUrl>#style_20</styleUrl>
		<LineString>
			<tessellate>1</tessellate>
			<altitudeMode>relativeToGround</altitudeMode>
			<coordinates>
				0,0,195394 0,0,195394 
			</coordinates>
		</LineString>
	</Placemark>
	<Placemark>
		<styleUrl>#style_20</styleUrl>
		<LineString>
			<tessellate>1</tessellate>
			<altitudeMode>relativeToGround</altitudeMode>
			<coordinates>
				0,0,195394 0,0,195394 
			</coordinates>
		</LineString>
	</Placemark>
	<Placemark>
		<styleUrl>#style_20</styleUrl>
		<LineString>
			<tessellate>1</tessellate>
			<altitudeMode>relativeToGround</altitudeMode>
			<coordinates>
				0,0,195394 0,0,195394 
			</coordinates>
		</LineString>
	</Placemark>
	<Placemark>
		<styleUrl>#style_20</styleUrl>
		<LineString>
			<tessellate>1</tessellate>
			<altitudeMode>relativeToGround</altitudeMode>
			<coordinates>
				0,0,195394 0,0,195394 
			</coordinates>
		</LineString>
	</Placemark>
	<Placemark>
		<styleUrl>#style_20</styleUrl>
		<LineString>
			<tessellate>1</tessellate>
			<altitudeMode>relativeToGround</altitudeMode>
			<coordinates>
				0,0,195394 0,0,195394 
			</coordinates>
		</LineString>
	</Placemark>
	<Placemark>
		<styleUrl>#style_20</styleUrl>
		<LineString>
			<tessellate>1</tessellate>
			<altitudeMode>relativeToGround</altitudeMode>
			<coordinates>
				0,0,195394 0,0,195394 
			</coordinates>
		</LineString>
	</Placemark>
	<Placemark>
		<styleUrl>#style_20</styleUrl>
		<LineString>
			<tessellate>1</tessellate>
			<altitudeMode>relativeToGround</altitudeMode>
			<coordinates>
				0,0,195394 0,0,195394 
			</coordinates>
		</LineString>
	</Placemark>
	<Placemark>
		<styleUrl>#style_20</styleUrl>
		<LineString>
			<tessellate>1</tessellate>
			<altitudeMode>relativeToGround</altitudeMode>
			<coordinates>
				0,0,195394 0,0,195394 
			</coordinates>
		</LineString>
	</Placemark>
	<Placemark>
		<styleUrl>#style_20</styleUrl>
		<LineString>
			<tessellate>1</tessellate>
			<altitudeMode>relativeToGround</altitudeMode>
			<coordinates>
				0,0,195394 0,0,195394 
			</coordinates>
		</LineString>
	</Placemark>
	<Placemark>
		<styleUrl>#style_20</styleUrl>
		<LineString>
			<tessellate>1</tessellate>
			<altitudeMode>relativeToGround</altitudeMode>
			<coordinates>
				0,0,195394 0,0,195394 
			</coordinates>
		</LineString>
	</Placemark>
	<Placemark>
		<styleUrl>#style_20</styleUrl>
		<LineString>
			<tessellate>1</tessellate>
			<altitudeMode>relativeToGround</altitudeMode>
			<coordinates>
				0,0,195394 0,0,195394 
			</coordinates>
		</LineString>
	</Placemark>
	<Placemark>
		<styleUrl>#style_20</styleUrl>
		<LineString>
			<tessellate>1</tessellate>
			<altitudeMode>relativeToGround</altitudeMode>
			<coordinates>
				0,0,195394 0,0,195394 
			</coordinates>
		</LineString>
	</Placemark>
	<Placemark>
		<styleUrl>#style_20</styleUrl>
		<LineString>
			<tessellate>1</tessellate>
			<altitudeMode>relativeToGround</altitudeMode>
			<coordinates>
				0,0,195394 0,0,195394 
			</coordinates>
		</LineString>
	</Placemark>
	<Placemark>
		<styleUrl>#style_20</styleUrl>
		<LineString>
			<tessellate>1</tessellate>
			<altitudeMode>relativeToGround</altitudeMode>
			<coordinates>
				0,0,195394 0,0,195394 
			</coordinates>
		</LineString>
	</Placemark>
	<Placemark>
		<styleUrl>#style_20</styleUrl>
		<LineString>
			<tessellate>1</tessellate>
			<altitudeMode>relativeToGround</altitudeMode>
			<coordinates>
				0,0,195394 0,0,195394 
			</coordinates>
		</LineString>
	</Placemark>
	<Placemark>
		<styleUrl>#style_20</styleUrl>
		<LineString>
			<tessellate>1</tessellate>
			<altitudeMode>relativeToGround</altitudeMode>
			<coordinates>
				0,0,195394 0,0,195394 
			</coordinates>
		</LineString>
	</Placemark>
	<Placemark>
		<styleUrl>#style_20</styleUrl>
		<LineString>
			<tessellate>1</tessellate>
			<altitudeMode>relativeToGround</altitudeMode>
			<coordinates>
				0,0,195394 0,0,195394 
			</coordinates>
		</LineString>
	</Placemark>
	<Placemark>
		<styleUrl>#style_20</styleUrl>
		<LineString>
			<tessellate>1</tessellate>
			<altitudeMode>relativeToGround</altitudeMode>
			<coordinates>
				0,0,195394 0,0,195394 
			</coordinates>
		</LineString>
	</Placemark>
	<Placemark>
		<styleUrl>#style_20</styleUrl>
		<LineString>
			<tessellate>1</tessellate>
			<altitudeMode>relativeToGround</altitudeMode>
			<coordinates>
				0,0,195394 0,0,195394 
			</coordinates>
		</LineString>
	</Placemark>
	<Placemark>
		<styleUrl>#style_20</styleUrl>
		<LineString>
			<tessellate>1</tessellate>
			<altitudeMode>relativeToGround</altitudeMode>
			<coordinates>
				0,0,195394 0,0,195394 
			</coordinates>
		</LineString>
	</Placemark>
	<Placemark>
		<styleUrl>#style_20</styleUrl>
		<LineString>
			<tessellate>1</tessellate>
			<altitudeMode>relativeToGround</altitudeMode>
			<coordinates>
				0,0,195394 0,0,195394 
			</coordinates>
		</LineString>
	</Placemark>
	<Placemark>
		<styleUrl>#style_20</styleUrl>
		<LineString>
			<tessellate>1</tessellate>
			<altitudeMode>relativeToGround</altitudeMode>
			<coordinates>
				0,0,195394 0,0,195394 
			</coordinates>
		</LineString>
	</Placemark>
	<Placemark>
		<styleUrl>#style_20</styleUrl>
		<LineString>
			<tessellate>1</tessellate>
			<altitudeMode>relativeToGround</altitudeMode>
			<coordinates>
				0,0,195394 0,0,195394 
			</coordinates>
		</LineString>
	</Placemark>
	<Placemark>
		<styleUrl>#style_20</styleUrl>
		<LineString>
			<tessellate>1</tessellate>
			<altitudeMode>relativeToGround</altitudeMode>
			<coordinates>
				0,0,195394 0,0,195394 
			</coordinates>
		</LineString>
	</Placemark>
	<Placemark>
		<styleUrl>#style_20</styleUrl>
		<LineString>
			<tessellate>1</tessellate>
			<altitudeMode>relativeToGround</altitudeMode>
			<coordinates>
				0,0,195394 0,0,195394 
			</coordinates>
		</LineString>
	</Placemark>
	<Placemark>
		<styleUrl>#style_20</styleUrl>
		<LineString>
			<tessellate>1</tessellate>
			<altitudeMode>relativeToGround</altitudeMode>
			<coordinates>
				0,0,195394 0,0,195394 
			</coordinates>
		</LineString>
	</Placemark>
	<Placemark>
		<styleUrl>#style_20</styleUrl>
		<LineString>
			<tessellate>1</tessellate>
			<altitudeMode>relativeToGround</altitudeMode>
			<coordinates>
				0,0,195394 0,0,195394 
			</coordinates>
		</LineString>
	</Placemark>
	<Placemark>
		<styleUrl>#style_20</styleUrl>
		<LineString>
			<tessellate>1</tessellate>
			<altitudeMode>relativeToGround</altitudeMode>
			<coordinates>
				0,0,195394 0,0,195394 
			</coordinates>
		</LineString>
	</Placemark>
	<Placemark>
		<styleUrl>#style_20</styleUrl>
		<LineString>
			<tessellate>1</tessellate>
			<altitudeMode>relativeToGround</altitudeMode>
			<coordinates>
				0,0,195394 0,0,195394 
			</coordinates>
		</LineString>
	</Placemark>
	<Placemark>
		<styleUrl>#style_20</styleUrl>
		<LineString>
			<tessellate>1</tessellate>
			<altitudeMode>relativeToGround</altitudeMode>
			<coordinates>
				0,0,195394 0,0,195394 
			</coordinates>
		</LineString>
	</Placemark>
	<Placemark>
		<styleUrl>#style_20</styleUrl>
		<LineString>
			<tessellate>1</tessellate>
			<altitudeMode>relativeToGround</altitudeMode>
			<coordinates>
				0,0,195394 0,0,195394 
			</coordinates>
		</LineString>
	</Placemark>
	<Placemark>
		<styleUrl>#style_20</styleUrl>
		<LineString>
			<tessellate>1</tessellate>
			<altitudeMode>relativeToGround</altitudeMode>
			<coordinates>
				0,0,195394 0,0,195394 
			</coordinates>
		</LineString>
	</Placemark>
	<Placemark>
		<styleUrl>#style_20</styleUrl>
		<LineString>
			<tessellate>1</tessellate>
			<altitudeMode>relativeToGround</altitudeMode>
			<coordinates>
				0,0,195394 0,0,195394 
			</coordinates>
		</LineString>
	</Placemark>
	<Placemark>
		<styleUrl>#style_20</styleUrl>
		<LineString>
			<tessellate>1</tessellate>
			<altitudeMode>relativeToGround</altitudeMode>
			<coordinates>
				0,0,195394 0,0,195394 
			</coordinates>
		</LineString>
	</Placemark>
	<Placemark>
		<styleUrl>#style_20</styleUrl>
		<LineString>
			<tessellate>1</tessellate>
			<altitudeMode>relativeToGround</altitudeMode>
			<coordinates>
				0,0,195394 0,0,195394 
			</coordinates>
		</LineString>
	</Placemark>
	<Placemark>
		<styleUrl>#style_20</styleUrl>
		<LineString>
			<tessellate>1</tessellate>
			<altitudeMode>relativeToGround</altitudeMode>
			<coordinates>
				0,0,195394 0,0,195394 
			</coordinates>
		</LineString>
	</Placemark>
	<Placemark>
		<styleUrl>#style_20</styleUrl>
		<LineString>
			<tessellate>1</tessellate>
			<altitudeMode>relativeToGround</altitudeMode>
			<coordinates>
				0,0,195394 0,0,195394 
			</coordinates>
		</LineString>
	</Placemark>
	<Placemark>
		<styleUrl>#style_20</styleUrl>
		<LineString>
			<tessellate>1</tessellate>
			<altitudeMode>relativeToGround</altitudeMode>
			<coordinates>
				0,0,195394 0,0,195394 
			</coordinates>
		</LineString>
	</Placemark>
	<Placemark>
		<styleUrl>#style_20</styleUrl>
		<LineString>
			<tessellate>1</tessellate>
			<altitudeMode>relativeToGround</altitudeMode>
			<coordinates>
				0,0,195394 0,0,195394 
			</coordinates>
		</LineString>
	</Placemark>
	<Placemark>
		<styleUrl>#style_20</styleUrl>
		<LineString>
			<tessellate>1</tessellate>
			<altitudeMode>relativeToGround</altitudeMode>
			<coordinates>
				0,0,195394 0,0,195394 
			</coordinates>
		</LineString>
	</Placemark>
	<Placemark>
		<styleUrl>#style_20</styleUrl>
		<LineString>
			<tessellate>1</tessellate>
			<altitudeMode>relativeToGround</altitudeMode>
			<coordinates>
				0,0,195394 0,0,195394 
			</coordinates>
		</LineString>
	</Placemark>
	<Placemark>
		<styleUrl>#style_20</styleUrl>
		<LineString>
			<tessellate>1</tessellate>
			<altitudeMode>relativeToGround</altitudeMode>
			<coordinates>
				0,0,195394 0,0,195394 
			</coordinates>
		</LineString>
	</Placemark>
	<Placemark>
		<styleUrl>#style_20</styleUrl>
		<LineString>
			<tessellate>1</tessellate>
			<altitudeMode>relativeToGround</altitudeMode>
			<coordinates>
				0,0,195394 0,0,195394 
			</coordinates>
		</LineString>
	</Placemark>
	<Placemark>
		<styleUrl>#style_20</styleUrl>
		<LineString>
			<tessellate>1</tessellate>
			<altitudeMode>relativeToGround</altitudeMode>
			<coordinates>
				0,0,195394 0,0,195394 
			</coordinates>
		</LineString>
	</Placemark>
	<Placemark>
		<styleUrl>#style_20</styleUrl>
		<LineString>
			<tessellate>1</tessellate>
			<altitudeMode>relativeToGround</altitudeMode>
			<coordinates>
				0,0,195394 0,0,195394 
			</coordinates>
		</LineString>
	</Placemark>
	<Placemark>
		<styleUrl>#style_20</styleUrl>
		<LineString>
			<tessellate>1</tessellate>
			<altitudeMode>relativeToGround</altitudeMode>
			<coordinates>
				0,0,195394 0,0,195394 
			</coordinates>
		</LineString>
	</Placemark>
	<Placemark>
		<styleUrl>#style_20</styleUrl>
		<LineString>
			<tessellate>1</tessellate>
			<altitudeMode>relativeToGround</altitudeMode>
			<coordinates>
				0,0,195394 0,0,195394 
			</coordinates>
		</LineString>
	</Placemark>
	<Placemark>
		<styleUrl>#style_20</styleUrl>
		<LineString>
			<tessellate>1</tessellate>
			<altitudeMode>relativeToGround</altitudeMode>
			<coordinates>
				0,0,195394 0,0,195394 
			</coordinates>
		</LineString>
	</Placemark>
	<Placemark>
		<styleUrl>#style_20</styleUrl>
		<LineString>
			<tessellate>1</tessellate>
			<altitudeMode>relativeToGround</altitudeMode>
			<coordinates>
				0,0,195394 0,0,195394 
			</coordinates>
		</LineString>
	</Placemark>
	<Placemark>
		<styleUrl>#style_20</styleUrl>
		<LineString>
			<tessellate>1</tessellate>
			<altitudeMode>relativeToGround</altitudeMode>
			<coordinates>
				0,0,195394 0,0,195394 
			</coordinates>
		</LineString>
	</Placemark>
	<Placemark>
		<styleUrl>#style_20</styleUrl>
		<LineString>
			<tessellate>1</tessellate>
			<altitudeMode>relativeToGround</altitudeMode>
			<coordinates>
				0,0,195394 0,0,195394 
			</coordinates>
		</LineString>
	</Placemark>
	<Placemark>
		<styleUrl>#style_20</styleUrl>
		<LineString>
			<tessellate>1</tessellate>
			<altitudeMode>relativeToGround</altitudeMode>
			<coordinates>
				0,0,195394 0,0,195394 
			</coordinates>
		</LineString>
	</Placemark>
	<Placemark>
		<styleUrl>#style_20</styleUrl>
		<LineString>
			<tessellate>1</tessellate>
			<altitudeMode>relativeToGround</altitudeMode>
			<coordinates>
				0,0,195394 0,0,195394 
			</coordinates>
		</LineString>
	</Placemark>
	<Placemark>
		<styleUrl>#style_20</styleUrl>
		<LineString>
			<tessellate>1</tessellate>
			<altitudeMode>relativeToGround</altitudeMode>
			<coordinates>
				0,0,195394 0,0,195394 
			</coordinates>
		</LineString>
	</Placemark>
	<Placemark>
		<styleUrl>#style_20</styleUrl>
		<LineString>
			<tessellate>1</tessellate>
			<altitudeMode>relativeToGround</altitudeMode>
			<coordinates>
				0,0,195394 0,0,195394 
			</coordinates>
		</LineString>
	</Placemark>
	<Placemark>
		<styleUrl>#style_20</styleUrl>
		<LineString>
			<tessellate>1</tessellate>
			<altitudeMode>relativeToGround</altitudeMode>
			<coordinates>
				0,0,195394 0,0,195394 
			</coordinates>
		</LineString>
	</Placemark>
	<Placemark>
		<styleUrl>#style_20</styleUrl>
		<LineString>
			<tessellate>1</tessellate>
			<altitudeMode>relativeToGround</altitudeMode>
			<coordinates>
				0,0,195394 0,0,195394 
			</coordinates>
		</LineString>
	</Placemark>
	<Placemark>
		<styleUrl>#style_20</styleUrl>
		<LineString>
			<tessellate>1</tessellate>
			<altitudeMode>relativeToGround</altitudeMode>
			<coordinates>
				0,0,195394 0,0,195394 
			</coordinates>
		</LineString>
	</Placemark>
	<Placemark>
		<styleUrl>#style_20</styleUrl>
		<LineString>
			<tessellate>1</tessellate>
			<altitudeMode>relativeToGround</altitudeMode>
			<coordinates>
				0,0,195394 0,0,195394 
			</coordinates>
		</LineString>
	</Placemark>
	<Placemark>
		<styleUrl>#style_20</styleUrl>
		<LineString>
			<tessellate>1</tessellate>
			<altitudeMode>relativeToGround</altitudeMode>
			<coordinates>
				0,0,195394 0,0,195394 
			</coordinates>
		</LineString>
	</Placemark>
	<Placemark>
		<styleUrl>#style_20</styleUrl>
		<LineString>
			<tessellate>1</tessellate>
			<altitudeMode>relativeToGround</altitudeMode>
			<coordinates>
				0,0,195394 0,0,195394 
			</coordinates>
		</LineString>
	</Placemark>
	<Placemark>
		<styleUrl>#style_20</styleUrl>
		<LineString>
			<tessellate>1</tessellate>
			<altitudeMode>relativeToGround</altitudeMode>
			<coordinates>
				0,0,195394 0,0,195394 
			</coordinates>
		</LineString>
	</Placemark>
	<Placemark>
		<styleUrl>#style_20</styleUrl>
		<LineString>
			<tessellate>1</tessellate>
			<altitudeMode>relativeToGround</altitudeMode>
			<coordinates>
				0,0,195394 0,0,195394 
			</coordinates>
		</LineString>
	</Placemark>
	<Placemark>
		<styleUrl>#style_20</styleUrl>
		<LineString>
			<tessellate>1</tessellate>
			<altitudeMode>relativeToGround</altitudeMode>
			<coordinates>
				0,0,195394 0,0,195394 
			</coordinates>
		</LineString>
	</Placemark>
	<Placemark>
		<styleUrl>#style_20</styleUrl>
		<LineString>
			<tessellate>1</tessellate>
			<altitudeMode>relativeToGround</altitudeMode>
			<coordinates>
				0,0,195394 0,0,195394 
			</coordinates>
		</LineString>
	</Placemark>
	<Placemark>
		<styleUrl>#style_20</styleUrl>
		<LineString>
			<tessellate>1</tessellate>
			<altitudeMode>relativeToGround</altitudeMode>
			<coordinates>
				0,0,195394 0,0,195394 
			</coordinates>
		</LineString>
	</Placemark>
	<Placemark>
		<styleUrl>#style_20</styleUrl>
		<LineString>
			<tessellate>1</tessellate>
			<altitudeMode>relativeToGround</altitudeMode>
			<coordinates>
				0,0,195394 0,0,195394 
			</coordinates>
		</LineString>
	</Placemark>
	<Placemark>
		<styleUrl>#style_20</styleUrl>
		<LineString>
			<tessellate>1</tessellate>
			<altitudeMode>relativeToGround</altitudeMode>
			<coordinates>
				0,0,195394 0,0,195394 
			</coordinates>
		</LineString>
	</Placemark>
	<Placemark>
		<styleUrl>#style_20</styleUrl>
		<LineString>
			<tessellate>1</tessellate>
			<altitudeMode>relativeToGround</altitudeMode>
			<coordinates>
				0,0,195394 0,0,195394 
			</coordinates>
		</LineString>
	</Placemark>
	<Placemark>
		<styleUrl>#style_20</styleUrl>
		<LineString>
			<tessellate>1</tessellate>
			<altitudeMode>relativeToGround</altitudeMode>
			<coordinates>
				0,0,195394 0,0,195394 
			</coordinates>
		</LineString>
	</Placemark>
	<Placemark>
		<styleUrl>#style_20</styleUrl>
		<LineString>
			<tessellate>1</tessellate>
			<altitudeMode>relativeToGround</altitudeMode>
			<coordinates>
				0,0,195394 0,0,195394 
			</coordinates>
		</LineString>
	</Placemark>
	<Placemark>
		<styleUrl>#style_20</styleUrl>
		<LineString>
			<tessellate>1</tessellate>
			<altitudeMode>relativeToGround</altitudeMode>
			<coordinates>
				0,0,195394 0,0,195394 
			</coordinates>
		</LineString>
	</Placemark>
	<Placemark>
		<styleUrl>#style_20</styleUrl>
		<LineString>
			<tessellate>1</tessellate>
			<altitudeMode>relativeToGround</altitudeMode>
			<coordinates>
				0,0,195394 0,0,195394 
			</coordinates>
		</LineString>
	</Placemark>
	<Placemark>
		<styleUrl>#style_20</styleUrl>
		<LineString>
			<tessellate>1</tessellate>
			<altitudeMode>relativeToGround</altitudeMode>
			<coordinates>
				0,0,195394 0,0,195394 
			</coordinates>
		</LineString>
	</Placemark>
	<Placemark>
		<styleUrl>#style_20</styleUrl>
		<LineString>
			<tessellate>1</tessellate>
			<altitudeMode>relativeToGround</altitudeMode>
			<coordinates>
				0,0,195394 0,0,195394 
			</coordinates>
		</LineString>
	</Placemark>
	<Placemark>
		<styleUrl>#style_20</styleUrl>
		<LineString>
			<tessellate>1</tessellate>
			<altitudeMode>relativeToGround</altitudeMode>
			<coordinates>
				0,0,195394 0,0,195394 
			</coordinates>
		</LineString>
	</Placemark>
	<Placemark>
		<styleUrl>#style_20</styleUrl>
		<LineString>
			<tessellate>1</tessellate>
			<altitudeMode>relativeToGround</altitudeMode>
			<coordinates>
				0,0,195394 0,0,195394 
			</coordinates>
		</LineString>
	</Placemark>
	<Placemark>
		<styleUrl>#style_20</styleUrl>
		<LineString>
			<tessellate>1</tessellate>
			<altitudeMode>relativeToGround</altitudeMode>
			<coordinates>
				0,0,195394 0,0,195394 
			</coordinates>
		</LineString>
	</Placemark>
	<Placemark>
		<styleUrl>#style_20</styleUrl>
		<LineString>
			<tessellate>1</tessellate>
			<altitudeMode>relativeToGround</altitudeMode>
			<coordinates>
				0,0,195394 0,0,195394 
			</coordinates>
		</LineString>
	</Placemark>
	<Placemark>
		<styleUrl>#style_20</styleUrl>
		<LineString>
			<tessellate>1</tessellate>
			<altitudeMode>relativeToGround</altitudeMode>
			<coordinates>
				0,0,195394 0,0,195394 
			</coordinates>
		</LineString>
	</Placemark>
	<Placemark>
		<styleUrl>#style_20</styleUrl>
		<LineString>
			<tessellate>1</tessellate>
			<altitudeMode>relativeToGround</altitudeMode>
			<coordinates>
				0,0,195394 0,0,195394 
			</coordinates>
		</LineString>
	</Placemark>
	<Placemark>
		<styleUrl>#style_20</styleUrl>
		<LineString>
			<tessellate>1</tessellate>
			<altitudeMode>relativeToGround</altitudeMode>
			<coordinates>
				0,0,195394 0,0,195394 
			</coordinates>
		</LineString>
	</Placemark>
	<Placemark>
		<styleUrl>#style_20</styleUrl>
		<LineString>
			<tessellate>1</tessellate>
			<altitudeMode>relativeToGround</altitudeMode>
			<coordinates>
				0,0,195394 0,0,195394 
			</coordinates>
		</LineString>
	</Placemark>
	<Placemark>
		<styleUrl>#style_20</styleUrl>
		<LineString>
			<tessellate>1</tessellate>
			<altitudeMode>relativeToGround</altitudeMode>
			<coordinates>
				0,0,195394 0,0,195394 
			</coordinates>
		</LineString>
	</Placemark>
	<Placemark>
		<styleUrl>#style_20</styleUrl>
		<LineString>
			<tessellate>1</tessellate>
			<altitudeMode>relativeToGround</altitudeMode>
			<coordinates>
				0,0,195394 0,0,195394 
			</coordinates>
		</LineString>
	</Placemark>
	<Placemark>
		<styleUrl>#style_20</styleUrl>
		<LineString>
			<tessellate>1</tessellate>
			<altitudeMode>relativeToGround</altitudeMode>
			<coordinates>
				0,0,195394 0,0,195394 
			</coordinates>
		</LineString>
	</Placemark>
	<Placemark>
		<styleUrl>#style_20</styleUrl>
		<LineString>
			<tessellate>1</tessellate>
			<altitudeMode>relativeToGround</altitudeMode>
			<coordinates>
				0,0,195394 0,0,195394 
			</coordinates>
		</LineString>
	</Placemark>
	<Placemark>
		<styleUrl>#style_20</styleUrl>
		<LineString>
			<tessellate>1</tessellate>
			<altitudeMode>relativeToGround</altitudeMode>
			<coordinates>
				0,0,195394 0,0,195394 
			</coordinates>
		</LineString>
	</Placemark>
	<Placemark>
		<styleUrl>#style_20</styleUrl>
		<LineString>
			<tessellate>1</tessellate>
			<altitudeMode>relativeToGround</altitudeMode>
			<coordinates>
				0,0,195394 0,0,195394 
			</coordinates>
		</LineString>
	</Placemark>
	<Placemark>
		<styleUrl>#style_20</styleUrl>
		<LineString>
			<tessellate>1</tessellate>
			<altitudeMode>relativeToGround</altitudeMode>
			<coordinates>
				0,0,195394 0,0,195394 
			</coordinates>
		</LineString>
	</Placemark>
	<Placemark>
		<styleUrl>#style_20</styleUrl>
		<LineString>
			<tessellate>1</tessellate>
			<altitudeMode>relativeToGround</altitudeMode>
			<coordinates>
				0,0,195394 0,0,195394 
			</coordinates>
		</LineString>
	</Placemark>
	<Placemark>
		<styleUrl>#style_20</styleUrl>
		<LineString>
			<tessellate>1</tessellate>
			<altitudeMode>relativeToGround</altitudeMode>
			<coordinates>
				0,0,195394 0,0,195394 
			</coordinates>
		</LineString>
	</Placemark>
	<Placemark>
		<styleUrl>#style_20</styleUrl>
		<LineString>
			<tessellate>1</tessellate>
			<altitudeMode>relativeToGround</altitudeMode>
			<coordinates>
				0,0,195394 0,0,195394 
			</coordinates>
		</LineString>
	</Placemark>
	<Placemark>
		<styleUrl>#style_20</styleUrl>
		<LineString>
			<tessellate>1</tessellate>
			<altitudeMode>relativeToGround</altitudeMode>
			<coordinates>
				0,0,195394 0,0,195394 
			</coordinates>
		</LineString>
	</Placemark>
	<Placemark>
		<styleUrl>#style_20</styleUrl>
		<LineString>
			<tessellate>1</tessellate>
			<altitudeMode>relativeToGround</altitudeMode>
			<coordinates>
				0,0,195394 0,0,195394 
			</coordinates>
		</LineString>
	</Placemark>
	<Placemark>
		<styleUrl>#style_20</styleUrl>
		<LineString>
			<tessellate>1</tessellate>
			<altitudeMode>relativeToGround</altitudeMode>
			<coordinates>
				0,0,195394 0,0,195394 
			</coordinates>
		</LineString>
	</Placemark>
	<Placemark>
		<styleUrl>#style_20</styleUrl>
		<LineString>
			<tessellate>1</tessellate>
			<altitudeMode>relativeToGround</altitudeMode>
			<coordinates>
				0,0,195394 0,0,195394 
			</coordinates>
		</LineString>
	</Placemark>
	<Placemark>
		<styleUrl>#style_20</styleUrl>
		<LineString>
			<tessellate>1</tessellate>
			<altitudeMode>relativeToGround</altitudeMode>
			<coordinates>
				0,0,195394 0,0,195394 
			</coordinates>
		</LineString>
	</Placemark>
	<Placemark>
		<styleUrl>#style_20</styleUrl>
		<LineString>
			<tessellate>1</tessellate>
			<altitudeMode>relativeToGround</altitudeMode>
			<coordinates>
				0,0,195394 0,0,195394 
			</coordinates>
		</LineString>
	</Placemark>
	<Placemark>
		<styleUrl>#style_20</styleUrl>
		<LineString>
			<tessellate>1</tessellate>
			<altitudeMode>relativeToGround</altitudeMode>
			<coordinates>
				0,0,195394 0,0,195394 
			</coordinates>
		</LineString>
	</Placemark>
	<Placemark>
		<styleUrl>#style_20</styleUrl>
		<LineString>
			<tessellate>1</tessellate>
			<altitudeMode>relativeToGround</altitudeMode>
			<coordinates>
				0,0,195394 0,0,195394 
			</coordinates>
		</LineString>
	</Placemark>
	<Placemark>
		<styleUrl>#style_20</styleUrl>
		<LineString>
			<tessellate>1</tessellate>
			<altitudeMode>relativeToGround</altitudeMode>
			<coordinates>
				0,0,195394 0,0,195394 
			</coordinates>
		</LineString>
	</Placemark>
	<Placemark>
		<styleUrl>#style_20</styleUrl>
		<LineString>
			<tessellate>1</tessellate>
			<altitudeMode>relativeToGround</altitudeMode>
			<coordinates>
				0,0,195394 0,0,195394 
			</coordinates>
		</LineString>
	</Placemark>
	<Placemark>
		<styleUrl>#style_20</styleUrl>
		<LineString>
			<tessellate>1</tessellate>
			<altitudeMode>relativeToGround</altitudeMode>
			<coordinates>
				0,0,195394 0,0,195394 
			</coordinates>
		</LineString>
	</Placemark>
	<Placemark>
		<styleUrl>#style_20</styleUrl>
		<LineString>
			<tessellate>1</tessellate>
			<altitudeMode>relativeToGround</altitudeMode>
			<coordinates>
				0,0,195394 0,0,195394 
			</coordinates>
		</LineString>
	</Placemark>
	<Placemark>
		<styleUrl>#style_20</styleUrl>
		<LineString>
			<tessellate>1</tessellate>
			<altitudeMode>relativeToGround</altitudeMode>
			<coordinates>
				0,0,195394 0,0,195394 
			</coordinates>
		</LineString>
	</Placemark>
	<Placemark>
		<styleUrl>#style_20</styleUrl>
		<LineString>
			<tessellate>1</tessellate>
			<altitudeMode>relativeToGround</altitudeMode>
			<coordinates>
				0,0,195394 0,0,195394 
			</coordinates>
		</LineString>
	</Placemark>
	<Placemark>
		<styleUrl>#style_20</styleUrl>
		<LineString>
			<tessellate>1</tessellate>
			<altitudeMode>relativeToGround</altitudeMode>
			<coordinates>
				0,0,195394 0,0,195394 
			</coordinates>
		</LineString>
	</Placemark>
	<Placemark>
		<styleUrl>#style_20</styleUrl>
		<LineString>
			<tessellate>1</tessellate>
			<altitudeMode>relativeToGround</altitudeMode>
			<coordinates>
				0,0,195394 0,0,195394 
			</coordinates>
		</LineString>
	</Placemark>
	<Placemark>
		<styleUrl>#style_20</styleUrl>
		<LineString>
			<tessellate>1</tessellate>
			<altitudeMode>relativeToGround</altitudeMode>
			<coordinates>
				0,0,195394 0,0,195394 
			</coordinates>
		</LineString>
	</Placemark>
	<Placemark>
		<styleUrl>#style_20</styleUrl>
		<LineString>
			<tessellate>1</tessellate>
			<altitudeMode>relativeToGround</altitudeMode>
			<coordinates>
				0,0,195394 0,0,195394 
			</coordinates>
		</LineString>
	</Placemark>
	<Placemark>
		<styleUrl>#style_20</styleUrl>
		<LineString>
			<tessellate>1</tessellate>
			<altitudeMode>relativeToGround</altitudeMode>
			<coordinates>
				0,0,195394 0,0,195394 
			</coordinates>
		</LineString>
	</Placemark>
	<Placemark>
		<styleUrl>#style_20</styleUrl>
		<LineString>
			<tessellate>1</tessellate>
			<altitudeMode>relativeToGround</altitudeMode>
			<coordinates>
				0,0,195394 0,0,195394 
			</coordinates>
		</LineString>
	</Placemark>
	<Placemark>
		<styleUrl>#style_20</styleUrl>
		<LineString>
			<tessellate>1</tessellate>
			<altitudeMode>relativeToGround</altitudeMode>
			<coordinates>
				0,0,195394 0,0,195394 
			</coordinates>
		</LineString>
	</Placemark>
	<Placemark>
		<styleUrl>#style_20</styleUrl>
		<LineString>
			<tessellate>1</tessellate>
			<altitudeMode>relativeToGround</altitudeMode>
			<coordinates>
				0,0,195394 0,0,195394 
			</coordinates>
		</LineString>
	</Placemark>
	<Placemark>
		<styleUrl>#style_20</styleUrl>
		<LineString>
			<tessellate>1</tessellate>
			<altitudeMode>relativeToGround</altitudeMode>
			<coordinates>
				0,0,195394 0,0,195394 
			</coordinates>
		</LineString>
	</Placemark>
	<Placemark>
		<styleUrl>#style_20</styleUrl>
		<LineString>
			<tessellate>1</tessellate>
			<altitudeMode>relativeToGround</altitudeMode>
			<coordinates>
				0,0,195394 0,0,195394 
			</coordinates>
		</LineString>
	</Placemark>
	<Placemark>
		<styleUrl>#style_20</styleUrl>
		<LineString>
			<tessellate>1</tessellate>
			<altitudeMode>relativeToGround</altitudeMode>
			<coordinates>
				0,0,195394 0,0,195394 
			</coordinates>
		</LineString>
	</Placemark>
	<Placemark>
		<styleUrl>#style_20</styleUrl>
		<LineString>
			<tessellate>1</tessellate>
			<altitudeMode>relativeToGround</altitudeMode>
			<coordinates>
				0,0,195394 0,0,195394 
			</coordinates>
		</LineString>
	</Placemark>
	<Placemark>
		<styleUrl>#style_20</styleUrl>
		<LineString>
			<tessellate>1</tessellate>
			<altitudeMode>relativeToGround</altitudeMode>
			<coordinates>
				0,0,195394 0,0,195394 
			</coordinates>
		</LineString>
	</Placemark>
	<Placemark>
		<styleUrl>#style_20</styleUrl>
		<LineString>
			<tessellate>1</tessellate>
			<altitudeMode>relativeToGround</altitudeMode>
			<coordinates>
				0,0,195394 0,0,195394 
			</coordinates>
		</LineString>
	</Placemark>
	<Placemark>
		<styleUrl>#style_20</styleUrl>
		<LineString>
			<tessellate>1</tessellate>
			<altitudeMode>relativeToGround</altitudeMode>
			<coordinates>
				0,0,195394 0,0,195394 
			</coordinates>
		</LineString>
	</Placemark>
	<Placemark>
		<styleUrl>#style_20</styleUrl>
		<LineString>
			<tessellate>1</tessellate>
			<altitudeMode>relativeToGround</altitudeMode>
			<coordinates>
				0,0,195394 0,0,195394 
			</coordinates>
		</LineString>
	</Placemark>
	<Placemark>
		<styleUrl>#style_20</styleUrl>
		<LineString>
			<tessellate>1</tessellate>
			<altitudeMode>relativeToGround</altitudeMode>
			<coordinates>
				0,0,195394 0,0,195394 
			</coordinates>
		</LineString>
	</Placemark>
	<Placemark>
		<styleUrl>#style_20</styleUrl>
		<LineString>
			<tessellate>1</tessellate>
			<altitudeMode>relativeToGround</altitudeMode>
			<coordinates>
				0,0,195394 0,0,195394 
			</coordinates>
		</LineString>
	</Placemark>
	<Placemark>
		<styleUrl>#style_20</styleUrl>
		<LineString>
			<tessellate>1</tessellate>
			<altitudeMode>relativeToGround</altitudeMode>
			<coordinates>
				0,0,195394 0,0,195394 
			</coordinates>
		</LineString>
	</Placemark>
	<Placemark>
		<styleUrl>#style_20</styleUrl>
		<LineString>
			<tessellate>1</tessellate>
			<altitudeMode>relativeToGround</altitudeMode>
			<coordinates>
				0,0,195394 0,0,195394 
			</coordinates>
		</LineString>
	</Placemark>
	<Placemark>
		<styleUrl>#style_20</styleUrl>
		<LineString>
			<tessellate>1</tessellate>
			<altitudeMode>relativeToGround</altitudeMode>
			<coordinates>
				0,0,195394 0,0,195394 
			</coordinates>
		</LineString>
	</Placemark>
	<Placemark>
		<styleUrl>#style_20</styleUrl>
		<LineString>
			<tessellate>1</tessellate>
			<altitudeMode>relativeToGround</altitudeMode>
			<coordinates>
				0,0,195394 0,0,195394 
			</coordinates>
		</LineString>
	</Placemark>
	<Placemark>
		<styleUrl>#style_20</styleUrl>
		<LineString>
			<tessellate>1</tessellate>
			<altitudeMode>relativeToGround</altitudeMode>
			<coordinates>
				0,0,195394 0,0,195394 
			</coordinates>
		</LineString>
	</Placemark>
	<Placemark>
		<styleUrl>#style_20</styleUrl>
		<LineString>
			<tessellate>1</tessellate>
			<altitudeMode>relativeToGround</altitudeMode>
			<coordinates>
				0,0,195394 0,0,195394 
			</coordinates>
		</LineString>
	</Placemark>
	<Placemark>
		<styleUrl>#style_20</styleUrl>
		<LineString>
			<tessellate>1</tessellate>
			<altitudeMode>relativeToGround</altitudeMode>
			<coordinates>
				0,0,195394 0,0,195394 
			</coordinates>
		</LineString>
	</Placemark>
	<Placemark>
		<styleUrl>#style_20</styleUrl>
		<LineString>
			<tessellate>1</tessellate>
			<altitudeMode>relativeToGround</altitudeMode>
			<coordinates>
				0,0,195394 0,0,195394 
			</coordinates>
		</LineString>
	</Placemark>
	<Placemark>
		<styleUrl>#style_20</styleUrl>
		<LineString>
			<tessellate>1</tessellate>
			<altitudeMode>relativeToGround</altitudeMode>
			<coordinates>
				0,0,195394 0,0,195394 
			</coordinates>
		</LineString>
	</Placemark>
	<Placemark>
		<styleUrl>#style_20</styleUrl>
		<LineString>
			<tessellate>1</tessellate>
			<altitudeMode>relativeToGround</altitudeMode>
			<coordinates>
				0,0,195394 0,0,195394 
			</coordinates>
		</LineString>
	</Placemark>
	<Placemark>
		<styleUrl>#style_20</styleUrl>
		<LineString>
			<tessellate>1</tessellate>
			<altitudeMode>relativeToGround</altitudeMode>
			<coordinates>
				0,0,195394 0,0,195394 
			</coordinates>
		</LineString>
	</Placemark>
	<Placemark>
		<styleUrl>#style_20</styleUrl>
		<LineString>
			<tessellate>1</tessellate>
			<altitudeMode>relativeToGround</altitudeMode>
			<coordinates>
				0,0,195394 0,0,195394 
			</coordinates>
		</LineString>
	</Placemark>
	<Placemark>
		<styleUrl>#style_20</styleUrl>
		<LineString>
			<tessellate>1</tessellate>
			<altitudeMode>relativeToGround</altitudeMode>
			<coordinates>
				0,0,195394 0,0,195394 
			</coordinates>
		</LineString>
	</Placemark>
	<Placemark>
		<styleUrl>#style_20</styleUrl>
		<LineString>
			<tessellate>1</tessellate>
			<altitudeMode>relativeToGround</altitudeMode>
			<coordinates>
				0,0,195394 0,0,195394 
			</coordinates>
		</LineString>
	</Placemark>
	<Placemark>
		<styleUrl>#style_20</styleUrl>
		<LineString>
			<tessellate>1</tessellate>
			<altitudeMode>relativeToGround</altitudeMode>
			<coordinates>
				0,0,195394 0,0,195394 
			</coordinates>
		</LineString>
	</Placemark>
	<Placemark>
		<styleUrl>#style_20</styleUrl>
		<LineString>
			<tessellate>1</tessellate>
			<altitudeMode>relativeToGround</altitudeMode>
			<coordinates>
				0,0,195394 0,0,195394 
			</coordinates>
		</LineString>
	</Placemark>
	<Placemark>
		<styleUrl>#style_20</styleUrl>
		<LineString>
			<tessellate>1</tessellate>
			<altitudeMode>relativeToGround</altitudeMode>
			<coordinates>
				0,0,195394 0,0,195394 
			</coordinates>
		</LineString>
	</Placemark>
	<Placemark>
		<styleUrl>#style_20</styleUrl>
		<LineString>
			<tessellate>1</tessellate>
			<altitudeMode>relativeToGround</altitudeMode>
			<coordinates>
				0,0,195394 0,0,195394 
			</coordinates>
		</LineString>
	</Placemark>
	<Placemark>
		<styleUrl>#style_20</styleUrl>
		<LineString>
			<tessellate>1</tessellate>
			<altitudeMode>relativeToGround</altitudeMode>
			<coordinates>
				0,0,195394 0,0,195394 
			</coordinates>
		</LineString>
	</Placemark>
	<Placemark>
		<styleUrl>#style_20</styleUrl>
		<LineString>
			<tessellate>1</tessellate>
			<altitudeMode>relativeToGround</altitudeMode>
			<coordinates>
				0,0,195394 0,0,195394 
			</coordinates>
		</LineString>
	</Placemark>
	<Placemark>
		<styleUrl>#style_20</styleUrl>
		<LineString>
			<tessellate>1</tessellate>
			<altitudeMode>relativeToGround</altitudeMode>
			<coordinates>
				0,0,195394 0,0,195394 
			</coordinates>
		</LineString>
	</Placemark>
	<Placemark>
		<styleUrl>#style_20</styleUrl>
		<LineString>
			<tessellate>1</tessellate>
			<altitudeMode>relativeToGround</altitudeMode>
			<coordinates>
				0,0,195394 0,0,195394 
			</coordinates>
		</LineString>
	</Placemark>
	<Placemark>
		<styleUrl>#style_20</styleUrl>
		<LineString>
			<tessellate>1</tessellate>
			<altitudeMode>relativeToGround</altitudeMode>
			<coordinates>
				0,0,195394 0,0,195394 
			</coordinates>
		</LineString>
	</Placemark>
	<Placemark>
		<styleUrl>#style_20</styleUrl>
		<LineString>
			<tessellate>1</tessellate>
			<altitudeMode>relativeToGround</altitudeMode>
			<coordinates>
				0,0,195394 0,0,195394 
			</coordinates>
		</LineString>
	</Placemark>
	<Placemark>
		<styleUrl>#style_20</styleUrl>
		<LineString>
			<tessellate>1</tessellate>
			<altitudeMode>relativeToGround</altitudeMode>
			<coordinates>
				0,0,195394 0,0,195394 
			</coordinates>
		</LineString>
	</Placemark>
	<Placemark>
		<styleUrl>#style_20</styleUrl>
		<LineString>
			<tessellate>1</tessellate>
			<altitudeMode>relativeToGround</altitudeMode>
			<coordinates>
				0,0,195394 0,0,195394 
			</coordinates>
		</LineString>
	</Placemark>
	<Placemark>
		<styleUrl>#style_20</styleUrl>
		<LineString>
			<tessellate>1</tessellate>
			<altitudeMode>relativeToGround</altitudeMode>
			<coordinates>
				0,0,195394 0,0,195394 
			</coordinates>
		</LineString>
	</Placemark>
	<Placemark>
		<styleUrl>#style_20</styleUrl>
		<LineString>
			<tessellate>1</tessellate>
			<altitudeMode>relativeToGround</altitudeMode>
			<coordinates>
				0,0,195394 0,0,195394 
			</coordinates>
		</LineString>
	</Placemark>
	<Placemark>
		<styleUrl>#style_20</styleUrl>
		<LineString>
			<tessellate>1</tessellate>
			<altitudeMode>relativeToGround</altitudeMode>
			<coordinates>
				0,0,195394 0,0,195394 
			</coordinates>
		</LineString>
	</Placemark>
	<Placemark>
		<styleUrl>#style_20</styleUrl>
		<LineString>
			<tessellate>1</tessellate>
			<altitudeMode>relativeToGround</altitudeMode>
			<coordinates>
				0,0,195394 0,0,195394 
			</coordinates>
		</LineString>
	</Placemark>
	<Placemark>
		<styleUrl>#style_20</styleUrl>
		<LineString>
			<tessellate>1</tessellate>
			<altitudeMode>relativeToGround</altitudeMode>
			<coordinates>
				0,0,195394 0,0,195394 
			</coordinates>
		</LineString>
	</Placemark>
	<Placemark>
		<styleUrl>#style_20</styleUrl>
		<LineString>
			<tessellate>1</tessellate>
			<altitudeMode>relativeToGround</altitudeMode>
			<coordinates>
				0,0,195394 0,0,195394 
			</coordinates>
		</LineString>
	</Placemark>
	<Placemark>
		<styleUrl>#style_20</styleUrl>
		<LineString>
			<tessellate>1</tessellate>
			<altitudeMode>relativeToGround</altitudeMode>
			<coordinates>
				0,0,195394 0,0,195394 
			</coordinates>
		</LineString>
	</Placemark>
	<Placemark>
		<styleUrl>#style_20</styleUrl>
		<LineString>
			<tessellate>1</tessellate>
			<altitudeMode>relativeToGround</altitudeMode>
			<coordinates>
				0,0,195394 0,0,195394 
			</coordinates>
		</LineString>
	</Placemark>
	<Placemark>
		<styleUrl>#style_20</styleUrl>
		<LineString>
			<tessellate>1</tessellate>
			<altitudeMode>relativeToGround</altitudeMode>
			<coordinates>
				0,0,195394 0,0,195394 
			</coordinates>
		</LineString>
	</Placemark>
	<Placemark>
		<styleUrl>#style_20</styleUrl>
		<LineString>
			<tessellate>1</tessellate>
			<altitudeMode>relativeToGround</altitudeMode>
			<coordinates>
				0,0,195394 0,0,195394 
			</coordinates>
		</LineString>
	</Placemark>
	<Placemark>
		<styleUrl>#style_20</styleUrl>
		<LineString>
			<tessellate>1</tessellate>
			<altitudeMode>relativeToGround</altitudeMode>
			<coordinates>
				0,0,195394 0,0,195394 
			</coordinates>
		</LineString>
	</Placemark>
	<Placemark>
		<styleUrl>#style_20</styleUrl>
		<LineString>
			<tessellate>1</tessellate>
			<altitudeMode>relativeToGround</altitudeMode>
			<coordinates>
				0,0,195394 0,0,195394 
			</coordinates>
		</LineString>
	</Placemark>
	<Placemark>
		<styleUrl>#style_20</styleUrl>
		<LineString>
			<tessellate>1</tessellate>
			<altitudeMode>relativeToGround</altitudeMode>
			<coordinates>
				0,0,195394 0,0,195394 
			</coordinates>
		</LineString>
	</Placemark>
	<Placemark>
		<styleUrl>#style_20</styleUrl>
		<LineString>
			<tessellate>1</tessellate>
			<altitudeMode>relativeToGround</altitudeMode>
			<coordinates>
				0,0,195394 0,0,195394 
			</coordinates>
		</LineString>
	</Placemark>
	<Placemark>
		<styleUrl>#style_20</styleUrl>
		<LineString>
			<tessellate>1</tessellate>
			<altitudeMode>relativeToGround</altitudeMode>
			<coordinates>
				0,0,195394 0,0,195394 
			</coordinates>
		</LineString>
	</Placemark>
	<Placemark>
		<styleUrl>#style_20</styleUrl>
		<LineString>
			<tessellate>1</tessellate>
			<altitudeMode>relativeToGround</altitudeMode>
			<coordinates>
				0,0,195394 0,0,195394 
			</coordinates>
		</LineString>
	</Placemark>
	<Placemark>
		<styleUrl>#style_20</styleUrl>
		<LineString>
			<tessellate>1</tessellate>
			<altitudeMode>relativeToGround</altitudeMode>
			<coordinates>
				0,0,195394 0,0,195394 
			</coordinates>
		</LineString>
	</Placemark>
	<Placemark>
		<styleUrl>#style_20</styleUrl>
		<LineString>
			<tessellate>1</tessellate>
			<altitudeMode>relativeToGround</altitudeMode>
			<coordinates>
				0,0,195394 0,0,195394 
			</coordinates>
		</LineString>
	</Placemark>
	<Placemark>
		<styleUrl>#style_20</styleUrl>
		<LineString>
			<tessellate>1</tessellate>
			<altitudeMode>relativeToGround</altitudeMode>
			<coordinates>
				0,0,195394 0,0,195394 
			</coordinates>
		</LineString>
	</Placemark>
	<Placemark>
		<styleUrl>#style_20</styleUrl>
		<LineString>
			<tessellate>1</tessellate>
			<altitudeMode>relativeToGround</altitudeMode>
			<coordinates>
				0,0,195394 0,0,195394 
			</coordinates>
		</LineString>
	</Placemark>
	<Placemark>
		<styleUrl>#style_20</styleUrl>
		<LineString>
			<tessellate>1</tessellate>
			<altitudeMode>relativeToGround</altitudeMode>
			<coordinates>
				0,0,195394 0,0,195394 
			</coordinates>
		</LineString>
	</Placemark>
	<Placemark>
		<styleUrl>#style_20</styleUrl>
		<LineString>
			<tessellate>1</tessellate>
			<altitudeMode>relativeToGround</altitudeMode>
			<coordinates>
				0,0,195394 0,0,195394 
			</coordinates>
		</LineString>
	</Placemark>
	<Placemark>
		<styleUrl>#style_20</styleUrl>
		<LineString>
			<tessellate>1</tessellate>
			<altitudeMode>relativeToGround</altitudeMode>
			<coordinates>
				0,0,195394 0,0,195394 
			</coordinates>
		</LineString>
	</Placemark>
	<Placemark>
		<styleUrl>#style_20</styleUrl>
		<LineString>
			<tessellate>1</tessellate>
			<altitudeMode>relativeToGround</altitudeMode>
			<coordinates>
				0,0,195394 0,0,195394 
			</coordinates>
		</LineString>
	</Placemark>
	<Placemark>
		<styleUrl>#style_20</styleUrl>
		<LineString>
			<tessellate>1</tessellate>
			<altitudeMode>relativeToGround</altitudeMode>
			<coordinates>
				0,0,195394 0,0,195394 
			</coordinates>
		</LineString>
	</Placemark>
	<Placemark>
		<styleUrl>#style_20</styleUrl>
		<LineString>
			<tessellate>1</tessellate>
			<altitudeMode>relativeToGround</altitudeMode>
			<coordinates>
				0,0,195394 0,0,195394 
			</coordinates>
		</LineString>
	</Placemark>
	<Placemark>
		<styleUrl>#style_20</styleUrl>
		<LineString>
			<tessellate>1</tessellate>
			<altitudeMode>relativeToGround</altitudeMode>
			<coordinates>
				0,0,195394 0,0,195394 
			</coordinates>
		</LineString>
	</Placemark>
	<Placemark>
		<styleUrl>#style_20</styleUrl>
		<LineString>
			<tessellate>1</tessellate>
			<altitudeMode>relativeToGround</altitudeMode>
			<coordinates>
				0,0,195394 0,0,195394 
			</coordinates>
		</LineString>
	</Placemark>
	<Placemark>
		<styleUrl>#style_20</styleUrl>
		<LineString>
			<tessellate>1</tessellate>
			<altitudeMode>relativeToGround</altitudeMode>
			<coordinates>
				0,0,195394 0,0,195394 
			</coordinates>
		</LineString>
	</Placemark>
	<Placemark>
		<styleUrl>#style_20</styleUrl>
		<LineString>
			<tessellate>1</tessellate>
			<altitudeMode>relativeToGround</altitudeMode>
			<coordinates>
				0,0,195394 0,0,195394 
			</coordinates>
		</LineString>
	</Placemark>
	<Placemark>
		<styleUrl>#style_20</styleUrl>
		<LineString>
			<tessellate>1</tessellate>
			<altitudeMode>relativeToGround</altitudeMode>
			<coordinates>
				0,0,195394 0,0,195394 
			</coordinates>
		</LineString>
	</Placemark>
	<Placemark>
		<styleUrl>#style_20</styleUrl>
		<LineString>
			<tessellate>1</tessellate>
			<altitudeMode>relativeToGround</altitudeMode>
			<coordinates>
				0,0,195394 0,0,195394 
			</coordinates>
		</LineString>
	</Placemark>
	<Placemark>
		<styleUrl>#style_20</styleUrl>
		<LineString>
			<tessellate>1</tessellate>
			<altitudeMode>relativeToGround</altitudeMode>
			<coordinates>
				0,0,195394 0,0,195394 
			</coordinates>
		</LineString>
	</Placemark>
	<Placemark>
		<styleUrl>#style_20</styleUrl>
		<LineString>
			<tessellate>1</tessellate>
			<altitudeMode>relativeToGround</altitudeMode>
			<coordinates>
				0,0,195394 0,0,195394 
			</coordinates>
		</LineString>
	</Placemark>
	<Placemark>
		<styleUrl>#style_20</styleUrl>
		<LineString>
			<tessellate>1</tessellate>
			<altitudeMode>relativeToGround</altitudeMode>
			<coordinates>
				0,0,195394 0,0,195394 
			</coordinates>
		</LineString>
	</Placemark>
	<Placemark>
		<styleUrl>#style_20</styleUrl>
		<LineString>
			<tessellate>1</tessellate>
			<altitudeMode>relativeToGround</altitudeMode>
			<coordinates>
				0,0,195394 0,0,195394 
			</coordinates>
		</LineString>
	</Placemark>
	<Placemark>
		<styleUrl>#style_20</styleUrl>
		<LineString>
			<tessellate>1</tessellate>
			<altitudeMode>relativeToGround</altitudeMode>
			<coordinates>
				0,0,195394 0,0,195394 
			</coordinates>
		</LineString>
	</Placemark>
	<Placemark>
		<styleUrl>#style_20</styleUrl>
		<LineString>
			<tessellate>1</tessellate>
			<altitudeMode>relativeToGround</altitudeMode>
			<coordinates>
				0,0,195394 0,0,195394 
			</coordinates>
		</LineString>
	</Placemark>
	<Placemark>
		<styleUrl>#style_20</styleUrl>
		<LineString>
			<tessellate>1</tessellate>
			<altitudeMode>relativeToGround</altitudeMode>
			<coordinates>
				0,0,195394 0,0,195394 
			</coordinates>
		</LineString>
	</Placemark>
	<Placemark>
		<styleUrl>#style_20</styleUrl>
		<LineString>
			<tessellate>1</tessellate>
			<altitudeMode>relativeToGround</altitudeMode>
			<coordinates>
				0,0,195394 0,0,195394 
			</coordinates>
		</LineString>
	</Placemark>
	<Placemark>
		<styleUrl>#style_20</styleUrl>
		<LineString>
			<tessellate>1</tessellate>
			<altitudeMode>relativeToGround</altitudeMode>
			<coordinates>
				0,0,195394 0,0,195394 
			</coordinates>
		</LineString>
	</Placemark>
	<Placemark>
		<styleUrl>#style_20</styleUrl>
		<LineString>
			<tessellate>1</tessellate>
			<altitudeMode>relativeToGround</altitudeMode>
			<coordinates>
				0,0,195394 0,0,195394 
			</coordinates>
		</LineString>
	</Placemark>
	<Placemark>
		<styleUrl>#style_20</styleUrl>
		<LineString>
			<tessellate>1</tessellate>
			<altitudeMode>relativeToGround</altitudeMode>
			<coordinates>
				0,0,195394 0,0,195394 
			</coordinates>
		</LineString>
	</Placemark>
	<Placemark>
		<styleUrl>#style_20</styleUrl>
		<LineString>
			<tessellate>1</tessellate>
			<altitudeMode>relativeToGround</altitudeMode>
			<coordinates>
				0,0,195394 0,0,195394 
			</coordinates>
		</LineString>
	</Placemark>
	<Placemark>
		<styleUrl>#style_20</styleUrl>
		<LineString>
			<tessellate>1</tessellate>
			<altitudeMode>relativeToGround</altitudeMode>
			<coordinates>
				0,0,195394 0,0,195394 
			</coordinates>
		</LineString>
	</Placemark>
	<Placemark>
		<styleUrl>#style_20</styleUrl>
		<LineString>
			<tessellate>1</tessellate>
			<altitudeMode>relativeToGround</altitudeMode>
			<coordinates>
				0,0,195394 0,0,195394 
			</coordinates>
		</LineString>
	</Placemark>
	<Placemark>
		<styleUrl>#style_20</styleUrl>
		<LineString>
			<tessellate>1</tessellate>
			<altitudeMode>relativeToGround</altitudeMode>
			<coordinates>
				0,0,195394 0,0,195394 
			</coordinates>
		</LineString>
	</Placemark>
	<Placemark>
		<styleUrl>#style_20</styleUrl>
		<LineString>
			<tessellate>1</tessellate>
			<altitudeMode>relativeToGround</altitudeMode>
			<coordinates>
				0,0,195394 0,0,195394 
			</coordinates>
		</LineString>
	</Placemark>
	<Placemark>
		<styleUrl>#style_20</styleUrl>
		<LineString>
			<tessellate>1</tessellate>
			<altitudeMode>relativeToGround</altitudeMode>
			<coordinates>
				0,0,195394 0,0,195394 
			</coordinates>
		</LineString>
	</Placemark>
	<Placemark>
		<styleUrl>#style_20</styleUrl>
		<LineString>
			<tessellate>1</tessellate>
			<altitudeMode>relativeToGround</altitudeMode>
			<coordinates>
				0,0,195394 0,0,195394 
			</coordinates>
		</LineString>
	</Placemark>
	<Placemark>
		<styleUrl>#style_20</styleUrl>
		<LineString>
			<tessellate>1</tessellate>
			<altitudeMode>relativeToGround</altitudeMode>
			<coordinates>
				0,0,195394 0,0,195394 
			</coordinates>
		</LineString>
	</Placemark>
	<Placemark>
		<styleUrl>#style_20</styleUrl>
		<LineString>
			<tessellate>1</tessellate>
			<altitudeMode>relativeToGround</altitudeMode>
			<coordinates>
				0,0,195394 0,0,195394 
			</coordinates>
		</LineString>
	</Placemark>
	<Placemark>
		<styleUrl>#style_20</styleUrl>
		<LineString>
			<tessellate>1</tessellate>
			<altitudeMode>relativeToGround</altitudeMode>
			<coordinates>
				0,0,195394 0,0,195394 
			</coordinates>
		</LineString>
	</Placemark>
	<Placemark>
		<styleUrl>#style_20</styleUrl>
		<LineString>
			<tessellate>1</tessellate>
			<altitudeMode>relativeToGround</altitudeMode>
			<coordinates>
				0,0,195394 0,0,195394 
			</coordinates>
		</LineString>
	</Placemark>
	<Placemark>
		<styleUrl>#style_20</styleUrl>
		<LineString>
			<tessellate>1</tessellate>
			<altitudeMode>relativeToGround</altitudeMode>
			<coordinates>
				0,0,195394 0,0,195394 
			</coordinates>
		</LineString>
	</Placemark>
	<Placemark>
		<styleUrl>#style_20</styleUrl>
		<LineString>
			<tessellate>1</tessellate>
			<altitudeMode>relativeToGround</altitudeMode>
			<coordinates>
				0,0,195394 0,0,195394 
			</coordinates>
		</LineString>
	</Placemark>
	<Placemark>
		<styleUrl>#style_20</styleUrl>
		<LineString>
			<tessellate>1</tessellate>
			<altitudeMode>relativeToGround</altitudeMode>
			<coordinates>
				0,0,195394 0,0,195394 
			</coordinates>
		</LineString>
	</Placemark>
	<Placemark>
		<styleUrl>#style_20</styleUrl>
		<LineString>
			<tessellate>1</tessellate>
			<altitudeMode>relativeToGround</altitudeMode>
			<coordinates>
				0,0,195394 0,0,195394 
			</coordinates>
		</LineString>
	</Placemark>
	<Placemark>
		<styleUrl>#style_20</styleUrl>
		<LineString>
			<tessellate>1</tessellate>
			<altitudeMode>relativeToGround</altitudeMode>
			<coordinates>
				0,0,195394 0,0,195394 
			</coordinates>
		</LineString>
	</Placemark>
	<Placemark>
		<styleUrl>#style_20</styleUrl>
		<LineString>
			<tessellate>1</tessellate>
			<altitudeMode>relativeToGround</altitudeMode>
			<coordinates>
				0,0,195394 0,0,195394 
			</coordinates>
		</LineString>
	</Placemark>
	<Placemark>
		<styleUrl>#style_20</styleUrl>
		<LineString>
			<tessellate>1</tessellate>
			<altitudeMode>relativeToGround</altitudeMode>
			<coordinates>
				0,0,195394 0,0,195394 
			</coordinates>
		</LineString>
	</Placemark>
	<Placemark>
		<styleUrl>#style_20</styleUrl>
		<LineString>
			<tessellate>1</tessellate>
			<altitudeMode>relativeToGround</altitudeMode>
			<coordinates>
				0,0,195394 0,0,195394 
			</coordinates>
		</LineString>
	</Placemark>
	<Placemark>
		<styleUrl>#style_20</styleUrl>
		<LineString>
			<tessellate>1</tessellate>
			<altitudeMode>relativeToGround</altitudeMode>
			<coordinates>
				0,0,195394 0,0,195394 
			</coordinates>
		</LineString>
	</Placemark>
	<Placemark>
		<styleUrl>#style_20</styleUrl>
		<LineString>
			<tessellate>1</tessellate>
			<altitudeMode>relativeToGround</altitudeMode>
			<coordinates>
				0,0,195394 0,0,195394 
			</coordinates>
		</LineString>
	</Placemark>
	<Placemark>
		<styleUrl>#style_20</styleUrl>
		<LineString>
			<tessellate>1</tessellate>
			<altitudeMode>relativeToGround</altitudeMode>
			<coordinates>
				0,0,195394 0,0,195394 
			</coordinates>
		</LineString>
	</Placemark>
	<Placemark>
		<styleUrl>#style_20</styleUrl>
		<LineString>
			<tessellate>1</tessellate>
			<altitudeMode>relativeToGround</altitudeMode>
			<coordinates>
				0,0,195394 0,0,195394 
			</coordinates>
		</LineString>
	</Placemark>
	<Placemark>
		<styleUrl>#style_20</styleUrl>
		<LineString>
			<tessellate>1</tessellate>
			<altitudeMode>relativeToGround</altitudeMode>
			<coordinates>
				0,0,195394 0,0,195394 
			</coordinates>
		</LineString>
	</Placemark>
	<Placemark>
		<styleUrl>#style_20</styleUrl>
		<LineString>
			<tessellate>1</tessellate>
			<altitudeMode>relativeToGround</altitudeMode>
			<coordinates>
				0,0,195394 0,0,195394 
			</coordinates>
		</LineString>
	</Placemark>
	<Placemark>
		<styleUrl>#style_20</styleUrl>
		<LineString>
			<tessellate>1</tessellate>
			<altitudeMode>relativeToGround</altitudeMode>
			<coordinates>
				0,0,195394 0,0,195394 
			</coordinates>
		</LineString>
	</Placemark>
	<Placemark>
		<styleUrl>#style_20</styleUrl>
		<LineString>
			<tessellate>1</tessellate>
			<altitudeMode>relativeToGround</altitudeMode>
			<coordinates>
				0,0,195394 0,0,195394 
			</coordinates>
		</LineString>
	</Placemark>
	<Placemark>
		<styleUrl>#style_20</styleUrl>
		<LineString>
			<tessellate>1</tessellate>
			<altitudeMode>relativeToGround</altitudeMode>
			<coordinates>
				0,0,195394 0,0,195394 
			</coordinates>
		</LineString>
	</Placemark>
	<Placemark>
		<styleUrl>#style_20</styleUrl>
		<LineString>
			<tessellate>1</tessellate>
			<altitudeMode>relativeToGround</altitudeMode>
			<coordinates>
				0,0,195394 0,0,195394 
			</coordinates>
		</LineString>
	</Placemark>
	<Placemark>
		<styleUrl>#style_20</styleUrl>
		<LineString>
			<tessellate>1</tessellate>
			<altitudeMode>relativeToGround</altitudeMode>
			<coordinates>
				0,0,195394 0,0,195394 
			</coordinates>
		</LineString>
	</Placemark>
	<Placemark>
		<styleUrl>#style_20</styleUrl>
		<LineString>
			<tessellate>1</tessellate>
			<altitudeMode>relativeToGround</altitudeMode>
			<coordinates>
				0,0,195394 0,0,195394 
			</coordinates>
		</LineString>
	</Placemark>
	<Placemark>
		<styleUrl>#style_20</styleUrl>
		<LineString>
			<tessellate>1</tessellate>
			<altitudeMode>relativeToGround</altitudeMode>
			<coordinates>
				0,0,195394 0,0,195394 
			</coordinates>
		</LineString>
	</Placemark>
	<Placemark>
		<styleUrl>#style_20</styleUrl>
		<LineString>
			<tessellate>1</tessellate>
			<altitudeMode>relativeToGround</altitudeMode>
			<coordinates>
				0,0,195394 0,0,195394 
			</coordinates>
		</LineString>
	</Placemark>
	<Placemark>
		<styleUrl>#style_20</styleUrl>
		<LineString>
			<tessellate>1</tessellate>
			<altitudeMode>relativeToGround</altitudeMode>
			<coordinates>
				0,0,195394 0,0,195394 
			</coordinates>
		</LineString>
	</Placemark>
	<Placemark>
		<styleUrl>#style_20</styleUrl>
		<LineString>
			<tessellate>1</tessellate>
			<altitudeMode>relativeToGround</altitudeMode>
			<coordinates>
				0,0,195394 0,0,195394 
			</coordinates>
		</LineString>
	</Placemark>
	<Placemark>
		<styleUrl>#style_20</styleUrl>
		<LineString>
			<tessellate>1</tessellate>
			<altitudeMode>relativeToGround</altitudeMode>
			<coordinates>
				0,0,195394 0,0,195394 
			</coordinates>
		</LineString>
	</Placemark>
	<Placemark>
		<styleUrl>#style_20</styleUrl>
		<LineString>
			<tessellate>1</tessellate>
			<altitudeMode>relativeToGround</altitudeMode>
			<coordinates>
				0,0,195394 0,0,195394 
			</coordinates>
		</LineString>
	</Placemark>
	<Placemark>
		<styleUrl>#style_20</styleUrl>
		<LineString>
			<tessellate>1</tessellate>
			<altitudeMode>relativeToGround</altitudeMode>
			<coordinates>
				0,0,195394 0,0,195394 
			</coordinates>
		</LineString>
	</Placemark>
	<Placemark>
		<styleUrl>#style_20</styleUrl>
		<LineString>
			<tessellate>1</tessellate>
			<altitudeMode>relativeToGround</altitudeMode>
			<coordinates>
				0,0,195394 0,0,195394 
			</coordinates>
		</LineString>
	</Placemark>
	<Placemark>
		<styleUrl>#style_20</styleUrl>
		<LineString>
			<tessellate>1</tessellate>
			<altitudeMode>relativeToGround</altitudeMode>
			<coordinates>
				0,0,195394 0,0,195394 
			</coordinates>
		</LineString>
	</Placemark>
	<Placemark>
		<styleUrl>#style_20</styleUrl>
		<LineString>
			<tessellate>1</tessellate>
			<altitudeMode>relativeToGround</altitudeMode>
			<coordinates>
				0,0,195394 0,0,195394 
			</coordinates>
		</LineString>
	</Placemark>
	<Placemark>
		<styleUrl>#style_20</styleUrl>
		<LineString>
			<tessellate>1</tessellate>
			<altitudeMode>relativeToGround</altitudeMode>
			<coordinates>
				0,0,195394 0,0,195394 
			</coordinates>
		</LineString>
	</Placemark>
	<Placemark>
		<styleUrl>#style_20</styleUrl>
		<LineString>
			<tessellate>1</tessellate>
			<altitudeMode>relativeToGround</altitudeMode>
			<coordinates>
				0,0,195394 0,0,195394 
			</coordinates>
		</LineString>
	</Placemark>
	<Placemark>
		<styleUrl>#style_20</styleUrl>
		<LineString>
			<tessellate>1</tessellate>
			<altitudeMode>relativeToGround</altitudeMode>
			<coordinates>
				0,0,195394 0,0,195394 
			</coordinates>
		</LineString>
	</Placemark>
	<Placemark>
		<styleUrl>#style_20</styleUrl>
		<LineString>
			<tessellate>1</tessellate>
			<altitudeMode>relativeToGround</altitudeMode>
			<coordinates>
				0,0,195394 0,0,195394 
			</coordinates>
		</LineString>
	</Placemark>
	<Placemark>
		<styleUrl>#style_20</styleUrl>
		<LineString>
			<tessellate>1</tessellate>
			<altitudeMode>relativeToGround</altitudeMode>
			<coordinates>
				0,0,195394 0,0,195394 
			</coordinates>
		</LineString>
	</Placemark>
	<Placemark>
		<styleUrl>#style_20</styleUrl>
		<LineString>
			<tessellate>1</tessellate>
			<altitudeMode>relativeToGround</altitudeMode>
			<coordinates>
				0,0,195394 0,0,195394 
			</coordinates>
		</LineString>
	</Placemark>
	<Placemark>
		<styleUrl>#style_20</styleUrl>
		<LineString>
			<tessellate>1</tessellate>
			<altitudeMode>relativeToGround</altitudeMode>
			<coordinates>
				0,0,195394 0,0,195394 
			</coordinates>
		</LineString>
	</Placemark>
	<Placemark>
		<styleUrl>#style_20</styleUrl>
		<LineString>
			<tessellate>1</tessellate>
			<altitudeMode>relativeToGround</altitudeMode>
			<coordinates>
				0,0,195394 0,0,195394 
			</coordinates>
		</LineString>
	</Placemark>
	<Placemark>
		<styleUrl>#style_20</styleUrl>
		<LineString>
			<tessellate>1</tessellate>
			<altitudeMode>relativeToGround</altitudeMode>
			<coordinates>
				0,0,195394 0,0,195394 
			</coordinates>
		</LineString>
	</Placemark>
	<Placemark>
		<styleUrl>#style_20</styleUrl>
		<LineString>
			<tessellate>1</tessellate>
			<altitudeMode>relativeToGround</altitudeMode>
			<coordinates>
				0,0,195394 0,0,195394 
			</coordinates>
		</LineString>
	</Placemark>
	<Placemark>
		<styleUrl>#style_20</styleUrl>
		<LineString>
			<tessellate>1</tessellate>
			<altitudeMode>relativeToGround</altitudeMode>
			<coordinates>
				0,0,195394 0,0,195394 
			</coordinates>
		</LineString>
	</Placemark>
	<Placemark>
		<styleUrl>#style_20</styleUrl>
		<LineString>
			<tessellate>1</tessellate>
			<altitudeMode>relativeToGround</altitudeMode>
			<coordinates>
				0,0,195394 0,0,195394 
			</coordinates>
		</LineString>
	</Placemark>
	<Placemark>
		<styleUrl>#style_20</styleUrl>
		<LineString>
			<tessellate>1</tessellate>
			<altitudeMode>relativeToGround</altitudeMode>
			<coordinates>
				0,0,195394 0,0,195394 
			</coordinates>
		</LineString>
	</Placemark>
	<Placemark>
		<styleUrl>#style_20</styleUrl>
		<LineString>
			<tessellate>1</tessellate>
			<altitudeMode>relativeToGround</altitudeMode>
			<coordinates>
				0,0,195394 0,0,195394 
			</coordinates>
		</LineString>
	</Placemark>
	<Placemark>
		<styleUrl>#style_20</styleUrl>
		<LineString>
			<tessellate>1</tessellate>
			<altitudeMode>relativeToGround</altitudeMode>
			<coordinates>
				0,0,195394 0,0,195394 
			</coordinates>
		</LineString>
	</Placemark>
	<Placemark>
		<styleUrl>#style_20</styleUrl>
		<LineString>
			<tessellate>1</tessellate>
			<altitudeMode>relativeToGround</altitudeMode>
			<coordinates>
				0,0,195394 0,0,195394 
			</coordinates>
		</LineString>
	</Placemark>
	<Placemark>
		<styleUrl>#style_20</styleUrl>
		<LineString>
			<tessellate>1</tessellate>
			<altitudeMode>relativeToGround</altitudeMode>
			<coordinates>
				0,0,195394 0,0,195394 
			</coordinates>
		</LineString>
	</Placemark>
	<Placemark>
		<styleUrl>#style_20</styleUrl>
		<LineString>
			<tessellate>1</tessellate>
			<altitudeMode>relativeToGround</altitudeMode>
			<coordinates>
				0,0,195394 0,0,195394 
			</coordinates>
		</LineString>
	</Placemark>
	<Placemark>
		<styleUrl>#style_20</styleUrl>
		<LineString>
			<tessellate>1</tessellate>
			<altitudeMode>relativeToGround</altitudeMode>
			<coordinates>
				0,0,195394 0,0,195394 
			</coordinates>
		</LineString>
	</Placemark>
	<Placemark>
		<styleUrl>#style_20</styleUrl>
		<LineString>
			<tessellate>1</tessellate>
			<altitudeMode>relativeToGround</altitudeMode>
			<coordinates>
				0,0,195394 0,0,195394 
			</coordinates>
		</LineString>
	</Placemark>
	<Placemark>
		<styleUrl>#style_20</styleUrl>
		<LineString>
			<tessellate>1</tessellate>
			<altitudeMode>relativeToGround</altitudeMode>
			<coordinates>
				0,0,195394 0,0,195394 
			</coordinates>
		</LineString>
	</Placemark>
	<Placemark>
		<styleUrl>#style_20</styleUrl>
		<LineString>
			<tessellate>1</tessellate>
			<altitudeMode>relativeToGround</altitudeMode>
			<coordinates>
				0,0,195394 0,0,195394 
			</coordinates>
		</LineString>
	</Placemark>
	<Placemark>
		<styleUrl>#style_20</styleUrl>
		<LineString>
			<tessellate>1</tessellate>
			<altitudeMode>relativeToGround</altitudeMode>
			<coordinates>
				0,0,195394 0,0,195394 
			</coordinates>
		</LineString>
	</Placemark>
	<Placemark>
		<styleUrl>#style_20</styleUrl>
		<LineString>
			<tessellate>1</tessellate>
			<altitudeMode>relativeToGround</altitudeMode>
			<coordinates>
				0,0,195394 0,0,195394 
			</coordinates>
		</LineString>
	</Placemark>
	<Placemark>
		<styleUrl>#style_20</styleUrl>
		<LineString>
			<tessellate>1</tessellate>
			<altitudeMode>relativeToGround</altitudeMode>
			<coordinates>
				0,0,195394 0,0,195394 
			</coordinates>
		</LineString>
	</Placemark>
	<Placemark>
		<styleUrl>#style_20</styleUrl>
		<LineString>
			<tessellate>1</tessellate>
			<altitudeMode>relativeToGround</altitudeMode>
			<coordinates>
				0,0,195394 0,0,195394 
			</coordinates>
		</LineString>
	</Placemark>
	<Placemark>
		<styleUrl>#style_20</styleUrl>
		<LineString>
			<tessellate>1</tessellate>
			<altitudeMode>relativeToGround</altitudeMode>
			<coordinates>
				0,0,195394 0,0,195394 
			</coordinates>
		</LineString>
	</Placemark>
	<Placemark>
		<styleUrl>#style_20</styleUrl>
		<LineString>
			<tessellate>1</tessellate>
			<altitudeMode>relativeToGround</altitudeMode>
			<coordinates>
				0,0,195394 0,0,195394 
			</coordinates>
		</LineString>
	</Placemark>
	<Placemark>
		<styleUrl>#style_20</styleUrl>
		<LineString>
			<tessellate>1</tessellate>
			<altitudeMode>relativeToGround</altitudeMode>
			<coordinates>
				0,0,195394 0,0,195394 
			</coordinates>
		</LineString>
	</Placemark>
	<Placemark>
		<styleUrl>#style_20</styleUrl>
		<LineString>
			<tessellate>1</tessellate>
			<altitudeMode>relativeToGround</altitudeMode>
			<coordinates>
				0,0,195394 0,0,195394 
			</coordinates>
		</LineString>
	</Placemark>
	<Placemark>
		<styleUrl>#style_20</styleUrl>
		<LineString>
			<tessellate>1</tessellate>
			<altitudeMode>relativeToGround</altitudeMode>
			<coordinates>
				0,0,195394 0,0,195394 
			</coordinates>
		</LineString>
	</Placemark>
	<Placemark>
		<styleUrl>#style_20</styleUrl>
		<LineString>
			<tessellate>1</tessellate>
			<altitudeMode>relativeToGround</altitudeMode>
			<coordinates>
				0,0,195394 0,0,195394 
			</coordinates>
		</LineString>
	</Placemark>
	<Placemark>
		<styleUrl>#style_20</styleUrl>
		<LineString>
			<tessellate>1</tessellate>
			<altitudeMode>relativeToGround</altitudeMode>
			<coordinates>
				0,0,195394 0,0,195394 
			</coordinates>
		</LineString>
	</Placemark>
	<Placemark>
		<styleUrl>#style_20</styleUrl>
		<LineString>
			<tessellate>1</tessellate>
			<altitudeMode>relativeToGround</altitudeMode>
			<coordinates>
				0,0,195394 0,0,195394 
			</coordinates>
		</LineString>
	</Placemark>
	<Placemark>
		<styleUrl>#style_20</styleUrl>
		<LineString>
			<tessellate>1</tessellate>
			<altitudeMode>relativeToGround</altitudeMode>
			<coordinates>
				0,0,195394 0,0,195394 
			</coordinates>
		</LineString>
	</Placemark>
	<Placemark>
		<styleUrl>#style_20</styleUrl>
		<LineString>
			<tessellate>1</tessellate>
			<altitudeMode>relativeToGround</altitudeMode>
			<coordinates>
				0,0,195394 0,0,195394 
			</coordinates>
		</LineString>
	</Placemark>
	<Placemark>
		<styleUrl>#style_20</styleUrl>
		<LineString>
			<tessellate>1</tessellate>
			<altitudeMode>relativeToGround</altitudeMode>
			<coordinates>
				0,0,195394 0,0,195394 
			</coordinates>
		</LineString>
	</Placemark>
	<Placemark>
		<styleUrl>#style_20</styleUrl>
		<LineString>
			<tessellate>1</tessellate>
			<altitudeMode>relativeToGround</altitudeMode>
			<coordinates>
				0,0,195394 0,0,195394 
			</coordinates>
		</LineString>
	</Placemark>
	<Placemark>
		<styleUrl>#style_20</styleUrl>
		<LineString>
			<tessellate>1</tessellate>
			<altitudeMode>relativeToGround</altitudeMode>
			<coordinates>
				0,0,195394 0,0,195394 
			</coordinates>
		</LineString>
	</Placemark>
	<Placemark>
		<styleUrl>#style_20</styleUrl>
		<LineString>
			<tessellate>1</tessellate>
			<altitudeMode>relativeToGround</altitudeMode>
			<coordinates>
				0,0,195394 0,0,195394 
			</coordinates>
		</LineString>
	</Placemark>
	<Placemark>
		<styleUrl>#style_20</styleUrl>
		<LineString>
			<tessellate>1</tessellate>
			<altitudeMode>relativeToGround</altitudeMode>
			<coordinates>
				0,0,195394 0,0,195394 
			</coordinates>
		</LineString>
	</Placemark>
	<Placemark>
		<styleUrl>#style_20</styleUrl>
		<LineString>
			<tessellate>1</tessellate>
			<altitudeMode>relativeToGround</altitudeMode>
			<coordinates>
				0,0,195394 0,0,195394 
			</coordinates>
		</LineString>
	</Placemark>
	<Placemark>
		<styleUrl>#style_20</styleUrl>
		<LineString>
			<tessellate>1</tessellate>
			<altitudeMode>relativeToGround</altitudeMode>
			<coordinates>
				0,0,195394 0,0,195394 
			</coordinates>
		</LineString>
	</Placemark>
	<Placemark>
		<styleUrl>#style_20</styleUrl>
		<LineString>
			<tessellate>1</tessellate>
			<altitudeMode>relativeToGround</altitudeMode>
			<coordinates>
				0,0,195394 0,0,195394 
			</coordinates>
		</LineString>
	</Placemark>
	<Placemark>
		<styleUrl>#style_20</styleUrl>
		<LineString>
			<tessellate>1</tessellate>
			<altitudeMode>relativeToGround</altitudeMode>
			<coordinates>
				0,0,195394 0,0,195394 
			</coordinates>
		</LineString>
	</Placemark>
	<Placemark>
		<styleUrl>#style_20</styleUrl>
		<LineString>
			<tessellate>1</tessellate>
			<altitudeMode>relativeToGround</altitudeMode>
			<coordinates>
				0,0,195394 0,0,195394 
			</coordinates>
		</LineString>
	</Placemark>
	<Placemark>
		<styleUrl>#style_20</styleUrl>
		<LineString>
			<tessellate>1</tessellate>
			<altitudeMode>relativeToGround</altitudeMode>
			<coordinates>
				0,0,195394 0,0,195394 
			</coordinates>
		</LineString>
	</Placemark>
	<Placemark>
		<styleUrl>#style_20</styleUrl>
		<LineString>
			<tessellate>1</tessellate>
			<altitudeMode>relativeToGround</altitudeMode>
			<coordinates>
				0,0,195394 0,0,195394 
			</coordinates>
		</LineString>
	</Placemark>
	<Placemark>
		<styleUrl>#style_20</styleUrl>
		<LineString>
			<tessellate>1</tessellate>
			<altitudeMode>relativeToGround</altitudeMode>
			<coordinates>
				0,0,195394 0,0,195394 
			</coordinates>
		</LineString>
	</Placemark>
	<Placemark>
		<styleUrl>#style_20</styleUrl>
		<LineString>
			<tessellate>1</tessellate>
			<altitudeMode>relativeToGround</altitudeMode>
			<coordinates>
				0,0,195394 0,0,195394 
			</coordinates>
		</LineString>
	</Placemark>
	<Placemark>
		<styleUrl>#style_20</styleUrl>
		<LineString>
			<tessellate>1</tessellate>
			<altitudeMode>relativeToGround</altitudeMode>
			<coordinates>
				0,0,195394 0,0,195394 
			</coordinates>
		</LineString>
	</Placemark>
	<Placemark>
		<styleUrl>#style_20</styleUrl>
		<LineString>
			<tessellate>1</tessellate>
			<altitudeMode>relativeToGround</altitudeMode>
			<coordinates>
				0,0,195394 0,0,195394 
			</coordinates>
		</LineString>
	</Placemark>
	<Placemark>
		<styleUrl>#style_20</styleUrl>
		<LineString>
			<tessellate>1</tessellate>
			<altitudeMode>relativeToGround</altitudeMode>
			<coordinates>
				0,0,195394 0,0,195394 
			</coordinates>
		</LineString>
	</Placemark>
	<Placemark>
		<styleUrl>#style_20</styleUrl>
		<LineString>
			<tessellate>1</tessellate>
			<altitudeMode>relativeToGround</altitudeMode>
			<coordinates>
				0,0,195394 0,0,195394 
			</coordinates>
		</LineString>
	</Placemark>
	<Placemark>
		<styleUrl>#style_20</styleUrl>
		<LineString>
			<tessellate>1</tessellate>
			<altitudeMode>relativeToGround</altitudeMode>
			<coordinates>
				0,0,195394 0,0,195394 
			</coordinates>
		</LineString>
	</Placemark>
	<Placemark>
		<styleUrl>#style_20</styleUrl>
		<LineString>
			<tessellate>1</tessellate>
			<altitudeMode>relativeToGround</altitudeMode>
			<coordinates>
				0,0,195394 0,0,195394 
			</coordinates>
		</LineString>
	</Placemark>
	<Placemark>
		<styleUrl>#style_20</styleUrl>
		<LineString>
			<tessellate>1</tessellate>
			<altitudeMode>relativeToGround</altitudeMode>
			<coordinates>
				0,0,195394 0,0,195394 
			</coordinates>
		</LineString>
	</Placemark>
	<Placemark>
		<styleUrl>#style_20</styleUrl>
		<LineString>
			<tessellate>1</tessellate>
			<altitudeMode>relativeToGround</altitudeMode>
			<coordinates>
				0,0,195394 0,0,195394 
			</coordinates>
		</LineString>
	</Placemark>
	<Placemark>
		<styleUrl>#style_20</styleUrl>
		<LineString>
			<tessellate>1</tessellate>
			<altitudeMode>relativeToGround</altitudeMode>
			<coordinates>
				0,0,195394 0,0,195394 
			</coordinates>
		</LineString>
	</Placemark>
	<Placemark>
		<styleUrl>#style_20</styleUrl>
		<LineString>
			<tessellate>1</tessellate>
			<altitudeMode>relativeToGround</altitudeMode>
			<coordinates>
				0,0,195394 0,0,195394 
			</coordinates>
		</LineString>
	</Placemark>
	<Placemark>
		<styleUrl>#style_20</styleUrl>
		<LineString>
			<tessellate>1</tessellate>
			<altitudeMode>relativeToGround</altitudeMode>
			<coordinates>
				0,0,195394 0,0,195394 
			</coordinates>
		</LineString>
	</Placemark>
	<Placemark>
		<styleUrl>#style_20</styleUrl>
		<LineString>
			<tessellate>1</tessellate>
			<altitudeMode>relativeToGround</altitudeMode>
			<coordinates>
				0,0,195394 0,0,195394 
			</coordinates>
		</LineString>
	</Placemark>
	<Placemark>
		<styleUrl>#style_20</styleUrl>
		<LineString>
			<tessellate>1</tessellate>
			<altitudeMode>relativeToGround</altitudeMode>
			<coordinates>
				0,0,195394 0,0,195394 
			</coordinates>
		</LineString>
	</Placemark>
	<Placemark>
		<styleUrl>#style_20</styleUrl>
		<LineString>
			<tessellate>1</tessellate>
			<altitudeMode>relativeToGround</altitudeMode>
			<coordinates>
				0,0,195394 0,0,195394 
			</coordinates>
		</LineString>
	</Placemark>
	<Placemark>
		<styleUrl>#style_20</styleUrl>
		<LineString>
			<tessellate>1</tessellate>
			<altitudeMode>relativeToGround</altitudeMode>
			<coordinates>
				0,0,195394 0,0,195394 
			</coordinates>
		</LineString>
	</Placemark>
	<Placemark>
		<styleUrl>#style_20</styleUrl>
		<LineString>
			<tessellate>1</tessellate>
			<altitudeMode>relativeToGround</altitudeMode>
			<coordinates>
				0,0,195394 0,0,195394 
			</coordinates>
		</LineString>
	</Placemark>
	<Placemark>
		<styleUrl>#style_20</styleUrl>
		<LineString>
			<tessellate>1</tessellate>
			<altitudeMode>relativeToGround</altitudeMode>
			<coordinates>
				0,0,195394 0,0,195394 
			</coordinates>
		</LineString>
	</Placemark>
	<Placemark>
		<styleUrl>#style_20</styleUrl>
		<LineString>
			<tessellate>1</tessellate>
			<altitudeMode>relativeToGround</altitudeMode>
			<coordinates>
				0,0,195394 0,0,195394 
			</coordinates>
		</LineString>
	</Placemark>
	<Placemark>
		<styleUrl>#style_20</styleUrl>
		<LineString>
			<tessellate>1</tessellate>
			<altitudeMode>relativeToGround</altitudeMode>
			<coordinates>
				0,0,195394 0,0,195394 
			</coordinates>
		</LineString>
	</Placemark>
	<Placemark>
		<styleUrl>#style_20</styleUrl>
		<LineString>
			<tessellate>1</tessellate>
			<altitudeMode>relativeToGround</altitudeMode>
			<coordinates>
				0,0,195394 0,0,195394 
			</coordinates>
		</LineString>
	</Placemark>
	<Placemark>
		<styleUrl>#style_20</styleUrl>
		<LineString>
			<tessellate>1</tessellate>
			<altitudeMode>relativeToGround</altitudeMode>
			<coordinates>
				0,0,195394 0,0,195394 
			</coordinates>
		</LineString>
	</Placemark>
	<Placemark>
		<styleUrl>#style_20</styleUrl>
		<LineString>
			<tessellate>1</tessellate>
			<altitudeMode>relativeToGround</altitudeMode>
			<coordinates>
				0,0,195394 0,0,195394 
			</coordinates>
		</LineString>
	</Placemark>
	<Placemark>
		<styleUrl>#style_20</styleUrl>
		<LineString>
			<tessellate>1</tessellate>
			<altitudeMode>relativeToGround</altitudeMode>
			<coordinates>
				0,0,195394 0,0,195394 
			</coordinates>
		</LineString>
	</Placemark>
	<Placemark>
		<styleUrl>#style_20</styleUrl>
		<LineString>
			<tessellate>1</tessellate>
			<altitudeMode>relativeToGround</altitudeMode>
			<coordinates>
				0,0,195394 0,0,195394 
			</coordinates>
		</LineString>
	</Placemark>
	<Placemark>
		<styleUrl>#style_20</styleUrl>
		<LineString>
			<tessellate>1</tessellate>
			<altitudeMode>relativeToGround</altitudeMode>
			<coordinates>
				0,0,195394 0,0,195394 
			</coordinates>
		</LineString>
	</Placemark>
	<Placemark>
		<styleUrl>#style_20</styleUrl>
		<LineString>
			<tessellate>1</tessellate>
			<altitudeMode>relativeToGround</altitudeMode>
			<coordinates>
				0,0,195394 0,0,195394 
			</coordinates>
		</LineString>
	</Placemark>
	<Placemark>
		<styleUrl>#style_20</styleUrl>
		<LineString>
			<tessellate>1</tessellate>
			<altitudeMode>relativeToGround</altitudeMode>
			<coordinates>
				0,0,195394 0,0,195394 
			</coordinates>
		</LineString>
	</Placemark>
	<Placemark>
		<styleUrl>#style_20</styleUrl>
		<LineString>
			<tessellate>1</tessellate>
			<altitudeMode>relativeToGround</altitudeMode>
			<coordinates>
				0,0,195394 0,0,195394 
			</coordinates>
		</LineString>
	</Placemark>
	<Placemark>
		<styleUrl>#style_20</styleUrl>
		<LineString>
			<tessellate>1</tessellate>
			<altitudeMode>relativeToGround</altitudeMode>
			<coordinates>
				0,0,195394 0,0,195394 
			</coordinates>
		</LineString>
	</Placemark>
	<Placemark>
		<styleUrl>#style_20</styleUrl>
		<LineString>
			<tessellate>1</tessellate>
			<altitudeMode>relativeToGround</altitudeMode>
			<coordinates>
				0,0,195394 0,0,195394 
			</coordinates>
		</LineString>
	</Placemark>
	<Placemark>
		<styleUrl>#style_20</styleUrl>
		<LineString>
			<tessellate>1</tessellate>
			<altitudeMode>relativeToGround</altitudeMode>
			<coordinates>
				0,0,195394 0,0,195394 
			</coordinates>
		</LineString>
	</Placemark>
	<Placemark>
		<styleUrl>#style_20</styleUrl>
		<LineString>
			<tessellate>1</tessellate>
			<altitudeMode>relativeToGround</altitudeMode>
			<coordinates>
				0,0,195394 0,0,195394 
			</coordinates>
		</LineString>
	</Placemark>
	<Placemark>
		<styleUrl>#style_20</styleUrl>
		<LineString>
			<tessellate>1</tessellate>
			<altitudeMode>relativeToGround</altitudeMode>
			<coordinates>
				0,0,195394 0,0,195394 
			</coordinates>
		</LineString>
	</Placemark>
	<Placemark>
		<styleUrl>#style_20</styleUrl>
		<LineString>
			<tessellate>1</tessellate>
			<altitudeMode>relativeToGround</altitudeMode>
			<coordinates>
				0,0,195394 0,0,195394 
			</coordinates>
		</LineString>
	</Placemark>
	<Placemark>
		<styleUrl>#style_20</styleUrl>
		<LineString>
			<tessellate>1</tessellate>
			<altitudeMode>relativeToGround</altitudeMode>
			<coordinates>
				0,0,195394 0,0,195394 
			</coordinates>
		</LineString>
	</Placemark>
	<Placemark>
		<styleUrl>#style_20</styleUrl>
		<LineString>
			<tessellate>1</tessellate>
			<altitudeMode>relativeToGround</altitudeMode>
			<coordinates>
				0,0,195394 0,0,195394 
			</coordinates>
		</LineString>
	</Placemark>
	<Placemark>
		<styleUrl>#style_20</styleUrl>
		<LineString>
			<tessellate>1</tessellate>
			<altitudeMode>relativeToGround</altitudeMode>
			<coordinates>
				0,0,195394 0,0,195394 
			</coordinates>
		</LineString>
	</Placemark>
	<Placemark>
		<styleUrl>#style_20</styleUrl>
		<LineString>
			<tessellate>1</tessellate>
			<altitudeMode>relativeToGround</altitudeMode>
			<coordinates>
				0,0,195394 0,0,195394 
			</coordinates>
		</LineString>
	</Placemark>
	<Placemark>
		<styleUrl>#style_20</styleUrl>
		<LineString>
			<tessellate>1</tessellate>
			<altitudeMode>relativeToGround</altitudeMode>
			<coordinates>
				0,0,195394 0,0,195394 
			</coordinates>
		</LineString>
	</Placemark>
	<Placemark>
		<styleUrl>#style_20</styleUrl>
		<LineString>
			<tessellate>1</tessellate>
			<altitudeMode>relativeToGround</altitudeMode>
			<coordinates>
				0,0,195394 0,0,195394 
			</coordinates>
		</LineString>
	</Placemark>
	<Placemark>
		<styleUrl>#style_20</styleUrl>
		<LineString>
			<tessellate>1</tessellate>
			<altitudeMode>relativeToGround</altitudeMode>
			<coordinates>
				0,0,195394 0,0,195394 
			</coordinates>
		</LineString>
	</Placemark>
	<Placemark>
		<styleUrl>#style_20</styleUrl>
		<LineString>
			<tessellate>1</tessellate>
			<altitudeMode>relativeToGround</altitudeMode>
			<coordinates>
				0,0,195394 0,0,195394 
			</coordinates>
		</LineString>
	</Placemark>
	<Placemark>
		<styleUrl>#style_20</styleUrl>
		<LineString>
			<tessellate>1</tessellate>
			<altitudeMode>relativeToGround</altitudeMode>
			<coordinates>
				0,0,195394 0,0,195394 
			</coordinates>
		</LineString>
	</Placemark>
	<Placemark>
		<styleUrl>#style_20</styleUrl>
		<LineString>
			<tessellate>1</tessellate>
			<altitudeMode>relativeToGround</altitudeMode>
			<coordinates>
				0,0,195394 0,0,195394 
			</coordinates>
		</LineString>
	</Placemark>
	<Placemark>
		<styleUrl>#style_20</styleUrl>
		<LineString>
			<tessellate>1</tessellate>
			<altitudeMode>relativeToGround</altitudeMode>
			<coordinates>
				0,0,195394 0,0,195394 
			</coordinates>
		</LineString>
	</Placemark>
	<Placemark>
		<styleUrl>#style_20</styleUrl>
		<LineString>
			<tessellate>1</tessellate>
			<altitudeMode>relativeToGround</altitudeMode>
			<coordinates>
				0,0,195394 0,0,195394 
			</coordinates>
		</LineString>
	</Placemark>
	<Placemark>
		<styleUrl>#style_20</styleUrl>
		<LineString>
			<tessellate>1</tessellate>
			<altitudeMode>relativeToGround</altitudeMode>
			<coordinates>
				0,0,195394 0,0,195394 
			</coordinates>
		</LineString>
	</Placemark>
	<Placemark>
		<styleUrl>#style_20</styleUrl>
		<LineString>
			<tessellate>1</tessellate>
			<altitudeMode>relativeToGround</altitudeMode>
			<coordinates>
				0,0,195394 0,0,195394 
			</coordinates>
		</LineString>
	</Placemark>
	<Placemark>
		<styleUrl>#style_20</styleUrl>
		<LineString>
			<tessellate>1</tessellate>
			<altitudeMode>relativeToGround</altitudeMode>
			<coordinates>
				0,0,195394 0,0,195394 
			</coordinates>
		</LineString>
	</Placemark>
	<Placemark>
		<styleUrl>#style_20</styleUrl>
		<LineString>
			<tessellate>1</tessellate>
			<altitudeMode>relativeToGround</altitudeMode>
			<coordinates>
				0,0,195394 0,0,195394 
			</coordinates>
		</LineString>
	</Placemark>
	<Placemark>
		<styleUrl>#style_20</styleUrl>
		<LineString>
			<tessellate>1</tessellate>
			<altitudeMode>relativeToGround</altitudeMode>
			<coordinates>
				0,0,195394 0,0,195394 
			</coordinates>
		</LineString>
	</Placemark>
	<Placemark>
		<styleUrl>#style_20</styleUrl>
		<LineString>
			<tessellate>1</tessellate>
			<altitudeMode>relativeToGround</altitudeMode>
			<coordinates>
				0,0,195394 0,0,195394 
			</coordinates>
		</LineString>
	</Placemark>
	<Placemark>
		<styleUrl>#style_20</styleUrl>
		<LineString>
			<tessellate>1</tessellate>
			<altitudeMode>relativeToGround</altitudeMode>
			<coordinates>
				0,0,195394 0,0,195394 
			</coordinates>
		</LineString>
	</Placemark>
	<Placemark>
		<styleUrl>#style_20</styleUrl>
		<LineString>
			<tessellate>1</tessellate>
			<altitudeMode>relativeToGround</altitudeMode>
			<coordinates>
				0,0,195394 0,0,195394 
			</coordinates>
		</LineString>
	</Placemark>
	<Placemark>
		<styleUrl>#style_20</styleUrl>
		<LineString>
			<tessellate>1</tessellate>
			<altitudeMode>relativeToGround</altitudeMode>
			<coordinates>
				0,0,195394 0,0,195394 
			</coordinates>
		</LineString>
	</Placemark>
	<Placemark>
		<styleUrl>#style_20</styleUrl>
		<LineString>
			<tessellate>1</tessellate>
			<altitudeMode>relativeToGround</altitudeMode>
			<coordinates>
				0,0,195394 0,0,195394 
			</coordinates>
		</LineString>
	</Placemark>
	<Placemark>
		<styleUrl>#style_20</styleUrl>
		<LineString>
			<tessellate>1</tessellate>
			<altitudeMode>relativeToGround</altitudeMode>
			<coordinates>
				0,0,195394 0,0,195394 
			</coordinates>
		</LineString>
	</Placemark>
	<Placemark>
		<styleUrl>#style_20</styleUrl>
		<LineString>
			<tessellate>1</tessellate>
			<altitudeMode>relativeToGround</altitudeMode>
			<coordinates>
				0,0,195394 0,0,195394 
			</coordinates>
		</LineString>
	</Placemark>
	<Placemark>
		<styleUrl>#style_20</styleUrl>
		<LineString>
			<tessellate>1</tessellate>
			<altitudeMode>relativeToGround</altitudeMode>
			<coordinates>
				0,0,195394 0,0,195394 
			</coordinates>
		</LineString>
	</Placemark>
	<Placemark>
		<styleUrl>#style_20</styleUrl>
		<LineString>
			<tessellate>1</tessellate>
			<altitudeMode>relativeToGround</altitudeMode>
			<coordinates>
				0,0,195394 0,0,195394 
			</coordinates>
		</LineString>
	</Placemark>
	<Placemark>
		<styleUrl>#style_20</styleUrl>
		<LineString>
			<tessellate>1</tessellate>
			<altitudeMode>relativeToGround</altitudeMode>
			<coordinates>
				0,0,195394 0,0,195394 
			</coordinates>
		</LineString>
	</Placemark>
	<Placemark>
		<styleUrl>#style_20</styleUrl>
		<LineString>
			<tessellate>1</tessellate>
			<altitudeMode>relativeToGround</altitudeMode>
			<coordinates>
				0,0,195394 0,0,195394 
			</coordinates>
		</LineString>
	</Placemark>
	<Placemark>
		<styleUrl>#style_20</styleUrl>
		<LineString>
			<tessellate>1</tessellate>
			<altitudeMode>relativeToGround</altitudeMode>
			<coordinates>
				0,0,195394 0,0,195394 
			</coordinates>
		</LineString>
	</Placemark>
	<Placemark>
		<styleUrl>#style_20</styleUrl>
		<LineString>
			<tessellate>1</tessellate>
			<altitudeMode>relativeToGround</altitudeMode>
			<coordinates>
				0,0,195394 0,0,195394 
			</coordinates>
		</LineString>
	</Placemark>
	<Placemark>
		<styleUrl>#style_20</styleUrl>
		<LineString>
			<tessellate>1</tessellate>
			<altitudeMode>relativeToGround</altitudeMode>
			<coordinates>
				0,0,195394 0,0,195394 
			</coordinates>
		</LineString>
	</Placemark>
	<Placemark>
		<styleUrl>#style_20</styleUrl>
		<LineString>
			<tessellate>1</tessellate>
			<altitudeMode>relativeToGround</altitudeMode>
			<coordinates>
				0,0,195394 0,0,195394 
			</coordinates>
		</LineString>
	</Placemark>
	<Placemark>
		<styleUrl>#style_20</styleUrl>
		<LineString>
			<tessellate>1</tessellate>
			<altitudeMode>relativeToGround</altitudeMode>
			<coordinates>
				0,0,195394 0,0,195394 
			</coordinates>
		</LineString>
	</Placemark>
	<Placemark>
		<styleUrl>#style_20</styleUrl>
		<LineString>
			<tessellate>1</tessellate>
			<altitudeMode>relativeToGround</altitudeMode>
			<coordinates>
				0,0,195394 0,0,195394 
			</coordinates>
		</LineString>
	</Placemark>
	<Placemark>
		<styleUrl>#style_20</styleUrl>
		<LineString>
			<tessellate>1</tessellate>
			<altitudeMode>relativeToGround</altitudeMode>
			<coordinates>
				0,0,195394 0,0,195394 
			</coordinates>
		</LineString>
	</Placemark>
	<Placemark>
		<styleUrl>#style_20</styleUrl>
		<LineString>
			<tessellate>1</tessellate>
			<altitudeMode>relativeToGround</altitudeMode>
			<coordinates>
				0,0,195394 0,0,195394 
			</coordinates>
		</LineString>
	</Placemark>
	<Placemark>
		<styleUrl>#style_20</styleUrl>
		<LineString>
			<tessellate>1</tessellate>
			<altitudeMode>relativeToGround</altitudeMode>
			<coordinates>
				0,0,195394 0,0,195394 
			</coordinates>
		</LineString>
	</Placemark>
	<Placemark>
		<styleUrl>#style_20</styleUrl>
		<LineString>
			<tessellate>1</tessellate>
			<altitudeMode>relativeToGround</altitudeMode>
			<coordinates>
				0,0,195394 0,0,195394 
			</coordinates>
		</LineString>
	</Placemark>
	<Placemark>
		<styleUrl>#style_20</styleUrl>
		<LineString>
			<tessellate>1</tessellate>
			<altitudeMode>relativeToGround</altitudeMode>
			<coordinates>
				0,0,195394 0,0,195394 
			</coordinates>
		</LineString>
	</Placemark>
	<Placemark>
		<styleUrl>#style_20</styleUrl>
		<LineString>
			<tessellate>1</tessellate>
			<altitudeMode>relativeToGround</altitudeMode>
			<coordinates>
				0,0,195394 0,0,195394 
			</coordinates>
		</LineString>
	</Placemark>
	<Placemark>
		<styleUrl>#style_20</styleUrl>
		<LineString>
			<tessellate>1</tessellate>
			<altitudeMode>relativeToGround</altitudeMode>
			<coordinates>
				0,0,195394 0,0,195394 
			</coordinates>
		</LineString>
	</Placemark>
	<Placemark>
		<styleUrl>#style_20</styleUrl>
		<LineString>
			<tessellate>1</tessellate>
			<altitudeMode>relativeToGround</altitudeMode>
			<coordinates>
				0,0,195394 0,0,195394 
			</coordinates>
		</LineString>
	</Placemark>
	<Placemark>
		<styleUrl>#style_20</styleUrl>
		<LineString>
			<tessellate>1</tessellate>
			<altitudeMode>relativeToGround</altitudeMode>
			<coordinates>
				0,0,195394 0,0,195394 
			</coordinates>
		</LineString>
	</Placemark>
	<Placemark>
		<styleUrl>#style_20</styleUrl>
		<LineString>
			<tessellate>1</tessellate>
			<altitudeMode>relativeToGround</altitudeMode>
			<coordinates>
				0,0,195394 0,0,195394 
			</coordinates>
		</LineString>
	</Placemark>
	<Placemark>
		<styleUrl>#style_20</styleUrl>
		<LineString>
			<tessellate>1</tessellate>
			<altitudeMode>relativeToGround</altitudeMode>
			<coordinates>
				0,0,195394 0,0,195394 
			</coordinates>
		</LineString>
	</Placemark>
	<Placemark>
		<styleUrl>#style_20</styleUrl>
		<LineString>
			<tessellate>1</tessellate>
			<altitudeMode>relativeToGround</altitudeMode>
			<coordinates>
				0,0,195394 0,0,195394 
			</coordinates>
		</LineString>
	</Placemark>
	<Placemark>
		<styleUrl>#style_20</styleUrl>
		<LineString>
			<tessellate>1</tessellate>
			<altitudeMode>relativeToGround</altitudeMode>
			<coordinates>
				0,0,195394 0,0,195394 
			</coordinates>
		</LineString>
	</Placemark>
	<Placemark>
		<styleUrl>#style_20</styleUrl>
		<LineString>
			<tessellate>1</tessellate>
			<altitudeMode>relativeToGround</altitudeMode>
			<coordinates>
				0,0,195394 0,0,195394 
			</coordinates>
		</LineString>
	</Placemark>
	<Placemark>
		<styleUrl>#style_20</styleUrl>
		<LineString>
			<tessellate>1</tessellate>
			<altitudeMode>relativeToGround</altitudeMode>
			<coordinates>
				0,0,195394 0,0,195394 
			</coordinates>
		</LineString>
	</Placemark>
	<Placemark>
		<styleUrl>#style_20</styleUrl>
		<LineString>
			<tessellate>1</tessellate>
			<altitudeMode>relativeToGround</altitudeMode>
			<coordinates>
				0,0,195394 0,0,195394 
			</coordinates>
		</LineString>
	</Placemark>
	<Placemark>
		<styleUrl>#style_20</styleUrl>
		<LineString>
			<tessellate>1</tessellate>
			<altitudeMode>relativeToGround</altitudeMode>
			<coordinates>
				0,0,195394 0,0,195394 
			</coordinates>
		</LineString>
	</Placemark>
	<Placemark>
		<styleUrl>#style_20</styleUrl>
		<LineString>
			<tessellate>1</tessellate>
			<altitudeMode>relativeToGround</altitudeMode>
			<coordinates>
				0,0,195394 0,0,195394 
			</coordinates>
		</LineString>
	</Placemark>
	<Placemark>
		<styleUrl>#style_20</styleUrl>
		<LineString>
			<tessellate>1</tessellate>
			<altitudeMode>relativeToGround</altitudeMode>
			<coordinates>
				0,0,195394 0,0,195394 
			</coordinates>
		</LineString>
	</Placemark>
	<Placemark>
		<styleUrl>#style_20</styleUrl>
		<LineString>
			<tessellate>1</tessellate>
			<altitudeMode>relativeToGround</altitudeMode>
			<coordinates>
				0,0,195394 0,0,195394 
			</coordinates>
		</LineString>
	</Placemark>
	<Placemark>
		<styleUrl>#style_20</styleUrl>
		<LineString>
			<tessellate>1</tessellate>
			<altitudeMode>relativeToGround</altitudeMode>
			<coordinates>
				0,0,195394 0,0,195394 
			</coordinates>
		</LineString>
	</Placemark>
	<Placemark>
		<styleUrl>#style_20</styleUrl>
		<LineString>
			<tessellate>1</tessellate>
			<altitudeMode>relativeToGround</altitudeMode>
			<coordinates>
				0,0,195394 0,0,195394 
			</coordinates>
		</LineString>
	</Placemark>
	<Placemark>
		<styleUrl>#style_20</styleUrl>
		<LineString>
			<tessellate>1</tessellate>
			<altitudeMode>relativeToGround</altitudeMode>
			<coordinates>
				0,0,195394 0,0,195394 
			</coordinates>
		</LineString>
	</Placemark>
	<Placemark>
		<styleUrl>#style_20</styleUrl>
		<LineString>
			<tessellate>1</tessellate>
			<altitudeMode>relativeToGround</altitudeMode>
			<coordinates>
				0,0,195394 0,0,195394 
			</coordinates>
		</LineString>
	</Placemark>
	<Placemark>
		<styleUrl>#style_20</styleUrl>
		<LineString>
			<tessellate>1</tessellate>
			<altitudeMode>relativeToGround</altitudeMode>
			<coordinates>
				0,0,195394 0,0,195394 
			</coordinates>
		</LineString>
	</Placemark>
	<Placemark>
		<styleUrl>#style_20</styleUrl>
		<LineString>
			<tessellate>1</tessellate>
			<altitudeMode>relativeToGround</altitudeMode>
			<coordinates>
				0,0,195394 0,0,195394 
			</coordinates>
		</LineString>
	</Placemark>
	<Placemark>
		<styleUrl>#style_20</styleUrl>
		<LineString>
			<tessellate>1</tessellate>
			<altitudeMode>relativeToGround</altitudeMode>
			<coordinates>
				0,0,195394 0,0,195394 
			</coordinates>
		</LineString>
	</Placemark>
	<Placemark>
		<styleUrl>#style_20</styleUrl>
		<LineString>
			<tessellate>1</tessellate>
			<altitudeMode>relativeToGround</altitudeMode>
			<coordinates>
				0,0,195394 0,0,195394 
			</coordinates>
		</LineString>
	</Placemark>
	<Placemark>
		<styleUrl>#style_20</styleUrl>
		<LineString>
			<tessellate>1</tessellate>
			<altitudeMode>relativeToGround</altitudeMode>
			<coordinates>
				0,0,195394 0,0,195394 
			</coordinates>
		</LineString>
	</Placemark>
	<Placemark>
		<styleUrl>#style_20</styleUrl>
		<LineString>
			<tessellate>1</tessellate>
			<altitudeMode>relativeToGround</altitudeMode>
			<coordinates>
				0,0,195394 0,0,195394 
			</coordinates>
		</LineString>
	</Placemark>
	<Placemark>
		<styleUrl>#style_20</styleUrl>
		<LineString>
			<tessellate>1</tessellate>
			<altitudeMode>relativeToGround</altitudeMode>
			<coordinates>
				0,0,195394 0,0,195394 
			</coordinates>
		</LineString>
	</Placemark>
	<Placemark>
		<styleUrl>#style_20</styleUrl>
		<LineString>
			<tessellate>1</tessellate>
			<altitudeMode>relativeToGround</altitudeMode>
			<coordinates>
				0,0,195394 0,0,195394 
			</coordinates>
		</LineString>
	</Placemark>
	<Placemark>
		<styleUrl>#style_20</styleUrl>
		<LineString>
			<tessellate>1</tessellate>
			<altitudeMode>relativeToGround</altitudeMode>
			<coordinates>
				0,0,195394 0,0,195394 
			</coordinates>
		</LineString>
	</Placemark>
	<Placemark>
		<styleUrl>#style_20</styleUrl>
		<LineString>
			<tessellate>1</tessellate>
			<altitudeMode>relativeToGround</altitudeMode>
			<coordinates>
				0,0,195394 0,0,195394 
			</coordinates>
		</LineString>
	</Placemark>
	<Placemark>
		<styleUrl>#style_20</styleUrl>
		<LineString>
			<tessellate>1</tessellate>
			<altitudeMode>relativeToGround</altitudeMode>
			<coordinates>
				0,0,195394 0,0,195394 
			</coordinates>
		</LineString>
	</Placemark>
	<Placemark>
		<styleUrl>#style_20</styleUrl>
		<LineString>
			<tessellate>1</tessellate>
			<altitudeMode>relativeToGround</altitudeMode>
			<coordinates>
				0,0,195394 0,0,195394 
			</coordinates>
		</LineString>
	</Placemark>
	<Placemark>
		<styleUrl>#style_20</styleUrl>
		<LineString>
			<tessellate>1</tessellate>
			<altitudeMode>relativeToGround</altitudeMode>
			<coordinates>
				0,0,195394 0,0,195394 
			</coordinates>
		</LineString>
	</Placemark>
	<Placemark>
		<styleUrl>#style_20</styleUrl>
		<LineString>
			<tessellate>1</tessellate>
			<altitudeMode>relativeToGround</altitudeMode>
			<coordinates>
				0,0,195394 0,0,195394 
			</coordinates>
		</LineString>
	</Placemark>
	<Placemark>
		<styleUrl>#style_20</styleUrl>
		<LineString>
			<tessellate>1</tessellate>
			<altitudeMode>relativeToGround</altitudeMode>
			<coordinates>
				0,0,195394 0,0,195394 
			</coordinates>
		</LineString>
	</Placemark>
	<Placemark>
		<styleUrl>#style_20</styleUrl>
		<LineString>
			<tessellate>1</tessellate>
			<altitudeMode>relativeToGround</altitudeMode>
			<coordinates>
				0,0,195394 0,0,195394 
			</coordinates>
		</LineString>
	</Placemark>
	<Placemark>
		<styleUrl>#style_20</styleUrl>
		<LineString>
			<tessellate>1</tessellate>
			<altitudeMode>relativeToGround</altitudeMode>
			<coordinates>
				0,0,195394 0,0,195394 
			</coordinates>
		</LineString>
	</Placemark>
	<Placemark>
		<styleUrl>#style_20</styleUrl>
		<LineString>
			<tessellate>1</tessellate>
			<altitudeMode>relativeToGround</altitudeMode>
			<coordinates>
				0,0,195394 0,0,195394 
			</coordinates>
		</LineString>
	</Placemark>
	<Placemark>
		<styleUrl>#style_20</styleUrl>
		<LineString>
			<tessellate>1</tessellate>
			<altitudeMode>relativeToGround</altitudeMode>
			<coordinates>
				0,0,195394 0,0,195394 
			</coordinates>
		</LineString>
	</Placemark>
	<Placemark>
		<styleUrl>#style_20</styleUrl>
		<LineString>
			<tessellate>1</tessellate>
			<altitudeMode>relativeToGround</altitudeMode>
			<coordinates>
				0,0,195394 0,0,195394 
			</coordinates>
		</LineString>
	</Placemark>
	<Placemark>
		<styleUrl>#style_20</styleUrl>
		<LineString>
			<tessellate>1</tessellate>
			<altitudeMode>relativeToGround</altitudeMode>
			<coordinates>
				0,0,195394 0,0,195394 
			</coordinates>
		</LineString>
	</Placemark>
	<Placemark>
		<styleUrl>#style_20</styleUrl>
		<LineString>
			<tessellate>1</tessellate>
			<altitudeMode>relativeToGround</altitudeMode>
			<coordinates>
				0,0,195394 0,0,195394 
			</coordinates>
		</LineString>
	</Placemark>
	<Placemark>
		<styleUrl>#style_20</styleUrl>
		<LineString>
			<tessellate>1</tessellate>
			<altitudeMode>relativeToGround</altitudeMode>
			<coordinates>
				0,0,195394 0,0,195394 
			</coordinates>
		</LineString>
	</Placemark>
	<Placemark>
		<styleUrl>#style_20</styleUrl>
		<LineString>
			<tessellate>1</tessellate>
			<altitudeMode>relativeToGround</altitudeMode>
			<coordinates>
				0,0,195394 0,0,195394 
			</coordinates>
		</LineString>
	</Placemark>
	<Placemark>
		<styleUrl>#style_20</styleUrl>
		<LineString>
			<tessellate>1</tessellate>
			<altitudeMode>relativeToGround</altitudeMode>
			<coordinates>
				0,0,195394 0,0,195394 
			</coordinates>
		</LineString>
	</Placemark>
	<Placemark>
		<styleUrl>#style_20</styleUrl>
		<LineString>
			<tessellate>1</tessellate>
			<altitudeMode>relativeToGround</altitudeMode>
			<coordinates>
				0,0,195394 0,0,195394 
			</coordinates>
		</LineString>
	</Placemark>
	<Placemark>
		<styleUrl>#style_20</styleUrl>
		<LineString>
			<tessellate>1</tessellate>
			<altitudeMode>relativeToGround</altitudeMode>
			<coordinates>
				0,0,195394 0,0,195394 
			</coordinates>
		</LineString>
	</Placemark>
	<Placemark>
		<styleUrl>#style_20</styleUrl>
		<LineString>
			<tessellate>1</tessellate>
			<altitudeMode>relativeToGround</altitudeMode>
			<coordinates>
				0,0,195394 0,0,195394 
			</coordinates>
		</LineString>
	</Placemark>
	<Placemark>
		<styleUrl>#style_20</styleUrl>
		<LineString>
			<tessellate>1</tessellate>
			<altitudeMode>relativeToGround</altitudeMode>
			<coordinates>
				0,0,195394 0,0,195394 
			</coordinates>
		</LineString>
	</Placemark>
	<Placemark>
		<styleUrl>#style_20</styleUrl>
		<LineString>
			<tessellate>1</tessellate>
			<altitudeMode>relativeToGround</altitudeMode>
			<coordinates>
				0,0,195394 0,0,195394 
			</coordinates>
		</LineString>
	</Placemark>
	<Placemark>
		<styleUrl>#style_20</styleUrl>
		<LineString>
			<tessellate>1</tessellate>
			<altitudeMode>relativeToGround</altitudeMode>
			<coordinates>
				0,0,195394 0,0,195394 
			</coordinates>
		</LineString>
	</Placemark>
	<Placemark>
		<styleUrl>#style_20</styleUrl>
		<LineString>
			<tessellate>1</tessellate>
			<altitudeMode>relativeToGround</altitudeMode>
			<coordinates>
				0,0,195394 0,0,195394 
			</coordinates>
		</LineString>
	</Placemark>
	<Placemark>
		<styleUrl>#style_20</styleUrl>
		<LineString>
			<tessellate>1</tessellate>
			<altitudeMode>relativeToGround</altitudeMode>
			<coordinates>
				0,0,195394 0,0,195394 
			</coordinates>
		</LineString>
	</Placemark>
	<Placemark>
		<styleUrl>#style_20</styleUrl>
		<LineString>
			<tessellate>1</tessellate>
			<altitudeMode>relativeToGround</altitudeMode>
			<coordinates>
				0,0,195394 0,0,195394 
			</coordinates>
		</LineString>
	</Placemark>
	<Placemark>
		<styleUrl>#style_20</styleUrl>
		<LineString>
			<tessellate>1</tessellate>
			<altitudeMode>relativeToGround</altitudeMode>
			<coordinates>
				0,0,195394 0,0,195394 
			</coordinates>
		</LineString>
	</Placemark>
	<Placemark>
		<styleUrl>#style_20</styleUrl>
		<LineString>
			<tessellate>1</tessellate>
			<altitudeMode>relativeToGround</altitudeMode>
			<coordinates>
				0,0,195394 0,0,195394 
			</coordinates>
		</LineString>
	</Placemark>
	<Placemark>
		<styleUrl>#style_20</styleUrl>
		<LineString>
			<tessellate>1</tessellate>
			<altitudeMode>relativeToGround</altitudeMode>
			<coordinates>
				0,0,195394 0,0,195394 
			</coordinates>
		</LineString>
	</Placemark>
	<Placemark>
		<styleUrl>#style_20</styleUrl>
		<LineString>
			<tessellate>1</tessellate>
			<altitudeMode>relativeToGround</altitudeMode>
			<coordinates>
				0,0,195394 0,0,195394 
			</coordinates>
		</LineString>
	</Placemark>
	<Placemark>
		<styleUrl>#style_20</styleUrl>
		<LineString>
			<tessellate>1</tessellate>
			<altitudeMode>relativeToGround</altitudeMode>
			<coordinates>
				0,0,195394 0,0,195394 
			</coordinates>
		</LineString>
	</Placemark>
	<Placemark>
		<styleUrl>#style_20</styleUrl>
		<LineString>
			<tessellate>1</tessellate>
			<altitudeMode>relativeToGround</altitudeMode>
			<coordinates>
				0,0,195394 0,0,195394 
			</coordinates>
		</LineString>
	</Placemark>
	<Placemark>
		<styleUrl>#style_20</styleUrl>
		<LineString>
			<tessellate>1</tessellate>
			<altitudeMode>relativeToGround</altitudeMode>
			<coordinates>
				0,0,195394 0,0,195394 
			</coordinates>
		</LineString>
	</Placemark>
	<Placemark>
		<styleUrl>#style_20</styleUrl>
		<LineString>
			<tessellate>1</tessellate>
			<altitudeMode>relativeToGround</altitudeMode>
			<coordinates>
				0,0,195394 0,0,195394 
			</coordinates>
		</LineString>
	</Placemark>
	<Placemark>
		<styleUrl>#style_20</styleUrl>
		<LineString>
			<tessellate>1</tessellate>
			<altitudeMode>relativeToGround</altitudeMode>
			<coordinates>
				0,0,195394 0,0,195394 
			</coordinates>
		</LineString>
	</Placemark>
	<Placemark>
		<styleUrl>#style_20</styleUrl>
		<LineString>
			<tessellate>1</tessellate>
			<altitudeMode>relativeToGround</altitudeMode>
			<coordinates>
				0,0,195394 0,0,195394 
			</coordinates>
		</LineString>
	</Placemark>
	<Placemark>
		<styleUrl>#style_20</styleUrl>
		<LineString>
			<tessellate>1</tessellate>
			<altitudeMode>relativeToGround</altitudeMode>
			<coordinates>
				0,0,195394 0,0,195394 
			</coordinates>
		</LineString>
	</Placemark>
	<Placemark>
		<styleUrl>#style_20</styleUrl>
		<LineString>
			<tessellate>1</tessellate>
			<altitudeMode>relativeToGround</altitudeMode>
			<coordinates>
				0,0,195394 0,0,195394 
			</coordinates>
		</LineString>
	</Placemark>
	<Placemark>
		<styleUrl>#style_20</styleUrl>
		<LineString>
			<tessellate>1</tessellate>
			<altitudeMode>relativeToGround</altitudeMode>
			<coordinates>
				0,0,195394 0,0,195394 
			</coordinates>
		</LineString>
	</Placemark>
	<Placemark>
		<styleUrl>#style_20</styleUrl>
		<LineString>
			<tessellate>1</tessellate>
			<altitudeMode>relativeToGround</altitudeMode>
			<coordinates>
				0,0,195394 0,0,195394 
			</coordinates>
		</LineString>
	</Placemark>
	<Placemark>
		<styleUrl>#style_20</styleUrl>
		<LineString>
			<tessellate>1</tessellate>
			<altitudeMode>relativeToGround</altitudeMode>
			<coordinates>
				0,0,195394 0,0,195394 
			</coordinates>
		</LineString>
	</Placemark>
	<Placemark>
		<styleUrl>#style_20</styleUrl>
		<LineString>
			<tessellate>1</tessellate>
			<altitudeMode>relativeToGround</altitudeMode>
			<coordinates>
				0,0,195394 0,0,195394 
			</coordinates>
		</LineString>
	</Placemark>
	<Placemark>
		<styleUrl>#style_20</styleUrl>
		<LineString>
			<tessellate>1</tessellate>
			<altitudeMode>relativeToGround</altitudeMode>
			<coordinates>
				0,0,195394 0,0,195394 
			</coordinates>
		</LineString>
	</Placemark>
	<Placemark>
		<styleUrl>#style_20</styleUrl>
		<LineString>
			<tessellate>1</tessellate>
			<altitudeMode>relativeToGround</altitudeMode>
			<coordinates>
				0,0,195394 0,0,195394 
			</coordinates>
		</LineString>
	</Placemark>
	<Placemark>
		<styleUrl>#style_20</styleUrl>
		<LineString>
			<tessellate>1</tessellate>
			<altitudeMode>relativeToGround</altitudeMode>
			<coordinates>
				0,0,195394 0,0,195394 
			</coordinates>
		</LineString>
	</Placemark>
	<Placemark>
		<styleUrl>#style_20</styleUrl>
		<LineString>
			<tessellate>1</tessellate>
			<altitudeMode>relativeToGround</altitudeMode>
			<coordinates>
				0,0,195394 0,0,195394 
			</coordinates>
		</LineString>
	</Placemark>
	<Placemark>
		<styleUrl>#style_20</styleUrl>
		<LineString>
			<tessellate>1</tessellate>
			<altitudeMode>relativeToGround</altitudeMode>
			<coordinates>
				0,0,195394 0,0,195394 
			</coordinates>
		</LineString>
	</Placemark>
	<Placemark>
		<styleUrl>#style_20</styleUrl>
		<LineString>
			<tessellate>1</tessellate>
			<altitudeMode>relativeToGround</altitudeMode>
			<coordinates>
				0,0,195394 0,0,195394 
			</coordinates>
		</LineString>
	</Placemark>
	<Placemark>
		<styleUrl>#style_20</styleUrl>
		<LineString>
			<tessellate>1</tessellate>
			<altitudeMode>relativeToGround</altitudeMode>
			<coordinates>
				0,0,195394 0,0,195394 
			</coordinates>
		</LineString>
	</Placemark>
	<Placemark>
		<styleUrl>#style_20</styleUrl>
		<LineString>
			<tessellate>1</tessellate>
			<altitudeMode>relativeToGround</altitudeMode>
			<coordinates>
				0,0,195394 0,0,195394 
			</coordinates>
		</LineString>
	</Placemark>
	<Placemark>
		<styleUrl>#style_20</styleUrl>
		<LineString>
			<tessellate>1</tessellate>
			<altitudeMode>relativeToGround</altitudeMode>
			<coordinates>
				0,0,195394 0,0,195394 
			</coordinates>
		</LineString>
	</Placemark>
	<Placemark>
		<styleUrl>#style_20</styleUrl>
		<LineString>
			<tessellate>1</tessellate>
			<altitudeMode>relativeToGround</altitudeMode>
			<coordinates>
				0,0,195394 0,0,195394 
			</coordinates>
		</LineString>
	</Placemark>
	<Placemark>
		<styleUrl>#style_20</styleUrl>
		<LineString>
			<tessellate>1</tessellate>
			<altitudeMode>relativeToGround</altitudeMode>
			<coordinates>
				0,0,195394 0,0,195394 
			</coordinates>
		</LineString>
	</Placemark>
	<Placemark>
		<styleUrl>#style_20</styleUrl>
		<LineString>
			<tessellate>1</tessellate>
			<altitudeMode>relativeToGround</altitudeMode>
			<coordinates>
				0,0,195394 0,0,195394 
			</coordinates>
		</LineString>
	</Placemark>
	<Placemark>
		<styleUrl>#style_20</styleUrl>
		<LineString>
			<tessellate>1</tessellate>
			<altitudeMode>relativeToGround</altitudeMode>
			<coordinates>
				0,0,195394 0,0,195394 
			</coordinates>
		</LineString>
	</Placemark>
	<Placemark>
		<styleUrl>#style_20</styleUrl>
		<LineString>
			<tessellate>1</tessellate>
			<altitudeMode>relativeToGround</altitudeMode>
			<coordinates>
				0,0,195394 0,0,195394 
			</coordinates>
		</LineString>
	</Placemark>
	<Placemark>
		<styleUrl>#style_20</styleUrl>
		<LineString>
			<tessellate>1</tessellate>
			<altitudeMode>relativeToGround</altitudeMode>
			<coordinates>
				0,0,195394 0,0,195394 
			</coordinates>
		</LineString>
	</Placemark>
	<Placemark>
		<styleUrl>#style_20</styleUrl>
		<LineString>
			<tessellate>1</tessellate>
			<altitudeMode>relativeToGround</altitudeMode>
			<coordinates>
				0,0,195394 0,0,195394 
			</coordinates>
		</LineString>
	</Placemark>
	<Placemark>
		<styleUrl>#style_20</styleUrl>
		<LineString>
			<tessellate>1</tessellate>
			<altitudeMode>relativeToGround</altitudeMode>
			<coordinates>
				0,0,195394 0,0,195394 
			</coordinates>
		</LineString>
	</Placemark>
	<Placemark>
		<styleUrl>#style_20</styleUrl>
		<LineString>
			<tessellate>1</tessellate>
			<altitudeMode>relativeToGround</altitudeMode>
			<coordinates>
				0,0,195394 0,0,195394 
			</coordinates>
		</LineString>
	</Placemark>
	<Placemark>
		<styleUrl>#style_20</styleUrl>
		<LineString>
			<tessellate>1</tessellate>
			<altitudeMode>relativeToGround</altitudeMode>
			<coordinates>
				0,0,195394 0,0,195394 
			</coordinates>
		</LineString>
	</Placemark>
	<Placemark>
		<styleUrl>#style_20</styleUrl>
		<LineString>
			<tessellate>1</tessellate>
			<altitudeMode>relativeToGround</altitudeMode>
			<coordinates>
				0,0,195394 0,0,195394 
			</coordinates>
		</LineString>
	</Placemark>
	<Placemark>
		<styleUrl>#style_20</styleUrl>
		<LineString>
			<tessellate>1</tessellate>
			<altitudeMode>relativeToGround</altitudeMode>
			<coordinates>
				0,0,195394 0,0,195394 
			</coordinates>
		</LineString>
	</Placemark>
	<Placemark>
		<styleUrl>#style_20</styleUrl>
		<LineString>
			<tessellate>1</tessellate>
			<altitudeMode>relativeToGround</altitudeMode>
			<coordinates>
				0,0,195394 0,0,195394 
			</coordinates>
		</LineString>
	</Placemark>
	<Placemark>
		<styleUrl>#style_20</styleUrl>
		<LineString>
			<tessellate>1</tessellate>
			<altitudeMode>relativeToGround</altitudeMode>
			<coordinates>
				0,0,195394 0,0,195394 
			</coordinates>
		</LineString>
	</Placemark>
	<Placemark>
		<styleUrl>#style_20</styleUrl>
		<LineString>
			<tessellate>1</tessellate>
			<altitudeMode>relativeToGround</altitudeMode>
			<coordinates>
				0,0,195394 0,0,195394 
			</coordinates>
		</LineString>
	</Placemark>
	<Placemark>
		<styleUrl>#style_20</styleUrl>
		<LineString>
			<tessellate>1</tessellate>
			<altitudeMode>relativeToGround</altitudeMode>
			<coordinates>
				0,0,195394 0,0,195394 
			</coordinates>
		</LineString>
	</Placemark>
	<Placemark>
		<styleUrl>#style_20</styleUrl>
		<LineString>
			<tessellate>1</tessellate>
			<altitudeMode>relativeToGround</altitudeMode>
			<coordinates>
				0,0,195394 0,0,195394 
			</coordinates>
		</LineString>
	</Placemark>
	<Placemark>
		<styleUrl>#style_20</styleUrl>
		<LineString>
			<tessellate>1</tessellate>
			<altitudeMode>relativeToGround</altitudeMode>
			<coordinates>
				0,0,195394 0,0,195394 
			</coordinates>
		</LineString>
	</Placemark>
	<Placemark>
		<styleUrl>#style_20</styleUrl>
		<LineString>
			<tessellate>1</tessellate>
			<altitudeMode>relativeToGround</altitudeMode>
			<coordinates>
				0,0,195394 0,0,195394 
			</coordinates>
		</LineString>
	</Placemark>
	<Placemark>
		<styleUrl>#style_20</styleUrl>
		<LineString>
			<tessellate>1</tessellate>
			<altitudeMode>relativeToGround</altitudeMode>
			<coordinates>
				0,0,195394 0,0,195394 
			</coordinates>
		</LineString>
	</Placemark>
	<Placemark>
		<styleUrl>#style_20</styleUrl>
		<LineString>
			<tessellate>1</tessellate>
			<altitudeMode>relativeToGround</altitudeMode>
			<coordinates>
				0,0,195394 0,0,195394 
			</coordinates>
		</LineString>
	</Placemark>
	<Placemark>
		<styleUrl>#style_20</styleUrl>
		<LineString>
			<tessellate>1</tessellate>
			<altitudeMode>relativeToGround</altitudeMode>
			<coordinates>
				0,0,195394 0,0,195394 
			</coordinates>
		</LineString>
	</Placemark>
	<Placemark>
		<styleUrl>#style_20</styleUrl>
		<LineString>
			<tessellate>1</tessellate>
			<altitudeMode>relativeToGround</altitudeMode>
			<coordinates>
				0,0,195394 0,0,195394 
			</coordinates>
		</LineString>
	</Placemark>
	<Placemark>
		<styleUrl>#style_20</styleUrl>
		<LineString>
			<tessellate>1</tessellate>
			<altitudeMode>relativeToGround</altitudeMode>
			<coordinates>
				0,0,195394 0,0,195394 
			</coordinates>
		</LineString>
	</Placemark>
	<Placemark>
		<styleUrl>#style_20</styleUrl>
		<LineString>
			<tessellate>1</tessellate>
			<altitudeMode>relativeToGround</altitudeMode>
			<coordinates>
				0,0,195394 0,0,195394 
			</coordinates>
		</LineString>
	</Placemark>
	<Placemark>
		<styleUrl>#style_20</styleUrl>
		<LineString>
			<tessellate>1</tessellate>
			<altitudeMode>relativeToGround</altitudeMode>
			<coordinates>
				0,0,195394 0,0,195394 
			</coordinates>
		</LineString>
	</Placemark>
	<Placemark>
		<styleUrl>#style_20</styleUrl>
		<LineString>
			<tessellate>1</tessellate>
			<altitudeMode>relativeToGround</altitudeMode>
			<coordinates>
				0,0,195394 0,0,195394 
			</coordinates>
		</LineString>
	</Placemark>
	<Placemark>
		<styleUrl>#style_20</styleUrl>
		<LineString>
			<tessellate>1</tessellate>
			<altitudeMode>relativeToGround</altitudeMode>
			<coordinates>
				0,0,195394 0,0,195394 
			</coordinates>
		</LineString>
	</Placemark>
	<Placemark>
		<styleUrl>#style_20</styleUrl>
		<LineString>
			<tessellate>1</tessellate>
			<altitudeMode>relativeToGround</altitudeMode>
			<coordinates>
				0,0,195394 0,0,195394 
			</coordinates>
		</LineString>
	</Placemark>
	<Placemark>
		<styleUrl>#style_20</styleUrl>
		<LineString>
			<tessellate>1</tessellate>
			<altitudeMode>relativeToGround</altitudeMode>
			<coordinates>
				0,0,195394 0,0,195394 
			</coordinates>
		</LineString>
	</Placemark>
	<Placemark>
		<styleUrl>#style_20</styleUrl>
		<LineString>
			<tessellate>1</tessellate>
			<altitudeMode>relativeToGround</altitudeMode>
			<coordinates>
				0,0,195394 0,0,195394 
			</coordinates>
		</LineString>
	</Placemark>
	<Placemark>
		<styleUrl>#style_20</styleUrl>
		<LineString>
			<tessellate>1</tessellate>
			<altitudeMode>relativeToGround</altitudeMode>
			<coordinates>
				0,0,195394 0,0,195394 
			</coordinates>
		</LineString>
	</Placemark>
	<Placemark>
		<styleUrl>#style_20</styleUrl>
		<LineString>
			<tessellate>1</tessellate>
			<altitudeMode>relativeToGround</altitudeMode>
			<coordinates>
				0,0,195394 0,0,195394 
			</coordinates>
		</LineString>
	</Placemark>
	<Placemark>
		<styleUrl>#style_20</styleUrl>
		<LineString>
			<tessellate>1</tessellate>
			<altitudeMode>relativeToGround</altitudeMode>
			<coordinates>
				0,0,195394 0,0,195394 
			</coordinates>
		</LineString>
	</Placemark>
	<Placemark>
		<styleUrl>#style_20</styleUrl>
		<LineString>
			<tessellate>1</tessellate>
			<altitudeMode>relativeToGround</altitudeMode>
			<coordinates>
				0,0,195394 0,0,195394 
			</coordinates>
		</LineString>
	</Placemark>
	<Placemark>
		<styleUrl>#style_20</styleUrl>
		<LineString>
			<tessellate>1</tessellate>
			<altitudeMode>relativeToGround</altitudeMode>
			<coordinates>
				0,0,195394 0,0,195394 
			</coordinates>
		</LineString>
	</Placemark>
	<Placemark>
		<styleUrl>#style_20</styleUrl>
		<LineString>
			<tessellate>1</tessellate>
			<altitudeMode>relativeToGround</altitudeMode>
			<coordinates>
				0,0,195394 0,0,195394 
			</coordinates>
		</LineString>
	</Placemark>
	<Placemark>
		<styleUrl>#style_20</styleUrl>
		<LineString>
			<tessellate>1</tessellate>
			<altitudeMode>relativeToGround</altitudeMode>
			<coordinates>
				0,0,195394 0,0,195394 
			</coordinates>
		</LineString>
	</Placemark>
	<Placemark>
		<styleUrl>#style_20</styleUrl>
		<LineString>
			<tessellate>1</tessellate>
			<altitudeMode>relativeToGround</altitudeMode>
			<coordinates>
				0,0,195394 0,0,195394 
			</coordinates>
		</LineString>
	</Placemark>
	<Placemark>
		<styleUrl>#style_20</styleUrl>
		<LineString>
			<tessellate>1</tessellate>
			<altitudeMode>relativeToGround</altitudeMode>
			<coordinates>
				0,0,195394 0,0,195394 
			</coordinates>
		</LineString>
	</Placemark>
	<Placemark>
		<styleUrl>#style_20</styleUrl>
		<LineString>
			<tessellate>1</tessellate>
			<altitudeMode>relativeToGround</altitudeMode>
			<coordinates>
				0,0,195394 0,0,195394 
			</coordinates>
		</LineString>
	</Placemark>
	<Placemark>
		<styleUrl>#style_20</styleUrl>
		<LineString>
			<tessellate>1</tessellate>
			<altitudeMode>relativeToGround</altitudeMode>
			<coordinates>
				0,0,195394 0,0,195394 
			</coordinates>
		</LineString>
	</Placemark>
	<Placemark>
		<styleUrl>#style_20</styleUrl>
		<LineString>
			<tessellate>1</tessellate>
			<altitudeMode>relativeToGround</altitudeMode>
			<coordinates>
				0,0,195394 0,0,195394 
			</coordinates>
		</LineString>
	</Placemark>
	<Placemark>
		<styleUrl>#style_20</styleUrl>
		<LineString>
			<tessellate>1</tessellate>
			<altitudeMode>relativeToGround</altitudeMode>
			<coordinates>
				0,0,195394 0,0,195394 
			</coordinates>
		</LineString>
	</Placemark>
	<Placemark>
		<styleUrl>#style_20</styleUrl>
		<LineString>
			<tessellate>1</tessellate>
			<altitudeMode>relativeToGround</altitudeMode>
			<coordinates>
				0,0,195394 0,0,195394 
			</coordinates>
		</LineString>
	</Placemark>
	<Placemark>
		<styleUrl>#style_20</styleUrl>
		<LineString>
			<tessellate>1</tessellate>
			<altitudeMode>relativeToGround</altitudeMode>
			<coordinates>
				0,0,195394 0,0,195394 
			</coordinates>
		</LineString>
	</Placemark>
	<Placemark>
		<styleUrl>#style_20</styleUrl>
		<LineString>
			<tessellate>1</tessellate>
			<altitudeMode>relativeToGround</altitudeMode>
			<coordinates>
				0,0,195394 0,0,195394 
			</coordinates>
		</LineString>
	</Placemark>
	<Placemark>
		<styleUrl>#style_20</styleUrl>
		<LineString>
			<tessellate>1</tessellate>
			<altitudeMode>relativeToGround</altitudeMode>
			<coordinates>
				0,0,195394 0,0,195394 
			</coordinates>
		</LineString>
	</Placemark>
	<Placemark>
		<styleUrl>#style_20</styleUrl>
		<LineString>
			<tessellate>1</tessellate>
			<altitudeMode>relativeToGround</altitudeMode>
			<coordinates>
				0,0,195394 0,0,195394 
			</coordinates>
		</LineString>
	</Placemark>
	<Placemark>
		<styleUrl>#style_20</styleUrl>
		<LineString>
			<tessellate>1</tessellate>
			<altitudeMode>relativeToGround</altitudeMode>
			<coordinates>
				0,0,195394 0,0,195394 
			</coordinates>
		</LineString>
	</Placemark>
	<Placemark>
		<styleUrl>#style_20</styleUrl>
		<LineString>
			<tessellate>1</tessellate>
			<altitudeMode>relativeToGround</altitudeMode>
			<coordinates>
				0,0,195394 0,0,195394 
			</coordinates>
		</LineString>
	</Placemark>
	<Placemark>
		<styleUrl>#style_20</styleUrl>
		<LineString>
			<tessellate>1</tessellate>
			<altitudeMode>relativeToGround</altitudeMode>
			<coordinates>
				0,0,195394 0,0,195394 
			</coordinates>
		</LineString>
	</Placemark>
	<Placemark>
		<styleUrl>#style_20</styleUrl>
		<LineString>
			<tessellate>1</tessellate>
			<altitudeMode>relativeToGround</altitudeMode>
			<coordinates>
				0,0,195394 0,0,195394 
			</coordinates>
		</LineString>
	</Placemark>
	<Placemark>
		<styleUrl>#style_20</styleUrl>
		<LineString>
			<tessellate>1</tessellate>
			<altitudeMode>relativeToGround</altitudeMode>
			<coordinates>
				0,0,195394 0,0,195394 
			</coordinates>
		</LineString>
	</Placemark>
	<Placemark>
		<styleUrl>#style_20</styleUrl>
		<LineString>
			<tessellate>1</tessellate>
			<altitudeMode>relativeToGround</altitudeMode>
			<coordinates>
				0,0,195394 0,0,195394 
			</coordinates>
		</LineString>
	</Placemark>
	<Placemark>
		<styleUrl>#style_20</styleUrl>
		<LineString>
			<tessellate>1</tessellate>
			<altitudeMode>relativeToGround</altitudeMode>
			<coordinates>
				0,0,195394 0,0,195394 
			</coordinates>
		</LineString>
	</Placemark>
	<Placemark>
		<styleUrl>#style_20</styleUrl>
		<LineString>
			<tessellate>1</tessellate>
			<altitudeMode>relativeToGround</altitudeMode>
			<coordinates>
				0,0,195394 0,0,195394 
			</coordinates>
		</LineString>
	</Placemark>
	<Placemark>
		<styleUrl>#style_20</styleUrl>
		<LineString>
			<tessellate>1</tessellate>
			<altitudeMode>relativeToGround</altitudeMode>
			<coordinates>
				0,0,195394 0,0,195394 
			</coordinates>
		</LineString>
	</Placemark>
	<Placemark>
		<styleUrl>#style_20</styleUrl>
		<LineString>
			<tessellate>1</tessellate>
			<altitudeMode>relativeToGround</altitudeMode>
			<coordinates>
				0,0,195394 0,0,195394 
			</coordinates>
		</LineString>
	</Placemark>
	<Placemark>
		<styleUrl>#style_20</styleUrl>
		<LineString>
			<tessellate>1</tessellate>
			<altitudeMode>relativeToGround</altitudeMode>
			<coordinates>
				0,0,195394 0,0,195394 
			</coordinates>
		</LineString>
	</Placemark>
	<Placemark>
		<styleUrl>#style_20</styleUrl>
		<LineString>
			<tessellate>1</tessellate>
			<altitudeMode>relativeToGround</altitudeMode>
			<coordinates>
				0,0,195394 0,0,195394 
			</coordinates>
		</LineString>
	</Placemark>
	<Placemark>
		<styleUrl>#style_20</styleUrl>
		<LineString>
			<tessellate>1</tessellate>
			<altitudeMode>relativeToGround</altitudeMode>
			<coordinates>
				0,0,195394 0,0,195394 
			</coordinates>
		</LineString>
	</Placemark>
	<Placemark>
		<styleUrl>#style_20</styleUrl>
		<LineString>
			<tessellate>1</tessellate>
			<altitudeMode>relativeToGround</altitudeMode>
			<coordinates>
				0,0,195394 0,0,195394 
			</coordinates>
		</LineString>
	</Placemark>
	<Placemark>
		<styleUrl>#style_20</styleUrl>
		<LineString>
			<tessellate>1</tessellate>
			<altitudeMode>relativeToGround</altitudeMode>
			<coordinates>
				0,0,195394 0,0,195394 
			</coordinates>
		</LineString>
	</Placemark>
	<Placemark>
		<styleUrl>#style_20</styleUrl>
		<LineString>
			<tessellate>1</tessellate>
			<altitudeMode>relativeToGround</altitudeMode>
			<coordinates>
				0,0,195394 0,0,195394 
			</coordinates>
		</LineString>
	</Placemark>
	<Placemark>
		<styleUrl>#style_20</styleUrl>
		<LineString>
			<tessellate>1</tessellate>
			<altitudeMode>relativeToGround</altitudeMode>
			<coordinates>
				0,0,195394 0,0,195394 
			</coordinates>
		</LineString>
	</Placemark>
	<Placemark>
		<styleUrl>#style_20</styleUrl>
		<LineString>
			<tessellate>1</tessellate>
			<altitudeMode>relativeToGround</altitudeMode>
			<coordinates>
				0,0,195394 0,0,195394 
			</coordinates>
		</LineString>
	</Placemark>
	<Placemark>
		<styleUrl>#style_20</styleUrl>
		<LineString>
			<tessellate>1</tessellate>
			<altitudeMode>relativeToGround</altitudeMode>
			<coordinates>
				0,0,195394 0,0,195394 
			</coordinates>
		</LineString>
	</Placemark>
	<Placemark>
		<styleUrl>#style_20</styleUrl>
		<LineString>
			<tessellate>1</tessellate>
			<altitudeMode>relativeToGround</altitudeMode>
			<coordinates>
				0,0,195394 0,0,195394 
			</coordinates>
		</LineString>
	</Placemark>
	<Placemark>
		<styleUrl>#style_20</styleUrl>
		<LineString>
			<tessellate>1</tessellate>
			<altitudeMode>relativeToGround</altitudeMode>
			<coordinates>
				0,0,195394 0,0,195394 
			</coordinates>
		</LineString>
	</Placemark>
	<Placemark>
		<styleUrl>#style_20</styleUrl>
		<LineString>
			<tessellate>1</tessellate>
			<altitudeMode>relativeToGround</altitudeMode>
			<coordinates>
				0,0,195394 0,0,195394 
			</coordinates>
		</LineString>
	</Placemark>
	<Placemark>
		<styleUrl>#style_20</styleUrl>
		<LineString>
			<tessellate>1</tessellate>
			<altitudeMode>relativeToGround</altitudeMode>
			<coordinates>
				0,0,195394 0,0,195394 
			</coordinates>
		</LineString>
	</Placemark>
	<Placemark>
		<styleUrl>#style_20</styleUrl>
		<LineString>
			<tessellate>1</tessellate>
			<altitudeMode>relativeToGround</altitudeMode>
			<coordinates>
				0,0,195394 0,0,195394 
			</coordinates>
		</LineString>
	</Placemark>
	<Placemark>
		<styleUrl>#style_20</styleUrl>
		<LineString>
			<tessellate>1</tessellate>
			<altitudeMode>relativeToGround</altitudeMode>
			<coordinates>
				0,0,195394 0,0,195394 
			</coordinates>
		</LineString>
	</Placemark>
	<Placemark>
		<styleUrl>#style_20</styleUrl>
		<LineString>
			<tessellate>1</tessellate>
			<altitudeMode>relativeToGround</altitudeMode>
			<coordinates>
				0,0,195394 0,0,195394 
			</coordinates>
		</LineString>
	</Placemark>
	<Placemark>
		<styleUrl>#style_20</styleUrl>
		<LineString>
			<tessellate>1</tessellate>
			<altitudeMode>relativeToGround</altitudeMode>
			<coordinates>
				0,0,195394 0,0,195394 
			</coordinates>
		</LineString>
	</Placemark>
	<Placemark>
		<styleUrl>#style_20</styleUrl>
		<LineString>
			<tessellate>1</tessellate>
			<altitudeMode>relativeToGround</altitudeMode>
			<coordinates>
				0,0,195394 0,0,195394 
			</coordinates>
		</LineString>
	</Placemark>
	<Placemark>
		<styleUrl>#style_20</styleUrl>
		<LineString>
			<tessellate>1</tessellate>
			<altitudeMode>relativeToGround</altitudeMode>
			<coordinates>
				0,0,195394 0,0,195394 
			</coordinates>
		</LineString>
	</Placemark>
	<Placemark>
		<styleUrl>#style_20</styleUrl>
		<LineString>
			<tessellate>1</tessellate>
			<altitudeMode>relativeToGround</altitudeMode>
			<coordinates>
				0,0,195394 0,0,195394 
			</coordinates>
		</LineString>
	</Placemark>
	<Placemark>
		<styleUrl>#style_20</styleUrl>
		<LineString>
			<tessellate>1</tessellate>
			<altitudeMode>relativeToGround</altitudeMode>
			<coordinates>
				0,0,195394 0,0,195394 
			</coordinates>
		</LineString>
	</Placemark>
	<Placemark>
		<styleUrl>#style_20</styleUrl>
		<LineString>
			<tessellate>1</tessellate>
			<altitudeMode>relativeToGround</altitudeMode>
			<coordinates>
				0,0,195394 0,0,195394 
			</coordinates>
		</LineString>
	</Placemark>
	<Placemark>
		<styleUrl>#style_20</styleUrl>
		<LineString>
			<tessellate>1</tessellate>
			<altitudeMode>relativeToGround</altitudeMode>
			<coordinates>
				0,0,195394 0,0,195394 
			</coordinates>
		</LineString>
	</Placemark>
	<Placemark>
		<styleUrl>#style_20</styleUrl>
		<LineString>
			<tessellate>1</tessellate>
			<altitudeMode>relativeToGround</altitudeMode>
			<coordinates>
				0,0,195394 0,0,195394 
			</coordinates>
		</LineString>
	</Placemark>
	<Placemark>
		<styleUrl>#style_20</styleUrl>
		<LineString>
			<tessellate>1</tessellate>
			<altitudeMode>relativeToGround</altitudeMode>
			<coordinates>
				0,0,195394 0,0,195394 
			</coordinates>
		</LineString>
	</Placemark>
	<Placemark>
		<styleUrl>#style_20</styleUrl>
		<LineString>
			<tessellate>1</tessellate>
			<altitudeMode>relativeToGround</altitudeMode>
			<coordinates>
				0,0,195394 0,0,195394 
			</coordinates>
		</LineString>
	</Placemark>
	<Placemark>
		<styleUrl>#style_20</styleUrl>
		<LineString>
			<tessellate>1</tessellate>
			<altitudeMode>relativeToGround</altitudeMode>
			<coordinates>
				0,0,195394 0,0,195394 
			</coordinates>
		</LineString>
	</Placemark>
	<Placemark>
		<styleUrl>#style_20</styleUrl>
		<LineString>
			<tessellate>1</tessellate>
			<altitudeMode>relativeToGround</altitudeMode>
			<coordinates>
				0,0,195394 0,0,195394 
			</coordinates>
		</LineString>
	</Placemark>
	<Placemark>
		<styleUrl>#style_20</styleUrl>
		<LineString>
			<tessellate>1</tessellate>
			<altitudeMode>relativeToGround</altitudeMode>
			<coordinates>
				0,0,195394 0,0,195394 
			</coordinates>
		</LineString>
	</Placemark>
	<Placemark>
		<styleUrl>#style_20</styleUrl>
		<LineString>
			<tessellate>1</tessellate>
			<altitudeMode>relativeToGround</altitudeMode>
			<coordinates>
				0,0,195394 0,0,195394 
			</coordinates>
		</LineString>
	</Placemark>
	<Placemark>
		<styleUrl>#style_20</styleUrl>
		<LineString>
			<tessellate>1</tessellate>
			<altitudeMode>relativeToGround</altitudeMode>
			<coordinates>
				0,0,195394 0,0,195394 
			</coordinates>
		</LineString>
	</Placemark>
	<Placemark>
		<styleUrl>#style_20</styleUrl>
		<LineString>
			<tessellate>1</tessellate>
			<altitudeMode>relativeToGround</altitudeMode>
			<coordinates>
				0,0,195394 0,0,195394 
			</coordinates>
		</LineString>
	</Placemark>
	<Placemark>
		<styleUrl>#style_20</styleUrl>
		<LineString>
			<tessellate>1</tessellate>
			<altitudeMode>relativeToGround</altitudeMode>
			<coordinates>
				0,0,195394 0,0,195394 
			</coordinates>
		</LineString>
	</Placemark>
	<Placemark>
		<styleUrl>#style_20</styleUrl>
		<LineString>
			<tessellate>1</tessellate>
			<altitudeMode>relativeToGround</altitudeMode>
			<coordinates>
				0,0,195394 0,0,195394 
			</coordinates>
		</LineString>
	</Placemark>
	<Placemark>
		<styleUrl>#style_20</styleUrl>
		<LineString>
			<tessellate>1</tessellate>
			<altitudeMode>relativeToGround</altitudeMode>
			<coordinates>
				0,0,195394 0,0,195394 
			</coordinates>
		</LineString>
	</Placemark>
	<Placemark>
		<styleUrl>#style_20</styleUrl>
		<LineString>
			<tessellate>1</tessellate>
			<altitudeMode>relativeToGround</altitudeMode>
			<coordinates>
				0,0,195394 0,0,195394 
			</coordinates>
		</LineString>
	</Placemark>
	<Placemark>
		<styleUrl>#style_20</styleUrl>
		<LineString>
			<tessellate>1</tessellate>
			<altitudeMode>relativeToGround</altitudeMode>
			<coordinates>
				0,0,195394 0,0,195394 
			</coordinates>
		</LineString>
	</Placemark>
	<Placemark>
		<styleUrl>#style_20</styleUrl>
		<LineString>
			<tessellate>1</tessellate>
			<altitudeMode>relativeToGround</altitudeMode>
			<coordinates>
				0,0,195394 0,0,195394 
			</coordinates>
		</LineString>
	</Placemark>
	<Placemark>
		<styleUrl>#style_20</styleUrl>
		<LineString>
			<tessellate>1</tessellate>
			<altitudeMode>relativeToGround</altitudeMode>
			<coordinates>
				0,0,195394 0,0,195394 
			</coordinates>
		</LineString>
	</Placemark>
	<Placemark>
		<styleUrl>#style_20</styleUrl>
		<LineString>
			<tessellate>1</tessellate>
			<altitudeMode>relativeToGround</altitudeMode>
			<coordinates>
				0,0,195394 0,0,195394 
			</coordinates>
		</LineString>
	</Placemark>
	<Placemark>
		<styleUrl>#style_20</styleUrl>
		<LineString>
			<tessellate>1</tessellate>
			<altitudeMode>relativeToGround</altitudeMode>
			<coordinates>
				0,0,195394 0,0,195394 
			</coordinates>
		</LineString>
	</Placemark>
	<Placemark>
		<styleUrl>#style_20</styleUrl>
		<LineString>
			<tessellate>1</tessellate>
			<altitudeMode>relativeToGround</altitudeMode>
			<coordinates>
				0,0,195394 0,0,195394 
			</coordinates>
		</LineString>
	</Placemark>
	<Placemark>
		<styleUrl>#style_20</styleUrl>
		<LineString>
			<tessellate>1</tessellate>
			<altitudeMode>relativeToGround</altitudeMode>
			<coordinates>
				0,0,195394 0,0,195394 
			</coordinates>
		</LineString>
	</Placemark>
	<Placemark>
		<styleUrl>#style_20</styleUrl>
		<LineString>
			<tessellate>1</tessellate>
			<altitudeMode>relativeToGround</altitudeMode>
			<coordinates>
				0,0,195394 0,0,195394 
			</coordinates>
		</LineString>
	</Placemark>
	<Placemark>
		<styleUrl>#style_20</styleUrl>
		<LineString>
			<tessellate>1</tessellate>
			<altitudeMode>relativeToGround</altitudeMode>
			<coordinates>
				0,0,195394 0,0,195394 
			</coordinates>
		</LineString>
	</Placemark>
	<Placemark>
		<styleUrl>#style_20</styleUrl>
		<LineString>
			<tessellate>1</tessellate>
			<altitudeMode>relativeToGround</altitudeMode>
			<coordinates>
				0,0,195394 0,0,195394 
			</coordinates>
		</LineString>
	</Placemark>
	<Placemark>
		<styleUrl>#style_20</styleUrl>
		<LineString>
			<tessellate>1</tessellate>
			<altitudeMode>relativeToGround</altitudeMode>
			<coordinates>
				0,0,195394 0,0,195394 
			</coordinates>
		</LineString>
	</Placemark>
	<Placemark>
		<styleUrl>#style_20</styleUrl>
		<LineString>
			<tessellate>1</tessellate>
			<altitudeMode>relativeToGround</altitudeMode>
			<coordinates>
				0,0,195394 0,0,195394 
			</coordinates>
		</LineString>
	</Placemark>
	<Placemark>
		<styleUrl>#style_20</styleUrl>
		<LineString>
			<tessellate>1</tessellate>
			<altitudeMode>relativeToGround</altitudeMode>
			<coordinates>
				0,0,195394 0,0,195394 
			</coordinates>
		</LineString>
	</Placemark>
	<Placemark>
		<styleUrl>#style_20</styleUrl>
		<LineString>
			<tessellate>1</tessellate>
			<altitudeMode>relativeToGround</altitudeMode>
			<coordinates>
				0,0,195394 0,0,195394 
			</coordinates>
		</LineString>
	</Placemark>
	<Placemark>
		<styleUrl>#style_20</styleUrl>
		<LineString>
			<tessellate>1</tessellate>
			<altitudeMode>relativeToGround</altitudeMode>
			<coordinates>
				0,0,195394 0,0,195394 
			</coordinates>
		</LineString>
	</Placemark>
	<Placemark>
		<styleUrl>#style_20</styleUrl>
		<LineString>
			<tessellate>1</tessellate>
			<altitudeMode>relativeToGround</altitudeMode>
			<coordinates>
				0,0,195394 0,0,195394 
			</coordinates>
		</LineString>
	</Placemark>
	<Placemark>
		<styleUrl>#style_20</styleUrl>
		<LineString>
			<tessellate>1</tessellate>
			<altitudeMode>relativeToGround</altitudeMode>
			<coordinates>
				0,0,195394 0,0,195394 
			</coordinates>
		</LineString>
	</Placemark>
	<Placemark>
		<styleUrl>#style_20</styleUrl>
		<LineString>
			<tessellate>1</tessellate>
			<altitudeMode>relativeToGround</altitudeMode>
			<coordinates>
				0,0,195394 0,0,195394 
			</coordinates>
		</LineString>
	</Placemark>
	<Placemark>
		<styleUrl>#style_20</styleUrl>
		<LineString>
			<tessellate>1</tessellate>
			<altitudeMode>relativeToGround</altitudeMode>
			<coordinates>
				0,0,195394 0,0,195394 
			</coordinates>
		</LineString>
	</Placemark>
	<Placemark>
		<styleUrl>#style_20</styleUrl>
		<LineString>
			<tessellate>1</tessellate>
			<altitudeMode>relativeToGround</altitudeMode>
			<coordinates>
				0,0,195394 0,0,195394 
			</coordinates>
		</LineString>
	</Placemark>
	<Placemark>
		<styleUrl>#style_20</styleUrl>
		<LineString>
			<tessellate>1</tessellate>
			<altitudeMode>relativeToGround</altitudeMode>
			<coordinates>
				0,0,195394 0,0,195394 
			</coordinates>
		</LineString>
	</Placemark>
	<Placemark>
		<styleUrl>#style_20</styleUrl>
		<LineString>
			<tessellate>1</tessellate>
			<altitudeMode>relativeToGround</altitudeMode>
			<coordinates>
				0,0,195394 0,0,195394 
			</coordinates>
		</LineString>
	</Placemark>
	<Placemark>
		<styleUrl>#style_20</styleUrl>
		<LineString>
			<tessellate>1</tessellate>
			<altitudeMode>relativeToGround</altitudeMode>
			<coordinates>
				0,0,195394 0,0,195394 
			</coordinates>
		</LineString>
	</Placemark>
	<Placemark>
		<styleUrl>#style_20</styleUrl>
		<LineString>
			<tessellate>1</tessellate>
			<altitudeMode>relativeToGround</altitudeMode>
			<coordinates>
				0,0,195394 0,0,195394 
			</coordinates>
		</LineString>
	</Placemark>
	<Placemark>
		<styleUrl>#style_20</styleUrl>
		<LineString>
			<tessellate>1</tessellate>
			<altitudeMode>relativeToGround</altitudeMode>
			<coordinates>
				0,0,195394 0,0,195394 
			</coordinates>
		</LineString>
	</Placemark>
	<Placemark>
		<styleUrl>#style_20</styleUrl>
		<LineString>
			<tessellate>1</tessellate>
			<altitudeMode>relativeToGround</altitudeMode>
			<coordinates>
				0,0,195394 0,0,195394 
			</coordinates>
		</LineString>
	</Placemark>
	<Placemark>
		<styleUrl>#style_20</styleUrl>
		<LineString>
			<tessellate>1</tessellate>
			<altitudeMode>relativeToGround</altitudeMode>
			<coordinates>
				0,0,195394 0,0,195394 
			</coordinates>
		</LineString>
	</Placemark>
	<Placemark>
		<styleUrl>#style_20</styleUrl>
		<LineString>
			<tessellate>1</tessellate>
			<altitudeMode>relativeToGround</altitudeMode>
			<coordinates>
				0,0,195394 0,0,195394 
			</coordinates>
		</LineString>
	</Placemark>
	<Placemark>
		<styleUrl>#style_20</styleUrl>
		<LineString>
			<tessellate>1</tessellate>
			<altitudeMode>relativeToGround</altitudeMode>
			<coordinates>
				0,0,195394 0,0,195394 
			</coordinates>
		</LineString>
	</Placemark>
	<Placemark>
		<styleUrl>#style_20</styleUrl>
		<LineString>
			<tessellate>1</tessellate>
			<altitudeMode>relativeToGround</altitudeMode>
			<coordinates>
				0,0,195394 0,0,195394 
			</coordinates>
		</LineString>
	</Placemark>
	<Placemark>
		<styleUrl>#style_20</styleUrl>
		<LineString>
			<tessellate>1</tessellate>
			<altitudeMode>relativeToGround</altitudeMode>
			<coordinates>
				0,0,195394 0,0,195394 
			</coordinates>
		</LineString>
	</Placemark>
	<Placemark>
		<styleUrl>#style_20</styleUrl>
		<LineString>
			<tessellate>1</tessellate>
			<altitudeMode>relativeToGround</altitudeMode>
			<coordinates>
				0,0,195394 0,0,195394 
			</coordinates>
		</LineString>
	</Placemark>
	<Placemark>
		<styleUrl>#style_20</styleUrl>
		<LineString>
			<tessellate>1</tessellate>
			<altitudeMode>relativeToGround</altitudeMode>
			<coordinates>
				0,0,195394 0,0,195394 
			</coordinates>
		</LineString>
	</Placemark>
	<Placemark>
		<styleUrl>#style_20</styleUrl>
		<LineString>
			<tessellate>1</tessellate>
			<altitudeMode>relativeToGround</altitudeMode>
			<coordinates>
				0,0,195394 0,0,195394 
			</coordinates>
		</LineString>
	</Placemark>
	<Placemark>
		<styleUrl>#style_20</styleUrl>
		<LineString>
			<tessellate>1</tessellate>
			<altitudeMode>relativeToGround</altitudeMode>
			<coordinates>
				0,0,195394 0,0,195394 
			</coordinates>
		</LineString>
	</Placemark>
	<Placemark>
		<styleUrl>#style_20</styleUrl>
		<LineString>
			<tessellate>1</tessellate>
			<altitudeMode>relativeToGround</altitudeMode>
			<coordinates>
				0,0,195394 0,0,195394 
			</coordinates>
		</LineString>
	</Placemark>
	<Placemark>
		<styleUrl>#style_20</styleUrl>
		<LineString>
			<tessellate>1</tessellate>
			<altitudeMode>relativeToGround</altitudeMode>
			<coordinates>
				0,0,195394 0,0,195394 
			</coordinates>
		</LineString>
	</Placemark>
	<Placemark>
		<styleUrl>#style_20</styleUrl>
		<LineString>
			<tessellate>1</tessellate>
			<altitudeMode>relativeToGround</altitudeMode>
			<coordinates>
				0,0,195394 0,0,195394 
			</coordinates>
		</LineString>
	</Placemark>
	<Placemark>
		<styleUrl>#style_20</styleUrl>
		<LineString>
			<tessellate>1</tessellate>
			<altitudeMode>relativeToGround</altitudeMode>
			<coordinates>
				0,0,195394 0,0,195394 
			</coordinates>
		</LineString>
	</Placemark>
	<Placemark>
		<styleUrl>#style_20</styleUrl>
		<LineString>
			<tessellate>1</tessellate>
			<altitudeMode>relativeToGround</altitudeMode>
			<coordinates>
				0,0,195394 0,0,195394 
			</coordinates>
		</LineString>
	</Placemark>
	<Placemark>
		<styleUrl>#style_20</styleUrl>
		<LineString>
			<tessellate>1</tessellate>
			<altitudeMode>relativeToGround</altitudeMode>
			<coordinates>
				0,0,195394 0,0,195394 
			</coordinates>
		</LineString>
	</Placemark>
	<Placemark>
		<styleUrl>#style_20</styleUrl>
		<LineString>
			<tessellate>1</tessellate>
			<altitudeMode>relativeToGround</altitudeMode>
			<coordinates>
				0,0,195394 0,0,195394 
			</coordinates>
		</LineString>
	</Placemark>
	<Placemark>
		<styleUrl>#style_20</styleUrl>
		<LineString>
			<tessellate>1</tessellate>
			<altitudeMode>relativeToGround</altitudeMode>
			<coordinates>
				0,0,195394 0,0,195394 
			</coordinates>
		</LineString>
	</Placemark>
	<Placemark>
		<styleUrl>#style_20</styleUrl>
		<LineString>
			<tessellate>1</tessellate>
			<altitudeMode>relativeToGround</altitudeMode>
			<coordinates>
				0,0,195394 0,0,195394 
			</coordinates>
		</LineString>
	</Placemark>
	<Placemark>
		<styleUrl>#style_20</styleUrl>
		<LineString>
			<tessellate>1</tessellate>
			<altitudeMode>relativeToGround</altitudeMode>
			<coordinates>
				0,0,195394 0,0,195394 
			</coordinates>
		</LineString>
	</Placemark>
	<Placemark>
		<styleUrl>#style_20</styleUrl>
		<LineString>
			<tessellate>1</tessellate>
			<altitudeMode>relativeToGround</altitudeMode>
			<coordinates>
				0,0,195394 0,0,195394 
			</coordinates>
		</LineString>
	</Placemark>
	<Placemark>
		<styleUrl>#style_20</styleUrl>
		<LineString>
			<tessellate>1</tessellate>
			<altitudeMode>relativeToGround</altitudeMode>
			<coordinates>
				0,0,195394 0,0,195394 
			</coordinates>
		</LineString>
	</Placemark>
	<Placemark>
		<styleUrl>#style_20</styleUrl>
		<LineString>
			<tessellate>1</tessellate>
			<altitudeMode>relativeToGround</altitudeMode>
			<coordinates>
				0,0,195394 0,0,195394 
			</coordinates>
		</LineString>
	</Placemark>
	<Placemark>
		<styleUrl>#style_20</styleUrl>
		<LineString>
			<tessellate>1</tessellate>
			<altitudeMode>relativeToGround</altitudeMode>
			<coordinates>
				0,0,195394 0,0,195394 
			</coordinates>
		</LineString>
	</Placemark>
	<Placemark>
		<styleUrl>#style_20</styleUrl>
		<LineString>
			<tessellate>1</tessellate>
			<altitudeMode>relativeToGround</altitudeMode>
			<coordinates>
				0,0,195394 0,0,195394 
			</coordinates>
		</LineString>
	</Placemark>
	<Placemark>
		<styleUrl>#style_20</styleUrl>
		<LineString>
			<tessellate>1</tessellate>
			<altitudeMode>relativeToGround</altitudeMode>
			<coordinates>
				0,0,195394 0,0,195394 
			</coordinates>
		</LineString>
	</Placemark>
	<Placemark>
		<styleUrl>#style_20</styleUrl>
		<LineString>
			<tessellate>1</tessellate>
			<altitudeMode>relativeToGround</altitudeMode>
			<coordinates>
				0,0,195394 0,0,195394 
			</coordinates>
		</LineString>
	</Placemark>
	<Placemark>
		<styleUrl>#style_20</styleUrl>
		<LineString>
			<tessellate>1</tessellate>
			<altitudeMode>relativeToGround</altitudeMode>
			<coordinates>
				0,0,195394 0,0,195394 
			</coordinates>
		</LineString>
	</Placemark>
	<Placemark>
		<styleUrl>#style_20</styleUrl>
		<LineString>
			<tessellate>1</tessellate>
			<altitudeMode>relativeToGround</altitudeMode>
			<coordinates>
				0,0,195394 0,0,195394 
			</coordinates>
		</LineString>
	</Placemark>
	<Placemark>
		<styleUrl>#style_20</styleUrl>
		<LineString>
			<tessellate>1</tessellate>
			<altitudeMode>relativeToGround</altitudeMode>
			<coordinates>
				0,0,195394 0,0,195394 
			</coordinates>
		</LineString>
	</Placemark>
	<Placemark>
		<styleUrl>#style_20</styleUrl>
		<LineString>
			<tessellate>1</tessellate>
			<altitudeMode>relativeToGround</altitudeMode>
			<coordinates>
				0,0,195394 0,0,195394 
			</coordinates>
		</LineString>
	</Placemark>
	<Placemark>
		<styleUrl>#style_20</styleUrl>
		<LineString>
			<tessellate>1</tessellate>
			<altitudeMode>relativeToGround</altitudeMode>
			<coordinates>
				0,0,195394 0,0,195394 
			</coordinates>
		</LineString>
	</Placemark>
	<Placemark>
		<styleUrl>#style_20</styleUrl>
		<LineString>
			<tessellate>1</tessellate>
			<altitudeMode>relativeToGround</altitudeMode>
			<coordinates>
				0,0,195394 0,0,195394 
			</coordinates>
		</LineString>
	</Placemark>
	<Placemark>
		<styleUrl>#style_20</styleUrl>
		<LineString>
			<tessellate>1</tessellate>
			<altitudeMode>relativeToGround</altitudeMode>
			<coordinates>
				0,0,195394 0,0,195394 
			</coordinates>
		</LineString>
	</Placemark>
	<Placemark>
		<styleUrl>#style_20</styleUrl>
		<LineString>
			<tessellate>1</tessellate>
			<altitudeMode>relativeToGround</altitudeMode>
			<coordinates>
				0,0,195394 0,0,195394 
			</coordinates>
		</LineString>
	</Placemark>
	<Placemark>
		<styleUrl>#style_20</styleUrl>
		<LineString>
			<tessellate>1</tessellate>
			<altitudeMode>relativeToGround</altitudeMode>
			<coordinates>
				0,0,195394 0,0,195394 
			</coordinates>
		</LineString>
	</Placemark>
	<Placemark>
		<styleUrl>#style_20</styleUrl>
		<LineString>
			<tessellate>1</tessellate>
			<altitudeMode>relativeToGround</altitudeMode>
			<coordinates>
				0,0,195394 0,0,195394 
			</coordinates>
		</LineString>
	</Placemark>
	<Placemark>
		<styleUrl>#style_20</styleUrl>
		<LineString>
			<tessellate>1</tessellate>
			<altitudeMode>relativeToGround</altitudeMode>
			<coordinates>
				0,0,195394 0,0,195394 
			</coordinates>
		</LineString>
	</Placemark>
	<Placemark>
		<styleUrl>#style_20</styleUrl>
		<LineString>
			<tessellate>1</tessellate>
			<altitudeMode>relativeToGround</altitudeMode>
			<coordinates>
				0,0,195394 0,0,195394 
			</coordinates>
		</LineString>
	</Placemark>
	<Placemark>
		<styleUrl>#style_20</styleUrl>
		<LineString>
			<tessellate>1</tessellate>
			<altitudeMode>relativeToGround</altitudeMode>
			<coordinates>
				0,0,195394 0,0,195394 
			</coordinates>
		</LineString>
	</Placemark>
	<Placemark>
		<styleUrl>#style_20</styleUrl>
		<LineString>
			<tessellate>1</tessellate>
			<altitudeMode>relativeToGround</altitudeMode>
			<coordinates>
				0,0,195394 0,0,195394 
			</coordinates>
		</LineString>
	</Placemark>
	<Placemark>
		<styleUrl>#style_20</styleUrl>
		<LineString>
			<tessellate>1</tessellate>
			<altitudeMode>relativeToGround</altitudeMode>
			<coordinates>
				0,0,195394 0,0,195394 
			</coordinates>
		</LineString>
	</Placemark>
	<Placemark>
		<styleUrl>#style_20</styleUrl>
		<LineString>
			<tessellate>1</tessellate>
			<altitudeMode>relativeToGround</altitudeMode>
			<coordinates>
				0,0,195394 0,0,195394 
			</coordinates>
		</LineString>
	</Placemark>
	<Placemark>
		<styleUrl>#style_20</styleUrl>
		<LineString>
			<tessellate>1</tessellate>
			<altitudeMode>relativeToGround</altitudeMode>
			<coordinates>
				0,0,195394 0,0,195394 
			</coordinates>
		</LineString>
	</Placemark>
	<Placemark>
		<styleUrl>#style_20</styleUrl>
		<LineString>
			<tessellate>1</tessellate>
			<altitudeMode>relativeToGround</altitudeMode>
			<coordinates>
				0,0,195394 0,0,195394 
			</coordinates>
		</LineString>
	</Placemark>
	<Placemark>
		<styleUrl>#style_20</styleUrl>
		<LineString>
			<tessellate>1</tessellate>
			<altitudeMode>relativeToGround</altitudeMode>
			<coordinates>
				0,0,195394 0,0,195394 
			</coordinates>
		</LineString>
	</Placemark>
	<Placemark>
		<styleUrl>#style_20</styleUrl>
		<LineString>
			<tessellate>1</tessellate>
			<altitudeMode>relativeToGround</altitudeMode>
			<coordinates>
				0,0,195394 0,0,195394 
			</coordinates>
		</LineString>
	</Placemark>
	<Placemark>
		<styleUrl>#style_20</styleUrl>
		<LineString>
			<tessellate>1</tessellate>
			<altitudeMode>relativeToGround</altitudeMode>
			<coordinates>
				0,0,195394 0,0,195394 
			</coordinates>
		</LineString>
	</Placemark>
	<Placemark>
		<styleUrl>#style_20</styleUrl>
		<LineString>
			<tessellate>1</tessellate>
			<altitudeMode>relativeToGround</altitudeMode>
			<coordinates>
				0,0,195394 0,0,195394 
			</coordinates>
		</LineString>
	</Placemark>
	<Placemark>
		<styleUrl>#style_20</styleUrl>
		<LineString>
			<tessellate>1</tessellate>
			<altitudeMode>relativeToGround</altitudeMode>
			<coordinates>
				0,0,195394 0,0,195394 
			</coordinates>
		</LineString>
	</Placemark>
	<Placemark>
		<styleUrl>#style_20</styleUrl>
		<LineString>
			<tessellate>1</tessellate>
			<altitudeMode>relativeToGround</altitudeMode>
			<coordinates>
				0,0,195394 0,0,195394 
			</coordinates>
		</LineString>
	</Placemark>
	<Placemark>
		<styleUrl>#style_20</styleUrl>
		<LineString>
			<tessellate>1</tessellate>
			<altitudeMode>relativeToGround</altitudeMode>
			<coordinates>
				0,0,195394 0,0,195394 
			</coordinates>
		</LineString>
	</Placemark>
	<Placemark>
		<styleUrl>#style_20</styleUrl>
		<LineString>
			<tessellate>1</tessellate>
			<altitudeMode>relativeToGround</altitudeMode>
			<coordinates>
				0,0,195394 0,0,195394 
			</coordinates>
		</LineString>
	</Placemark>
	<Placemark>
		<styleUrl>#style_20</styleUrl>
		<LineString>
			<tessellate>1</tessellate>
			<altitudeMode>relativeToGround</altitudeMode>
			<coordinates>
				0,0,195394 0,0,195394 
			</coordinates>
		</LineString>
	</Placemark>
	<Placemark>
		<styleUrl>#style_20</styleUrl>
		<LineString>
			<tessellate>1</tessellate>
			<altitudeMode>relativeToGround</altitudeMode>
			<coordinates>
				0,0,195394 0,0,195394 
			</coordinates>
		</LineString>
	</Placemark>
	<Placemark>
		<styleUrl>#style_20</styleUrl>
		<LineString>
			<tessellate>1</tessellate>
			<altitudeMode>relativeToGround</altitudeMode>
			<coordinates>
				0,0,195394 0,0,195394 
			</coordinates>
		</LineString>
	</Placemark>
	<Placemark>
		<styleUrl>#style_20</styleUrl>
		<LineString>
			<tessellate>1</tessellate>
			<altitudeMode>relativeToGround</altitudeMode>
			<coordinates>
				0,0,195394 0,0,195394 
			</coordinates>
		</LineString>
	</Placemark>
	<Placemark>
		<styleUrl>#style_20</styleUrl>
		<LineString>
			<tessellate>1</tessellate>
			<altitudeMode>relativeToGround</altitudeMode>
			<coordinates>
				0,0,195394 0,0,195394 
			</coordinates>
		</LineString>
	</Placemark>
	<Placemark>
		<styleUrl>#style_20</styleUrl>
		<LineString>
			<tessellate>1</tessellate>
			<altitudeMode>relativeToGround</altitudeMode>
			<coordinates>
				0,0,195394 0,0,195394 
			</coordinates>
		</LineString>
	</Placemark>
	<Placemark>
		<styleUrl>#style_20</styleUrl>
		<LineString>
			<tessellate>1</tessellate>
			<altitudeMode>relativeToGround</altitudeMode>
			<coordinates>
				0,0,195394 0,0,195394 
			</coordinates>
		</LineString>
	</Placemark>
	<Placemark>
		<styleUrl>#style_20</styleUrl>
		<LineString>
			<tessellate>1</tessellate>
			<altitudeMode>relativeToGround</altitudeMode>
			<coordinates>
				0,0,195394 0,0,195394 
			</coordinates>
		</LineString>
	</Placemark>
	<Placemark>
		<styleUrl>#style_20</styleUrl>
		<LineString>
			<tessellate>1</tessellate>
			<altitudeMode>relativeToGround</altitudeMode>
			<coordinates>
				0,0,195394 0,0,195394 
			</coordinates>
		</LineString>
	</Placemark>
	<Placemark>
		<styleUrl>#style_20</styleUrl>
		<LineString>
			<tessellate>1</tessellate>
			<altitudeMode>relativeToGround</altitudeMode>
			<coordinates>
				0,0,195394 0,0,195394 
			</coordinates>
		</LineString>
	</Placemark>
	<Placemark>
		<styleUrl>#style_20</styleUrl>
		<LineString>
			<tessellate>1</tessellate>
			<altitudeMode>relativeToGround</altitudeMode>
			<coordinates>
				0,0,195394 0,0,195394 
			</coordinates>
		</LineString>
	</Placemark>
	<Placemark>
		<styleUrl>#style_20</styleUrl>
		<LineString>
			<tessellate>1</tessellate>
			<altitudeMode>relativeToGround</altitudeMode>
			<coordinates>
				0,0,195394 0,0,195394 
			</coordinates>
		</LineString>
	</Placemark>
	<Placemark>
		<styleUrl>#style_20</styleUrl>
		<LineString>
			<tessellate>1</tessellate>
			<altitudeMode>relativeToGround</altitudeMode>
			<coordinates>
				0,0,195394 0,0,195394 
			</coordinates>
		</LineString>
	</Placemark>
	<Placemark>
		<styleUrl>#style_20</styleUrl>
		<LineString>
			<tessellate>1</tessellate>
			<altitudeMode>relativeToGround</altitudeMode>
			<coordinates>
				0,0,195394 0,0,195394 
			</coordinates>
		</LineString>
	</Placemark>
	<Placemark>
		<styleUrl>#style_20</styleUrl>
		<LineString>
			<tessellate>1</tessellate>
			<altitudeMode>relativeToGround</altitudeMode>
			<coordinates>
				0,0,195394 0,0,195394 
			</coordinates>
		</LineString>
	</Placemark>
	<Placemark>
		<styleUrl>#style_20</styleUrl>
		<LineString>
			<tessellate>1</tessellate>
			<altitudeMode>relativeToGround</altitudeMode>
			<coordinates>
				0,0,195394 0,0,195394 
			</coordinates>
		</LineString>
	</Placemark>
	<Placemark>
		<styleUrl>#style_20</styleUrl>
		<LineString>
			<tessellate>1</tessellate>
			<altitudeMode>relativeToGround</altitudeMode>
			<coordinates>
				0,0,195394 0,0,195394 
			</coordinates>
		</LineString>
	</Placemark>
	<Placemark>
		<styleUrl>#style_20</styleUrl>
		<LineString>
			<tessellate>1</tessellate>
			<altitudeMode>relativeToGround</altitudeMode>
			<coordinates>
				0,0,195394 0,0,195394 
			</coordinates>
		</LineString>
	</Placemark>
	<Placemark>
		<styleUrl>#style_20</styleUrl>
		<LineString>
			<tessellate>1</tessellate>
			<altitudeMode>relativeToGround</altitudeMode>
			<coordinates>
				0,0,195394 0,0,195394 
			</coordinates>
		</LineString>
	</Placemark>
	<Placemark>
		<styleUrl>#style_20</styleUrl>
		<LineString>
			<tessellate>1</tessellate>
			<altitudeMode>relativeToGround</altitudeMode>
			<coordinates>
				0,0,195394 0,0,195394 
			</coordinates>
		</LineString>
	</Placemark>
	<Placemark>
		<styleUrl>#style_20</styleUrl>
		<LineString>
			<tessellate>1</tessellate>
			<altitudeMode>relativeToGround</altitudeMode>
			<coordinates>
				0,0,195394 0,0,195394 
			</coordinates>
		</LineString>
	</Placemark>
	<Placemark>
		<styleUrl>#style_20</styleUrl>
		<LineString>
			<tessellate>1</tessellate>
			<altitudeMode>relativeToGround</altitudeMode>
			<coordinates>
				0,0,195394 0,0,195394 
			</coordinates>
		</LineString>
	</Placemark>
	<Placemark>
		<styleUrl>#style_20</styleUrl>
		<LineString>
			<tessellate>1</tessellate>
			<altitudeMode>relativeToGround</altitudeMode>
			<coordinates>
				0,0,195394 0,0,195394 
			</coordinates>
		</LineString>
	</Placemark>
	<Placemark>
		<styleUrl>#style_20</styleUrl>
		<LineString>
			<tessellate>1</tessellate>
			<altitudeMode>relativeToGround</altitudeMode>
			<coordinates>
				0,0,195394 0,0,195394 
			</coordinates>
		</LineString>
	</Placemark>
	<Placemark>
		<styleUrl>#style_20</styleUrl>
		<LineString>
			<tessellate>1</tessellate>
			<altitudeMode>relativeToGround</altitudeMode>
			<coordinates>
				0,0,195394 0,0,195394 
			</coordinates>
		</LineString>
	</Placemark>
	<Placemark>
		<styleUrl>#style_20</styleUrl>
		<LineString>
			<tessellate>1</tessellate>
			<altitudeMode>relativeToGround</altitudeMode>
			<coordinates>
				0,0,195394 0,0,195394 
			</coordinates>
		</LineString>
	</Placemark>
	<Placemark>
		<styleUrl>#style_20</styleUrl>
		<LineString>
			<tessellate>1</tessellate>
			<altitudeMode>relativeToGround</altitudeMode>
			<coordinates>
				0,0,195394 0,0,195394 
			</coordinates>
		</LineString>
	</Placemark>
	<Placemark>
		<styleUrl>#style_20</styleUrl>
		<LineString>
			<tessellate>1</tessellate>
			<altitudeMode>relativeToGround</altitudeMode>
			<coordinates>
				0,0,195394 0,0,195394 
			</coordinates>
		</LineString>
	</Placemark>
	<Placemark>
		<styleUrl>#style_20</styleUrl>
		<LineString>
			<tessellate>1</tessellate>
			<altitudeMode>relativeToGround</altitudeMode>
			<coordinates>
				0,0,195394 0,0,195394 
			</coordinates>
		</LineString>
	</Placemark>
	<Placemark>
		<styleUrl>#style_20</styleUrl>
		<LineString>
			<tessellate>1</tessellate>
			<altitudeMode>relativeToGround</altitudeMode>
			<coordinates>
				0,0,195394 0,0,195394 
			</coordinates>
		</LineString>
	</Placemark>
	<Placemark>
		<styleUrl>#style_20</styleUrl>
		<LineString>
			<tessellate>1</tessellate>
			<altitudeMode>relativeToGround</altitudeMode>
			<coordinates>
				0,0,195394 0,0,195394 
			</coordinates>
		</LineString>
	</Placemark>
	<Placemark>
		<styleUrl>#style_20</styleUrl>
		<LineString>
			<tessellate>1</tessellate>
			<altitudeMode>relativeToGround</altitudeMode>
			<coordinates>
				0,0,195394 0,0,195394 
			</coordinates>
		</LineString>
	</Placemark>
	<Placemark>
		<styleUrl>#style_20</styleUrl>
		<LineString>
			<tessellate>1</tessellate>
			<altitudeMode>relativeToGround</altitudeMode>
			<coordinates>
				0,0,195394 0,0,195394 
			</coordinates>
		</LineString>
	</Placemark>
	<Placemark>
		<styleUrl>#style_20</styleUrl>
		<LineString>
			<tessellate>1</tessellate>
			<altitudeMode>relativeToGround</altitudeMode>
			<coordinates>
				0,0,195394 0,0,195394 
			</coordinates>
		</LineString>
	</Placemark>
	<Placemark>
		<styleUrl>#style_20</styleUrl>
		<LineString>
			<tessellate>1</tessellate>
			<altitudeMode>relativeToGround</altitudeMode>
			<coordinates>
				0,0,195394 0,0,195394 
			</coordinates>
		</LineString>
	</Placemark>
	<Placemark>
		<styleUrl>#style_20</styleUrl>
		<LineString>
			<tessellate>1</tessellate>
			<altitudeMode>relativeToGround</altitudeMode>
			<coordinates>
				0,0,195394 0,0,195394 
			</coordinates>
		</LineString>
	</Placemark>
	<Placemark>
		<styleUrl>#style_20</styleUrl>
		<LineString>
			<tessellate>1</tessellate>
			<altitudeMode>relativeToGround</altitudeMode>
			<coordinates>
				0,0,195394 0,0,195394 
			</coordinates>
		</LineString>
	</Placemark>
	<Placemark>
		<styleUrl>#style_20</styleUrl>
		<LineString>
			<tessellate>1</tessellate>
			<altitudeMode>relativeToGround</altitudeMode>
			<coordinates>
				0,0,195394 0,0,195394 
			</coordinates>
		</LineString>
	</Placemark>
	<Placemark>
		<styleUrl>#style_20</styleUrl>
		<LineString>
			<tessellate>1</tessellate>
			<altitudeMode>relativeToGround</altitudeMode>
			<coordinates>
				0,0,195394 0,0,195394 
			</coordinates>
		</LineString>
	</Placemark>
	<Placemark>
		<styleUrl>#style_20</styleUrl>
		<LineString>
			<tessellate>1</tessellate>
			<altitudeMode>relativeToGround</altitudeMode>
			<coordinates>
				0,0,195394 0,0,195394 
			</coordinates>
		</LineString>
	</Placemark>
	<Placemark>
		<styleUrl>#style_20</styleUrl>
		<LineString>
			<tessellate>1</tessellate>
			<altitudeMode>relativeToGround</altitudeMode>
			<coordinates>
				0,0,195394 0,0,195394 
			</coordinates>
		</LineString>
	</Placemark>
	<Placemark>
		<styleUrl>#style_20</styleUrl>
		<LineString>
			<tessellate>1</tessellate>
			<altitudeMode>relativeToGround</altitudeMode>
			<coordinates>
				0,0,195394 0,0,195394 
			</coordinates>
		</LineString>
	</Placemark>
	<Placemark>
		<styleUrl>#style_20</styleUrl>
		<LineString>
			<tessellate>1</tessellate>
			<altitudeMode>relativeToGround</altitudeMode>
			<coordinates>
				0,0,195394 0,0,195394 
			</coordinates>
		</LineString>
	</Placemark>
	<Placemark>
		<styleUrl>#style_20</styleUrl>
		<LineString>
			<tessellate>1</tessellate>
			<altitudeMode>relativeToGround</altitudeMode>
			<coordinates>
				0,0,195394 0,0,195394 
			</coordinates>
		</LineString>
	</Placemark>
	<Placemark>
		<styleUrl>#style_20</styleUrl>
		<LineString>
			<tessellate>1</tessellate>
			<altitudeMode>relativeToGround</altitudeMode>
			<coordinates>
				0,0,195394 0,0,195394 
			</coordinates>
		</LineString>
	</Placemark>
	<Placemark>
		<styleUrl>#style_20</styleUrl>
		<LineString>
			<tessellate>1</tessellate>
			<altitudeMode>relativeToGround</altitudeMode>
			<coordinates>
				0,0,195394 0,0,195394 
			</coordinates>
		</LineString>
	</Placemark>
	<Placemark>
		<styleUrl>#style_20</styleUrl>
		<LineString>
			<tessellate>1</tessellate>
			<altitudeMode>relativeToGround</altitudeMode>
			<coordinates>
				0,0,195394 0,0,195394 
			</coordinates>
		</LineString>
	</Placemark>
	<Placemark>
		<styleUrl>#style_20</styleUrl>
		<LineString>
			<tessellate>1</tessellate>
			<altitudeMode>relativeToGround</altitudeMode>
			<coordinates>
				0,0,195394 0,0,195394 
			</coordinates>
		</LineString>
	</Placemark>
	<Placemark>
		<styleUrl>#style_20</styleUrl>
		<LineString>
			<tessellate>1</tessellate>
			<altitudeMode>relativeToGround</altitudeMode>
			<coordinates>
				0,0,195394 0,0,195394 
			</coordinates>
		</LineString>
	</Placemark>
	<Placemark>
		<styleUrl>#style_20</styleUrl>
		<LineString>
			<tessellate>1</tessellate>
			<altitudeMode>relativeToGround</altitudeMode>
			<coordinates>
				0,0,195394 0,0,195394 
			</coordinates>
		</LineString>
	</Placemark>
	<Placemark>
		<styleUrl>#style_20</styleUrl>
		<LineString>
			<tessellate>1</tessellate>
			<altitudeMode>relativeToGround</altitudeMode>
			<coordinates>
				0,0,195394 0,0,195394 
			</coordinates>
		</LineString>
	</Placemark>
	<Placemark>
		<styleUrl>#style_20</styleUrl>
		<LineString>
			<tessellate>1</tessellate>
			<altitudeMode>relativeToGround</altitudeMode>
			<coordinates>
				0,0,195394 0,0,195394 
			</coordinates>
		</LineString>
	</Placemark>
	<Placemark>
		<styleUrl>#style_20</styleUrl>
		<LineString>
			<tessellate>1</tessellate>
			<altitudeMode>relativeToGround</altitudeMode>
			<coordinates>
				0,0,195394 0,0,195394 
			</coordinates>
		</LineString>
	</Placemark>
	<Placemark>
		<styleUrl>#style_20</styleUrl>
		<LineString>
			<tessellate>1</tessellate>
			<altitudeMode>relativeToGround</altitudeMode>
			<coordinates>
				0,0,195394 0,0,195394 
			</coordinates>
		</LineString>
	</Placemark>
	<Placemark>
		<styleUrl>#style_20</styleUrl>
		<LineString>
			<tessellate>1</tessellate>
			<altitudeMode>relativeToGround</altitudeMode>
			<coordinates>
				0,0,195394 0,0,195394 
			</coordinates>
		</LineString>
	</Placemark>
	<Placemark>
		<styleUrl>#style_20</styleUrl>
		<LineString>
			<tessellate>1</tessellate>
			<altitudeMode>relativeToGround</altitudeMode>
			<coordinates>
				0,0,195394 0,0,195394 
			</coordinates>
		</LineString>
	</Placemark>
	<Placemark>
		<styleUrl>#style_20</styleUrl>
		<LineString>
			<tessellate>1</tessellate>
			<altitudeMode>relativeToGround</altitudeMode>
			<coordinates>
				0,0,195394 0,0,195394 
			</coordinates>
		</LineString>
	</Placemark>
	<Placemark>
		<styleUrl>#style_20</styleUrl>
		<LineString>
			<tessellate>1</tessellate>
			<altitudeMode>relativeToGround</altitudeMode>
			<coordinates>
				0,0,195394 0,0,195394 
			</coordinates>
		</LineString>
	</Placemark>
	<Placemark>
		<styleUrl>#style_20</styleUrl>
		<LineString>
			<tessellate>1</tessellate>
			<altitudeMode>relativeToGround</altitudeMode>
			<coordinates>
				0,0,195394 0,0,195394 
			</coordinates>
		</LineString>
	</Placemark>
	<Placemark>
		<styleUrl>#style_20</styleUrl>
		<LineString>
			<tessellate>1</tessellate>
			<altitudeMode>relativeToGround</altitudeMode>
			<coordinates>
				0,0,195394 0,0,195394 
			</coordinates>
		</LineString>
	</Placemark>
	<Placemark>
		<styleUrl>#style_20</styleUrl>
		<LineString>
			<tessellate>1</tessellate>
			<altitudeMode>relativeToGround</altitudeMode>
			<coordinates>
				0,0,195394 0,0,195394 
			</coordinates>
		</LineString>
	</Placemark>
	<Placemark>
		<styleUrl>#style_20</styleUrl>
		<LineString>
			<tessellate>1</tessellate>
			<altitudeMode>relativeToGround</altitudeMode>
			<coordinates>
				0,0,195394 0,0,195394 
			</coordinates>
		</LineString>
	</Placemark>
	<Placemark>
		<styleUrl>#style_20</styleUrl>
		<LineString>
			<tessellate>1</tessellate>
			<altitudeMode>relativeToGround</altitudeMode>
			<coordinates>
				0,0,195394 0,0,195394 
			</coordinates>
		</LineString>
	</Placemark>
	<Placemark>
		<styleUrl>#style_20</styleUrl>
		<LineString>
			<tessellate>1</tessellate>
			<altitudeMode>relativeToGround</altitudeMode>
			<coordinates>
				0,0,195394 0,0,195394 
			</coordinates>
		</LineString>
	</Placemark>
	<Placemark>
		<styleUrl>#style_20</styleUrl>
		<LineString>
			<tessellate>1</tessellate>
			<altitudeMode>relativeToGround</altitudeMode>
			<coordinates>
				0,0,195394 0,0,195394 
			</coordinates>
		</LineString>
	</Placemark>
	<Placemark>
		<styleUrl>#style_20</styleUrl>
		<LineString>
			<tessellate>1</tessellate>
			<altitudeMode>relativeToGround</altitudeMode>
			<coordinates>
				0,0,195394 0,0,195394 
			</coordinates>
		</LineString>
	</Placemark>
	<Placemark>
		<styleUrl>#style_20</styleUrl>
		<LineString>
			<tessellate>1</tessellate>
			<altitudeMode>relativeToGround</altitudeMode>
			<coordinates>
				0,0,195394 0,0,195394 
			</coordinates>
		</LineString>
	</Placemark>
	<Placemark>
		<styleUrl>#style_20</styleUrl>
		<LineString>
			<tessellate>1</tessellate>
			<altitudeMode>relativeToGround</altitudeMode>
			<coordinates>
				0,0,195394 0,0,195394 
			</coordinates>
		</LineString>
	</Placemark>
	<Placemark>
		<styleUrl>#style_20</styleUrl>
		<LineString>
			<tessellate>1</tessellate>
			<altitudeMode>relativeToGround</altitudeMode>
			<coordinates>
				0,0,195394 0,0,195394 
			</coordinates>
		</LineString>
	</Placemark>
	<Placemark>
		<styleUrl>#style_20</styleUrl>
		<LineString>
			<tessellate>1</tessellate>
			<altitudeMode>relativeToGround</altitudeMode>
			<coordinates>
				0,0,195394 0,0,195394 
			</coordinates>
		</LineString>
	</Placemark>
	<Placemark>
		<styleUrl>#style_20</styleUrl>
		<LineString>
			<tessellate>1</tessellate>
			<altitudeMode>relativeToGround</altitudeMode>
			<coordinates>
				0,0,195394 0,0,195394 
			</coordinates>
		</LineString>
	</Placemark>
	<Placemark>
		<styleUrl>#style_20</styleUrl>
		<LineString>
			<tessellate>1</tessellate>
			<altitudeMode>relativeToGround</altitudeMode>
			<coordinates>
				0,0,195394 0,0,195394 
			</coordinates>
		</LineString>
	</Placemark>
	<Placemark>
		<styleUrl>#style_20</styleUrl>
		<LineString>
			<tessellate>1</tessellate>
			<altitudeMode>relativeToGround</altitudeMode>
			<coordinates>
				0,0,195394 0,0,195394 
			</coordinates>
		</LineString>
	</Placemark>
	<Placemark>
		<styleUrl>#style_20</styleUrl>
		<LineString>
			<tessellate>1</tessellate>
			<altitudeMode>relativeToGround</altitudeMode>
			<coordinates>
				0,0,195394 0,0,195394 
			</coordinates>
		</LineString>
	</Placemark>
	<Placemark>
		<styleUrl>#style_20</styleUrl>
		<LineString>
			<tessellate>1</tessellate>
			<altitudeMode>relativeToGround</altitudeMode>
			<coordinates>
				0,0,195394 0,0,195394 
			</coordinates>
		</LineString>
	</Placemark>
	<Placemark>
		<styleUrl>#style_20</styleUrl>
		<LineString>
			<tessellate>1</tessellate>
			<altitudeMode>relativeToGround</altitudeMode>
			<coordinates>
				0,0,195394 0,0,195394 
			</coordinates>
		</LineString>
	</Placemark>
	<Placemark>
		<styleUrl>#style_20</styleUrl>
		<LineString>
			<tessellate>1</tessellate>
			<altitudeMode>relativeToGround</altitudeMode>
			<coordinates>
				0,0,195394 0,0,195394 
			</coordinates>
		</LineString>
	</Placemark>
	<Placemark>
		<styleUrl>#style_20</styleUrl>
		<LineString>
			<tessellate>1</tessellate>
			<altitudeMode>relativeToGround</altitudeMode>
			<coordinates>
				0,0,195394 0,0,195394 
			</coordinates>
		</LineString>
	</Placemark>
	<Placemark>
		<styleUrl>#style_20</styleUrl>
		<LineString>
			<tessellate>1</tessellate>
			<altitudeMode>relativeToGround</altitudeMode>
			<coordinates>
				0,0,195394 0,0,195394 
			</coordinates>
		</LineString>
	</Placemark>
	<Placemark>
		<styleUrl>#style_20</styleUrl>
		<LineString>
			<tessellate>1</tessellate>
			<altitudeMode>relativeToGround</altitudeMode>
			<coordinates>
				0,0,195394 0,0,195394 
			</coordinates>
		</LineString>
	</Placemark>
	<Placemark>
		<styleUrl>#style_20</styleUrl>
		<LineString>
			<tessellate>1</tessellate>
			<altitudeMode>relativeToGround</altitudeMode>
			<coordinates>
				0,0,195394 0,0,195394 
			</coordinates>
		</LineString>
	</Placemark>
	<Placemark>
		<styleUrl>#style_20</styleUrl>
		<LineString>
			<tessellate>1</tessellate>
			<altitudeMode>relativeToGround</altitudeMode>
			<coordinates>
				0,0,195394 0,0,195394 
			</coordinates>
		</LineString>
	</Placemark>
	<Placemark>
		<styleUrl>#style_20</styleUrl>
		<LineString>
			<tessellate>1</tessellate>
			<altitudeMode>relativeToGround</altitudeMode>
			<coordinates>
				0,0,195394 0,0,195394 
			</coordinates>
		</LineString>
	</Placemark>
	<Placemark>
		<styleUrl>#style_20</styleUrl>
		<LineString>
			<tessellate>1</tessellate>
			<altitudeMode>relativeToGround</altitudeMode>
			<coordinates>
				0,0,195394 0,0,195394 
			</coordinates>
		</LineString>
	</Placemark>
	<Placemark>
		<styleUrl>#style_20</styleUrl>
		<LineString>
			<tessellate>1</tessellate>
			<altitudeMode>relativeToGround</altitudeMode>
			<coordinates>
				0,0,195394 0,0,195394 
			</coordinates>
		</LineString>
	</Placemark>
	<Placemark>
		<styleUrl>#style_20</styleUrl>
		<LineString>
			<tessellate>1</tessellate>
			<altitudeMode>relativeToGround</altitudeMode>
			<coordinates>
				0,0,195394 0,0,195394 
			</coordinates>
		</LineString>
	</Placemark>
	<Placemark>
		<styleUrl>#style_20</styleUrl>
		<LineString>
			<tessellate>1</tessellate>
			<altitudeMode>relativeToGround</altitudeMode>
			<coordinates>
				0,0,195394 0,0,195394 
			</coordinates>
		</LineString>
	</Placemark>
	<Placemark>
		<styleUrl>#style_20</styleUrl>
		<LineString>
			<tessellate>1</tessellate>
			<altitudeMode>relativeToGround</altitudeMode>
			<coordinates>
				0,0,195394 0,0,195394 
			</coordinates>
		</LineString>
	</Placemark>
	<Placemark>
		<styleUrl>#style_20</styleUrl>
		<LineString>
			<tessellate>1</tessellate>
			<altitudeMode>relativeToGround</altitudeMode>
			<coordinates>
				0,0,195394 0,0,195394 
			</coordinates>
		</LineString>
	</Placemark>
	<Placemark>
		<styleUrl>#style_20</styleUrl>
		<LineString>
			<tessellate>1</tessellate>
			<altitudeMode>relativeToGround</altitudeMode>
			<coordinates>
				0,0,195394 0,0,195394 
			</coordinates>
		</LineString>
	</Placemark>
	<Placemark>
		<styleUrl>#style_20</styleUrl>
		<LineString>
			<tessellate>1</tessellate>
			<altitudeMode>relativeToGround</altitudeMode>
			<coordinates>
				0,0,195394 0,0,195394 
			</coordinates>
		</LineString>
	</Placemark>
	<Placemark>
		<styleUrl>#style_20</styleUrl>
		<LineString>
			<tessellate>1</tessellate>
			<altitudeMode>relativeToGround</altitudeMode>
			<coordinates>
				0,0,195394 0,0,195394 
			</coordinates>
		</LineString>
	</Placemark>
	<Placemark>
		<styleUrl>#style_20</styleUrl>
		<LineString>
			<tessellate>1</tessellate>
			<altitudeMode>relativeToGround</altitudeMode>
			<coordinates>
				0,0,195394 0,0,195394 
			</coordinates>
		</LineString>
	</Placemark>
	<Placemark>
		<styleUrl>#style_20</styleUrl>
		<LineString>
			<tessellate>1</tessellate>
			<altitudeMode>relativeToGround</altitudeMode>
			<coordinates>
				0,0,195394 0,0,195394 
			</coordinates>
		</LineString>
	</Placemark>
	<Placemark>
		<styleUrl>#style_20</styleUrl>
		<LineString>
			<tessellate>1</tessellate>
			<altitudeMode>relativeToGround</altitudeMode>
			<coordinates>
				0,0,195394 0,0,195394 
			</coordinates>
		</LineString>
	</Placemark>
	<Placemark>
		<styleUrl>#style_20</styleUrl>
		<LineString>
			<tessellate>1</tessellate>
			<altitudeMode>relativeToGround</altitudeMode>
			<coordinates>
				0,0,195394 0,0,195394 
			</coordinates>
		</LineString>
	</Placemark>
	<Placemark>
		<styleUrl>#style_20</styleUrl>
		<LineString>
			<tessellate>1</tessellate>
			<altitudeMode>relativeToGround</altitudeMode>
			<coordinates>
				0,0,195394 0,0,195394 
			</coordinates>
		</LineString>
	</Placemark>
	<Placemark>
		<styleUrl>#style_20</styleUrl>
		<LineString>
			<tessellate>1</tessellate>
			<altitudeMode>relativeToGround</altitudeMode>
			<coordinates>
				0,0,195394 0,0,195394 
			</coordinates>
		</LineString>
	</Placemark>
	<Placemark>
		<styleUrl>#style_20</styleUrl>
		<LineString>
			<tessellate>1</tessellate>
			<altitudeMode>relativeToGround</altitudeMode>
			<coordinates>
				0,0,195394 0,0,195394 
			</coordinates>
		</LineString>
	</Placemark>
	<Placemark>
		<styleUrl>#style_20</styleUrl>
		<LineString>
			<tessellate>1</tessellate>
			<altitudeMode>relativeToGround</altitudeMode>
			<coordinates>
				0,0,195394 0,0,195394 
			</coordinates>
		</LineString>
	</Placemark>
	<Placemark>
		<styleUrl>#style_20</styleUrl>
		<LineString>
			<tessellate>1</tessellate>
			<altitudeMode>relativeToGround</altitudeMode>
			<coordinates>
				0,0,195394 0,0,195394 
			</coordinates>
		</LineString>
	</Placemark>
	<Placemark>
		<styleUrl>#style_20</styleUrl>
		<LineString>
			<tessellate>1</tessellate>
			<altitudeMode>relativeToGround</altitudeMode>
			<coordinates>
				0,0,195394 0,0,195394 
			</coordinates>
		</LineString>
	</Placemark>
	<Placemark>
		<styleUrl>#style_20</styleUrl>
		<LineString>
			<tessellate>1</tessellate>
			<altitudeMode>relativeToGround</altitudeMode>
			<coordinates>
				0,0,195394 0,0,195394 
			</coordinates>
		</LineString>
	</Placemark>
	<Placemark>
		<styleUrl>#style_20</styleUrl>
		<LineString>
			<tessellate>1</tessellate>
			<altitudeMode>relativeToGround</altitudeMode>
			<coordinates>
				0,0,195394 0,0,195394 
			</coordinates>
		</LineString>
	</Placemark>
	<Placemark>
		<styleUrl>#style_20</styleUrl>
		<LineString>
			<tessellate>1</tessellate>
			<altitudeMode>relativeToGround</altitudeMode>
			<coordinates>
				0,0,195394 0,0,195394 
			</coordinates>
		</LineString>
	</Placemark>
	<Placemark>
		<styleUrl>#style_20</styleUrl>
		<LineString>
			<tessellate>1</tessellate>
			<altitudeMode>relativeToGround</altitudeMode>
			<coordinates>
				0,0,195394 0,0,195394 
			</coordinates>
		</LineString>
	</Placemark>
	<Placemark>
		<styleUrl>#style_20</styleUrl>
		<LineString>
			<tessellate>1</tessellate>
			<altitudeMode>relativeToGround</altitudeMode>
			<coordinates>
				0,0,195394 0,0,195394 
			</coordinates>
		</LineString>
	</Placemark>
	<Placemark>
		<styleUrl>#style_20</styleUrl>
		<LineString>
			<tessellate>1</tessellate>
			<altitudeMode>relativeToGround</altitudeMode>
			<coordinates>
				0,0,195394 0,0,195394 
			</coordinates>
		</LineString>
	</Placemark>
	<Placemark>
		<styleUrl>#style_20</styleUrl>
		<LineString>
			<tessellate>1</tessellate>
			<altitudeMode>relativeToGround</altitudeMode>
			<coordinates>
				0,0,195394 0,0,195394 
			</coordinates>
		</LineString>
	</Placemark>
	<Placemark>
		<styleUrl>#style_20</styleUrl>
		<LineString>
			<tessellate>1</tessellate>
			<altitudeMode>relativeToGround</altitudeMode>
			<coordinates>
				0,0,195394 0,0,195394 
			</coordinates>
		</LineString>
	</Placemark>
	<Placemark>
		<styleUrl>#style_20</styleUrl>
		<LineString>
			<tessellate>1</tessellate>
			<altitudeMode>relativeToGround</altitudeMode>
			<coordinates>
				0,0,195394 0,0,195394 
			</coordinates>
		</LineString>
	</Placemark>
	<Placemark>
		<styleUrl>#style_20</styleUrl>
		<LineString>
			<tessellate>1</tessellate>
			<altitudeMode>relativeToGround</altitudeMode>
			<coordinates>
				0,0,195394 0,0,195394 
			</coordinates>
		</LineString>
	</Placemark>
	<Placemark>
		<styleUrl>#style_20</styleUrl>
		<LineString>
			<tessellate>1</tessellate>
			<altitudeMode>relativeToGround</altitudeMode>
			<coordinates>
				0,0,195394 0,0,195394 
			</coordinates>
		</LineString>
	</Placemark>
	<Placemark>
		<styleUrl>#style_20</styleUrl>
		<LineString>
			<tessellate>1</tessellate>
			<altitudeMode>relativeToGround</altitudeMode>
			<coordinates>
				0,0,195394 0,0,195394 
			</coordinates>
		</LineString>
	</Placemark>
	<Placemark>
		<styleUrl>#style_20</styleUrl>
		<LineString>
			<tessellate>1</tessellate>
			<altitudeMode>relativeToGround</altitudeMode>
			<coordinates>
				0,0,195394 0,0,195394 
			</coordinates>
		</LineString>
	</Placemark>
	<Placemark>
		<styleUrl>#style_20</styleUrl>
		<LineString>
			<tessellate>1</tessellate>
			<altitudeMode>relativeToGround</altitudeMode>
			<coordinates>
				0,0,195394 0,0,195394 
			</coordinates>
		</LineString>
	</Placemark>
	<Placemark>
		<styleUrl>#style_20</styleUrl>
		<LineString>
			<tessellate>1</tessellate>
			<altitudeMode>relativeToGround</altitudeMode>
			<coordinates>
				0,0,195394 0,0,195394 
			</coordinates>
		</LineString>
	</Placemark>
	<Placemark>
		<styleUrl>#style_20</styleUrl>
		<LineString>
			<tessellate>1</tessellate>
			<altitudeMode>relativeToGround</altitudeMode>
			<coordinates>
				0,0,195394 0,0,195394 
			</coordinates>
		</LineString>
	</Placemark>
	<Placemark>
		<styleUrl>#style_20</styleUrl>
		<LineString>
			<tessellate>1</tessellate>
			<altitudeMode>relativeToGround</altitudeMode>
			<coordinates>
				0,0,195394 0,0,195394 
			</coordinates>
		</LineString>
	</Placemark>
	<Placemark>
		<styleUrl>#style_20</styleUrl>
		<LineString>
			<tessellate>1</tessellate>
			<altitudeMode>relativeToGround</altitudeMode>
			<coordinates>
				0,0,195394 0,0,195394 
			</coordinates>
		</LineString>
	</Placemark>
	<Placemark>
		<styleUrl>#style_20</styleUrl>
		<LineString>
			<tessellate>1</tessellate>
			<altitudeMode>relativeToGround</altitudeMode>
			<coordinates>
				0,0,195394 0,0,195394 
			</coordinates>
		</LineString>
	</Placemark>
	<Placemark>
		<styleUrl>#style_20</styleUrl>
		<LineString>
			<tessellate>1</tessellate>
			<altitudeMode>relativeToGround</altitudeMode>
			<coordinates>
				0,0,195394 0,0,195394 
			</coordinates>
		</LineString>
	</Placemark>
	<Placemark>
		<styleUrl>#style_20</styleUrl>
		<LineString>
			<tessellate>1</tessellate>
			<altitudeMode>relativeToGround</altitudeMode>
			<coordinates>
				0,0,195394 0,0,195394 
			</coordinates>
		</LineString>
	</Placemark>
	<Placemark>
		<styleUrl>#style_20</styleUrl>
		<LineString>
			<tessellate>1</tessellate>
			<altitudeMode>relativeToGround</altitudeMode>
			<coordinates>
				0,0,195394 0,0,195394 
			</coordinates>
		</LineString>
	</Placemark>
	<Placemark>
		<styleUrl>#style_20</styleUrl>
		<LineString>
			<tessellate>1</tessellate>
			<altitudeMode>relativeToGround</altitudeMode>
			<coordinates>
				0,0,195394 0,0,195394 
			</coordinates>
		</LineString>
	</Placemark>
	<Placemark>
		<styleUrl>#style_20</styleUrl>
		<LineString>
			<tessellate>1</tessellate>
			<altitudeMode>relativeToGround</altitudeMode>
			<coordinates>
				0,0,195394 0,0,195394 
			</coordinates>
		</LineString>
	</Placemark>
	<Placemark>
		<styleUrl>#style_20</styleUrl>
		<LineString>
			<tessellate>1</tessellate>
			<altitudeMode>relativeToGround</altitudeMode>
			<coordinates>
				0,0,195394 0,0,195394 
			</coordinates>
		</LineString>
	</Placemark>
	<Placemark>
		<styleUrl>#style_20</styleUrl>
		<LineString>
			<tessellate>1</tessellate>
			<altitudeMode>relativeToGround</altitudeMode>
			<coordinates>
				0,0,195394 0,0,195394 
			</coordinates>
		</LineString>
	</Placemark>
	<Placemark>
		<styleUrl>#style_20</styleUrl>
		<LineString>
			<tessellate>1</tessellate>
			<altitudeMode>relativeToGround</altitudeMode>
			<coordinates>
				0,0,195394 0,0,195394 
			</coordinates>
		</LineString>
	</Placemark>
	<Placemark>
		<styleUrl>#style_20</styleUrl>
		<LineString>
			<tessellate>1</tessellate>
			<altitudeMode>relativeToGround</altitudeMode>
			<coordinates>
				0,0,195394 0,0,195394 
			</coordinates>
		</LineString>
	</Placemark>
	<Placemark>
		<styleUrl>#style_20</styleUrl>
		<LineString>
			<tessellate>1</tessellate>
			<altitudeMode>relativeToGround</altitudeMode>
			<coordinates>
				0,0,195394 0,0,195394 
			</coordinates>
		</LineString>
	</Placemark>
	<Placemark>
		<styleUrl>#style_20</styleUrl>
		<LineString>
			<tessellate>1</tessellate>
			<altitudeMode>relativeToGround</altitudeMode>
			<coordinates>
				0,0,195394 0,0,195394 
			</coordinates>
		</LineString>
	</Placemark>
	<Placemark>
		<styleUrl>#style_20</styleUrl>
		<LineString>
			<tessellate>1</tessellate>
			<altitudeMode>relativeToGround</altitudeMode>
			<coordinates>
				0,0,195394 0,0,195394 
			</coordinates>
		</LineString>
	</Placemark>
	<Placemark>
		<styleUrl>#style_20</styleUrl>
		<LineString>
			<tessellate>1</tessellate>
			<altitudeMode>relativeToGround</altitudeMode>
			<coordinates>
				0,0,195394 0,0,195394 
			</coordinates>
		</LineString>
	</Placemark>
	<Placemark>
		<styleUrl>#style_20</styleUrl>
		<LineString>
			<tessellate>1</tessellate>
			<altitudeMode>relativeToGround</altitudeMode>
			<coordinates>
				0,0,195394 0,0,195394 
			</coordinates>
		</LineString>
	</Placemark>
	<Placemark>
		<styleUrl>#style_20</styleUrl>
		<LineString>
			<tessellate>1</tessellate>
			<altitudeMode>relativeToGround</altitudeMode>
			<coordinates>
				0,0,195394 0,0,195394 
			</coordinates>
		</LineString>
	</Placemark>
	<Placemark>
		<styleUrl>#style_20</styleUrl>
		<LineString>
			<tessellate>1</tessellate>
			<altitudeMode>relativeToGround</altitudeMode>
			<coordinates>
				0,0,195394 0,0,195394 
			</coordinates>
		</LineString>
	</Placemark>
	<Placemark>
		<styleUrl>#style_20</styleUrl>
		<LineString>
			<tessellate>1</tessellate>
			<altitudeMode>relativeToGround</altitudeMode>
			<coordinates>
				0,0,195394 0,0,195394 
			</coordinates>
		</LineString>
	</Placemark>
	<Placemark>
		<styleUrl>#style_20</styleUrl>
		<LineString>
			<tessellate>1</tessellate>
			<altitudeMode>relativeToGround</altitudeMode>
			<coordinates>
				0,0,195394 0,0,195394 
			</coordinates>
		</LineString>
	</Placemark>
	<Placemark>
		<styleUrl>#style_20</styleUrl>
		<LineString>
			<tessellate>1</tessellate>
			<altitudeMode>relativeToGround</altitudeMode>
			<coordinates>
				0,0,195394 0,0,195394 
			</coordinates>
		</LineString>
	</Placemark>
	<Placemark>
		<styleUrl>#style_20</styleUrl>
		<LineString>
			<tessellate>1</tessellate>
			<altitudeMode>relativeToGround</altitudeMode>
			<coordinates>
				0,0,195394 0,0,195394 
			</coordinates>
		</LineString>
	</Placemark>
	<Placemark>
		<styleUrl>#style_20</styleUrl>
		<LineString>
			<tessellate>1</tessellate>
			<altitudeMode>relativeToGround</altitudeMode>
			<coordinates>
				0,0,195394 0,0,195394 
			</coordinates>
		</LineString>
	</Placemark>
	<Placemark>
		<styleUrl>#style_20</styleUrl>
		<LineString>
			<tessellate>1</tessellate>
			<altitudeMode>relativeToGround</altitudeMode>
			<coordinates>
				0,0,195394 0,0,195394 
			</coordinates>
		</LineString>
	</Placemark>
	<Placemark>
		<styleUrl>#style_20</styleUrl>
		<LineString>
			<tessellate>1</tessellate>
			<altitudeMode>relativeToGround</altitudeMode>
			<coordinates>
				0,0,195394 0,0,195394 
			</coordinates>
		</LineString>
	</Placemark>
	<Placemark>
		<styleUrl>#style_20</styleUrl>
		<LineString>
			<tessellate>1</tessellate>
			<altitudeMode>relativeToGround</altitudeMode>
			<coordinates>
				0,0,195394 0,0,195394 
			</coordinates>
		</LineString>
	</Placemark>
	<Placemark>
		<styleUrl>#style_20</styleUrl>
		<LineString>
			<tessellate>1</tessellate>
			<altitudeMode>relativeToGround</altitudeMode>
			<coordinates>
				0,0,195394 0,0,195394 
			</coordinates>
		</LineString>
	</Placemark>
	<Placemark>
		<styleUrl>#style_20</styleUrl>
		<LineString>
			<tessellate>1</tessellate>
			<altitudeMode>relativeToGround</altitudeMode>
			<coordinates>
				0,0,195394 0,0,195394 
			</coordinates>
		</LineString>
	</Placemark>
	<Placemark>
		<styleUrl>#style_20</styleUrl>
		<LineString>
			<tessellate>1</tessellate>
			<altitudeMode>relativeToGround</altitudeMode>
			<coordinates>
				0,0,195394 0,0,195394 
			</coordinates>
		</LineString>
	</Placemark>
	<Placemark>
		<styleUrl>#style_20</styleUrl>
		<LineString>
			<tessellate>1</tessellate>
			<altitudeMode>relativeToGround</altitudeMode>
			<coordinates>
				0,0,195394 0,0,195394 
			</coordinates>
		</LineString>
	</Placemark>
	<Placemark>
		<styleUrl>#style_20</styleUrl>
		<LineString>
			<tessellate>1</tessellate>
			<altitudeMode>relativeToGround</altitudeMode>
			<coordinates>
				0,0,195394 0,0,195394 
			</coordinates>
		</LineString>
	</Placemark>
	<Placemark>
		<styleUrl>#style_20</styleUrl>
		<LineString>
			<tessellate>1</tessellate>
			<altitudeMode>relativeToGround</altitudeMode>
			<coordinates>
				0,0,195394 0,0,195394 
			</coordinates>
		</LineString>
	</Placemark>
	<Placemark>
		<styleUrl>#style_20</styleUrl>
		<LineString>
			<tessellate>1</tessellate>
			<altitudeMode>relativeToGround</altitudeMode>
			<coordinates>
				0,0,195394 0,0,195394 
			</coordinates>
		</LineString>
	</Placemark>
	<Placemark>
		<styleUrl>#style_20</styleUrl>
		<LineString>
			<tessellate>1</tessellate>
			<altitudeMode>relativeToGround</altitudeMode>
			<coordinates>
				0,0,195394 0,0,195394 
			</coordinates>
		</LineString>
	</Placemark>
	<Placemark>
		<styleUrl>#style_20</styleUrl>
		<LineString>
			<tessellate>1</tessellate>
			<altitudeMode>relativeToGround</altitudeMode>
			<coordinates>
				0,0,195394 0,0,195394 
			</coordinates>
		</LineString>
	</Placemark>
	<Placemark>
		<styleUrl>#style_20</styleUrl>
		<LineString>
			<tessellate>1</tessellate>
			<altitudeMode>relativeToGround</altitudeMode>
			<coordinates>
				0,0,195394 0,0,195394 
			</coordinates>
		</LineString>
	</Placemark>
	<Placemark>
		<styleUrl>#style_20</styleUrl>
		<LineString>
			<tessellate>1</tessellate>
			<altitudeMode>relativeToGround</altitudeMode>
			<coordinates>
				0,0,195394 0,0,195394 
			</coordinates>
		</LineString>
	</Placemark>
	<Placemark>
		<styleUrl>#style_20</styleUrl>
		<LineString>
			<tessellate>1</tessellate>
			<altitudeMode>relativeToGround</altitudeMode>
			<coordinates>
				0,0,195394 0,0,195394 
			</coordinates>
		</LineString>
	</Placemark>
	<Placemark>
		<styleUrl>#style_20</styleUrl>
		<LineString>
			<tessellate>1</tessellate>
			<altitudeMode>relativeToGround</altitudeMode>
			<coordinates>
				0,0,195394 0,0,195394 
			</coordinates>
		</LineString>
	</Placemark>
	<Placemark>
		<styleUrl>#style_20</styleUrl>
		<LineString>
			<tessellate>1</tessellate>
			<altitudeMode>relativeToGround</altitudeMode>
			<coordinates>
				0,0,195394 0,0,195394 
			</coordinates>
		</LineString>
	</Placemark>
	<Placemark>
		<styleUrl>#style_20</styleUrl>
		<LineString>
			<tessellate>1</tessellate>
			<altitudeMode>relativeToGround</altitudeMode>
			<coordinates>
				0,0,195394 0,0,195394 
			</coordinates>
		</LineString>
	</Placemark>
	<Placemark>
		<styleUrl>#style_20</styleUrl>
		<LineString>
			<tessellate>1</tessellate>
			<altitudeMode>relativeToGround</altitudeMode>
			<coordinates>
				0,0,195394 0,0,195394 
			</coordinates>
		</LineString>
	</Placemark>
	<Placemark>
		<styleUrl>#style_20</styleUrl>
		<LineString>
			<tessellate>1</tessellate>
			<altitudeMode>relativeToGround</altitudeMode>
			<coordinates>
				0,0,195394 0,0,195394 
			</coordinates>
		</LineString>
	</Placemark>
	<Placemark>
		<styleUrl>#style_20</styleUrl>
		<LineString>
			<tessellate>1</tessellate>
			<altitudeMode>relativeToGround</altitudeMode>
			<coordinates>
				0,0,195394 0,0,195394 
			</coordinates>
		</LineString>
	</Placemark>
	<Placemark>
		<styleUrl>#style_20</styleUrl>
		<LineString>
			<tessellate>1</tessellate>
			<altitudeMode>relativeToGround</altitudeMode>
			<coordinates>
				0,0,195394 0,0,195394 
			</coordinates>
		</LineString>
	</Placemark>
	<Placemark>
		<styleUrl>#style_20</styleUrl>
		<LineString>
			<tessellate>1</tessellate>
			<altitudeMode>relativeToGround</altitudeMode>
			<coordinates>
				0,0,195394 0,0,195394 
			</coordinates>
		</LineString>
	</Placemark>
	<Placemark>
		<styleUrl>#style_20</styleUrl>
		<LineString>
			<tessellate>1</tessellate>
			<altitudeMode>relativeToGround</altitudeMode>
			<coordinates>
				0,0,195394 0,0,195394 
			</coordinates>
		</LineString>
	</Placemark>
	<Placemark>
		<styleUrl>#style_20</styleUrl>
		<LineString>
			<tessellate>1</tessellate>
			<altitudeMode>relativeToGround</altitudeMode>
			<coordinates>
				0,0,195394 0,0,195394 
			</coordinates>
		</LineString>
	</Placemark>
	<Placemark>
		<styleUrl>#style_20</styleUrl>
		<LineString>
			<tessellate>1</tessellate>
			<altitudeMode>relativeToGround</altitudeMode>
			<coordinates>
				0,0,195394 0,0,195394 
			</coordinates>
		</LineString>
	</Placemark>
	<Placemark>
		<styleUrl>#style_20</styleUrl>
		<LineString>
			<tessellate>1</tessellate>
			<altitudeMode>relativeToGround</altitudeMode>
			<coordinates>
				0,0,195394 0,0,195394 
			</coordinates>
		</LineString>
	</Placemark>
	<Placemark>
		<styleUrl>#style_20</styleUrl>
		<LineString>
			<tessellate>1</tessellate>
			<altitudeMode>relativeToGround</altitudeMode>
			<coordinates>
				0,0,195394 0,0,195394 
			</coordinates>
		</LineString>
	</Placemark>
	<Placemark>
		<styleUrl>#style_20</styleUrl>
		<LineString>
			<tessellate>1</tessellate>
			<altitudeMode>relativeToGround</altitudeMode>
			<coordinates>
				0,0,195394 0,0,195394 
			</coordinates>
		</LineString>
	</Placemark>
	<Placemark>
		<styleUrl>#style_20</styleUrl>
		<LineString>
			<tessellate>1</tessellate>
			<altitudeMode>relativeToGround</altitudeMode>
			<coordinates>
				0,0,195394 0,0,195394 
			</coordinates>
		</LineString>
	</Placemark>
	<Placemark>
		<styleUrl>#style_20</styleUrl>
		<LineString>
			<tessellate>1</tessellate>
			<altitudeMode>relativeToGround</altitudeMode>
			<coordinates>
				0,0,195394 0,0,195394 
			</coordinates>
		</LineString>
	</Placemark>
	<Placemark>
		<styleUrl>#style_20</styleUrl>
		<LineString>
			<tessellate>1</tessellate>
			<altitudeMode>relativeToGround</altitudeMode>
			<coordinates>
				0,0,195394 0,0,195394 
			</coordinates>
		</LineString>
	</Placemark>
	<Placemark>
		<styleUrl>#style_20</styleUrl>
		<LineString>
			<tessellate>1</tessellate>
			<altitudeMode>relativeToGround</altitudeMode>
			<coordinates>
				0,0,195394 0,0,195394 
			</coordinates>
		</LineString>
	</Placemark>
	<Placemark>
		<styleUrl>#style_20</styleUrl>
		<LineString>
			<tessellate>1</tessellate>
			<altitudeMode>relativeToGround</altitudeMode>
			<coordinates>
				0,0,195394 0,0,195394 
			</coordinates>
		</LineString>
	</Placemark>
	<Placemark>
		<styleUrl>#style_20</styleUrl>
		<LineString>
			<tessellate>1</tessellate>
			<altitudeMode>relativeToGround</altitudeMode>
			<coordinates>
				0,0,195394 0,0,195394 
			</coordinates>
		</LineString>
	</Placemark>
	<Placemark>
		<styleUrl>#style_20</styleUrl>
		<LineString>
			<tessellate>1</tessellate>
			<altitudeMode>relativeToGround</altitudeMode>
			<coordinates>
				0,0,195394 0,0,195394 
			</coordinates>
		</LineString>
	</Placemark>
	<Placemark>
		<styleUrl>#style_20</styleUrl>
		<LineString>
			<tessellate>1</tessellate>
			<altitudeMode>relativeToGround</altitudeMode>
			<coordinates>
				0,0,195394 0,0,195394 
			</coordinates>
		</LineString>
	</Placemark>
	<Placemark>
		<styleUrl>#style_20</styleUrl>
		<LineString>
			<tessellate>1</tessellate>
			<altitudeMode>relativeToGround</altitudeMode>
			<coordinates>
				0,0,195394 0,0,195394 
			</coordinates>
		</LineString>
	</Placemark>
	<Placemark>
		<styleUrl>#style_20</styleUrl>
		<LineString>
			<tessellate>1</tessellate>
			<altitudeMode>relativeToGround</altitudeMode>
			<coordinates>
				0,0,195394 0,0,195394 
			</coordinates>
		</LineString>
	</Placemark>
	<Placemark>
		<styleUrl>#style_20</styleUrl>
		<LineString>
			<tessellate>1</tessellate>
			<altitudeMode>relativeToGround</altitudeMode>
			<coordinates>
				0,0,195394 0,0,195394 
			</coordinates>
		</LineString>
	</Placemark>
	<Placemark>
		<styleUrl>#style_20</styleUrl>
		<LineString>
			<tessellate>1</tessellate>
			<altitudeMode>relativeToGround</altitudeMode>
			<coordinates>
				0,0,195394 0,0,195394 
			</coordinates>
		</LineString>
	</Placemark>
	<Placemark>
		<styleUrl>#style_20</styleUrl>
		<LineString>
			<tessellate>1</tessellate>
			<altitudeMode>relativeToGround</altitudeMode>
			<coordinates>
				0,0,195394 0,0,195394 
			</coordinates>
		</LineString>
	</Placemark>
	<Placemark>
		<styleUrl>#style_20</styleUrl>
		<LineString>
			<tessellate>1</tessellate>
			<altitudeMode>relativeToGround</altitudeMode>
			<coordinates>
				0,0,195394 0,0,195394 
			</coordinates>
		</LineString>
	</Placemark>
	<Placemark>
		<styleUrl>#style_20</styleUrl>
		<LineString>
			<tessellate>1</tessellate>
			<altitudeMode>relativeToGround</altitudeMode>
			<coordinates>
				0,0,195394 0,0,195394 
			</coordinates>
		</LineString>
	</Placemark>
	<Placemark>
		<styleUrl>#style_20</styleUrl>
		<LineString>
			<tessellate>1</tessellate>
			<altitudeMode>relativeToGround</altitudeMode>
			<coordinates>
				0,0,195394 0,0,195394 
			</coordinates>
		</LineString>
	</Placemark>
	<Placemark>
		<styleUrl>#style_20</styleUrl>
		<LineString>
			<tessellate>1</tessellate>
			<altitudeMode>relativeToGround</altitudeMode>
			<coordinates>
				0,0,195394 0,0,195394 
			</coordinates>
		</LineString>
	</Placemark>
	<Placemark>
		<styleUrl>#style_20</styleUrl>
		<LineString>
			<tessellate>1</tessellate>
			<altitudeMode>relativeToGround</altitudeMode>
			<coordinates>
				0,0,195394 0,0,195394 
			</coordinates>
		</LineString>
	</Placemark>
	<Placemark>
		<styleUrl>#style_20</styleUrl>
		<LineString>
			<tessellate>1</tessellate>
			<altitudeMode>relativeToGround</altitudeMode>
			<coordinates>
				0,0,195394 0,0,195394 
			</coordinates>
		</LineString>
	</Placemark>
	<Placemark>
		<styleUrl>#style_20</styleUrl>
		<LineString>
			<tessellate>1</tessellate>
			<altitudeMode>relativeToGround</altitudeMode>
			<coordinates>
				0,0,195394 0,0,195394 
			</coordinates>
		</LineString>
	</Placemark>
	<Placemark>
		<styleUrl>#style_20</styleUrl>
		<LineString>
			<tessellate>1</tessellate>
			<altitudeMode>relativeToGround</altitudeMode>
			<coordinates>
				0,0,195394 0,0,195394 
			</coordinates>
		</LineString>
	</Placemark>
	<Placemark>
		<styleUrl>#style_20</styleUrl>
		<LineString>
			<tessellate>1</tessellate>
			<altitudeMode>relativeToGround</altitudeMode>
			<coordinates>
				0,0,195394 0,0,195394 
			</coordinates>
		</LineString>
	</Placemark>
	<Placemark>
		<styleUrl>#style_20</styleUrl>
		<LineString>
			<tessellate>1</tessellate>
			<altitudeMode>relativeToGround</altitudeMode>
			<coordinates>
				0,0,195394 0,0,195394 
			</coordinates>
		</LineString>
	</Placemark>
	<Placemark>
		<styleUrl>#style_20</styleUrl>
		<LineString>
			<tessellate>1</tessellate>
			<altitudeMode>relativeToGround</altitudeMode>
			<coordinates>
				0,0,195394 0,0,195394 
			</coordinates>
		</LineString>
	</Placemark>
	<Placemark>
		<styleUrl>#style_20</styleUrl>
		<LineString>
			<tessellate>1</tessellate>
			<altitudeMode>relativeToGround</altitudeMode>
			<coordinates>
				0,0,195394 0,0,195394 
			</coordinates>
		</LineString>
	</Placemark>
	<Placemark>
		<styleUrl>#style_20</styleUrl>
		<LineString>
			<tessellate>1</tessellate>
			<altitudeMode>relativeToGround</altitudeMode>
			<coordinates>
				0,0,195394 0,0,195394 
			</coordinates>
		</LineString>
	</Placemark>
	<Placemark>
		<styleUrl>#style_20</styleUrl>
		<LineString>
			<tessellate>1</tessellate>
			<altitudeMode>relativeToGround</altitudeMode>
			<coordinates>
				0,0,195394 0,0,195394 
			</coordinates>
		</LineString>
	</Placemark>
	<Placemark>
		<styleUrl>#style_20</styleUrl>
		<LineString>
			<tessellate>1</tessellate>
			<altitudeMode>relativeToGround</altitudeMode>
			<coordinates>
				0,0,195394 0,0,195394 
			</coordinates>
		</LineString>
	</Placemark>
	<Placemark>
		<styleUrl>#style_20</styleUrl>
		<LineString>
			<tessellate>1</tessellate>
			<altitudeMode>relativeToGround</altitudeMode>
			<coordinates>
				0,0,195394 0,0,195394 
			</coordinates>
		</LineString>
	</Placemark>
	<Placemark>
		<styleUrl>#style_20</styleUrl>
		<LineString>
			<tessellate>1</tessellate>
			<altitudeMode>relativeToGround</altitudeMode>
			<coordinates>
				0,0,195394 0,0,195394 
			</coordinates>
		</LineString>
	</Placemark>
	<Placemark>
		<styleUrl>#style_20</styleUrl>
		<LineString>
			<tessellate>1</tessellate>
			<altitudeMode>relativeToGround</altitudeMode>
			<coordinates>
				0,0,195394 0,0,195394 
			</coordinates>
		</LineString>
	</Placemark>
	<Placemark>
		<styleUrl>#style_20</styleUrl>
		<LineString>
			<tessellate>1</tessellate>
			<altitudeMode>relativeToGround</altitudeMode>
			<coordinates>
				0,0,195394 0,0,195394 
			</coordinates>
		</LineString>
	</Placemark>
	<Placemark>
		<styleUrl>#style_20</styleUrl>
		<LineString>
			<tessellate>1</tessellate>
			<altitudeMode>relativeToGround</altitudeMode>
			<coordinates>
				0,0,195394 0,0,195394 
			</coordinates>
		</LineString>
	</Placemark>
	<Placemark>
		<styleUrl>#style_20</styleUrl>
		<LineString>
			<tessellate>1</tessellate>
			<altitudeMode>relativeToGround</altitudeMode>
			<coordinates>
				0,0,195394 0,0,195394 
			</coordinates>
		</LineString>
	</Placemark>
	<Placemark>
		<styleUrl>#style_20</styleUrl>
		<LineString>
			<tessellate>1</tessellate>
			<altitudeMode>relativeToGround</altitudeMode>
			<coordinates>
				0,0,195394 0,0,195394 
			</coordinates>
		</LineString>
	</Placemark>
	<Placemark>
		<styleUrl>#style_20</styleUrl>
		<LineString>
			<tessellate>1</tessellate>
			<altitudeMode>relativeToGround</altitudeMode>
			<coordinates>
				0,0,195394 0,0,195394 
			</coordinates>
		</LineString>
	</Placemark>
	<Placemark>
		<styleUrl>#style_20</styleUrl>
		<LineString>
			<tessellate>1</tessellate>
			<altitudeMode>relativeToGround</altitudeMode>
			<coordinates>
				0,0,195394 0,0,195394 
			</coordinates>
		</LineString>
	</Placemark>
	<Placemark>
		<styleUrl>#style_20</styleUrl>
		<LineString>
			<tessellate>1</tessellate>
			<altitudeMode>relativeToGround</altitudeMode>
			<coordinates>
				0,0,195394 0,0,195394 
			</coordinates>
		</LineString>
	</Placemark>
	<Placemark>
		<styleUrl>#style_20</styleUrl>
		<LineString>
			<tessellate>1</tessellate>
			<altitudeMode>relativeToGround</altitudeMode>
			<coordinates>
				0,0,195394 0,0,195394 
			</coordinates>
		</LineString>
	</Placemark>
	<Placemark>
		<styleUrl>#style_20</styleUrl>
		<LineString>
			<tessellate>1</tessellate>
			<altitudeMode>relativeToGround</altitudeMode>
			<coordinates>
				0,0,195394 0,0,195394 
			</coordinates>
		</LineString>
	</Placemark>
	<Placemark>
		<styleUrl>#style_20</styleUrl>
		<LineString>
			<tessellate>1</tessellate>
			<altitudeMode>relativeToGround</altitudeMode>
			<coordinates>
				0,0,195394 0,0,195394 
			</coordinates>
		</LineString>
	</Placemark>
	<Placemark>
		<styleUrl>#style_20</styleUrl>
		<LineString>
			<tessellate>1</tessellate>
			<altitudeMode>relativeToGround</altitudeMode>
			<coordinates>
				0,0,195394 0,0,195394 
			</coordinates>
		</LineString>
	</Placemark>
	<Placemark>
		<styleUrl>#style_20</styleUrl>
		<LineString>
			<tessellate>1</tessellate>
			<altitudeMode>relativeToGround</altitudeMode>
			<coordinates>
				0,0,195394 0,0,195394 
			</coordinates>
		</LineString>
	</Placemark>
	<Placemark>
		<styleUrl>#style_20</styleUrl>
		<LineString>
			<tessellate>1</tessellate>
			<altitudeMode>relativeToGround</altitudeMode>
			<coordinates>
				0,0,195394 0,0,195394 
			</coordinates>
		</LineString>
	</Placemark>
	<Placemark>
		<styleUrl>#style_20</styleUrl>
		<LineString>
			<tessellate>1</tessellate>
			<altitudeMode>relativeToGround</altitudeMode>
			<coordinates>
				0,0,195394 0,0,195394 
			</coordinates>
		</LineString>
	</Placemark>
	<Placemark>
		<styleUrl>#style_20</styleUrl>
		<LineString>
			<tessellate>1</tessellate>
			<altitudeMode>relativeToGround</altitudeMode>
			<coordinates>
				0,0,195394 0,0,195394 
			</coordinates>
		</LineString>
	</Placemark>
	<Placemark>
		<styleUrl>#style_20</styleUrl>
		<LineString>
			<tessellate>1</tessellate>
			<altitudeMode>relativeToGround</altitudeMode>
			<coordinates>
				0,0,195394 0,0,195394 
			</coordinates>
		</LineString>
	</Placemark>
	<Placemark>
		<styleUrl>#style_20</styleUrl>
		<LineString>
			<tessellate>1</tessellate>
			<altitudeMode>relativeToGround</altitudeMode>
			<coordinates>
				0,0,195394 0,0,195394 
			</coordinates>
		</LineString>
	</Placemark>
	<Placemark>
		<styleUrl>#style_20</styleUrl>
		<LineString>
			<tessellate>1</tessellate>
			<altitudeMode>relativeToGround</altitudeMode>
			<coordinates>
				0,0,195394 0,0,195394 
			</coordinates>
		</LineString>
	</Placemark>
	<Placemark>
		<styleUrl>#style_20</styleUrl>
		<LineString>
			<tessellate>1</tessellate>
			<altitudeMode>relativeToGround</altitudeMode>
			<coordinates>
				0,0,195394 0,0,195394 
			</coordinates>
		</LineString>
	</Placemark>
	<Placemark>
		<styleUrl>#style_20</styleUrl>
		<LineString>
			<tessellate>1</tessellate>
			<altitudeMode>relativeToGround</altitudeMode>
			<coordinates>
				0,0,195394 0,0,195394 
			</coordinates>
		</LineString>
	</Placemark>
	<Placemark>
		<styleUrl>#style_20</styleUrl>
		<LineString>
			<tessellate>1</tessellate>
			<altitudeMode>relativeToGround</altitudeMode>
			<coordinates>
				0,0,195394 0,0,195394 
			</coordinates>
		</LineString>
	</Placemark>
	<Placemark>
		<styleUrl>#style_20</styleUrl>
		<LineString>
			<tessellate>1</tessellate>
			<altitudeMode>relativeToGround</altitudeMode>
			<coordinates>
				0,0,195394 0,0,195394 
			</coordinates>
		</LineString>
	</Placemark>
	<Placemark>
		<styleUrl>#style_20</styleUrl>
		<LineString>
			<tessellate>1</tessellate>
			<altitudeMode>relativeToGround</altitudeMode>
			<coordinates>
				0,0,195394 0,0,195394 
			</coordinates>
		</LineString>
	</Placemark>
	<Placemark>
		<styleUrl>#style_20</styleUrl>
		<LineString>
			<tessellate>1</tessellate>
			<altitudeMode>relativeToGround</altitudeMode>
			<coordinates>
				0,0,195394 0,0,195394 
			</coordinates>
		</LineString>
	</Placemark>
	<Placemark>
		<styleUrl>#style_20</styleUrl>
		<LineString>
			<tessellate>1</tessellate>
			<altitudeMode>relativeToGround</altitudeMode>
			<coordinates>
				0,0,195394 0,0,195394 
			</coordinates>
		</LineString>
	</Placemark>
	<Placemark>
		<styleUrl>#style_20</styleUrl>
		<LineString>
			<tessellate>1</tessellate>
			<altitudeMode>relativeToGround</altitudeMode>
			<coordinates>
				0,0,195394 0,0,195394 
			</coordinates>
		</LineString>
	</Placemark>
	<Placemark>
		<styleUrl>#style_20</styleUrl>
		<LineString>
			<tessellate>1</tessellate>
			<altitudeMode>relativeToGround</altitudeMode>
			<coordinates>
				0,0,195394 0,0,195394 
			</coordinates>
		</LineString>
	</Placemark>
	<Placemark>
		<styleUrl>#style_20</styleUrl>
		<LineString>
			<tessellate>1</tessellate>
			<altitudeMode>relativeToGround</altitudeMode>
			<coordinates>
				0,0,195394 0,0,195394 
			</coordinates>
		</LineString>
	</Placemark>
	<Placemark>
		<styleUrl>#style_20</styleUrl>
		<LineString>
			<tessellate>1</tessellate>
			<altitudeMode>relativeToGround</altitudeMode>
			<coordinates>
				0,0,195394 0,0,195394 
			</coordinates>
		</LineString>
	</Placemark>
	<Placemark>
		<styleUrl>#style_20</styleUrl>
		<LineString>
			<tessellate>1</tessellate>
			<altitudeMode>relativeToGround</altitudeMode>
			<coordinates>
				0,0,195394 0,0,195394 
			</coordinates>
		</LineString>
	</Placemark>
	<Placemark>
		<styleUrl>#style_20</styleUrl>
		<LineString>
			<tessellate>1</tessellate>
			<altitudeMode>relativeToGround</altitudeMode>
			<coordinates>
				0,0,195394 0,0,195394 
			</coordinates>
		</LineString>
	</Placemark>
	<Placemark>
		<styleUrl>#style_20</styleUrl>
		<LineString>
			<tessellate>1</tessellate>
			<altitudeMode>relativeToGround</altitudeMode>
			<coordinates>
				0,0,195394 0,0,195394 
			</coordinates>
		</LineString>
	</Placemark>
	<Placemark>
		<styleUrl>#style_20</styleUrl>
		<LineString>
			<tessellate>1</tessellate>
			<altitudeMode>relativeToGround</altitudeMode>
			<coordinates>
				0,0,195394 0,0,195394 
			</coordinates>
		</LineString>
	</Placemark>
	<Placemark>
		<styleUrl>#style_20</styleUrl>
		<LineString>
			<tessellate>1</tessellate>
			<altitudeMode>relativeToGround</altitudeMode>
			<coordinates>
				0,0,195394 0,0,195394 
			</coordinates>
		</LineString>
	</Placemark>
	<Placemark>
		<styleUrl>#style_20</styleUrl>
		<LineString>
			<tessellate>1</tessellate>
			<altitudeMode>relativeToGround</altitudeMode>
			<coordinates>
				0,0,195394 0,0,195394 
			</coordinates>
		</LineString>
	</Placemark>
	<Placemark>
		<styleUrl>#style_20</styleUrl>
		<LineString>
			<tessellate>1</tessellate>
			<altitudeMode>relativeToGround</altitudeMode>
			<coordinates>
				0,0,195394 0,0,195394 
			</coordinates>
		</LineString>
	</Placemark>
	<Placemark>
		<styleUrl>#style_20</styleUrl>
		<LineString>
			<tessellate>1</tessellate>
			<altitudeMode>relativeToGround</altitudeMode>
			<coordinates>
				0,0,195394 0,0,195394 
			</coordinates>
		</LineString>
	</Placemark>
	<Placemark>
		<styleUrl>#style_20</styleUrl>
		<LineString>
			<tessellate>1</tessellate>
			<altitudeMode>relativeToGround</altitudeMode>
			<coordinates>
				0,0,195394 0,0,195394 
			</coordinates>
		</LineString>
	</Placemark>
	<Placemark>
		<styleUrl>#style_20</styleUrl>
		<LineString>
			<tessellate>1</tessellate>
			<altitudeMode>relativeToGround</altitudeMode>
			<coordinates>
				0,0,195394 0,0,195394 
			</coordinates>
		</LineString>
	</Placemark>
	<Placemark>
		<styleUrl>#style_20</styleUrl>
		<LineString>
			<tessellate>1</tessellate>
			<altitudeMode>relativeToGround</altitudeMode>
			<coordinates>
				0,0,195394 0,0,195394 
			</coordinates>
		</LineString>
	</Placemark>
	<Placemark>
		<styleUrl>#style_20</styleUrl>
		<LineString>
			<tessellate>1</tessellate>
			<altitudeMode>relativeToGround</altitudeMode>
			<coordinates>
				0,0,195394 0,0,195394 
			</coordinates>
		</LineString>
	</Placemark>
	<Placemark>
		<styleUrl>#style_20</styleUrl>
		<LineString>
			<tessellate>1</tessellate>
			<altitudeMode>relativeToGround</altitudeMode>
			<coordinates>
				0,0,195394 0,0,195394 
			</coordinates>
		</LineString>
	</Placemark>
	<Placemark>
		<styleUrl>#style_20</styleUrl>
		<LineString>
			<tessellate>1</tessellate>
			<altitudeMode>relativeToGround</altitudeMode>
			<coordinates>
				0,0,195394 0,0,195394 
			</coordinates>
		</LineString>
	</Placemark>
	<Placemark>
		<styleUrl>#style_20</styleUrl>
		<LineString>
			<tessellate>1</tessellate>
			<altitudeMode>relativeToGround</altitudeMode>
			<coordinates>
				0,0,195394 0,0,195394 
			</coordinates>
		</LineString>
	</Placemark>
	<Placemark>
		<styleUrl>#style_20</styleUrl>
		<LineString>
			<tessellate>1</tessellate>
			<altitudeMode>relativeToGround</altitudeMode>
			<coordinates>
				0,0,195394 0,0,195394 
			</coordinates>
		</LineString>
	</Placemark>
	<Placemark>
		<styleUrl>#style_20</styleUrl>
		<LineString>
			<tessellate>1</tessellate>
			<altitudeMode>relativeToGround</altitudeMode>
			<coordinates>
				0,0,195394 0,0,195394 
			</coordinates>
		</LineString>
	</Placemark>
	<Placemark>
		<styleUrl>#style_20</styleUrl>
		<LineString>
			<tessellate>1</tessellate>
			<altitudeMode>relativeToGround</altitudeMode>
			<coordinates>
				0,0,195394 0,0,195394 
			</coordinates>
		</LineString>
	</Placemark>
	<Placemark>
		<styleUrl>#style_20</styleUrl>
		<LineString>
			<tessellate>1</tessellate>
			<altitudeMode>relativeToGround</altitudeMode>
			<coordinates>
				0,0,195394 0,0,195394 
			</coordinates>
		</LineString>
	</Placemark>
	<Placemark>
		<styleUrl>#style_20</styleUrl>
		<LineString>
			<tessellate>1</tessellate>
			<altitudeMode>relativeToGround</altitudeMode>
			<coordinates>
				0,0,195394 0,0,195394 
			</coordinates>
		</LineString>
	</Placemark>
	<Placemark>
		<styleUrl>#style_20</styleUrl>
		<LineString>
			<tessellate>1</tessellate>
			<altitudeMode>relativeToGround</altitudeMode>
			<coordinates>
				0,0,195394 0,0,195394 
			</coordinates>
		</LineString>
	</Placemark>
	<Placemark>
		<styleUrl>#style_20</styleUrl>
		<LineString>
			<tessellate>1</tessellate>
			<altitudeMode>relativeToGround</altitudeMode>
			<coordinates>
				0,0,195394 0,0,195394 
			</coordinates>
		</LineString>
	</Placemark>
	<Placemark>
		<styleUrl>#style_20</styleUrl>
		<LineString>
			<tessellate>1</tessellate>
			<altitudeMode>relativeToGround</altitudeMode>
			<coordinates>
				0,0,195394 0,0,195394 
			</coordinates>
		</LineString>
	</Placemark>
	<Placemark>
		<styleUrl>#style_20</styleUrl>
		<LineString>
			<tessellate>1</tessellate>
			<altitudeMode>relativeToGround</altitudeMode>
			<coordinates>
				0,0,195394 0,0,195394 
			</coordinates>
		</LineString>
	</Placemark>
	<Placemark>
		<styleUrl>#style_20</styleUrl>
		<LineString>
			<tessellate>1</tessellate>
			<altitudeMode>relativeToGround</altitudeMode>
			<coordinates>
				0,0,195394 0,0,195394 
			</coordinates>
		</LineString>
	</Placemark>
	<Placemark>
		<styleUrl>#style_20</styleUrl>
		<LineString>
			<tessellate>1</tessellate>
			<altitudeMode>relativeToGround</altitudeMode>
			<coordinates>
				0,0,195394 0,0,195394 
			</coordinates>
		</LineString>
	</Placemark>
	<Placemark>
		<styleUrl>#style_20</styleUrl>
		<LineString>
			<tessellate>1</tessellate>
			<altitudeMode>relativeToGround</altitudeMode>
			<coordinates>
				0,0,195394 0,0,195394 
			</coordinates>
		</LineString>
	</Placemark>
	<Placemark>
		<styleUrl>#style_20</styleUrl>
		<LineString>
			<tessellate>1</tessellate>
			<altitudeMode>relativeToGround</altitudeMode>
			<coordinates>
				0,0,195394 0,0,195394 
			</coordinates>
		</LineString>
	</Placemark>
	<Placemark>
		<styleUrl>#style_20</styleUrl>
		<LineString>
			<tessellate>1</tessellate>
			<altitudeMode>relativeToGround</altitudeMode>
			<coordinates>
				0,0,195394 0,0,195394 
			</coordinates>
		</LineString>
	</Placemark>
	<Placemark>
		<styleUrl>#style_20</styleUrl>
		<LineString>
			<tessellate>1</tessellate>
			<altitudeMode>relativeToGround</altitudeMode>
			<coordinates>
				0,0,195394 0,0,195394 
			</coordinates>
		</LineString>
	</Placemark>
	<Placemark>
		<styleUrl>#style_20</styleUrl>
		<LineString>
			<tessellate>1</tessellate>
			<altitudeMode>relativeToGround</altitudeMode>
			<coordinates>
				0,0,195394 0,0,195394 
			</coordinates>
		</LineString>
	</Placemark>
	<Placemark>
		<styleUrl>#style_20</styleUrl>
		<LineString>
			<tessellate>1</tessellate>
			<altitudeMode>relativeToGround</altitudeMode>
			<coordinates>
				0,0,195394 0,0,195394 
			</coordinates>
		</LineString>
	</Placemark>
	<Placemark>
		<styleUrl>#style_20</styleUrl>
		<LineString>
			<tessellate>1</tessellate>
			<altitudeMode>relativeToGround</altitudeMode>
			<coordinates>
				0,0,195394 0,0,195394 
			</coordinates>
		</LineString>
	</Placemark>
	<Placemark>
		<styleUrl>#style_20</styleUrl>
		<LineString>
			<tessellate>1</tessellate>
			<altitudeMode>relativeToGround</altitudeMode>
			<coordinates>
				0,0,195394 0,0,195394 
			</coordinates>
		</LineString>
	</Placemark>
	<Placemark>
		<styleUrl>#style_20</styleUrl>
		<LineString>
			<tessellate>1</tessellate>
			<altitudeMode>relativeToGround</altitudeMode>
			<coordinates>
				0,0,195394 0,0,195394 
			</coordinates>
		</LineString>
	</Placemark>
	<Placemark>
		<styleUrl>#style_20</styleUrl>
		<LineString>
			<tessellate>1</tessellate>
			<altitudeMode>relativeToGround</altitudeMode>
			<coordinates>
				0,0,195394 0,0,195394 
			</coordinates>
		</LineString>
	</Placemark>
	<Placemark>
		<styleUrl>#style_20</styleUrl>
		<LineString>
			<tessellate>1</tessellate>
			<altitudeMode>relativeToGround</altitudeMode>
			<coordinates>
				0,0,195394 0,0,195394 
			</coordinates>
		</LineString>
	</Placemark>
	<Placemark>
		<styleUrl>#style_20</styleUrl>
		<LineString>
			<tessellate>1</tessellate>
			<altitudeMode>relativeToGround</altitudeMode>
			<coordinates>
				0,0,195394 0,0,195394 
			</coordinates>
		</LineString>
	</Placemark>
	<Placemark>
		<styleUrl>#style_20</styleUrl>
		<LineString>
			<tessellate>1</tessellate>
			<altitudeMode>relativeToGround</altitudeMode>
			<coordinates>
				0,0,195394 0,0,195394 
			</coordinates>
		</LineString>
	</Placemark>
	<Placemark>
		<styleUrl>#style_20</styleUrl>
		<LineString>
			<tessellate>1</tessellate>
			<altitudeMode>relativeToGround</altitudeMode>
			<coordinates>
				0,0,195394 0,0,195394 
			</coordinates>
		</LineString>
	</Placemark>
	<Placemark>
		<styleUrl>#style_20</styleUrl>
		<LineString>
			<tessellate>1</tessellate>
			<altitudeMode>relativeToGround</altitudeMode>
			<coordinates>
				0,0,195394 0,0,195394 
			</coordinates>
		</LineString>
	</Placemark>
	<Placemark>
		<styleUrl>#style_20</styleUrl>
		<LineString>
			<tessellate>1</tessellate>
			<altitudeMode>relativeToGround</altitudeMode>
			<coordinates>
				0,0,195394 0,0,195394 
			</coordinates>
		</LineString>
	</Placemark>
	<Placemark>
		<styleUrl>#style_20</styleUrl>
		<LineString>
			<tessellate>1</tessellate>
			<altitudeMode>relativeToGround</altitudeMode>
			<coordinates>
				0,0,195394 0,0,195394 
			</coordinates>
		</LineString>
	</Placemark>
	<Placemark>
		<styleUrl>#style_20</styleUrl>
		<LineString>
			<tessellate>1</tessellate>
			<altitudeMode>relativeToGround</altitudeMode>
			<coordinates>
				0,0,195394 0,0,195394 
			</coordinates>
		</LineString>
	</Placemark>
	<Placemark>
		<styleUrl>#style_20</styleUrl>
		<LineString>
			<tessellate>1</tessellate>
			<altitudeMode>relativeToGround</altitudeMode>
			<coordinates>
				0,0,195394 0,0,195394 
			</coordinates>
		</LineString>
	</Placemark>
	<Placemark>
		<styleUrl>#style_20</styleUrl>
		<LineString>
			<tessellate>1</tessellate>
			<altitudeMode>relativeToGround</altitudeMode>
			<coordinates>
				0,0,195394 0,0,195394 
			</coordinates>
		</LineString>
	</Placemark>
	<Placemark>
		<styleUrl>#style_20</styleUrl>
		<LineString>
			<tessellate>1</tessellate>
			<altitudeMode>relativeToGround</altitudeMode>
			<coordinates>
				0,0,195394 0,0,195394 
			</coordinates>
		</LineString>
	</Placemark>
	<Placemark>
		<styleUrl>#style_20</styleUrl>
		<LineString>
			<tessellate>1</tessellate>
			<altitudeMode>relativeToGround</altitudeMode>
			<coordinates>
				0,0,195394 0,0,195394 
			</coordinates>
		</LineString>
	</Placemark>
	<Placemark>
		<styleUrl>#style_20</styleUrl>
		<LineString>
			<tessellate>1</tessellate>
			<altitudeMode>relativeToGround</altitudeMode>
			<coordinates>
				0,0,195394 0,0,195394 
			</coordinates>
		</LineString>
	</Placemark>
	<Placemark>
		<styleUrl>#style_20</styleUrl>
		<LineString>
			<tessellate>1</tessellate>
			<altitudeMode>relativeToGround</altitudeMode>
			<coordinates>
				0,0,195394 0,0,195394 
			</coordinates>
		</LineString>
	</Placemark>
	<Placemark>
		<styleUrl>#style_20</styleUrl>
		<LineString>
			<tessellate>1</tessellate>
			<altitudeMode>relativeToGround</altitudeMode>
			<coordinates>
				0,0,195394 0,0,195394 
			</coordinates>
		</LineString>
	</Placemark>
	<Placemark>
		<styleUrl>#style_20</styleUrl>
		<LineString>
			<tessellate>1</tessellate>
			<altitudeMode>relativeToGround</altitudeMode>
			<coordinates>
				0,0,195394 0,0,195394 
			</coordinates>
		</LineString>
	</Placemark>
	<Placemark>
		<styleUrl>#style_20</styleUrl>
		<LineString>
			<tessellate>1</tessellate>
			<altitudeMode>relativeToGround</altitudeMode>
			<coordinates>
				0,0,195394 0,0,195394 
			</coordinates>
		</LineString>
	</Placemark>
	<Placemark>
		<styleUrl>#style_20</styleUrl>
		<LineString>
			<tessellate>1</tessellate>
			<altitudeMode>relativeToGround</altitudeMode>
			<coordinates>
				0,0,195394 0,0,195394 
			</coordinates>
		</LineString>
	</Placemark>
	<Placemark>
		<styleUrl>#style_20</styleUrl>
		<LineString>
			<tessellate>1</tessellate>
			<altitudeMode>relativeToGround</altitudeMode>
			<coordinates>
				0,0,195394 0,0,195394 
			</coordinates>
		</LineString>
	</Placemark>
	<Placemark>
		<styleUrl>#style_20</styleUrl>
		<LineString>
			<tessellate>1</tessellate>
			<altitudeMode>relativeToGround</altitudeMode>
			<coordinates>
				0,0,195394 0,0,195394 
			</coordinates>
		</LineString>
	</Placemark>
	<Placemark>
		<styleUrl>#style_20</styleUrl>
		<LineString>
			<tessellate>1</tessellate>
			<altitudeMode>relativeToGround</altitudeMode>
			<coordinates>
				0,0,195394 0,0,195394 
			</coordinates>
		</LineString>
	</Placemark>
	<Placemark>
		<styleUrl>#style_20</styleUrl>
		<LineString>
			<tessellate>1</tessellate>
			<altitudeMode>relativeToGround</altitudeMode>
			<coordinates>
				0,0,195394 0,0,195394 
			</coordinates>
		</LineString>
	</Placemark>
	<Placemark>
		<styleUrl>#style_20</styleUrl>
		<LineString>
			<tessellate>1</tessellate>
			<altitudeMode>relativeToGround</altitudeMode>
			<coordinates>
				0,0,195394 0,0,195394 
			</coordinates>
		</LineString>
	</Placemark>
	<Placemark>
		<styleUrl>#style_20</styleUrl>
		<LineString>
			<tessellate>1</tessellate>
			<altitudeMode>relativeToGround</altitudeMode>
			<coordinates>
				0,0,195394 0,0,195394 
			</coordinates>
		</LineString>
	</Placemark>
	<Placemark>
		<styleUrl>#style_20</styleUrl>
		<LineString>
			<tessellate>1</tessellate>
			<altitudeMode>relativeToGround</altitudeMode>
			<coordinates>
				0,0,195394 0,0,195394 
			</coordinates>
		</LineString>
	</Placemark>
</Document>
</kml>
