<?xml version="1.0" encoding="UTF-8"?>
<kml xmlns="http://www.opengis.net/kml/2.2" xmlns:gx="http://www.google.com/kml/ext/2.2" xmlns:kml="http://www.opengis.net/kml/2.2" xmlns:atom="http://www.w3.org/2005/Atom">
<Document>
	<name>HL8080 RKSS-PANC PLAN</name>
	<atom:link rel="app" href="https://www.google.com/earth/about/versions/#earth-pro" title="Google Earth Pro 7.3.6.10441"></atom:link>
	<StyleMap id="0_0">
		<Pair>
			<key>normal</key>
			<styleUrl>#Normal0_0</styleUrl>
		</Pair>
		<Pair>
			<key>highlight</key>
			<styleUrl>#Highlight0_0</styleUrl>
		</Pair>
	</StyleMap>
	<StyleMap id="0_1">
		<Pair>
			<key>normal</key>
			<styleUrl>#Normal0_1</styleUrl>
		</Pair>
		<Pair>
			<key>highlight</key>
			<styleUrl>#Highlight0_1</styleUrl>
		</Pair>
	</StyleMap>
	<StyleMap id="1_0">
		<Pair>
			<key>normal</key>
			<styleUrl>#Normal1_0</styleUrl>
		</Pair>
		<Pair>
			<key>highlight</key>
			<styleUrl>#Highlight1_0</styleUrl>
		</Pair>
	</StyleMap>
	<StyleMap id="1_1">
		<Pair>
			<key>normal</key>
			<styleUrl>#Normal1_1</styleUrl>
		</Pair>
		<Pair>
			<key>highlight</key>
			<styleUrl>#Highlight1_1</styleUrl>
		</Pair>
	</StyleMap>
	<Style id="Highlight0_0">
		<IconStyle>
			<color>ff4466ff</color>
			<scale>2.1</scale>
			<Icon>
				<href>https://www.earthpoint.us/Default.ashx?IconText=&amp;Color=White&amp;File=White.jpg</href>
			</Icon>
			<hotSpot x="0.5" y="2" xunits="fraction" yunits="pixels"/>
		</IconStyle>
		<BalloonStyle>
			<text>$[description]</text>
		</BalloonStyle>
		<LineStyle>
			<color>ff0000ff</color>
			<width>3</width>
		</LineStyle>
	</Style>
	<Style id="Highlight0_1">
		<BalloonStyle>
			<text>$[description]</text>
		</BalloonStyle>
		<LineStyle>
			<color>ff0000ff</color>
			<width>3</width>
		</LineStyle>
		<PolyStyle>
			<color>ccffffff</color>
			<fill>0</fill>
		</PolyStyle>
	</Style>
	<Style id="Highlight1_0">
		<IconStyle>
			<color>ff00ffff</color>
			<scale>2.1</scale>
			<Icon>
				<href>https://www.earthpoint.us/Default.ashx?IconText=&amp;Color=White&amp;File=White.jpg</href>
			</Icon>
			<hotSpot x="0.5" y="2" xunits="fraction" yunits="pixels"/>
		</IconStyle>
		<BalloonStyle>
			<text>$[description]</text>
		</BalloonStyle>
		<LineStyle>
			<color>ff00aaff</color>
			<width>3</width>
		</LineStyle>
	</Style>
	<Style id="Highlight1_1">
		<BalloonStyle>
			<text>$[description]</text>
		</BalloonStyle>
		<LineStyle>
			<color>ff00aaff</color>
			<width>3</width>
		</LineStyle>
		<PolyStyle>
			<color>ccffffff</color>
			<fill>0</fill>
		</PolyStyle>
	</Style>
	<Style id="Normal0_0">
		<IconStyle>
			<scale>2</scale>
			<Icon>
				<href>https://www.earthpoint.us/Default.ashx?IconText=&amp;Color=White&amp;File=White.jpg</href>
			</Icon>
			<hotSpot x="0.5" y="2" xunits="fraction" yunits="pixels"/>
		</IconStyle>
		<LabelStyle>
			<color>00000000</color>
		</LabelStyle>
		<BalloonStyle>
			<text>$[description]</text>
		</BalloonStyle>
		<LineStyle>
			<color>ff0000ff</color>
			<width>2</width>
		</LineStyle>
	</Style>
	<Style id="Normal0_1">
		<BalloonStyle>
			<text>$[description]</text>
		</BalloonStyle>
		<LineStyle>
			<color>ff0000ff</color>
			<width>2</width>
		</LineStyle>
		<PolyStyle>
			<fill>0</fill>
		</PolyStyle>
	</Style>
	<Style id="Normal1_0">
		<IconStyle>
			<scale>2</scale>
			<Icon>
				<href>https://www.earthpoint.us/Default.ashx?IconText=&amp;Color=White&amp;File=White.jpg</href>
			</Icon>
			<hotSpot x="0.5" y="2" xunits="fraction" yunits="pixels"/>
		</IconStyle>
		<LabelStyle>
			<color>00000000</color>
		</LabelStyle>
		<BalloonStyle>
			<text>$[description]</text>
		</BalloonStyle>
		<LineStyle>
			<color>ff00aaff</color>
			<width>2</width>
		</LineStyle>
	</Style>
	<Style id="Normal1_1">
		<BalloonStyle>
			<text>$[description]</text>
		</BalloonStyle>
		<LineStyle>
			<color>ff00aaff</color>
			<width>2</width>
		</LineStyle>
		<PolyStyle>
			<fill>0</fill>
		</PolyStyle>
	</Style>
	<Style id="style_10">
		<IconStyle>
			<scale>1.2</scale>
			<Icon>
				<href>https://maps.google.com/mapfiles/kml/paddle/ylw-diamond.png</href>
			</Icon>
		</IconStyle>
	</Style>
	<Style id="style_10002">
		<LineStyle>
			<color>ff00ffff</color>
			<width>3</width>
		</LineStyle>
	</Style>
	<Style id="style_10003">
		<LineStyle>
			<color>ff00ffff</color>
			<width>6</width>
		</LineStyle>
	</Style>
	<Style id="style_10004">
		<LineStyle>
			<color>ff00ffff</color>
			<width>3</width>
		</LineStyle>
	</Style>
	<Style id="style_10005">
		<LineStyle>
			<color>ff00ffff</color>
			<width>3</width>
		</LineStyle>
	</Style>
	<Style id="style_10006">
		<LineStyle>
			<color>ff00ffff</color>
			<width>3</width>
		</LineStyle>
	</Style>
	<Style id="style_10007">
		<LineStyle>
			<color>ff9314ff</color>
			<width>3</width>
		</LineStyle>
	</Style>
	<Style id="style_10008">
		<LineStyle>
			<color>ff9314ff</color>
			<width>3</width>
		</LineStyle>
	</Style>
	<Style id="style_10009">
		<LineStyle>
			<color>ff00ffff</color>
			<width>3</width>
		</LineStyle>
	</Style>
	<Style id="style_10010">
		<LineStyle>
			<color>ff00ffff</color>
			<width>3</width>
		</LineStyle>
	</Style>
	<Style id="style_10011">
		<LineStyle>
			<color>ff9314ff</color>
			<width>3</width>
		</LineStyle>
	</Style>
	<Style id="style_10012">
		<LineStyle>
			<color>ff00ffff</color>
			<width>3</width>
		</LineStyle>
	</Style>
	<Style id="style_10013">
		<LineStyle>
			<color>ff00ffff</color>
			<width>3</width>
		</LineStyle>
	</Style>
	<Style id="style_10014">
		<LineStyle>
			<color>ff00ffff</color>
			<width>3</width>
		</LineStyle>
	</Style>
	<Style id="style_10015">
		<LineStyle>
			<color>ff00ffff</color>
			<width>3</width>
		</LineStyle>
	</Style>
	<Style id="style_10016">
		<LineStyle>
			<color>ff00ffff</color>
			<width>3</width>
		</LineStyle>
	</Style>
	<Style id="style_10017">
		<LineStyle>
			<color>ff00ffff</color>
			<width>3</width>
		</LineStyle>
	</Style>
	<Style id="style_10018">
		<LineStyle>
			<color>ff00ffff</color>
			<width>3</width>
		</LineStyle>
	</Style>
	<Style id="style_10019">
		<LineStyle>
			<color>ff00ffff</color>
			<width>3</width>
		</LineStyle>
	</Style>
	<Style id="style_10020">
		<LineStyle>
			<color>ff00ffff</color>
			<width>3</width>
		</LineStyle>
	</Style>
	<Style id="style_10021">
		<LineStyle>
			<color>ff00ffff</color>
			<width>3</width>
		</LineStyle>
	</Style>
	<Style id="style_10022">
		<LineStyle>
			<color>ff00ffff</color>
			<width>3</width>
		</LineStyle>
	</Style>
	<Style id="style_10023">
		<LineStyle>
			<color>ff00ffff</color>
			<width>3</width>
		</LineStyle>
	</Style>
	<Style id="style_10024">
		<LineStyle>
			<color>ff00ffff</color>
			<width>3</width>
		</LineStyle>
	</Style>
	<Style id="style_10025">
		<LineStyle>
			<color>ff00ffff</color>
			<width>3</width>
		</LineStyle>
	</Style>
	<Style id="style_10026">
		<LineStyle>
			<color>ff00ffff</color>
			<width>3</width>
		</LineStyle>
	</Style>
	<Style id="style_10027">
		<LineStyle>
			<color>ff00ffff</color>
			<width>3</width>
		</LineStyle>
	</Style>
	<Style id="style_10028">
		<LineStyle>
			<color>ff00ffff</color>
			<width>3</width>
		</LineStyle>
	</Style>
	<Style id="style_10029">
		<LineStyle>
			<color>ff00ffff</color>
			<width>3</width>
		</LineStyle>
	</Style>
	<Style id="style_10030">
		<LineStyle>
			<color>ff00ffff</color>
			<width>3</width>
		</LineStyle>
	</Style>
	<Style id="style_10031">
		<LineStyle>
			<color>ff00ffff</color>
			<width>3</width>
		</LineStyle>
	</Style>
	<Style id="style_10032">
		<LineStyle>
			<color>ff00ffff</color>
			<width>3</width>
		</LineStyle>
	</Style>
	<Style id="style_10033">
		<LineStyle>
			<color>ff00ffff</color>
			<width>3</width>
		</LineStyle>
	</Style>
	<Style id="style_10034">
		<LineStyle>
			<color>ff00ffff</color>
			<width>3</width>
		</LineStyle>
	</Style>
	<Style id="style_10035">
		<LineStyle>
			<color>ff00ffff</color>
			<width>3</width>
		</LineStyle>
	</Style>
	<Style id="style_10036">
		<LineStyle>
			<color>ff00ffff</color>
			<width>3</width>
		</LineStyle>
	</Style>
	<Style id="style_10037">
		<LineStyle>
			<color>ff00ffff</color>
			<width>3</width>
		</LineStyle>
	</Style>
	<Style id="style_10038">
		<LineStyle>
			<color>ff00ffff</color>
			<width>3</width>
		</LineStyle>
	</Style>
	<Style id="style_10039">
		<LineStyle>
			<color>ff00ffff</color>
			<width>3</width>
		</LineStyle>
	</Style>
	<Style id="style_10040">
		<LineStyle>
			<color>ff00ffff</color>
			<width>3</width>
		</LineStyle>
	</Style>
	<Style id="style_10041">
		<LineStyle>
			<color>ff00ffff</color>
			<width>3</width>
		</LineStyle>
	</Style>
	<Style id="style_10042">
		<LineStyle>
			<color>ff00ffff</color>
			<width>3</width>
		</LineStyle>
	</Style>
	<Style id="style_10043">
		<LineStyle>
			<color>ff00ffff</color>
			<width>3</width>
		</LineStyle>
	</Style>
	<Style id="style_10044">
		<LineStyle>
			<color>ff00ffff</color>
			<width>3</width>
		</LineStyle>
	</Style>
	<Style id="style_10045">
		<LineStyle>
			<color>ff00ffff</color>
			<width>3</width>
		</LineStyle>
	</Style>
	<Style id="style_10046">
		<LineStyle>
			<color>ff00ffff</color>
			<width>3</width>
		</LineStyle>
	</Style>
	<Style id="style_10047">
		<LineStyle>
			<color>ff00ffff</color>
			<width>3</width>
		</LineStyle>
	</Style>
	<Style id="style_10048">
		<LineStyle>
			<color>ff00ffff</color>
			<width>3</width>
		</LineStyle>
	</Style>
	<Style id="style_10049">
		<LineStyle>
			<color>ff00ffff</color>
			<width>3</width>
		</LineStyle>
	</Style>
	<Style id="style_10050">
		<LineStyle>
			<width>2</width>
		</LineStyle>
	</Style>
	<Style id="style_10051">
		<LineStyle>
			<width>2</width>
		</LineStyle>
	</Style>
	<Style id="style_10052">
		<LineStyle>
			<width>2</width>
		</LineStyle>
	</Style>
	<Style id="style_10053">
		<LineStyle>
			<width>2</width>
		</LineStyle>
	</Style>
	<Style id="style_10054">
		<LineStyle>
			<width>2</width>
		</LineStyle>
	</Style>
	<Style id="style_10055">
		<LineStyle>
			<width>2</width>
		</LineStyle>
	</Style>
	<Style id="style_10056">
		<LineStyle>
			<width>2</width>
		</LineStyle>
	</Style>
	<Style id="style_10057">
		<LineStyle>
			<width>2</width>
		</LineStyle>
	</Style>
	<Style id="style_10058">
		<LineStyle>
			<width>2</width>
		</LineStyle>
	</Style>
	<Style id="style_10059">
		<LineStyle>
			<width>2</width>
		</LineStyle>
	</Style>
	<Style id="style_10060">
		<LineStyle>
			<width>2</width>
		</LineStyle>
	</Style>
	<Style id="style_10061">
		<LineStyle>
			<width>2</width>
		</LineStyle>
	</Style>
	<Style id="style_10062">
		<LineStyle>
			<width>2</width>
		</LineStyle>
	</Style>
	<Style id="style_10063">
		<LineStyle>
			<width>2</width>
		</LineStyle>
	</Style>
	<Style id="style_10064">
		<LineStyle>
			<width>2</width>
		</LineStyle>
	</Style>
	<Style id="style_10065">
		<LineStyle>
			<width>2</width>
		</LineStyle>
	</Style>
	<Style id="style_10066">
		<LineStyle>
			<width>2</width>
		</LineStyle>
	</Style>
	<Style id="style_10067">
		<LineStyle>
			<width>2</width>
		</LineStyle>
	</Style>
	<Style id="style_10068">
		<LineStyle>
			<width>2</width>
		</LineStyle>
	</Style>
	<Style id="style_10069">
		<LineStyle>
			<width>2</width>
		</LineStyle>
	</Style>
	<Style id="style_10070">
		<LineStyle>
			<width>2</width>
		</LineStyle>
	</Style>
	<Style id="style_10071">
		<LineStyle>
			<width>2</width>
		</LineStyle>
	</Style>
	<Style id="style_10072">
		<LineStyle>
			<width>2</width>
		</LineStyle>
	</Style>
	<Style id="style_10073">
		<LineStyle>
			<width>2</width>
		</LineStyle>
	</Style>
	<Style id="style_10074">
		<LineStyle>
			<width>2</width>
		</LineStyle>
	</Style>
	<Style id="style_10075">
		<LineStyle>
			<width>2</width>
		</LineStyle>
	</Style>
	<Style id="style_10076">
		<LineStyle>
			<width>2</width>
		</LineStyle>
	</Style>
	<Style id="style_10077">
		<LineStyle>
			<width>2</width>
		</LineStyle>
	</Style>
	<Style id="style_10078">
		<LineStyle>
			<width>2</width>
		</LineStyle>
	</Style>
	<Style id="style_10079">
		<LineStyle>
			<width>2</width>
		</LineStyle>
	</Style>
	<Style id="style_10080">
		<LineStyle>
			<width>2</width>
		</LineStyle>
	</Style>
	<Style id="style_10081">
		<LineStyle>
			<width>2</width>
		</LineStyle>
	</Style>
	<Style id="style_10082">
		<LineStyle>
			<width>2</width>
		</LineStyle>
	</Style>
	<Style id="style_10083">
		<LineStyle>
			<width>2</width>
		</LineStyle>
	</Style>
	<Style id="style_10084">
		<LineStyle>
			<width>2</width>
		</LineStyle>
	</Style>
	<Style id="style_10085">
		<LineStyle>
			<width>2</width>
		</LineStyle>
	</Style>
	<Style id="style_10086">
		<LineStyle>
			<width>2</width>
		</LineStyle>
	</Style>
	<Style id="style_10087">
		<LineStyle>
			<width>2</width>
		</LineStyle>
	</Style>
	<Style id="style_10088">
		<LineStyle>
			<width>2</width>
		</LineStyle>
	</Style>
	<Style id="style_10089">
		<LineStyle>
			<width>2</width>
		</LineStyle>
	</Style>
	<Style id="style_10090">
		<LineStyle>
			<width>2</width>
		</LineStyle>
	</Style>
	<Style id="style_10091">
		<LineStyle>
			<width>2</width>
		</LineStyle>
	</Style>
	<Style id="style_10092">
		<LineStyle>
			<width>2</width>
		</LineStyle>
	</Style>
	<Style id="style_10093">
		<LineStyle>
			<width>2</width>
		</LineStyle>
	</Style>
	<Style id="style_10094">
		<LineStyle>
			<width>2</width>
		</LineStyle>
	</Style>
	<Style id="style_10095">
		<LineStyle>
			<width>2</width>
		</LineStyle>
	</Style>
	<Style id="style_10096">
		<LineStyle>
			<width>2</width>
		</LineStyle>
	</Style>
	<Style id="style_10097">
		<LineStyle>
			<width>2</width>
		</LineStyle>
	</Style>
	<Style id="style_10098">
		<LineStyle>
			<width>2</width>
		</LineStyle>
	</Style>
	<Style id="style_10099">
		<LineStyle>
			<width>2</width>
		</LineStyle>
	</Style>
	<Style id="style_10100">
		<LineStyle>
			<width>2</width>
		</LineStyle>
	</Style>
	<Style id="style_10101">
		<LineStyle>
			<width>2</width>
		</LineStyle>
	</Style>
	<Style id="style_10102">
		<LineStyle>
			<width>2</width>
		</LineStyle>
	</Style>
	<Style id="style_10103">
		<LineStyle>
			<width>2</width>
		</LineStyle>
	</Style>
	<Style id="style_10104">
		<LineStyle>
			<width>2</width>
		</LineStyle>
	</Style>
	<Style id="style_10105">
		<LineStyle>
			<width>2</width>
		</LineStyle>
	</Style>
	<Style id="style_10106">
		<LineStyle>
			<width>2</width>
		</LineStyle>
	</Style>
	<Style id="style_10107">
		<LineStyle>
			<width>2</width>
		</LineStyle>
	</Style>
	<Style id="style_10108">
		<LineStyle>
			<width>2</width>
		</LineStyle>
	</Style>
	<Style id="style_10109">
		<LineStyle>
			<width>2</width>
		</LineStyle>
	</Style>
	<Style id="style_10110">
		<LineStyle>
			<width>2</width>
		</LineStyle>
	</Style>
	<Style id="style_10111">
		<LineStyle>
			<width>2</width>
		</LineStyle>
	</Style>
	<Style id="style_10112">
		<LineStyle>
			<width>2</width>
		</LineStyle>
	</Style>
	<Style id="style_10113">
		<LineStyle>
			<width>2</width>
		</LineStyle>
	</Style>
	<Style id="style_10114">
		<LineStyle>
			<width>2</width>
		</LineStyle>
	</Style>
	<Style id="style_10115">
		<LineStyle>
			<width>2</width>
		</LineStyle>
	</Style>
	<Style id="style_10116">
		<LineStyle>
			<width>2</width>
		</LineStyle>
	</Style>
	<Style id="style_10117">
		<LineStyle>
			<width>2</width>
		</LineStyle>
	</Style>
	<Style id="style_10118">
		<LineStyle>
			<width>2</width>
		</LineStyle>
	</Style>
	<Style id="style_10119">
		<LineStyle>
			<width>2</width>
		</LineStyle>
	</Style>
	<Style id="style_10120">
		<LineStyle>
			<width>2</width>
		</LineStyle>
	</Style>
	<Style id="style_10121">
		<LineStyle>
			<width>2</width>
		</LineStyle>
	</Style>
	<Style id="style_10122">
		<LineStyle>
			<width>2</width>
		</LineStyle>
	</Style>
	<Style id="style_10123">
		<LineStyle>
			<width>2</width>
		</LineStyle>
	</Style>
	<Style id="style_10124">
		<LineStyle>
			<width>2</width>
		</LineStyle>
	</Style>
	<Style id="style_10125">
		<LineStyle>
			<width>2</width>
		</LineStyle>
	</Style>
	<Style id="style_10126">
		<LineStyle>
			<width>2</width>
		</LineStyle>
	</Style>
	<Style id="style_10127">
		<LineStyle>
			<width>2</width>
		</LineStyle>
	</Style>
	<Style id="style_10128">
		<LineStyle>
			<width>2</width>
		</LineStyle>
	</Style>
	<Style id="style_10129">
		<LineStyle>
			<width>2</width>
		</LineStyle>
	</Style>
	<Style id="style_10130">
		<LineStyle>
			<width>2</width>
		</LineStyle>
	</Style>
	<Style id="style_10131">
		<LineStyle>
			<width>2</width>
		</LineStyle>
	</Style>
	<Style id="style_10132">
		<LineStyle>
			<width>2</width>
		</LineStyle>
	</Style>
	<Style id="style_10133">
		<LineStyle>
			<width>2</width>
		</LineStyle>
	</Style>
	<Style id="style_10134">
		<LineStyle>
			<width>2</width>
		</LineStyle>
	</Style>
	<Style id="style_10135">
		<LineStyle>
			<width>2</width>
		</LineStyle>
	</Style>
	<Style id="style_10136">
		<LineStyle>
			<width>2</width>
		</LineStyle>
	</Style>
	<Style id="style_10137">
		<LineStyle>
			<width>2</width>
		</LineStyle>
	</Style>
	<Style id="style_10138">
		<LineStyle>
			<width>2</width>
		</LineStyle>
	</Style>
	<Style id="style_10139">
		<LineStyle>
			<width>2</width>
		</LineStyle>
	</Style>
	<Style id="style_10140">
		<LineStyle>
			<width>2</width>
		</LineStyle>
	</Style>
	<Style id="style_10141">
		<LineStyle>
			<width>2</width>
		</LineStyle>
	</Style>
	<Style id="style_10142">
		<LineStyle>
			<width>2</width>
		</LineStyle>
	</Style>
	<Style id="style_10143">
		<LineStyle>
			<width>2</width>
		</LineStyle>
	</Style>
	<Style id="style_10144">
		<LineStyle>
			<width>2</width>
		</LineStyle>
	</Style>
	<Style id="style_10145">
		<LineStyle>
			<width>2</width>
		</LineStyle>
	</Style>
	<Style id="style_10146">
		<LineStyle>
			<width>2</width>
		</LineStyle>
	</Style>
	<Style id="style_10147">
		<LineStyle>
			<width>2</width>
		</LineStyle>
	</Style>
	<Style id="style_10148">
		<LineStyle>
			<width>2</width>
		</LineStyle>
	</Style>
	<Style id="style_10149">
		<LineStyle>
			<width>2</width>
		</LineStyle>
	</Style>
	<Style id="style_10150">
		<LineStyle>
			<width>2</width>
		</LineStyle>
	</Style>
	<Style id="style_10151">
		<LineStyle>
			<width>2</width>
		</LineStyle>
	</Style>
	<Style id="style_10152">
		<LineStyle>
			<width>2</width>
		</LineStyle>
	</Style>
	<Style id="style_10153">
		<LineStyle>
			<width>2</width>
		</LineStyle>
	</Style>
	<Style id="style_10154">
		<LineStyle>
			<width>2</width>
		</LineStyle>
	</Style>
	<Style id="style_10155">
		<LineStyle>
			<width>2</width>
		</LineStyle>
	</Style>
	<Style id="style_10156">
		<LineStyle>
			<width>2</width>
		</LineStyle>
	</Style>
	<Style id="style_10157">
		<LineStyle>
			<width>2</width>
		</LineStyle>
	</Style>
	<Style id="style_10158">
		<LineStyle>
			<width>2</width>
		</LineStyle>
	</Style>
	<Style id="style_10159">
		<LineStyle>
			<width>2</width>
		</LineStyle>
	</Style>
	<Style id="style_10160">
		<LineStyle>
			<width>2</width>
		</LineStyle>
	</Style>
	<Style id="style_10161">
		<LineStyle>
			<width>2</width>
		</LineStyle>
	</Style>
	<Style id="style_10162">
		<LineStyle>
			<width>2</width>
		</LineStyle>
	</Style>
	<Style id="style_10163">
		<LineStyle>
			<width>2</width>
		</LineStyle>
	</Style>
	<Style id="style_10164">
		<LineStyle>
			<width>2</width>
		</LineStyle>
	</Style>
	<Style id="style_10165">
		<LineStyle>
			<width>2</width>
		</LineStyle>
	</Style>
	<Style id="style_10166">
		<LineStyle>
			<width>2</width>
		</LineStyle>
	</Style>
	<Style id="style_10167">
		<LineStyle>
			<width>2</width>
		</LineStyle>
	</Style>
	<Style id="style_10168">
		<LineStyle>
			<width>2</width>
		</LineStyle>
	</Style>
	<Style id="style_10169">
		<LineStyle>
			<width>2</width>
		</LineStyle>
	</Style>
	<Style id="style_10170">
		<LineStyle>
			<width>2</width>
		</LineStyle>
	</Style>
	<Style id="style_10171">
		<LineStyle>
			<width>2</width>
		</LineStyle>
	</Style>
	<Style id="style_10172">
		<LineStyle>
			<width>2</width>
		</LineStyle>
	</Style>
	<Style id="style_10173">
		<LineStyle>
			<width>2</width>
		</LineStyle>
	</Style>
	<Style id="style_10174">
		<LineStyle>
			<width>2</width>
		</LineStyle>
	</Style>
	<Style id="style_10175">
		<LineStyle>
			<width>2</width>
		</LineStyle>
	</Style>
	<Style id="style_10176">
		<LineStyle>
			<width>2</width>
		</LineStyle>
	</Style>
	<Style id="style_10177">
		<LineStyle>
			<width>2</width>
		</LineStyle>
	</Style>
	<Style id="style_10178">
		<LineStyle>
			<width>2</width>
		</LineStyle>
	</Style>
	<Style id="style_10179">
		<LineStyle>
			<width>2</width>
		</LineStyle>
	</Style>
	<Style id="style_10180">
		<LineStyle>
			<width>2</width>
		</LineStyle>
	</Style>
	<Style id="style_10181">
		<LineStyle>
			<width>2</width>
		</LineStyle>
	</Style>
	<Style id="style_10182">
		<LineStyle>
			<width>2</width>
		</LineStyle>
	</Style>
	<Style id="style_10183">
		<LineStyle>
			<width>2</width>
		</LineStyle>
	</Style>
	<Style id="style_10184">
		<LineStyle>
			<width>2</width>
		</LineStyle>
	</Style>
	<Style id="style_10185">
		<LineStyle>
			<width>2</width>
		</LineStyle>
	</Style>
	<Style id="style_10186">
		<LineStyle>
			<width>2</width>
		</LineStyle>
	</Style>
	<Style id="style_10187">
		<LineStyle>
			<width>2</width>
		</LineStyle>
	</Style>
	<Style id="style_10188">
		<LineStyle>
			<width>2</width>
		</LineStyle>
	</Style>
	<Style id="style_10189">
		<LineStyle>
			<width>2</width>
		</LineStyle>
	</Style>
	<Style id="style_10190">
		<LineStyle>
			<width>2</width>
		</LineStyle>
	</Style>
	<Style id="style_10191">
		<LineStyle>
			<width>2</width>
		</LineStyle>
	</Style>
	<Style id="style_10192">
		<LineStyle>
			<width>2</width>
		</LineStyle>
	</Style>
	<Style id="style_10193">
		<LineStyle>
			<width>2</width>
		</LineStyle>
	</Style>
	<Style id="style_10194">
		<LineStyle>
			<width>2</width>
		</LineStyle>
	</Style>
	<Style id="style_10195">
		<LineStyle>
			<width>2</width>
		</LineStyle>
	</Style>
	<Style id="style_10196">
		<LineStyle>
			<width>2</width>
		</LineStyle>
	</Style>
	<Style id="style_10197">
		<LineStyle>
			<width>2</width>
		</LineStyle>
	</Style>
	<Style id="style_10198">
		<LineStyle>
			<width>2</width>
		</LineStyle>
	</Style>
	<Style id="style_10199">
		<LineStyle>
			<width>2</width>
		</LineStyle>
	</Style>
	<Style id="style_10200">
		<LineStyle>
			<width>2</width>
		</LineStyle>
	</Style>
	<Style id="style_10201">
		<LineStyle>
			<width>2</width>
		</LineStyle>
	</Style>
	<Style id="style_10202">
		<LineStyle>
			<width>2</width>
		</LineStyle>
	</Style>
	<Style id="style_10203">
		<LineStyle>
			<width>2</width>
		</LineStyle>
	</Style>
	<Style id="style_10204">
		<LineStyle>
			<width>2</width>
		</LineStyle>
	</Style>
	<Style id="style_10205">
		<LineStyle>
			<width>2</width>
		</LineStyle>
	</Style>
	<Style id="style_10206">
		<LineStyle>
			<width>2</width>
		</LineStyle>
	</Style>
	<Style id="style_10207">
		<LineStyle>
			<width>2</width>
		</LineStyle>
	</Style>
	<Style id="style_10208">
		<LineStyle>
			<width>2</width>
		</LineStyle>
	</Style>
	<Style id="style_10209">
		<LineStyle>
			<width>2</width>
		</LineStyle>
	</Style>
	<Style id="style_10210">
		<LineStyle>
			<width>2</width>
		</LineStyle>
	</Style>
	<Style id="style_10211">
		<LineStyle>
			<width>2</width>
		</LineStyle>
	</Style>
	<Style id="style_10212">
		<LineStyle>
			<width>2</width>
		</LineStyle>
	</Style>
	<Style id="style_10213">
		<LineStyle>
			<width>2</width>
		</LineStyle>
	</Style>
	<Style id="style_10214">
		<LineStyle>
			<width>2</width>
		</LineStyle>
	</Style>
	<Style id="style_10215">
		<LineStyle>
			<width>2</width>
		</LineStyle>
	</Style>
	<Style id="style_10216">
		<LineStyle>
			<width>2</width>
		</LineStyle>
	</Style>
	<Style id="style_10217">
		<LineStyle>
			<width>2</width>
		</LineStyle>
	</Style>
	<Style id="style_10218">
		<LineStyle>
			<width>2</width>
		</LineStyle>
	</Style>
	<Style id="style_10219">
		<LineStyle>
			<width>2</width>
		</LineStyle>
	</Style>
	<Style id="style_10220">
		<LineStyle>
			<width>2</width>
		</LineStyle>
	</Style>
	<Style id="style_10221">
		<LineStyle>
			<width>2</width>
		</LineStyle>
	</Style>
	<Style id="style_10222">
		<LineStyle>
			<width>2</width>
		</LineStyle>
	</Style>
	<Style id="style_10223">
		<LineStyle>
			<width>2</width>
		</LineStyle>
	</Style>
	<Style id="style_10224">
		<LineStyle>
			<width>2</width>
		</LineStyle>
	</Style>
	<Style id="style_10225">
		<LineStyle>
			<width>2</width>
		</LineStyle>
	</Style>
	<Style id="style_10226">
		<LineStyle>
			<width>2</width>
		</LineStyle>
	</Style>
	<Style id="style_10227">
		<LineStyle>
			<width>2</width>
		</LineStyle>
	</Style>
	<Style id="style_10228">
		<LineStyle>
			<width>2</width>
		</LineStyle>
	</Style>
	<Style id="style_10229">
		<LineStyle>
			<width>2</width>
		</LineStyle>
	</Style>
	<Style id="style_10230">
		<LineStyle>
			<width>2</width>
		</LineStyle>
	</Style>
	<Style id="style_10231">
		<LineStyle>
			<width>2</width>
		</LineStyle>
	</Style>
	<Style id="style_10232">
		<LineStyle>
			<width>2</width>
		</LineStyle>
	</Style>
	<Style id="style_10233">
		<LineStyle>
			<width>2</width>
		</LineStyle>
	</Style>
	<Style id="style_10234">
		<LineStyle>
			<width>2</width>
		</LineStyle>
	</Style>
	<Style id="style_10235">
		<LineStyle>
			<width>2</width>
		</LineStyle>
	</Style>
	<Style id="style_10236">
		<LineStyle>
			<width>2</width>
		</LineStyle>
	</Style>
	<Style id="style_10237">
		<LineStyle>
			<width>2</width>
		</LineStyle>
	</Style>
	<Style id="style_10238">
		<LineStyle>
			<width>2</width>
		</LineStyle>
	</Style>
	<Style id="style_10239">
		<LineStyle>
			<width>2</width>
		</LineStyle>
	</Style>
	<Style id="style_10240">
		<LineStyle>
			<width>2</width>
		</LineStyle>
	</Style>
	<Style id="style_10241">
		<LineStyle>
			<width>2</width>
		</LineStyle>
	</Style>
	<Style id="style_10242">
		<LineStyle>
			<width>2</width>
		</LineStyle>
	</Style>
	<Style id="style_10243">
		<LineStyle>
			<width>2</width>
		</LineStyle>
	</Style>
	<Style id="style_10244">
		<LineStyle>
			<width>2</width>
		</LineStyle>
	</Style>
	<Style id="style_10245">
		<LineStyle>
			<width>2</width>
		</LineStyle>
	</Style>
	<Style id="style_10246">
		<LineStyle>
			<width>2</width>
		</LineStyle>
	</Style>
	<Style id="style_10247">
		<LineStyle>
			<width>2</width>
		</LineStyle>
	</Style>
	<Style id="style_10248">
		<LineStyle>
			<width>2</width>
		</LineStyle>
	</Style>
	<Style id="style_10249">
		<LineStyle>
			<width>2</width>
		</LineStyle>
	</Style>
	<Style id="style_10250">
		<LineStyle>
			<width>2</width>
		</LineStyle>
	</Style>
	<Style id="style_10251">
		<LineStyle>
			<width>2</width>
		</LineStyle>
	</Style>
	<Style id="style_10252">
		<LineStyle>
			<width>2</width>
		</LineStyle>
	</Style>
	<Style id="style_10253">
		<LineStyle>
			<width>2</width>
		</LineStyle>
	</Style>
	<Style id="style_10254">
		<LineStyle>
			<width>2</width>
		</LineStyle>
	</Style>
	<Style id="style_10255">
		<LineStyle>
			<width>2</width>
		</LineStyle>
	</Style>
	<Style id="style_10256">
		<LineStyle>
			<width>2</width>
		</LineStyle>
	</Style>
	<Style id="style_10257">
		<LineStyle>
			<width>2</width>
		</LineStyle>
	</Style>
	<Style id="style_10258">
		<LineStyle>
			<width>2</width>
		</LineStyle>
	</Style>
	<Style id="style_10259">
		<LineStyle>
			<width>2</width>
		</LineStyle>
	</Style>
	<Style id="style_10260">
		<LineStyle>
			<width>2</width>
		</LineStyle>
	</Style>
	<Style id="style_10261">
		<LineStyle>
			<width>2</width>
		</LineStyle>
	</Style>
	<Style id="style_10262">
		<LineStyle>
			<width>2</width>
		</LineStyle>
	</Style>
	<Style id="style_10263">
		<LineStyle>
			<width>2</width>
		</LineStyle>
	</Style>
	<Style id="style_10264">
		<LineStyle>
			<width>2</width>
		</LineStyle>
	</Style>
	<Style id="style_10265">
		<LineStyle>
			<width>2</width>
		</LineStyle>
	</Style>
	<Style id="style_10266">
		<LineStyle>
			<width>2</width>
		</LineStyle>
	</Style>
	<Style id="style_10267">
		<LineStyle>
			<width>2</width>
		</LineStyle>
	</Style>
	<Style id="style_10268">
		<LineStyle>
			<width>2</width>
		</LineStyle>
	</Style>
	<Style id="style_10269">
		<LineStyle>
			<width>2</width>
		</LineStyle>
	</Style>
	<Style id="style_10270">
		<LineStyle>
			<width>2</width>
		</LineStyle>
	</Style>
	<Style id="style_10271">
		<LineStyle>
			<width>2</width>
		</LineStyle>
	</Style>
	<Style id="style_10272">
		<LineStyle>
			<width>2</width>
		</LineStyle>
	</Style>
	<Style id="style_10273">
		<LineStyle>
			<width>2</width>
		</LineStyle>
	</Style>
	<Style id="style_10274">
		<LineStyle>
			<width>2</width>
		</LineStyle>
	</Style>
	<Style id="style_10275">
		<LineStyle>
			<width>2</width>
		</LineStyle>
	</Style>
	<Style id="style_10276">
		<LineStyle>
			<width>2</width>
		</LineStyle>
	</Style>
	<Style id="style_10277">
		<LineStyle>
			<width>2</width>
		</LineStyle>
	</Style>
	<Style id="style_10278">
		<LineStyle>
			<width>2</width>
		</LineStyle>
	</Style>
	<Style id="style_10279">
		<LineStyle>
			<width>2</width>
		</LineStyle>
	</Style>
	<Style id="style_10280">
		<LineStyle>
			<width>2</width>
		</LineStyle>
	</Style>
	<Style id="style_10281">
		<LineStyle>
			<width>2</width>
		</LineStyle>
	</Style>
	<Style id="style_10282">
		<LineStyle>
			<width>2</width>
		</LineStyle>
	</Style>
	<Style id="style_10283">
		<LineStyle>
			<width>2</width>
		</LineStyle>
	</Style>
	<Style id="style_10284">
		<LineStyle>
			<width>2</width>
		</LineStyle>
	</Style>
	<Style id="style_10285">
		<LineStyle>
			<width>2</width>
		</LineStyle>
	</Style>
	<Style id="style_10286">
		<LineStyle>
			<width>2</width>
		</LineStyle>
	</Style>
	<Style id="style_10287">
		<LineStyle>
			<width>2</width>
		</LineStyle>
	</Style>
	<Style id="style_10288">
		<LineStyle>
			<width>2</width>
		</LineStyle>
	</Style>
	<Style id="style_10289">
		<LineStyle>
			<width>2</width>
		</LineStyle>
	</Style>
	<Style id="style_10290">
		<LineStyle>
			<width>2</width>
		</LineStyle>
	</Style>
	<Style id="style_10291">
		<LineStyle>
			<width>2</width>
		</LineStyle>
	</Style>
	<Style id="style_10292">
		<LineStyle>
			<width>2</width>
		</LineStyle>
	</Style>
	<Style id="style_10293">
		<LineStyle>
			<width>2</width>
		</LineStyle>
	</Style>
	<Style id="style_10294">
		<LineStyle>
			<width>2</width>
		</LineStyle>
	</Style>
	<Style id="style_10295">
		<LineStyle>
			<width>2</width>
		</LineStyle>
	</Style>
	<Style id="style_10296">
		<LineStyle>
			<width>2</width>
		</LineStyle>
	</Style>
	<Style id="style_10297">
		<LineStyle>
			<width>2</width>
		</LineStyle>
	</Style>
	<Style id="style_10298">
		<LineStyle>
			<width>2</width>
		</LineStyle>
	</Style>
	<Style id="style_10299">
		<LineStyle>
			<width>2</width>
		</LineStyle>
	</Style>
	<Style id="style_10300">
		<LineStyle>
			<width>2</width>
		</LineStyle>
	</Style>
	<Style id="style_10301">
		<LineStyle>
			<width>2</width>
		</LineStyle>
	</Style>
	<Style id="style_10302">
		<LineStyle>
			<width>2</width>
		</LineStyle>
	</Style>
	<Style id="style_10303">
		<LineStyle>
			<width>2</width>
		</LineStyle>
	</Style>
	<Style id="style_10304">
		<LineStyle>
			<width>2</width>
		</LineStyle>
	</Style>
	<Style id="style_10305">
		<LineStyle>
			<width>2</width>
		</LineStyle>
	</Style>
	<Style id="style_10306">
		<LineStyle>
			<width>2</width>
		</LineStyle>
	</Style>
	<Style id="style_10307">
		<LineStyle>
			<width>2</width>
		</LineStyle>
	</Style>
	<Style id="style_10308">
		<LineStyle>
			<width>2</width>
		</LineStyle>
	</Style>
	<Style id="style_10309">
		<LineStyle>
			<width>2</width>
		</LineStyle>
	</Style>
	<Style id="style_10310">
		<LineStyle>
			<width>2</width>
		</LineStyle>
	</Style>
	<Style id="style_10311">
		<LineStyle>
			<width>2</width>
		</LineStyle>
	</Style>
	<Style id="style_10312">
		<LineStyle>
			<width>2</width>
		</LineStyle>
	</Style>
	<Style id="style_10313">
		<LineStyle>
			<width>2</width>
		</LineStyle>
	</Style>
	<Style id="style_10314">
		<LineStyle>
			<width>2</width>
		</LineStyle>
	</Style>
	<Style id="style_10315">
		<LineStyle>
			<width>2</width>
		</LineStyle>
	</Style>
	<Style id="style_10316">
		<LineStyle>
			<width>2</width>
		</LineStyle>
	</Style>
	<Style id="style_10317">
		<LineStyle>
			<width>2</width>
		</LineStyle>
	</Style>
	<Style id="style_10318">
		<LineStyle>
			<width>2</width>
		</LineStyle>
	</Style>
	<Style id="style_10319">
		<LineStyle>
			<width>2</width>
		</LineStyle>
	</Style>
	<Style id="style_10320">
		<LineStyle>
			<width>2</width>
		</LineStyle>
	</Style>
	<Style id="style_10321">
		<LineStyle>
			<width>2</width>
		</LineStyle>
	</Style>
	<Style id="style_10322">
		<LineStyle>
			<width>2</width>
		</LineStyle>
	</Style>
	<Style id="style_10323">
		<LineStyle>
			<width>2</width>
		</LineStyle>
	</Style>
	<Style id="style_10324">
		<LineStyle>
			<width>2</width>
		</LineStyle>
	</Style>
	<Style id="style_10325">
		<LineStyle>
			<width>2</width>
		</LineStyle>
	</Style>
	<Style id="style_10326">
		<LineStyle>
			<width>2</width>
		</LineStyle>
	</Style>
	<Style id="style_10327">
		<LineStyle>
			<width>2</width>
		</LineStyle>
	</Style>
	<Style id="style_10328">
		<LineStyle>
			<width>2</width>
		</LineStyle>
	</Style>
	<Style id="style_10329">
		<LineStyle>
			<width>2</width>
		</LineStyle>
	</Style>
	<Style id="style_10330">
		<LineStyle>
			<width>2</width>
		</LineStyle>
	</Style>
	<Style id="style_10331">
		<LineStyle>
			<width>2</width>
		</LineStyle>
	</Style>
	<Style id="style_10332">
		<LineStyle>
			<width>2</width>
		</LineStyle>
	</Style>
	<Style id="style_10333">
		<LineStyle>
			<width>2</width>
		</LineStyle>
	</Style>
	<Style id="style_10334">
		<LineStyle>
			<width>2</width>
		</LineStyle>
	</Style>
	<Style id="style_10335">
		<LineStyle>
			<width>2</width>
		</LineStyle>
	</Style>
	<Style id="style_10336">
		<LineStyle>
			<width>2</width>
		</LineStyle>
	</Style>
	<Style id="style_10337">
		<LineStyle>
			<width>2</width>
		</LineStyle>
	</Style>
	<Style id="style_10338">
		<LineStyle>
			<width>2</width>
		</LineStyle>
	</Style>
	<Style id="style_10339">
		<LineStyle>
			<width>2</width>
		</LineStyle>
	</Style>
	<Style id="style_10340">
		<LineStyle>
			<width>2</width>
		</LineStyle>
	</Style>
	<Style id="style_10341">
		<LineStyle>
			<width>2</width>
		</LineStyle>
	</Style>
	<Style id="style_10342">
		<LineStyle>
			<width>2</width>
		</LineStyle>
	</Style>
	<Style id="style_10343">
		<LineStyle>
			<width>2</width>
		</LineStyle>
	</Style>
	<Style id="style_10344">
		<LineStyle>
			<width>2</width>
		</LineStyle>
	</Style>
	<Style id="style_10345">
		<LineStyle>
			<width>2</width>
		</LineStyle>
	</Style>
	<Style id="style_10346">
		<LineStyle>
			<width>2</width>
		</LineStyle>
	</Style>
	<Style id="style_10347">
		<LineStyle>
			<width>2</width>
		</LineStyle>
	</Style>
	<Style id="style_10348">
		<LineStyle>
			<width>2</width>
		</LineStyle>
	</Style>
	<Style id="style_10349">
		<LineStyle>
			<width>2</width>
		</LineStyle>
	</Style>
	<Style id="style_10350">
		<LineStyle>
			<width>2</width>
		</LineStyle>
	</Style>
	<Style id="style_10351">
		<LineStyle>
			<width>2</width>
		</LineStyle>
	</Style>
	<Style id="style_10352">
		<LineStyle>
			<width>2</width>
		</LineStyle>
	</Style>
	<Style id="style_10353">
		<LineStyle>
			<width>2</width>
		</LineStyle>
	</Style>
	<Style id="style_10354">
		<LineStyle>
			<width>2</width>
		</LineStyle>
	</Style>
	<Style id="style_10355">
		<LineStyle>
			<width>2</width>
		</LineStyle>
	</Style>
	<Style id="style_10356">
		<LineStyle>
			<width>2</width>
		</LineStyle>
	</Style>
	<Style id="style_10357">
		<LineStyle>
			<width>2</width>
		</LineStyle>
	</Style>
	<Style id="style_10358">
		<LineStyle>
			<width>2</width>
		</LineStyle>
	</Style>
	<Style id="style_10359">
		<LineStyle>
			<width>2</width>
		</LineStyle>
	</Style>
	<Style id="style_10360">
		<LineStyle>
			<width>2</width>
		</LineStyle>
	</Style>
	<Style id="style_10361">
		<LineStyle>
			<width>2</width>
		</LineStyle>
	</Style>
	<Style id="style_10362">
		<LineStyle>
			<width>2</width>
		</LineStyle>
	</Style>
	<Style id="style_10363">
		<LineStyle>
			<width>2</width>
		</LineStyle>
	</Style>
	<Style id="style_10364">
		<LineStyle>
			<width>2</width>
		</LineStyle>
	</Style>
	<Style id="style_10365">
		<LineStyle>
			<width>2</width>
		</LineStyle>
	</Style>
	<Style id="style_10366">
		<LineStyle>
			<width>2</width>
		</LineStyle>
	</Style>
	<Style id="style_10367">
		<LineStyle>
			<width>2</width>
		</LineStyle>
	</Style>
	<Style id="style_10368">
		<LineStyle>
			<width>2</width>
		</LineStyle>
	</Style>
	<Style id="style_10369">
		<LineStyle>
			<width>2</width>
		</LineStyle>
	</Style>
	<Style id="style_10370">
		<LineStyle>
			<width>2</width>
		</LineStyle>
	</Style>
	<Style id="style_10371">
		<LineStyle>
			<width>2</width>
		</LineStyle>
	</Style>
	<Style id="style_10372">
		<LineStyle>
			<width>2</width>
		</LineStyle>
	</Style>
	<Style id="style_10373">
		<LineStyle>
			<width>2</width>
		</LineStyle>
	</Style>
	<Style id="style_10374">
		<LineStyle>
			<width>2</width>
		</LineStyle>
	</Style>
	<Style id="style_10375">
		<LineStyle>
			<width>2</width>
		</LineStyle>
	</Style>
	<Style id="style_10376">
		<LineStyle>
			<width>2</width>
		</LineStyle>
	</Style>
	<Style id="style_10377">
		<LineStyle>
			<width>2</width>
		</LineStyle>
	</Style>
	<Style id="style_10378">
		<LineStyle>
			<width>2</width>
		</LineStyle>
	</Style>
	<Style id="style_10379">
		<LineStyle>
			<width>2</width>
		</LineStyle>
	</Style>
	<Style id="style_10380">
		<LineStyle>
			<width>2</width>
		</LineStyle>
	</Style>
	<Style id="style_10381">
		<LineStyle>
			<width>2</width>
		</LineStyle>
	</Style>
	<Style id="style_10382">
		<LineStyle>
			<width>2</width>
		</LineStyle>
	</Style>
	<Style id="style_10383">
		<LineStyle>
			<width>2</width>
		</LineStyle>
	</Style>
	<Style id="style_10384">
		<LineStyle>
			<width>2</width>
		</LineStyle>
	</Style>
	<Style id="style_10385">
		<LineStyle>
			<width>2</width>
		</LineStyle>
	</Style>
	<Style id="style_10386">
		<LineStyle>
			<width>2</width>
		</LineStyle>
	</Style>
	<Style id="style_10387">
		<LineStyle>
			<width>2</width>
		</LineStyle>
	</Style>
	<Style id="style_10388">
		<LineStyle>
			<width>2</width>
		</LineStyle>
	</Style>
	<Style id="style_10389">
		<LineStyle>
			<width>2</width>
		</LineStyle>
	</Style>
	<Style id="style_10390">
		<LineStyle>
			<width>2</width>
		</LineStyle>
	</Style>
	<Style id="style_10391">
		<LineStyle>
			<width>2</width>
		</LineStyle>
	</Style>
	<Style id="style_10392">
		<LineStyle>
			<width>2</width>
		</LineStyle>
	</Style>
	<Style id="style_10393">
		<LineStyle>
			<width>2</width>
		</LineStyle>
	</Style>
	<Style id="style_10394">
		<LineStyle>
			<width>2</width>
		</LineStyle>
	</Style>
	<Style id="style_10395">
		<LineStyle>
			<width>2</width>
		</LineStyle>
	</Style>
	<Style id="style_10396">
		<LineStyle>
			<width>2</width>
		</LineStyle>
	</Style>
	<Style id="style_10397">
		<LineStyle>
			<width>2</width>
		</LineStyle>
	</Style>
	<Style id="style_10398">
		<LineStyle>
			<width>2</width>
		</LineStyle>
	</Style>
	<Style id="style_10399">
		<LineStyle>
			<width>2</width>
		</LineStyle>
	</Style>
	<Style id="style_10400">
		<LineStyle>
			<width>2</width>
		</LineStyle>
	</Style>
	<Style id="style_10401">
		<LineStyle>
			<width>2</width>
		</LineStyle>
	</Style>
	<Style id="style_10402">
		<LineStyle>
			<width>2</width>
		</LineStyle>
	</Style>
	<Style id="style_10403">
		<LineStyle>
			<width>2</width>
		</LineStyle>
	</Style>
	<Style id="style_10404">
		<LineStyle>
			<width>2</width>
		</LineStyle>
	</Style>
	<Style id="style_10405">
		<LineStyle>
			<width>2</width>
		</LineStyle>
	</Style>
	<Style id="style_10406">
		<LineStyle>
			<width>2</width>
		</LineStyle>
	</Style>
	<Style id="style_10407">
		<LineStyle>
			<width>2</width>
		</LineStyle>
	</Style>
	<Style id="style_10408">
		<LineStyle>
			<width>2</width>
		</LineStyle>
	</Style>
	<Style id="style_10409">
		<LineStyle>
			<width>2</width>
		</LineStyle>
	</Style>
	<Style id="style_10410">
		<LineStyle>
			<width>2</width>
		</LineStyle>
	</Style>
	<Style id="style_10411">
		<LineStyle>
			<width>2</width>
		</LineStyle>
	</Style>
	<Style id="style_10412">
		<LineStyle>
			<width>2</width>
		</LineStyle>
	</Style>
	<Style id="style_10413">
		<LineStyle>
			<width>2</width>
		</LineStyle>
	</Style>
	<Style id="style_10414">
		<LineStyle>
			<width>2</width>
		</LineStyle>
	</Style>
	<Style id="style_10415">
		<LineStyle>
			<width>2</width>
		</LineStyle>
	</Style>
	<Style id="style_10416">
		<LineStyle>
			<width>2</width>
		</LineStyle>
	</Style>
	<Style id="style_10417">
		<LineStyle>
			<width>2</width>
		</LineStyle>
	</Style>
	<Style id="style_10418">
		<LineStyle>
			<width>2</width>
		</LineStyle>
	</Style>
	<Style id="style_10419">
		<LineStyle>
			<width>2</width>
		</LineStyle>
	</Style>
	<Style id="style_10420">
		<LineStyle>
			<width>2</width>
		</LineStyle>
	</Style>
	<Style id="style_10421">
		<LineStyle>
			<width>2</width>
		</LineStyle>
	</Style>
	<Style id="style_10422">
		<LineStyle>
			<width>2</width>
		</LineStyle>
	</Style>
	<Style id="style_10423">
		<LineStyle>
			<width>2</width>
		</LineStyle>
	</Style>
	<Style id="style_10424">
		<LineStyle>
			<width>2</width>
		</LineStyle>
	</Style>
	<Style id="style_10425">
		<LineStyle>
			<width>2</width>
		</LineStyle>
	</Style>
	<Style id="style_10426">
		<LineStyle>
			<width>2</width>
		</LineStyle>
	</Style>
	<Style id="style_10427">
		<LineStyle>
			<width>2</width>
		</LineStyle>
	</Style>
	<Style id="style_10428">
		<LineStyle>
			<width>2</width>
		</LineStyle>
	</Style>
	<Style id="style_10429">
		<LineStyle>
			<width>2</width>
		</LineStyle>
	</Style>
	<Style id="style_10430">
		<LineStyle>
			<width>2</width>
		</LineStyle>
	</Style>
	<Style id="style_10431">
		<LineStyle>
			<width>2</width>
		</LineStyle>
	</Style>
	<Style id="style_10432">
		<LineStyle>
			<width>2</width>
		</LineStyle>
	</Style>
	<Style id="style_10433">
		<LineStyle>
			<width>2</width>
		</LineStyle>
	</Style>
	<Style id="style_10434">
		<LineStyle>
			<width>2</width>
		</LineStyle>
	</Style>
	<Style id="style_10435">
		<LineStyle>
			<width>2</width>
		</LineStyle>
	</Style>
	<Style id="style_10436">
		<LineStyle>
			<width>2</width>
		</LineStyle>
	</Style>
	<Style id="style_10437">
		<LineStyle>
			<width>2</width>
		</LineStyle>
	</Style>
	<Style id="style_10438">
		<LineStyle>
			<width>2</width>
		</LineStyle>
	</Style>
	<Style id="style_10439">
		<LineStyle>
			<width>2</width>
		</LineStyle>
	</Style>
	<Style id="style_10440">
		<LineStyle>
			<width>2</width>
		</LineStyle>
	</Style>
	<Style id="style_10441">
		<LineStyle>
			<width>2</width>
		</LineStyle>
	</Style>
	<Style id="style_10442">
		<LineStyle>
			<width>2</width>
		</LineStyle>
	</Style>
	<Style id="style_10443">
		<LineStyle>
			<width>2</width>
		</LineStyle>
	</Style>
	<Style id="style_10444">
		<LineStyle>
			<width>2</width>
		</LineStyle>
	</Style>
	<Style id="style_10445">
		<LineStyle>
			<width>2</width>
		</LineStyle>
	</Style>
	<Style id="style_10446">
		<LineStyle>
			<width>2</width>
		</LineStyle>
	</Style>
	<Style id="style_10447">
		<LineStyle>
			<width>2</width>
		</LineStyle>
	</Style>
	<Style id="style_10448">
		<LineStyle>
			<width>2</width>
		</LineStyle>
	</Style>
	<Style id="style_10449">
		<LineStyle>
			<width>2</width>
		</LineStyle>
	</Style>
	<Style id="style_10450">
		<LineStyle>
			<width>2</width>
		</LineStyle>
	</Style>
	<Style id="style_10451">
		<LineStyle>
			<width>2</width>
		</LineStyle>
	</Style>
	<Style id="style_10452">
		<LineStyle>
			<width>2</width>
		</LineStyle>
	</Style>
	<Style id="style_10453">
		<LineStyle>
			<width>2</width>
		</LineStyle>
	</Style>
	<Style id="style_10454">
		<LineStyle>
			<width>2</width>
		</LineStyle>
	</Style>
	<Style id="style_10455">
		<LineStyle>
			<width>2</width>
		</LineStyle>
	</Style>
	<Style id="style_10456">
		<LineStyle>
			<width>2</width>
		</LineStyle>
	</Style>
	<Style id="style_10457">
		<LineStyle>
			<width>2</width>
		</LineStyle>
	</Style>
	<Style id="style_10458">
		<LineStyle>
			<width>2</width>
		</LineStyle>
	</Style>
	<Style id="style_10459">
		<LineStyle>
			<width>2</width>
		</LineStyle>
	</Style>
	<Style id="style_10460">
		<LineStyle>
			<width>2</width>
		</LineStyle>
	</Style>
	<Style id="style_10461">
		<LineStyle>
			<width>2</width>
		</LineStyle>
	</Style>
	<Style id="style_10462">
		<LineStyle>
			<width>2</width>
		</LineStyle>
	</Style>
	<Style id="style_10463">
		<LineStyle>
			<width>2</width>
		</LineStyle>
	</Style>
	<Style id="style_10464">
		<LineStyle>
			<width>2</width>
		</LineStyle>
	</Style>
	<Style id="style_10465">
		<LineStyle>
			<width>2</width>
		</LineStyle>
	</Style>
	<Style id="style_10466">
		<LineStyle>
			<width>2</width>
		</LineStyle>
	</Style>
	<Style id="style_10467">
		<LineStyle>
			<width>2</width>
		</LineStyle>
	</Style>
	<Style id="style_10468">
		<LineStyle>
			<width>2</width>
		</LineStyle>
	</Style>
	<Style id="style_10469">
		<LineStyle>
			<width>2</width>
		</LineStyle>
	</Style>
	<Style id="style_10470">
		<LineStyle>
			<width>2</width>
		</LineStyle>
	</Style>
	<Style id="style_10471">
		<LineStyle>
			<width>2</width>
		</LineStyle>
	</Style>
	<Style id="style_10472">
		<LineStyle>
			<width>2</width>
		</LineStyle>
	</Style>
	<Style id="style_10473">
		<LineStyle>
			<width>2</width>
		</LineStyle>
	</Style>
	<Style id="style_10474">
		<LineStyle>
			<width>2</width>
		</LineStyle>
	</Style>
	<Style id="style_10475">
		<LineStyle>
			<width>2</width>
		</LineStyle>
	</Style>
	<Style id="style_10476">
		<LineStyle>
			<width>2</width>
		</LineStyle>
	</Style>
	<Style id="style_10477">
		<LineStyle>
			<width>2</width>
		</LineStyle>
	</Style>
	<Style id="style_10478">
		<LineStyle>
			<width>2</width>
		</LineStyle>
	</Style>
	<Style id="style_10479">
		<LineStyle>
			<width>2</width>
		</LineStyle>
	</Style>
	<Style id="style_10480">
		<LineStyle>
			<width>2</width>
		</LineStyle>
	</Style>
	<Style id="style_10481">
		<LineStyle>
			<width>2</width>
		</LineStyle>
	</Style>
	<Style id="style_10482">
		<LineStyle>
			<width>2</width>
		</LineStyle>
	</Style>
	<Style id="style_10483">
		<LineStyle>
			<width>2</width>
		</LineStyle>
	</Style>
	<Style id="style_10484">
		<LineStyle>
			<width>2</width>
		</LineStyle>
	</Style>
	<Style id="style_10485">
		<LineStyle>
			<width>2</width>
		</LineStyle>
	</Style>
	<Style id="style_10486">
		<LineStyle>
			<width>2</width>
		</LineStyle>
	</Style>
	<Style id="style_10487">
		<LineStyle>
			<width>2</width>
		</LineStyle>
	</Style>
	<Style id="style_10488">
		<LineStyle>
			<width>2</width>
		</LineStyle>
	</Style>
	<Style id="style_10489">
		<LineStyle>
			<width>2</width>
		</LineStyle>
	</Style>
	<Style id="style_10490">
		<LineStyle>
			<width>2</width>
		</LineStyle>
	</Style>
	<Style id="style_10491">
		<LineStyle>
			<width>2</width>
		</LineStyle>
	</Style>
	<Style id="style_10492">
		<LineStyle>
			<width>2</width>
		</LineStyle>
	</Style>
	<Style id="style_10493">
		<LineStyle>
			<width>2</width>
		</LineStyle>
	</Style>
	<Style id="style_10494">
		<LineStyle>
			<width>2</width>
		</LineStyle>
	</Style>
	<Style id="style_10495">
		<LineStyle>
			<width>2</width>
		</LineStyle>
	</Style>
	<Style id="style_10496">
		<LineStyle>
			<width>2</width>
		</LineStyle>
	</Style>
	<Style id="style_10497">
		<LineStyle>
			<width>2</width>
		</LineStyle>
	</Style>
	<Style id="style_10498">
		<LineStyle>
			<width>2</width>
		</LineStyle>
	</Style>
	<Style id="style_10499">
		<LineStyle>
			<width>2</width>
		</LineStyle>
	</Style>
	<Style id="style_10500">
		<LineStyle>
			<width>2</width>
		</LineStyle>
	</Style>
	<Style id="style_10501">
		<LineStyle>
			<width>2</width>
		</LineStyle>
	</Style>
	<Style id="style_10502">
		<LineStyle>
			<width>2</width>
		</LineStyle>
	</Style>
	<Style id="style_10503">
		<LineStyle>
			<width>2</width>
		</LineStyle>
	</Style>
	<Style id="style_10504">
		<LineStyle>
			<width>2</width>
		</LineStyle>
	</Style>
	<Style id="style_10505">
		<LineStyle>
			<width>2</width>
		</LineStyle>
	</Style>
	<Style id="style_10506">
		<LineStyle>
			<width>2</width>
		</LineStyle>
	</Style>
	<Style id="style_10507">
		<LineStyle>
			<width>2</width>
		</LineStyle>
	</Style>
	<Style id="style_10508">
		<LineStyle>
			<width>2</width>
		</LineStyle>
	</Style>
	<Style id="style_10509">
		<LineStyle>
			<width>2</width>
		</LineStyle>
	</Style>
	<Style id="style_10510">
		<LineStyle>
			<width>2</width>
		</LineStyle>
	</Style>
	<Style id="style_10511">
		<LineStyle>
			<width>2</width>
		</LineStyle>
	</Style>
	<Style id="style_10512">
		<LineStyle>
			<width>2</width>
		</LineStyle>
	</Style>
	<Style id="style_10513">
		<LineStyle>
			<width>2</width>
		</LineStyle>
	</Style>
	<Style id="style_10514">
		<LineStyle>
			<width>2</width>
		</LineStyle>
	</Style>
	<Style id="style_10515">
		<LineStyle>
			<width>2</width>
		</LineStyle>
	</Style>
	<Style id="style_10516">
		<LineStyle>
			<width>2</width>
		</LineStyle>
	</Style>
	<Style id="style_10517">
		<LineStyle>
			<width>2</width>
		</LineStyle>
	</Style>
	<Style id="style_10518">
		<LineStyle>
			<width>2</width>
		</LineStyle>
	</Style>
	<Style id="style_10519">
		<LineStyle>
			<width>2</width>
		</LineStyle>
	</Style>
	<Style id="style_10520">
		<LineStyle>
			<width>2</width>
		</LineStyle>
	</Style>
	<Style id="style_10521">
		<LineStyle>
			<width>2</width>
		</LineStyle>
	</Style>
	<Style id="style_10522">
		<LineStyle>
			<width>2</width>
		</LineStyle>
	</Style>
	<Style id="style_10523">
		<LineStyle>
			<width>2</width>
		</LineStyle>
	</Style>
	<Style id="style_10524">
		<LineStyle>
			<width>2</width>
		</LineStyle>
	</Style>
	<Style id="style_10525">
		<LineStyle>
			<width>2</width>
		</LineStyle>
	</Style>
	<Style id="style_10526">
		<LineStyle>
			<width>2</width>
		</LineStyle>
	</Style>
	<Style id="style_10527">
		<LineStyle>
			<width>2</width>
		</LineStyle>
	</Style>
	<Style id="style_10528">
		<LineStyle>
			<width>2</width>
		</LineStyle>
	</Style>
	<Style id="style_10529">
		<LineStyle>
			<width>2</width>
		</LineStyle>
	</Style>
	<Style id="style_10530">
		<LineStyle>
			<width>2</width>
		</LineStyle>
	</Style>
	<Style id="style_10531">
		<LineStyle>
			<width>2</width>
		</LineStyle>
	</Style>
	<Style id="style_10532">
		<LineStyle>
			<width>2</width>
		</LineStyle>
	</Style>
	<Style id="style_10533">
		<LineStyle>
			<width>2</width>
		</LineStyle>
	</Style>
	<Style id="style_10534">
		<LineStyle>
			<width>2</width>
		</LineStyle>
	</Style>
	<Style id="style_10535">
		<LineStyle>
			<width>2</width>
		</LineStyle>
	</Style>
	<Style id="style_10536">
		<LineStyle>
			<width>2</width>
		</LineStyle>
	</Style>
	<Style id="style_10537">
		<LineStyle>
			<width>2</width>
		</LineStyle>
	</Style>
	<Style id="style_10538">
		<LineStyle>
			<width>2</width>
		</LineStyle>
	</Style>
	<Style id="style_10539">
		<LineStyle>
			<width>2</width>
		</LineStyle>
	</Style>
	<Style id="style_10540">
		<LineStyle>
			<width>2</width>
		</LineStyle>
	</Style>
	<Style id="style_10541">
		<LineStyle>
			<width>2</width>
		</LineStyle>
	</Style>
	<Style id="style_10542">
		<LineStyle>
			<width>2</width>
		</LineStyle>
	</Style>
	<Style id="style_10543">
		<LineStyle>
			<width>2</width>
		</LineStyle>
	</Style>
	<Style id="style_10544">
		<LineStyle>
			<width>2</width>
		</LineStyle>
	</Style>
	<Style id="style_10545">
		<LineStyle>
			<width>2</width>
		</LineStyle>
	</Style>
	<Style id="style_10546">
		<LineStyle>
			<width>2</width>
		</LineStyle>
	</Style>
	<Style id="style_10547">
		<LineStyle>
			<width>2</width>
		</LineStyle>
	</Style>
	<Style id="style_10548">
		<LineStyle>
			<width>2</width>
		</LineStyle>
	</Style>
	<Style id="style_10549">
		<LineStyle>
			<width>2</width>
		</LineStyle>
	</Style>
	<Style id="style_10550">
		<LineStyle>
			<width>2</width>
		</LineStyle>
	</Style>
	<Style id="style_10551">
		<LineStyle>
			<width>2</width>
		</LineStyle>
	</Style>
	<Style id="style_10552">
		<LineStyle>
			<width>2</width>
		</LineStyle>
	</Style>
	<Style id="style_10553">
		<LineStyle>
			<width>2</width>
		</LineStyle>
	</Style>
	<Style id="style_10554">
		<LineStyle>
			<width>2</width>
		</LineStyle>
	</Style>
	<Style id="style_10555">
		<LineStyle>
			<width>2</width>
		</LineStyle>
	</Style>
	<Style id="style_10556">
		<LineStyle>
			<width>2</width>
		</LineStyle>
	</Style>
	<Style id="style_10557">
		<LineStyle>
			<width>2</width>
		</LineStyle>
	</Style>
	<Style id="style_10558">
		<LineStyle>
			<width>2</width>
		</LineStyle>
	</Style>
	<Style id="style_10559">
		<LineStyle>
			<width>2</width>
		</LineStyle>
	</Style>
	<Style id="style_10560">
		<LineStyle>
			<width>2</width>
		</LineStyle>
	</Style>
	<Style id="style_10561">
		<LineStyle>
			<width>2</width>
		</LineStyle>
	</Style>
	<Style id="style_10562">
		<LineStyle>
			<width>2</width>
		</LineStyle>
	</Style>
	<Style id="style_10563">
		<LineStyle>
			<width>2</width>
		</LineStyle>
	</Style>
	<Style id="style_10564">
		<LineStyle>
			<width>2</width>
		</LineStyle>
	</Style>
	<Style id="style_10565">
		<LineStyle>
			<width>2</width>
		</LineStyle>
	</Style>
	<Style id="style_10566">
		<LineStyle>
			<width>2</width>
		</LineStyle>
	</Style>
	<Style id="style_10567">
		<LineStyle>
			<width>2</width>
		</LineStyle>
	</Style>
	<Style id="style_10568">
		<LineStyle>
			<width>2</width>
		</LineStyle>
	</Style>
	<Style id="style_10569">
		<LineStyle>
			<width>2</width>
		</LineStyle>
	</Style>
	<Style id="style_10570">
		<LineStyle>
			<width>2</width>
		</LineStyle>
	</Style>
	<Style id="style_10571">
		<LineStyle>
			<width>2</width>
		</LineStyle>
	</Style>
	<Style id="style_10572">
		<LineStyle>
			<width>2</width>
		</LineStyle>
	</Style>
	<Style id="style_10573">
		<LineStyle>
			<width>2</width>
		</LineStyle>
	</Style>
	<Style id="style_10574">
		<LineStyle>
			<width>2</width>
		</LineStyle>
	</Style>
	<Style id="style_10575">
		<LineStyle>
			<width>2</width>
		</LineStyle>
	</Style>
	<Style id="style_10576">
		<LineStyle>
			<width>2</width>
		</LineStyle>
	</Style>
	<Style id="style_10577">
		<LineStyle>
			<width>2</width>
		</LineStyle>
	</Style>
	<Style id="style_10578">
		<LineStyle>
			<width>2</width>
		</LineStyle>
	</Style>
	<Style id="style_10579">
		<LineStyle>
			<width>2</width>
		</LineStyle>
	</Style>
	<Style id="style_10580">
		<LineStyle>
			<width>2</width>
		</LineStyle>
	</Style>
	<Style id="style_10581">
		<LineStyle>
			<width>2</width>
		</LineStyle>
	</Style>
	<Style id="style_10582">
		<LineStyle>
			<width>2</width>
		</LineStyle>
	</Style>
	<Style id="style_10583">
		<LineStyle>
			<width>2</width>
		</LineStyle>
	</Style>
	<Style id="style_10584">
		<LineStyle>
			<width>2</width>
		</LineStyle>
	</Style>
	<Style id="style_10585">
		<LineStyle>
			<width>2</width>
		</LineStyle>
	</Style>
	<Style id="style_10586">
		<LineStyle>
			<width>2</width>
		</LineStyle>
	</Style>
	<Style id="style_10587">
		<LineStyle>
			<width>2</width>
		</LineStyle>
	</Style>
	<Style id="style_10588">
		<LineStyle>
			<width>2</width>
		</LineStyle>
	</Style>
	<Style id="style_10589">
		<LineStyle>
			<width>2</width>
		</LineStyle>
	</Style>
	<Style id="style_10590">
		<LineStyle>
			<width>2</width>
		</LineStyle>
	</Style>
	<Style id="style_10591">
		<LineStyle>
			<width>2</width>
		</LineStyle>
	</Style>
	<Style id="style_10592">
		<LineStyle>
			<width>2</width>
		</LineStyle>
	</Style>
	<Style id="style_10593">
		<LineStyle>
			<width>2</width>
		</LineStyle>
	</Style>
	<Style id="style_10594">
		<LineStyle>
			<width>2</width>
		</LineStyle>
	</Style>
	<Style id="style_10595">
		<LineStyle>
			<width>2</width>
		</LineStyle>
	</Style>
	<Style id="style_10596">
		<LineStyle>
			<width>2</width>
		</LineStyle>
	</Style>
	<Style id="style_10597">
		<LineStyle>
			<width>2</width>
		</LineStyle>
	</Style>
	<Style id="style_10598">
		<LineStyle>
			<width>2</width>
		</LineStyle>
	</Style>
	<Style id="style_10599">
		<LineStyle>
			<width>2</width>
		</LineStyle>
	</Style>
	<Style id="style_10600">
		<LineStyle>
			<width>2</width>
		</LineStyle>
	</Style>
	<Style id="style_10601">
		<LineStyle>
			<width>2</width>
		</LineStyle>
	</Style>
	<Style id="style_10602">
		<LineStyle>
			<width>2</width>
		</LineStyle>
	</Style>
	<Style id="style_10603">
		<LineStyle>
			<width>2</width>
		</LineStyle>
	</Style>
	<Style id="style_10604">
		<LineStyle>
			<width>2</width>
		</LineStyle>
	</Style>
	<Style id="style_10605">
		<LineStyle>
			<width>2</width>
		</LineStyle>
	</Style>
	<Style id="style_10606">
		<LineStyle>
			<width>2</width>
		</LineStyle>
	</Style>
	<Style id="style_10607">
		<LineStyle>
			<width>2</width>
		</LineStyle>
	</Style>
	<Style id="style_10608">
		<LineStyle>
			<width>2</width>
		</LineStyle>
	</Style>
	<Style id="style_10609">
		<LineStyle>
			<width>2</width>
		</LineStyle>
	</Style>
	<Style id="style_10610">
		<LineStyle>
			<width>2</width>
		</LineStyle>
	</Style>
	<Style id="style_10611">
		<LineStyle>
			<width>2</width>
		</LineStyle>
	</Style>
	<Style id="style_10612">
		<LineStyle>
			<width>2</width>
		</LineStyle>
	</Style>
	<Style id="style_10613">
		<LineStyle>
			<width>2</width>
		</LineStyle>
	</Style>
	<Style id="style_10614">
		<LineStyle>
			<width>2</width>
		</LineStyle>
	</Style>
	<Style id="style_10615">
		<LineStyle>
			<width>2</width>
		</LineStyle>
	</Style>
	<Style id="style_10616">
		<LineStyle>
			<width>2</width>
		</LineStyle>
	</Style>
	<Style id="style_10617">
		<LineStyle>
			<width>2</width>
		</LineStyle>
	</Style>
	<Style id="style_10618">
		<LineStyle>
			<width>2</width>
		</LineStyle>
	</Style>
	<Style id="style_10619">
		<LineStyle>
			<width>2</width>
		</LineStyle>
	</Style>
	<Style id="style_10620">
		<LineStyle>
			<width>2</width>
		</LineStyle>
	</Style>
	<Style id="style_10621">
		<LineStyle>
			<width>2</width>
		</LineStyle>
	</Style>
	<Style id="style_10622">
		<LineStyle>
			<width>2</width>
		</LineStyle>
	</Style>
	<Style id="style_10623">
		<LineStyle>
			<width>2</width>
		</LineStyle>
	</Style>
	<Style id="style_10624">
		<LineStyle>
			<width>2</width>
		</LineStyle>
	</Style>
	<Style id="style_10625">
		<LineStyle>
			<width>2</width>
		</LineStyle>
	</Style>
	<Style id="style_10626">
		<LineStyle>
			<width>2</width>
		</LineStyle>
	</Style>
	<Style id="style_10627">
		<LineStyle>
			<width>2</width>
		</LineStyle>
	</Style>
	<Style id="style_10628">
		<LineStyle>
			<width>2</width>
		</LineStyle>
	</Style>
	<Style id="style_10629">
		<LineStyle>
			<width>2</width>
		</LineStyle>
	</Style>
	<Style id="style_10630">
		<LineStyle>
			<width>2</width>
		</LineStyle>
	</Style>
	<Style id="style_10631">
		<LineStyle>
			<width>2</width>
		</LineStyle>
	</Style>
	<Style id="style_10632">
		<LineStyle>
			<width>2</width>
		</LineStyle>
	</Style>
	<Style id="style_10633">
		<LineStyle>
			<width>2</width>
		</LineStyle>
	</Style>
	<Style id="style_10634">
		<LineStyle>
			<width>2</width>
		</LineStyle>
	</Style>
	<Style id="style_10635">
		<LineStyle>
			<width>2</width>
		</LineStyle>
	</Style>
	<Style id="style_10636">
		<LineStyle>
			<width>2</width>
		</LineStyle>
	</Style>
	<Style id="style_10637">
		<LineStyle>
			<width>2</width>
		</LineStyle>
	</Style>
	<Style id="style_10638">
		<LineStyle>
			<width>2</width>
		</LineStyle>
	</Style>
	<Style id="style_10639">
		<LineStyle>
			<width>2</width>
		</LineStyle>
	</Style>
	<Style id="style_10640">
		<LineStyle>
			<width>2</width>
		</LineStyle>
	</Style>
	<Style id="style_10641">
		<LineStyle>
			<width>2</width>
		</LineStyle>
	</Style>
	<Style id="style_10642">
		<LineStyle>
			<width>2</width>
		</LineStyle>
	</Style>
	<Style id="style_10643">
		<LineStyle>
			<width>2</width>
		</LineStyle>
	</Style>
	<Style id="style_10644">
		<LineStyle>
			<width>2</width>
		</LineStyle>
	</Style>
	<Style id="style_10645">
		<LineStyle>
			<width>2</width>
		</LineStyle>
	</Style>
	<Style id="style_10646">
		<LineStyle>
			<width>2</width>
		</LineStyle>
	</Style>
	<Style id="style_10647">
		<LineStyle>
			<width>2</width>
		</LineStyle>
	</Style>
	<Style id="style_10648">
		<LineStyle>
			<width>2</width>
		</LineStyle>
	</Style>
	<Style id="style_10649">
		<LineStyle>
			<width>2</width>
		</LineStyle>
	</Style>
	<Style id="style_10650">
		<LineStyle>
			<width>2</width>
		</LineStyle>
	</Style>
	<Style id="style_10651">
		<LineStyle>
			<width>2</width>
		</LineStyle>
	</Style>
	<Style id="style_10652">
		<LineStyle>
			<width>2</width>
		</LineStyle>
	</Style>
	<Style id="style_10653">
		<LineStyle>
			<width>2</width>
		</LineStyle>
	</Style>
	<Style id="style_10654">
		<LineStyle>
			<width>2</width>
		</LineStyle>
	</Style>
	<Style id="style_10655">
		<LineStyle>
			<width>2</width>
		</LineStyle>
	</Style>
	<Style id="style_10656">
		<LineStyle>
			<width>2</width>
		</LineStyle>
	</Style>
	<Style id="style_10657">
		<LineStyle>
			<width>2</width>
		</LineStyle>
	</Style>
	<Style id="style_10658">
		<LineStyle>
			<width>2</width>
		</LineStyle>
	</Style>
	<Style id="style_10659">
		<LineStyle>
			<width>2</width>
		</LineStyle>
	</Style>
	<Style id="style_10660">
		<LineStyle>
			<width>2</width>
		</LineStyle>
	</Style>
	<Style id="style_10661">
		<LineStyle>
			<width>2</width>
		</LineStyle>
	</Style>
	<Style id="style_10662">
		<LineStyle>
			<width>2</width>
		</LineStyle>
	</Style>
	<Style id="style_10663">
		<LineStyle>
			<width>2</width>
		</LineStyle>
	</Style>
	<Style id="style_10664">
		<LineStyle>
			<width>2</width>
		</LineStyle>
	</Style>
	<Style id="style_10665">
		<LineStyle>
			<width>2</width>
		</LineStyle>
	</Style>
	<Style id="style_10666">
		<LineStyle>
			<width>2</width>
		</LineStyle>
	</Style>
	<Style id="style_10667">
		<LineStyle>
			<width>2</width>
		</LineStyle>
	</Style>
	<Style id="style_10668">
		<LineStyle>
			<width>2</width>
		</LineStyle>
	</Style>
	<Style id="style_10669">
		<LineStyle>
			<width>2</width>
		</LineStyle>
	</Style>
	<Style id="style_10670">
		<LineStyle>
			<width>2</width>
		</LineStyle>
	</Style>
	<Style id="style_10671">
		<LineStyle>
			<width>2</width>
		</LineStyle>
	</Style>
	<Style id="style_10672">
		<LineStyle>
			<width>2</width>
		</LineStyle>
	</Style>
	<Style id="style_10673">
		<LineStyle>
			<width>2</width>
		</LineStyle>
	</Style>
	<Style id="style_10674">
		<LineStyle>
			<width>2</width>
		</LineStyle>
	</Style>
	<Style id="style_10675">
		<LineStyle>
			<width>2</width>
		</LineStyle>
	</Style>
	<Style id="style_10676">
		<LineStyle>
			<width>2</width>
		</LineStyle>
	</Style>
	<Style id="style_10677">
		<LineStyle>
			<width>2</width>
		</LineStyle>
	</Style>
	<Style id="style_10678">
		<LineStyle>
			<width>2</width>
		</LineStyle>
	</Style>
	<Style id="style_10679">
		<LineStyle>
			<width>2</width>
		</LineStyle>
	</Style>
	<Style id="style_10680">
		<LineStyle>
			<width>2</width>
		</LineStyle>
	</Style>
	<Style id="style_10681">
		<LineStyle>
			<width>2</width>
		</LineStyle>
	</Style>
	<Style id="style_10682">
		<LineStyle>
			<width>2</width>
		</LineStyle>
	</Style>
	<Style id="style_10683">
		<LineStyle>
			<width>2</width>
		</LineStyle>
	</Style>
	<Style id="style_10684">
		<LineStyle>
			<width>2</width>
		</LineStyle>
	</Style>
	<Style id="style_10685">
		<LineStyle>
			<width>2</width>
		</LineStyle>
	</Style>
	<Style id="style_10686">
		<LineStyle>
			<width>2</width>
		</LineStyle>
	</Style>
	<Style id="style_10687">
		<LineStyle>
			<width>2</width>
		</LineStyle>
	</Style>
	<Style id="style_10688">
		<LineStyle>
			<width>2</width>
		</LineStyle>
	</Style>
	<Style id="style_10689">
		<LineStyle>
			<width>2</width>
		</LineStyle>
	</Style>
	<Style id="style_10690">
		<LineStyle>
			<width>2</width>
		</LineStyle>
	</Style>
	<Style id="style_10691">
		<LineStyle>
			<width>2</width>
		</LineStyle>
	</Style>
	<Style id="style_10692">
		<LineStyle>
			<width>2</width>
		</LineStyle>
	</Style>
	<Style id="style_10693">
		<LineStyle>
			<width>2</width>
		</LineStyle>
	</Style>
	<Style id="style_10694">
		<LineStyle>
			<width>2</width>
		</LineStyle>
	</Style>
	<Style id="style_10695">
		<LineStyle>
			<width>2</width>
		</LineStyle>
	</Style>
	<Style id="style_10696">
		<LineStyle>
			<width>2</width>
		</LineStyle>
	</Style>
	<Style id="style_10697">
		<LineStyle>
			<width>2</width>
		</LineStyle>
	</Style>
	<Style id="style_10698">
		<LineStyle>
			<width>2</width>
		</LineStyle>
	</Style>
	<Style id="style_10699">
		<LineStyle>
			<width>2</width>
		</LineStyle>
	</Style>
	<Style id="style_10700">
		<LineStyle>
			<width>2</width>
		</LineStyle>
	</Style>
	<Style id="style_10701">
		<LineStyle>
			<width>2</width>
		</LineStyle>
	</Style>
	<Style id="style_10702">
		<LineStyle>
			<width>2</width>
		</LineStyle>
	</Style>
	<Style id="style_10703">
		<LineStyle>
			<width>2</width>
		</LineStyle>
	</Style>
	<Style id="style_10704">
		<LineStyle>
			<width>2</width>
		</LineStyle>
	</Style>
	<Style id="style_10705">
		<LineStyle>
			<width>2</width>
		</LineStyle>
	</Style>
	<Style id="style_10706">
		<LineStyle>
			<width>2</width>
		</LineStyle>
	</Style>
	<Style id="style_10707">
		<LineStyle>
			<width>2</width>
		</LineStyle>
	</Style>
	<Style id="style_10708">
		<LineStyle>
			<width>2</width>
		</LineStyle>
	</Style>
	<Style id="style_10709">
		<LineStyle>
			<width>2</width>
		</LineStyle>
	</Style>
	<Style id="style_10710">
		<LineStyle>
			<width>2</width>
		</LineStyle>
	</Style>
	<Style id="style_10711">
		<LineStyle>
			<width>2</width>
		</LineStyle>
	</Style>
	<Style id="style_10712">
		<LineStyle>
			<width>2</width>
		</LineStyle>
	</Style>
	<Style id="style_10713">
		<LineStyle>
			<width>2</width>
		</LineStyle>
	</Style>
	<Style id="style_10714">
		<LineStyle>
			<width>2</width>
		</LineStyle>
	</Style>
	<Style id="style_10715">
		<LineStyle>
			<width>2</width>
		</LineStyle>
	</Style>
	<Style id="style_10716">
		<LineStyle>
			<width>2</width>
		</LineStyle>
	</Style>
	<Style id="style_10717">
		<LineStyle>
			<width>2</width>
		</LineStyle>
	</Style>
	<Style id="style_10718">
		<LineStyle>
			<width>2</width>
		</LineStyle>
	</Style>
	<Style id="style_10719">
		<LineStyle>
			<width>2</width>
		</LineStyle>
	</Style>
	<Style id="style_10720">
		<LineStyle>
			<width>2</width>
		</LineStyle>
	</Style>
	<Style id="style_10721">
		<LineStyle>
			<width>2</width>
		</LineStyle>
	</Style>
	<Style id="style_10722">
		<LineStyle>
			<width>2</width>
		</LineStyle>
	</Style>
	<Style id="style_10723">
		<LineStyle>
			<width>2</width>
		</LineStyle>
	</Style>
	<Style id="style_10724">
		<LineStyle>
			<width>2</width>
		</LineStyle>
	</Style>
	<Style id="style_10725">
		<LineStyle>
			<width>2</width>
		</LineStyle>
	</Style>
	<Style id="style_10726">
		<LineStyle>
			<width>2</width>
		</LineStyle>
	</Style>
	<Style id="style_10727">
		<LineStyle>
			<width>2</width>
		</LineStyle>
	</Style>
	<Style id="style_10728">
		<LineStyle>
			<width>2</width>
		</LineStyle>
	</Style>
	<Style id="style_10729">
		<LineStyle>
			<width>2</width>
		</LineStyle>
	</Style>
	<Style id="style_10730">
		<LineStyle>
			<width>2</width>
		</LineStyle>
	</Style>
	<Style id="style_10731">
		<LineStyle>
			<width>2</width>
		</LineStyle>
	</Style>
	<Style id="style_10732">
		<LineStyle>
			<width>2</width>
		</LineStyle>
	</Style>
	<Style id="style_10733">
		<LineStyle>
			<width>2</width>
		</LineStyle>
	</Style>
	<Style id="style_10734">
		<LineStyle>
			<width>2</width>
		</LineStyle>
	</Style>
	<Style id="style_10735">
		<LineStyle>
			<width>2</width>
		</LineStyle>
	</Style>
	<Style id="style_10736">
		<LineStyle>
			<width>2</width>
		</LineStyle>
	</Style>
	<Style id="style_10737">
		<LineStyle>
			<width>2</width>
		</LineStyle>
	</Style>
	<Style id="style_10738">
		<LineStyle>
			<width>2</width>
		</LineStyle>
	</Style>
	<Style id="style_10739">
		<LineStyle>
			<width>2</width>
		</LineStyle>
	</Style>
	<Style id="style_10740">
		<LineStyle>
			<width>2</width>
		</LineStyle>
	</Style>
	<Style id="style_10741">
		<LineStyle>
			<width>2</width>
		</LineStyle>
	</Style>
	<Style id="style_10742">
		<LineStyle>
			<width>2</width>
		</LineStyle>
	</Style>
	<Style id="style_10743">
		<LineStyle>
			<width>2</width>
		</LineStyle>
	</Style>
	<Style id="style_10744">
		<LineStyle>
			<width>2</width>
		</LineStyle>
	</Style>
	<Style id="style_10745">
		<LineStyle>
			<width>2</width>
		</LineStyle>
	</Style>
	<Style id="style_10746">
		<LineStyle>
			<width>2</width>
		</LineStyle>
	</Style>
	<Style id="style_10747">
		<LineStyle>
			<width>2</width>
		</LineStyle>
	</Style>
	<Style id="style_10748">
		<LineStyle>
			<width>2</width>
		</LineStyle>
	</Style>
	<Style id="style_10749">
		<LineStyle>
			<width>2</width>
		</LineStyle>
	</Style>
	<Style id="style_10750">
		<LineStyle>
			<width>2</width>
		</LineStyle>
	</Style>
	<Style id="style_10751">
		<LineStyle>
			<width>2</width>
		</LineStyle>
	</Style>
	<Style id="style_10752">
		<LineStyle>
			<width>2</width>
		</LineStyle>
	</Style>
	<Style id="style_10753">
		<LineStyle>
			<width>2</width>
		</LineStyle>
	</Style>
	<Style id="style_10754">
		<LineStyle>
			<width>2</width>
		</LineStyle>
	</Style>
	<Style id="style_10755">
		<LineStyle>
			<width>2</width>
		</LineStyle>
	</Style>
	<Style id="style_10756">
		<LineStyle>
			<width>2</width>
		</LineStyle>
	</Style>
	<Style id="style_10757">
		<LineStyle>
			<width>2</width>
		</LineStyle>
	</Style>
	<Style id="style_10758">
		<LineStyle>
			<width>2</width>
		</LineStyle>
	</Style>
	<Style id="style_10759">
		<LineStyle>
			<width>2</width>
		</LineStyle>
	</Style>
	<Style id="style_10760">
		<LineStyle>
			<width>2</width>
		</LineStyle>
	</Style>
	<Style id="style_10761">
		<LineStyle>
			<width>2</width>
		</LineStyle>
	</Style>
	<Style id="style_10762">
		<LineStyle>
			<width>2</width>
		</LineStyle>
	</Style>
	<Style id="style_10763">
		<LineStyle>
			<width>2</width>
		</LineStyle>
	</Style>
	<Style id="style_10764">
		<LineStyle>
			<width>2</width>
		</LineStyle>
	</Style>
	<Style id="style_10765">
		<LineStyle>
			<width>2</width>
		</LineStyle>
	</Style>
	<Style id="style_10766">
		<LineStyle>
			<width>2</width>
		</LineStyle>
	</Style>
	<Style id="style_10767">
		<LineStyle>
			<width>2</width>
		</LineStyle>
	</Style>
	<Style id="style_10768">
		<LineStyle>
			<width>2</width>
		</LineStyle>
	</Style>
	<Style id="style_10769">
		<LineStyle>
			<width>2</width>
		</LineStyle>
	</Style>
	<Style id="style_10770">
		<LineStyle>
			<width>2</width>
		</LineStyle>
	</Style>
	<Style id="style_10771">
		<LineStyle>
			<width>2</width>
		</LineStyle>
	</Style>
	<Style id="style_10772">
		<LineStyle>
			<width>2</width>
		</LineStyle>
	</Style>
	<Style id="style_10773">
		<LineStyle>
			<width>2</width>
		</LineStyle>
	</Style>
	<Style id="style_10774">
		<LineStyle>
			<width>2</width>
		</LineStyle>
	</Style>
	<Style id="style_10775">
		<LineStyle>
			<width>2</width>
		</LineStyle>
	</Style>
	<Style id="style_10776">
		<LineStyle>
			<width>2</width>
		</LineStyle>
	</Style>
	<Style id="style_10777">
		<LineStyle>
			<width>2</width>
		</LineStyle>
	</Style>
	<Style id="style_10778">
		<LineStyle>
			<width>2</width>
		</LineStyle>
	</Style>
	<Style id="style_10779">
		<LineStyle>
			<width>2</width>
		</LineStyle>
	</Style>
	<Style id="style_10780">
		<LineStyle>
			<width>2</width>
		</LineStyle>
	</Style>
	<Style id="style_10781">
		<LineStyle>
			<width>2</width>
		</LineStyle>
	</Style>
	<Style id="style_10782">
		<LineStyle>
			<width>2</width>
		</LineStyle>
	</Style>
	<Style id="style_10783">
		<LineStyle>
			<width>2</width>
		</LineStyle>
	</Style>
	<Style id="style_10784">
		<LineStyle>
			<width>2</width>
		</LineStyle>
	</Style>
	<Style id="style_10785">
		<LineStyle>
			<width>2</width>
		</LineStyle>
	</Style>
	<Style id="style_10786">
		<LineStyle>
			<width>2</width>
		</LineStyle>
	</Style>
	<Style id="style_10787">
		<LineStyle>
			<width>2</width>
		</LineStyle>
	</Style>
	<Style id="style_10788">
		<LineStyle>
			<width>2</width>
		</LineStyle>
	</Style>
	<Style id="style_10789">
		<LineStyle>
			<width>2</width>
		</LineStyle>
	</Style>
	<Style id="style_10790">
		<LineStyle>
			<width>2</width>
		</LineStyle>
	</Style>
	<Style id="style_10791">
		<LineStyle>
			<width>2</width>
		</LineStyle>
	</Style>
	<Style id="style_10792">
		<LineStyle>
			<width>2</width>
		</LineStyle>
	</Style>
	<Style id="style_10793">
		<LineStyle>
			<width>2</width>
		</LineStyle>
	</Style>
	<Style id="style_10794">
		<LineStyle>
			<width>2</width>
		</LineStyle>
	</Style>
	<Style id="style_10795">
		<LineStyle>
			<width>2</width>
		</LineStyle>
	</Style>
	<Style id="style_10796">
		<LineStyle>
			<width>2</width>
		</LineStyle>
	</Style>
	<Style id="style_10797">
		<LineStyle>
			<width>2</width>
		</LineStyle>
	</Style>
	<Style id="style_10798">
		<LineStyle>
			<width>2</width>
		</LineStyle>
	</Style>
	<Style id="style_10799">
		<LineStyle>
			<width>2</width>
		</LineStyle>
	</Style>
	<Style id="style_10800">
		<LineStyle>
			<width>2</width>
		</LineStyle>
	</Style>
	<Style id="style_10801">
		<LineStyle>
			<width>2</width>
		</LineStyle>
	</Style>
	<Style id="style_10802">
		<LineStyle>
			<width>2</width>
		</LineStyle>
	</Style>
	<Style id="style_10803">
		<LineStyle>
			<width>2</width>
		</LineStyle>
	</Style>
	<Style id="style_10804">
		<LineStyle>
			<width>2</width>
		</LineStyle>
	</Style>
	<Style id="style_10805">
		<LineStyle>
			<width>2</width>
		</LineStyle>
	</Style>
	<Style id="style_10806">
		<LineStyle>
			<width>2</width>
		</LineStyle>
	</Style>
	<Style id="style_10807">
		<LineStyle>
			<width>2</width>
		</LineStyle>
	</Style>
	<Style id="style_10808">
		<LineStyle>
			<width>2</width>
		</LineStyle>
	</Style>
	<Style id="style_10809">
		<LineStyle>
			<width>2</width>
		</LineStyle>
	</Style>
	<Style id="style_10810">
		<LineStyle>
			<width>2</width>
		</LineStyle>
	</Style>
	<Style id="style_10811">
		<LineStyle>
			<width>2</width>
		</LineStyle>
	</Style>
	<Style id="style_10812">
		<LineStyle>
			<width>2</width>
		</LineStyle>
	</Style>
	<Style id="style_10813">
		<LineStyle>
			<width>2</width>
		</LineStyle>
	</Style>
	<Style id="style_10814">
		<LineStyle>
			<width>2</width>
		</LineStyle>
	</Style>
	<Style id="style_10815">
		<LineStyle>
			<width>2</width>
		</LineStyle>
	</Style>
	<Style id="style_10816">
		<LineStyle>
			<width>2</width>
		</LineStyle>
	</Style>
	<Style id="style_10817">
		<LineStyle>
			<width>2</width>
		</LineStyle>
	</Style>
	<Style id="style_10818">
		<LineStyle>
			<width>2</width>
		</LineStyle>
	</Style>
	<Style id="style_10819">
		<LineStyle>
			<width>2</width>
		</LineStyle>
	</Style>
	<Style id="style_10820">
		<LineStyle>
			<width>2</width>
		</LineStyle>
	</Style>
	<Style id="style_10821">
		<LineStyle>
			<width>2</width>
		</LineStyle>
	</Style>
	<Style id="style_10822">
		<LineStyle>
			<width>2</width>
		</LineStyle>
	</Style>
	<Style id="style_10823">
		<LineStyle>
			<width>2</width>
		</LineStyle>
	</Style>
	<Style id="style_10824">
		<LineStyle>
			<width>2</width>
		</LineStyle>
	</Style>
	<Style id="style_10825">
		<LineStyle>
			<width>2</width>
		</LineStyle>
	</Style>
	<Style id="style_10826">
		<LineStyle>
			<width>2</width>
		</LineStyle>
	</Style>
	<Style id="style_10827">
		<LineStyle>
			<width>2</width>
		</LineStyle>
	</Style>
	<Style id="style_10828">
		<LineStyle>
			<width>2</width>
		</LineStyle>
	</Style>
	<Style id="style_10829">
		<LineStyle>
			<width>2</width>
		</LineStyle>
	</Style>
	<Style id="style_10830">
		<LineStyle>
			<width>2</width>
		</LineStyle>
	</Style>
	<Style id="style_10831">
		<LineStyle>
			<width>2</width>
		</LineStyle>
	</Style>
	<Style id="style_10832">
		<LineStyle>
			<width>2</width>
		</LineStyle>
	</Style>
	<Style id="style_10833">
		<LineStyle>
			<width>2</width>
		</LineStyle>
	</Style>
	<Style id="style_10834">
		<LineStyle>
			<width>2</width>
		</LineStyle>
	</Style>
	<Style id="style_10835">
		<LineStyle>
			<width>2</width>
		</LineStyle>
	</Style>
	<Style id="style_10836">
		<LineStyle>
			<width>2</width>
		</LineStyle>
	</Style>
	<Style id="style_10837">
		<LineStyle>
			<width>2</width>
		</LineStyle>
	</Style>
	<Style id="style_10838">
		<LineStyle>
			<width>2</width>
		</LineStyle>
	</Style>
	<Style id="style_10839">
		<LineStyle>
			<width>2</width>
		</LineStyle>
	</Style>
	<Style id="style_10840">
		<LineStyle>
			<width>2</width>
		</LineStyle>
	</Style>
	<Style id="style_10841">
		<LineStyle>
			<width>2</width>
		</LineStyle>
	</Style>
	<Style id="style_10842">
		<LineStyle>
			<width>2</width>
		</LineStyle>
	</Style>
	<Style id="style_10843">
		<LineStyle>
			<width>2</width>
		</LineStyle>
	</Style>
	<Style id="style_10844">
		<LineStyle>
			<width>2</width>
		</LineStyle>
	</Style>
	<Style id="style_10845">
		<LineStyle>
			<width>2</width>
		</LineStyle>
	</Style>
	<Style id="style_10846">
		<LineStyle>
			<width>2</width>
		</LineStyle>
	</Style>
	<Style id="style_10847">
		<LineStyle>
			<width>2</width>
		</LineStyle>
	</Style>
	<Style id="style_10848">
		<LineStyle>
			<width>2</width>
		</LineStyle>
	</Style>
	<Style id="style_10849">
		<LineStyle>
			<width>2</width>
		</LineStyle>
	</Style>
	<Style id="style_10850">
		<LineStyle>
			<width>2</width>
		</LineStyle>
	</Style>
	<Style id="style_10851">
		<LineStyle>
			<width>2</width>
		</LineStyle>
	</Style>
	<Style id="style_10852">
		<LineStyle>
			<width>2</width>
		</LineStyle>
	</Style>
	<Style id="style_10853">
		<LineStyle>
			<width>2</width>
		</LineStyle>
	</Style>
	<Style id="style_10854">
		<LineStyle>
			<width>2</width>
		</LineStyle>
	</Style>
	<Style id="style_10855">
		<LineStyle>
			<width>2</width>
		</LineStyle>
	</Style>
	<Style id="style_10856">
		<LineStyle>
			<width>2</width>
		</LineStyle>
	</Style>
	<Style id="style_10857">
		<LineStyle>
			<width>2</width>
		</LineStyle>
	</Style>
	<Style id="style_10858">
		<LineStyle>
			<width>2</width>
		</LineStyle>
	</Style>
	<Style id="style_10859">
		<LineStyle>
			<width>2</width>
		</LineStyle>
	</Style>
	<Style id="style_10860">
		<LineStyle>
			<width>2</width>
		</LineStyle>
	</Style>
	<Style id="style_10861">
		<LineStyle>
			<width>2</width>
		</LineStyle>
	</Style>
	<Style id="style_10862">
		<LineStyle>
			<width>2</width>
		</LineStyle>
	</Style>
	<Style id="style_10863">
		<LineStyle>
			<width>2</width>
		</LineStyle>
	</Style>
	<Style id="style_10864">
		<LineStyle>
			<width>2</width>
		</LineStyle>
	</Style>
	<Style id="style_10865">
		<LineStyle>
			<width>2</width>
		</LineStyle>
	</Style>
	<Style id="style_10866">
		<LineStyle>
			<width>2</width>
		</LineStyle>
	</Style>
	<Style id="style_10867">
		<LineStyle>
			<width>2</width>
		</LineStyle>
	</Style>
	<Style id="style_10868">
		<LineStyle>
			<width>2</width>
		</LineStyle>
	</Style>
	<Style id="style_10869">
		<LineStyle>
			<width>2</width>
		</LineStyle>
	</Style>
	<Style id="style_10870">
		<LineStyle>
			<width>2</width>
		</LineStyle>
	</Style>
	<Style id="style_10871">
		<LineStyle>
			<width>2</width>
		</LineStyle>
	</Style>
	<Style id="style_10872">
		<LineStyle>
			<width>2</width>
		</LineStyle>
	</Style>
	<Style id="style_10873">
		<LineStyle>
			<width>2</width>
		</LineStyle>
	</Style>
	<Style id="style_10874">
		<LineStyle>
			<width>2</width>
		</LineStyle>
	</Style>
	<Style id="style_10875">
		<LineStyle>
			<width>2</width>
		</LineStyle>
	</Style>
	<Style id="style_10876">
		<LineStyle>
			<width>2</width>
		</LineStyle>
	</Style>
	<Style id="style_10877">
		<LineStyle>
			<width>2</width>
		</LineStyle>
	</Style>
	<Style id="style_10878">
		<LineStyle>
			<width>2</width>
		</LineStyle>
	</Style>
	<Style id="style_10879">
		<LineStyle>
			<width>2</width>
		</LineStyle>
	</Style>
	<Style id="style_10880">
		<LineStyle>
			<width>2</width>
		</LineStyle>
	</Style>
	<Style id="style_10881">
		<LineStyle>
			<width>2</width>
		</LineStyle>
	</Style>
	<Style id="style_10882">
		<LineStyle>
			<width>2</width>
		</LineStyle>
	</Style>
	<Style id="style_10883">
		<LineStyle>
			<width>2</width>
		</LineStyle>
	</Style>
	<Style id="style_10884">
		<LineStyle>
			<width>2</width>
		</LineStyle>
	</Style>
	<Style id="style_10885">
		<LineStyle>
			<width>2</width>
		</LineStyle>
	</Style>
	<Style id="style_10886">
		<LineStyle>
			<width>2</width>
		</LineStyle>
	</Style>
	<Style id="style_10887">
		<LineStyle>
			<width>2</width>
		</LineStyle>
	</Style>
	<Style id="style_10888">
		<LineStyle>
			<width>2</width>
		</LineStyle>
	</Style>
	<Style id="style_10889">
		<LineStyle>
			<width>2</width>
		</LineStyle>
	</Style>
	<Style id="style_10890">
		<LineStyle>
			<width>2</width>
		</LineStyle>
	</Style>
	<Style id="style_10891">
		<LineStyle>
			<width>2</width>
		</LineStyle>
	</Style>
	<Style id="style_10892">
		<LineStyle>
			<width>2</width>
		</LineStyle>
	</Style>
	<Style id="style_10893">
		<LineStyle>
			<width>2</width>
		</LineStyle>
	</Style>
	<Style id="style_10894">
		<LineStyle>
			<width>2</width>
		</LineStyle>
	</Style>
	<Style id="style_10895">
		<LineStyle>
			<width>2</width>
		</LineStyle>
	</Style>
	<Style id="style_10896">
		<LineStyle>
			<width>2</width>
		</LineStyle>
	</Style>
	<Style id="style_10897">
		<LineStyle>
			<width>2</width>
		</LineStyle>
	</Style>
	<Style id="style_10898">
		<LineStyle>
			<width>2</width>
		</LineStyle>
	</Style>
	<Style id="style_10899">
		<LineStyle>
			<width>2</width>
		</LineStyle>
	</Style>
	<Style id="style_10900">
		<LineStyle>
			<width>2</width>
		</LineStyle>
	</Style>
	<Style id="style_10901">
		<LineStyle>
			<width>2</width>
		</LineStyle>
	</Style>
	<Style id="style_10902">
		<LineStyle>
			<width>2</width>
		</LineStyle>
	</Style>
	<Style id="style_10903">
		<LineStyle>
			<width>2</width>
		</LineStyle>
	</Style>
	<Style id="style_10904">
		<LineStyle>
			<width>2</width>
		</LineStyle>
	</Style>
	<Style id="style_10905">
		<LineStyle>
			<width>2</width>
		</LineStyle>
	</Style>
	<Style id="style_10906">
		<LineStyle>
			<width>2</width>
		</LineStyle>
	</Style>
	<Style id="style_10907">
		<LineStyle>
			<width>2</width>
		</LineStyle>
	</Style>
	<Style id="style_10908">
		<LineStyle>
			<width>2</width>
		</LineStyle>
	</Style>
	<Style id="style_10909">
		<LineStyle>
			<width>2</width>
		</LineStyle>
	</Style>
	<Style id="style_10910">
		<LineStyle>
			<width>2</width>
		</LineStyle>
	</Style>
	<Style id="style_10911">
		<LineStyle>
			<width>2</width>
		</LineStyle>
	</Style>
	<Style id="style_10912">
		<LineStyle>
			<width>2</width>
		</LineStyle>
	</Style>
	<Style id="style_10913">
		<LineStyle>
			<width>2</width>
		</LineStyle>
	</Style>
	<Style id="style_10914">
		<LineStyle>
			<width>2</width>
		</LineStyle>
	</Style>
	<Style id="style_10915">
		<LineStyle>
			<width>2</width>
		</LineStyle>
	</Style>
	<Style id="style_10916">
		<LineStyle>
			<width>2</width>
		</LineStyle>
	</Style>
	<Style id="style_10917">
		<LineStyle>
			<width>2</width>
		</LineStyle>
	</Style>
	<Style id="style_10918">
		<LineStyle>
			<width>2</width>
		</LineStyle>
	</Style>
	<Style id="style_10919">
		<LineStyle>
			<width>2</width>
		</LineStyle>
	</Style>
	<Style id="style_10920">
		<LineStyle>
			<width>2</width>
		</LineStyle>
	</Style>
	<Style id="style_10921">
		<LineStyle>
			<width>2</width>
		</LineStyle>
	</Style>
	<Style id="style_10922">
		<LineStyle>
			<width>2</width>
		</LineStyle>
	</Style>
	<Style id="style_10923">
		<LineStyle>
			<width>2</width>
		</LineStyle>
	</Style>
	<Style id="style_10924">
		<LineStyle>
			<width>2</width>
		</LineStyle>
	</Style>
	<Style id="style_10925">
		<LineStyle>
			<width>2</width>
		</LineStyle>
	</Style>
	<Style id="style_10926">
		<LineStyle>
			<width>2</width>
		</LineStyle>
	</Style>
	<Style id="style_10927">
		<LineStyle>
			<width>2</width>
		</LineStyle>
	</Style>
	<Style id="style_10928">
		<LineStyle>
			<width>2</width>
		</LineStyle>
	</Style>
	<Style id="style_10929">
		<LineStyle>
			<width>2</width>
		</LineStyle>
	</Style>
	<Style id="style_10930">
		<LineStyle>
			<width>2</width>
		</LineStyle>
	</Style>
	<Style id="style_10931">
		<LineStyle>
			<width>2</width>
		</LineStyle>
	</Style>
	<Style id="style_10932">
		<LineStyle>
			<width>2</width>
		</LineStyle>
	</Style>
	<Style id="style_10933">
		<LineStyle>
			<width>2</width>
		</LineStyle>
	</Style>
	<Style id="style_10934">
		<LineStyle>
			<width>2</width>
		</LineStyle>
	</Style>
	<Style id="style_10935">
		<LineStyle>
			<width>2</width>
		</LineStyle>
	</Style>
	<Style id="style_10936">
		<LineStyle>
			<width>2</width>
		</LineStyle>
	</Style>
	<Style id="style_10937">
		<LineStyle>
			<width>2</width>
		</LineStyle>
	</Style>
	<Style id="style_10938">
		<LineStyle>
			<width>2</width>
		</LineStyle>
	</Style>
	<Style id="style_10939">
		<LineStyle>
			<width>2</width>
		</LineStyle>
	</Style>
	<Style id="style_10940">
		<LineStyle>
			<width>2</width>
		</LineStyle>
	</Style>
	<Style id="style_10941">
		<LineStyle>
			<width>2</width>
		</LineStyle>
	</Style>
	<Style id="style_10942">
		<LineStyle>
			<width>2</width>
		</LineStyle>
	</Style>
	<Style id="style_10943">
		<LineStyle>
			<width>2</width>
		</LineStyle>
	</Style>
	<Style id="style_10944">
		<LineStyle>
			<width>2</width>
		</LineStyle>
	</Style>
	<Style id="style_10945">
		<LineStyle>
			<width>2</width>
		</LineStyle>
	</Style>
	<Style id="style_10946">
		<LineStyle>
			<width>2</width>
		</LineStyle>
	</Style>
	<Style id="style_10947">
		<LineStyle>
			<width>2</width>
		</LineStyle>
	</Style>
	<Style id="style_10948">
		<LineStyle>
			<width>2</width>
		</LineStyle>
	</Style>
	<Style id="style_10949">
		<LineStyle>
			<width>2</width>
		</LineStyle>
	</Style>
	<Style id="style_10950">
		<LineStyle>
			<width>2</width>
		</LineStyle>
	</Style>
	<Style id="style_10951">
		<LineStyle>
			<width>2</width>
		</LineStyle>
	</Style>
	<Style id="style_10952">
		<LineStyle>
			<width>2</width>
		</LineStyle>
	</Style>
	<Style id="style_10953">
		<LineStyle>
			<width>2</width>
		</LineStyle>
	</Style>
	<Style id="style_10954">
		<LineStyle>
			<width>2</width>
		</LineStyle>
	</Style>
	<Style id="style_10955">
		<LineStyle>
			<width>2</width>
		</LineStyle>
	</Style>
	<Style id="style_10956">
		<LineStyle>
			<width>2</width>
		</LineStyle>
	</Style>
	<Style id="style_10957">
		<LineStyle>
			<width>2</width>
		</LineStyle>
	</Style>
	<Style id="style_10958">
		<LineStyle>
			<width>2</width>
		</LineStyle>
	</Style>
	<Style id="style_10959">
		<LineStyle>
			<width>2</width>
		</LineStyle>
	</Style>
	<Style id="style_10960">
		<LineStyle>
			<width>2</width>
		</LineStyle>
	</Style>
	<Style id="style_10961">
		<LineStyle>
			<width>2</width>
		</LineStyle>
	</Style>
	<Style id="style_10962">
		<LineStyle>
			<width>2</width>
		</LineStyle>
	</Style>
	<Style id="style_10963">
		<LineStyle>
			<width>2</width>
		</LineStyle>
	</Style>
	<Style id="style_10964">
		<LineStyle>
			<width>2</width>
		</LineStyle>
	</Style>
	<Style id="style_10965">
		<LineStyle>
			<width>2</width>
		</LineStyle>
	</Style>
	<Style id="style_10966">
		<LineStyle>
			<width>2</width>
		</LineStyle>
	</Style>
	<Style id="style_10967">
		<LineStyle>
			<width>2</width>
		</LineStyle>
	</Style>
	<Style id="style_10968">
		<LineStyle>
			<width>2</width>
		</LineStyle>
	</Style>
	<Style id="style_10969">
		<LineStyle>
			<width>2</width>
		</LineStyle>
	</Style>
	<Style id="style_10970">
		<LineStyle>
			<width>2</width>
		</LineStyle>
	</Style>
	<Style id="style_10971">
		<LineStyle>
			<width>2</width>
		</LineStyle>
	</Style>
	<Style id="style_10972">
		<LineStyle>
			<width>2</width>
		</LineStyle>
	</Style>
	<Style id="style_10973">
		<LineStyle>
			<width>2</width>
		</LineStyle>
	</Style>
	<Style id="style_10974">
		<LineStyle>
			<width>2</width>
		</LineStyle>
	</Style>
	<Style id="style_10975">
		<LineStyle>
			<width>2</width>
		</LineStyle>
	</Style>
	<Style id="style_10976">
		<LineStyle>
			<width>2</width>
		</LineStyle>
	</Style>
	<Style id="style_10977">
		<LineStyle>
			<width>2</width>
		</LineStyle>
	</Style>
	<Style id="style_10978">
		<LineStyle>
			<width>2</width>
		</LineStyle>
	</Style>
	<Style id="style_10979">
		<LineStyle>
			<width>2</width>
		</LineStyle>
	</Style>
	<Style id="style_10980">
		<LineStyle>
			<width>2</width>
		</LineStyle>
	</Style>
	<Style id="style_10981">
		<LineStyle>
			<width>2</width>
		</LineStyle>
	</Style>
	<Style id="style_10982">
		<LineStyle>
			<width>2</width>
		</LineStyle>
	</Style>
	<Style id="style_10983">
		<LineStyle>
			<width>2</width>
		</LineStyle>
	</Style>
	<Style id="style_10984">
		<LineStyle>
			<width>2</width>
		</LineStyle>
	</Style>
	<Style id="style_10985">
		<LineStyle>
			<width>2</width>
		</LineStyle>
	</Style>
	<Style id="style_10986">
		<LineStyle>
			<width>2</width>
		</LineStyle>
	</Style>
	<Style id="style_10987">
		<LineStyle>
			<width>2</width>
		</LineStyle>
	</Style>
	<Style id="style_10988">
		<LineStyle>
			<width>2</width>
		</LineStyle>
	</Style>
	<Style id="style_10989">
		<LineStyle>
			<width>2</width>
		</LineStyle>
	</Style>
	<Style id="style_10990">
		<LineStyle>
			<width>2</width>
		</LineStyle>
	</Style>
	<Style id="style_10991">
		<LineStyle>
			<width>2</width>
		</LineStyle>
	</Style>
	<Style id="style_10992">
		<LineStyle>
			<width>2</width>
		</LineStyle>
	</Style>
	<Style id="style_10993">
		<LineStyle>
			<width>2</width>
		</LineStyle>
	</Style>
	<Style id="style_10994">
		<LineStyle>
			<width>2</width>
		</LineStyle>
	</Style>
	<Style id="style_10995">
		<LineStyle>
			<width>2</width>
		</LineStyle>
	</Style>
	<Style id="style_10996">
		<LineStyle>
			<width>2</width>
		</LineStyle>
	</Style>
	<Style id="style_10997">
		<LineStyle>
			<width>2</width>
		</LineStyle>
	</Style>
	<Style id="style_10998">
		<LineStyle>
			<width>2</width>
		</LineStyle>
	</Style>
	<Style id="style_10999">
		<LineStyle>
			<width>2</width>
		</LineStyle>
	</Style>
	<Style id="style_11">
		<IconStyle>
			<scale>1.2</scale>
			<Icon>
				<href>https://maps.google.com/mapfiles/kml/shapes/marina.png</href>
			</Icon>
		</IconStyle>
	</Style>
	<Style id="style_12">
		<IconStyle>
			<scale>1.2</scale>
			<Icon>
				<href>https://maps.google.com/mapfiles/kml/paddle/ylw-diamond.png</href>
			</Icon>
		</IconStyle>
	</Style>
	<Style id="style_13">
		<IconStyle>
			<scale>1.2</scale>
			<Icon>
				<href>https://maps.google.com/mapfiles/kml/paddle/ylw-diamond.png</href>
			</Icon>
		</IconStyle>
	</Style>
	<Style id="style_14">
		<IconStyle>
			<scale>1.2</scale>
			<Icon>
				<href>https://maps.google.com/mapfiles/kml/paddle/ylw-diamond.png</href>
			</Icon>
		</IconStyle>
	</Style>
	<Style id="style_15">
		<IconStyle>
			<scale>1.2</scale>
			<Icon>
				<href>https://maps.google.com/mapfiles/kml/paddle/ylw-diamond.png</href>
			</Icon>
		</IconStyle>
	</Style>
	<Style id="style_16">
		<IconStyle>
			<scale>1.2</scale>
			<Icon>
				<href>https://maps.google.com/mapfiles/kml/paddle/ylw-diamond.png</href>
			</Icon>
		</IconStyle>
	</Style>
	<Style id="style_17">
		<IconStyle>
			<scale>1.2</scale>
			<Icon>
				<href>https://maps.google.com/mapfiles/kml/paddle/ylw-diamond.png</href>
			</Icon>
		</IconStyle>
	</Style>
	<Style id="style_18">
		<IconStyle>
			<scale>1.2</scale>
			<Icon>
				<href>https://maps.google.com/mapfiles/kml/paddle/ylw-diamond.png</href>
			</Icon>
		</IconStyle>
	</Style>
	<Style id="style_19">
		<IconStyle>
			<scale>1.2</scale>
			<Icon>
				<href>https://maps.google.com/mapfiles/kml/paddle/ylw-diamond.png</href>
			</Icon>
		</IconStyle>
	</Style>
	<Style id="style_2">
		<IconStyle>
			<scale>1.1</scale>
			<Icon>
				<href>https://maps.google.com/mapfiles/kml/shapes/placemark_circle.png</href>
			</Icon>
		</IconStyle>
		<LabelStyle>
			<color>ff00ff00</color>
			<scale>1.4</scale>
		</LabelStyle>
	</Style>
	<Style id="style_25">
		<IconStyle>
			<scale>1.2</scale>
			<Icon>
				<href>https://maps.google.com/mapfiles/kml/paddle/ylw-diamond.png</href>
			</Icon>
		</IconStyle>
	</Style>
	<Style id="style_20">
		<IconStyle>
			<scale>1.2</scale>
			<Icon>
				<href>https://maps.google.com/mapfiles/kml/paddle/ylw-diamond.png</href>
			</Icon>
		</IconStyle>
	</Style>
	<Style id="style_21">
		<IconStyle>
			<scale>1.2</scale>
			<Icon>
				<href>https://maps.google.com/mapfiles/kml/paddle/ylw-diamond.png</href>
			</Icon>
		</IconStyle>
	</Style>
	<Style id="style_22">
		<IconStyle>
			<scale>1.2</scale>
			<Icon>
				<href>https://maps.google.com/mapfiles/kml/paddle/ylw-diamond.png</href>
			</Icon>
		</IconStyle>
	</Style>
	<Style id="style_23">
		<IconStyle>
			<scale>1.2</scale>
			<Icon>
				<href>https://maps.google.com/mapfiles/kml/paddle/ylw-diamond.png</href>
			</Icon>
		</IconStyle>
	</Style>
	<Style id="style_24">
		<IconStyle>
			<scale>1.2</scale>
			<Icon>
				<href>https://maps.google.com/mapfiles/kml/paddle/ylw-diamond.png</href>
			</Icon>
		</IconStyle>
	</Style>
	<Style id="style_250">
		<IconStyle>
			<scale>1.2</scale>
			<Icon>
				<href>https://maps.google.com/mapfiles/kml/paddle/ylw-diamond.png</href>
			</Icon>
		</IconStyle>
	</Style>
	<Style id="style_26">
		<IconStyle>
			<scale>1.2</scale>
			<Icon>
				<href>https://maps.google.com/mapfiles/kml/paddle/ylw-diamond.png</href>
			</Icon>
		</IconStyle>
	</Style>
	<Style id="style_27">
		<IconStyle>
			<scale>1.2</scale>
			<Icon>
				<href>https://maps.google.com/mapfiles/kml/paddle/ylw-diamond.png</href>
			</Icon>
		</IconStyle>
	</Style>
	<Style id="style_28">
		<IconStyle>
			<scale>1.2</scale>
			<Icon>
				<href>https://maps.google.com/mapfiles/kml/paddle/ylw-diamond.png</href>
			</Icon>
		</IconStyle>
	</Style>
	<Style id="style_29">
		<IconStyle>
			<scale>1.2</scale>
			<Icon>
				<href>https://maps.google.com/mapfiles/kml/paddle/ylw-diamond.png</href>
			</Icon>
		</IconStyle>
	</Style>
	<Style id="style_3">
		<IconStyle>
			<scale>1.2</scale>
			<Icon>
				<href>https://maps.google.com/mapfiles/kml/paddle/ylw-diamond.png</href>
			</Icon>
		</IconStyle>
	</Style>
	<Style id="style_31">
		<IconStyle>
			<scale>1.1</scale>
			<Icon>
				<href>https://maps.google.com/mapfiles/kml/shapes/placemark_circle.png</href>
			</Icon>
		</IconStyle>
		<LabelStyle>
			<color>ff00ff00</color>
			<scale>1.4</scale>
		</LabelStyle>
	</Style>
	<Style id="style_30">
		<IconStyle>
			<scale>1.2</scale>
			<Icon>
				<href>https://maps.google.com/mapfiles/kml/shapes/marina.png</href>
			</Icon>
		</IconStyle>
	</Style>
	<Style id="style_310">
		<IconStyle>
			<scale>1.2</scale>
			<Icon>
				<href>https://maps.google.com/mapfiles/kml/paddle/ylw-diamond.png</href>
			</Icon>
		</IconStyle>
	</Style>
	<Style id="style_32">
		<IconStyle>
			<scale>1.2</scale>
			<Icon>
				<href>https://maps.google.com/mapfiles/kml/paddle/ylw-diamond.png</href>
			</Icon>
		</IconStyle>
	</Style>
	<Style id="style_33">
		<IconStyle>
			<scale>1.2</scale>
			<Icon>
				<href>https://maps.google.com/mapfiles/kml/paddle/ylw-diamond.png</href>
			</Icon>
		</IconStyle>
	</Style>
	<Style id="style_34">
		<IconStyle>
			<scale>1.2</scale>
			<Icon>
				<href>https://maps.google.com/mapfiles/kml/paddle/red-diamond.png</href>
			</Icon>
		</IconStyle>
	</Style>
	<Style id="style_35">
		<IconStyle>
			<scale>1.2</scale>
			<Icon>
				<href>https://maps.google.com/mapfiles/kml/paddle/ylw-diamond.png</href>
			</Icon>
		</IconStyle>
	</Style>
	<Style id="style_36">
		<IconStyle>
			<scale>1.2</scale>
			<Icon>
				<href>https://maps.google.com/mapfiles/kml/paddle/ylw-diamond.png</href>
			</Icon>
		</IconStyle>
	</Style>
	<Style id="style_37">
		<IconStyle>
			<scale>1.2</scale>
			<Icon>
				<href>https://maps.google.com/mapfiles/kml/paddle/ylw-diamond.png</href>
			</Icon>
		</IconStyle>
	</Style>
	<Style id="style_38">
		<IconStyle>
			<scale>1.2</scale>
			<Icon>
				<href>https://maps.google.com/mapfiles/kml/paddle/ylw-diamond.png</href>
			</Icon>
		</IconStyle>
	</Style>
	<Style id="style_39">
		<IconStyle>
			<scale>1.2</scale>
			<Icon>
				<href>https://maps.google.com/mapfiles/kml/shapes/marina.png</href>
			</Icon>
		</IconStyle>
	</Style>
	<Style id="style_4">
		<IconStyle>
			<scale>1.1</scale>
			<Icon>
				<href>https://maps.google.com/mapfiles/kml/shapes/placemark_circle.png</href>
			</Icon>
		</IconStyle>
		<LabelStyle>
			<color>ff00ff00</color>
			<scale>1.4</scale>
		</LabelStyle>
	</Style>
	<Style id="style_43">
		<IconStyle>
			<scale>1.2</scale>
			<Icon>
				<href>https://maps.google.com/mapfiles/kml/paddle/ylw-diamond.png</href>
			</Icon>
		</IconStyle>
	</Style>
	<Style id="style_40">
		<IconStyle>
			<scale>1.2</scale>
			<Icon>
				<href>https://maps.google.com/mapfiles/kml/paddle/ylw-diamond.png</href>
			</Icon>
		</IconStyle>
	</Style>
	<Style id="style_41">
		<IconStyle>
			<scale>1.2</scale>
			<Icon>
				<href>https://maps.google.com/mapfiles/kml/paddle/ylw-diamond.png</href>
			</Icon>
		</IconStyle>
	</Style>
	<Style id="style_42">
		<IconStyle>
			<scale>1.2</scale>
			<Icon>
				<href>https://maps.google.com/mapfiles/kml/paddle/ylw-diamond.png</href>
			</Icon>
		</IconStyle>
	</Style>
	<Style id="style_430">
		<IconStyle>
			<scale>1.2</scale>
			<Icon>
				<href>https://maps.google.com/mapfiles/kml/paddle/ylw-diamond.png</href>
			</Icon>
		</IconStyle>
	</Style>
	<Style id="style_44">
		<IconStyle>
			<scale>1.2</scale>
			<Icon>
				<href>https://maps.google.com/mapfiles/kml/shapes/marina.png</href>
			</Icon>
		</IconStyle>
	</Style>
	<Style id="style_45">
		<IconStyle>
			<scale>1.2</scale>
			<Icon>
				<href>https://maps.google.com/mapfiles/kml/paddle/ylw-diamond.png</href>
			</Icon>
		</IconStyle>
	</Style>
	<Style id="style_46">
		<IconStyle>
			<scale>1.2</scale>
			<Icon>
				<href>https://maps.google.com/mapfiles/kml/paddle/ylw-diamond.png</href>
			</Icon>
		</IconStyle>
	</Style>
	<Style id="style_47">
		<IconStyle>
			<scale>1.2</scale>
			<Icon>
				<href>https://maps.google.com/mapfiles/kml/paddle/ylw-diamond.png</href>
			</Icon>
		</IconStyle>
	</Style>
	<Style id="style_48">
		<IconStyle>
			<scale>1.2</scale>
			<Icon>
				<href>https://maps.google.com/mapfiles/kml/paddle/ylw-diamond.png</href>
			</Icon>
		</IconStyle>
	</Style>
	<Style id="style_49">
		<IconStyle>
			<scale>1.2</scale>
			<Icon>
				<href>https://maps.google.com/mapfiles/kml/paddle/ylw-diamond.png</href>
			</Icon>
		</IconStyle>
	</Style>
	<Style id="style_50">
		<IconStyle>
			<scale>1.1</scale>
			<Icon>
				<href>https://maps.google.com/mapfiles/kml/shapes/placemark_circle.png</href>
			</Icon>
		</IconStyle>
		<LabelStyle>
			<color>ff00ff00</color>
			<scale>1.4</scale>
		</LabelStyle>
	</Style>
	<Style id="style_5">
		<IconStyle>
			<scale>1.2</scale>
			<Icon>
				<href>https://maps.google.com/mapfiles/kml/paddle/ylw-diamond.png</href>
			</Icon>
		</IconStyle>
	</Style>
	<Style id="style_6">
		<IconStyle>
			<scale>1.2</scale>
			<Icon>
				<href>https://maps.google.com/mapfiles/kml/paddle/ylw-diamond.png</href>
			</Icon>
		</IconStyle>
	</Style>
	<Style id="style_7">
		<IconStyle>
			<scale>1.2</scale>
			<Icon>
				<href>https://maps.google.com/mapfiles/kml/paddle/ylw-diamond.png</href>
			</Icon>
		</IconStyle>
	</Style>
	<Style id="style_8">
		<IconStyle>
			<scale>1.2</scale>
			<Icon>
				<href>https://maps.google.com/mapfiles/kml/paddle/ylw-diamond.png</href>
			</Icon>
		</IconStyle>
	</Style>
	<Style id="style_9">
		<IconStyle>
			<scale>1.2</scale>
			<Icon>
				<href>https://maps.google.com/mapfiles/kml/paddle/ylw-diamond.png</href>
			</Icon>
		</IconStyle>
	</Style>
	<Placemark>
		<name>&lt;b/&gt;</name>
		<LookAt>
			<longitude>127.4602778</longitude>
			<latitude>36.8845169</latitude>
			<altitude>0</altitude>
			<heading>0</heading>
			<tilt>0</tilt>
			<range>1000</range>
			<altitudeMode>relativeToGround</altitudeMode>
		</LookAt>
		<styleUrl>#1_1</styleUrl>
		<Style>
			<LabelStyle>
				<color>00000000</color>
			</LabelStyle>
		</Style>
		<Polygon>
			<tessellate>1</tessellate>
			<outerBoundaryIs>
				<LinearRing>
					<coordinates>
						127.4602778,36.8845169,0 127.4929217,36.883144,0 127.5252044,36.8790407,0 127.556769,36.8722522,0 127.5872666,36.8628537,0 127.6163604,36.8509491,0 127.6437298,36.8366699,0 127.6690733,36.8201738,0 127.6921127,36.8016431,0 127.7125956,36.781282,0 127.7302982,36.7593151,0 127.7450282,36.7359842,0 127.7566261,36.7115462,0 127.7649675,36.6862696,0 127.7699641,36.6604322,0 127.7715644,36.6343173,0 127.7697543,36.6082113,0 127.764557,36.5824,0 127.7560329,36.5571658,0 127.7442782,36.5327844,0 127.7294243,36.509522,0 127.7116358,36.4876324,0 127.6911091,36.4673541,0 127.6680697,36.448908,0 127.64277,36.4324948,0 127.6154865,36.4182929,0 127.5865166,36.4064568,0 127.5561758,36.3971149,0 127.5247939,36.3903688,0 127.4927118,36.3862916,0 127.4602778,36.3849276,0 127.4278437,36.3862916,0 127.3957616,36.3903688,0 127.3643798,36.3971149,0 127.334039,36.4064568,0 127.3050691,36.4182929,0 127.2777856,36.4324948,0 127.2524859,36.448908,0 127.2294465,36.4673541,0 127.2089198,36.4876324,0 127.1911313,36.509522,0 127.1762774,36.5327844,0 127.1645227,36.5571658,0 127.1559985,36.5824,0 127.1508013,36.6082113,0 127.1489912,36.6343173,0 127.1505915,36.6604322,0 127.1555881,36.6862696,0 127.1639295,36.7115462,0 127.1755274,36.7359842,0 127.1902573,36.7593151,0 127.20796,36.781282,0 127.2284428,36.8016431,0 127.2514822,36.8201738,0 127.2768258,36.8366699,0 127.3041951,36.8509491,0 127.333289,36.8628537,0 127.3637866,36.8722522,0 127.3953512,36.8790407,0 127.4276339,36.883144,0 127.4602778,36.8845169,0 
					</coordinates>
				</LinearRing>
			</outerBoundaryIs>
		</Polygon>
	</Placemark>
	<Placemark>
		<name>D0536&amp;amp;#x2F;26</name>
		<Snippet maxLines="0"></Snippet>
		<description><![CDATA[<style type='text/css'>*{font-family:Verdana,Arial,Helvetica,Sans-Serif;box-sizing:border-box;padding:0px;margin:0px}table{border-collapse:collapse;border-spacing:0px;margin:2px}.trb{background-color:#ddffdd}.ch{vertical-align:top;padding-left:10px;white-space:nowrap}.cv{vertical-align:top;padding-left:6px;padding-right:10px;white-space:nowrap}.cw{vertical-align:top;padding-left:6px;padding-right:10px;width:600px}</style><table><tr><td colspan='2' style='vertical-align: top; padding-left: 10px; padding-right: 10px; white-space: nowrap;'><b>D0536/26</b></td></tr><tr><td colspan='2' style='vertical-align: top; padding-left: 10px; padding-right: 10px; max-width: 400px; white-space: nowrap;'>&nbsp;</td></tr><tr class='trb'><td class='ch'><b>Latitude</b></td><td class='cv'>363805N</td></tr><tr><td class='ch'><b>Longitude</b></td><td class='cv'>1272737E</td></tr></table>]]></description>
		<LookAt>
			<longitude>127.460277777778</longitude>
			<latitude>36.6347222222222</latitude>
			<altitude>0</altitude>
			<heading>0</heading>
			<tilt>0</tilt>
			<range>1000</range>
			<altitudeMode>relativeToGround</altitudeMode>
		</LookAt>
		<styleUrl>#1_0</styleUrl>
		<Style>
			<IconStyle>
				<color>ffffffff</color>
				<scale>2.35</scale>
				<Icon>
					<href>https://www.earthpoint.us/Default.ashx?q=InnP6jtPfUama5cixO0izS41ln4NDlVUb_W4LJ6Hz6F-uSg_LHnRlwzoMCVLMYTdgNeztmhtlebwichK7zAulMr40rkK-MfX8oa7SQm394lOztJ1OFs&amp;d=V0NwTYMn14nDUcAmtXQ2kxcOZJMM2rs7B9d4ra1nJCqEW0h3sL3-0Bct-EFqMYxGqvt1eP50&amp;File=3kwAEYqO.png</href>
				</Icon>
			</IconStyle>
			<LabelStyle>
				<color>00000000</color>
			</LabelStyle>
		</Style>
		<ExtendedData>
		</ExtendedData>
		<Point>
			<coordinates>127.460277777778,36.6347222222222,0</coordinates>
		</Point>
	</Placemark>
	<Placemark>
		<name>&lt;b/&gt;</name>
		<LookAt>
			<longitude>127.3283333</longitude>
			<latitude>36.8692395</latitude>
			<altitude>0</altitude>
			<heading>0</heading>
			<tilt>0</tilt>
			<range>1000</range>
			<altitudeMode>relativeToGround</altitudeMode>
		</LookAt>
		<styleUrl>#1_1</styleUrl>
		<Style>
			<LabelStyle>
				<color>00000000</color>
			</LabelStyle>
		</Style>
		<Polygon>
			<tessellate>1</tessellate>
			<outerBoundaryIs>
				<LinearRing>
					<coordinates>
						127.3283333,36.8692395,0 127.3609707,36.8678667,0 127.3932471,36.8637633,0 127.4248054,36.8569749,0 127.455297,36.8475763,0 127.4843851,36.8356717,0 127.511749,36.8213925,0 127.5370876,36.8048965,0 127.5601224,36.7863657,0 127.5806013,36.7660046,0 127.5983005,36.7440377,0 127.6130275,36.7207068,0 127.6246232,36.6962687,0 127.6329631,36.6709922,0 127.6379587,36.6451547,0 127.6395587,36.6190398,0 127.6377491,36.5929337,0 127.6325529,36.5671224,0 127.6240305,36.5418881,0 127.6122782,36.5175066,0 127.5974272,36.4942442,0 127.5796422,36.4723545,0 127.5591196,36.4520762,0 127.5360847,36.43363,0 127.5107899,36.4172167,0 127.4835118,36.4030148,0 127.4545476,36.3911786,0 127.4242127,36.3818367,0 127.3928369,36.3750906,0 127.3607611,36.3710134,0 127.3283333,36.3696494,0 127.2959056,36.3710134,0 127.2638298,36.3750906,0 127.232454,36.3818367,0 127.2021191,36.3911786,0 127.1731549,36.4030148,0 127.1458767,36.4172167,0 127.120582,36.43363,0 127.0975471,36.4520762,0 127.0770244,36.4723545,0 127.0592395,36.4942442,0 127.0443885,36.5175066,0 127.0326362,36.5418881,0 127.0241137,36.5671224,0 127.0189176,36.5929337,0 127.0171079,36.6190398,0 127.0187079,36.6451547,0 127.0237036,36.6709922,0 127.0320434,36.6962687,0 127.0436391,36.7207068,0 127.0583662,36.7440377,0 127.0760654,36.7660046,0 127.0965442,36.7863657,0 127.1195791,36.8048965,0 127.1449177,36.8213925,0 127.1722816,36.8356717,0 127.2013697,36.8475763,0 127.2318613,36.8569749,0 127.2634196,36.8637633,0 127.2956959,36.8678667,0 127.3283333,36.8692395,0 
					</coordinates>
				</LinearRing>
			</outerBoundaryIs>
		</Polygon>
	</Placemark>
	<Placemark>
		<name>D0537&amp;amp;#x2F;26</name>
		<Snippet maxLines="0"></Snippet>
		<description><![CDATA[<style type='text/css'>*{font-family:Verdana,Arial,Helvetica,Sans-Serif;box-sizing:border-box;padding:0px;margin:0px}table{border-collapse:collapse;border-spacing:0px;margin:2px}.trb{background-color:#ddffdd}.ch{vertical-align:top;padding-left:10px;white-space:nowrap}.cv{vertical-align:top;padding-left:6px;padding-right:10px;white-space:nowrap}.cw{vertical-align:top;padding-left:6px;padding-right:10px;width:600px}</style><table><tr><td colspan='2' style='vertical-align: top; padding-left: 10px; padding-right: 10px; white-space: nowrap;'><b>D0537/26</b></td></tr><tr><td colspan='2' style='vertical-align: top; padding-left: 10px; padding-right: 10px; max-width: 400px; white-space: nowrap;'>&nbsp;</td></tr><tr class='trb'><td class='ch'><b>Latitude</b></td><td class='cv'>363710N</td></tr><tr><td class='ch'><b>Longitude</b></td><td class='cv'>1271942E</td></tr></table>]]></description>
		<LookAt>
			<longitude>127.328333333333</longitude>
			<latitude>36.6194444444444</latitude>
			<altitude>0</altitude>
			<heading>0</heading>
			<tilt>0</tilt>
			<range>1000</range>
			<altitudeMode>relativeToGround</altitudeMode>
		</LookAt>
		<styleUrl>#1_0</styleUrl>
		<Style>
			<IconStyle>
				<color>ffffffff</color>
				<scale>2.35</scale>
				<Icon>
					<href>https://www.earthpoint.us/Default.ashx?q=pTEaPzx0B-e1bNyLER3cmnDACPo3GmyXmbz2TS6eHq2WJMT9Zt6jXwDFy32N0sMrAaUajmQbwFHuAq0d9Qd16TB90XYz8tHxw5zcfhXmW-knTfRfQyA&amp;d=JbtCfJu-UxZaXxjmSL5ImqcF49RmRYL1TFGCUxwlUV0g0pSQXjF5xG-X0eg8tCseF0YMyHvR&amp;File=07YBRUjR.png</href>
				</Icon>
			</IconStyle>
			<LabelStyle>
				<color>00000000</color>
			</LabelStyle>
		</Style>
		<ExtendedData>
		</ExtendedData>
		<Point>
			<coordinates>127.328333333333,36.6194444444444,0</coordinates>
		</Point>
	</Placemark>
	<Placemark>
		<name>&lt;b/&gt;</name>
		<LookAt>
			<longitude>127.4961111</longitude>
			<latitude>36.9253491</latitude>
			<altitude>0</altitude>
			<heading>0</heading>
			<tilt>0</tilt>
			<range>1000</range>
			<altitudeMode>relativeToGround</altitudeMode>
		</LookAt>
		<styleUrl>#1_1</styleUrl>
		<Style>
			<LabelStyle>
				<color>00000000</color>
			</LabelStyle>
		</Style>
		<Polygon>
			<tessellate>1</tessellate>
			<outerBoundaryIs>
				<LinearRing>
					<coordinates>
						127.4961111,36.9253491,0 127.5287723,36.9239762,0 127.5610722,36.9198729,0 127.5926535,36.9130844,0 127.6231673,36.9036859,0 127.6522765,36.8917813,0 127.6796603,36.8775021,0 127.7050172,36.8610061,0 127.7280687,36.8424753,0 127.7485623,36.8221143,0 127.7662742,36.8001474,0 127.7810118,36.7768166,0 127.7926157,36.7523786,0 127.8009614,36.7271022,0 127.8059604,36.7012648,0 127.8075614,36.67515,0 127.8057502,36.6490442,0 127.8005501,36.623233,0 127.7920213,36.5979989,0 127.7802603,36.5736177,0 127.7653985,36.5503555,0 127.7476006,36.528466,0 127.7270631,36.5081879,0 127.7040115,36.4897419,0 127.6786986,36.4733288,0 127.6514008,36.4591271,0 127.6224158,36.4472911,0 127.5920591,36.4379493,0 127.5606609,36.4312032,0 127.5285621,36.427126,0 127.4961111,36.425762,0 127.4636602,36.427126,0 127.4315613,36.4312032,0 127.4001631,36.4379493,0 127.3698065,36.4472911,0 127.3408215,36.4591271,0 127.3135236,36.4733288,0 127.2882107,36.4897419,0 127.2651592,36.5081879,0 127.2446216,36.528466,0 127.2268237,36.5503555,0 127.2119619,36.5736177,0 127.2002009,36.5979989,0 127.1916721,36.623233,0 127.186472,36.6490442,0 127.1846608,36.67515,0 127.1862618,36.7012648,0 127.1912609,36.7271022,0 127.1996065,36.7523786,0 127.2112104,36.7768166,0 127.225948,36.8001474,0 127.2436599,36.8221143,0 127.2641535,36.8424753,0 127.287205,36.8610061,0 127.3125619,36.8775021,0 127.3399457,36.8917813,0 127.369055,36.9036859,0 127.3995687,36.9130844,0 127.43115,36.9198729,0 127.4634499,36.9239762,0 127.4961111,36.9253491,0 
					</coordinates>
				</LinearRing>
			</outerBoundaryIs>
		</Polygon>
	</Placemark>
	<Placemark>
		<name>D0535&amp;amp;#x2F;26</name>
		<Snippet maxLines="0"></Snippet>
		<description><![CDATA[<style type='text/css'>*{font-family:Verdana,Arial,Helvetica,Sans-Serif;box-sizing:border-box;padding:0px;margin:0px}table{border-collapse:collapse;border-spacing:0px;margin:2px}.trb{background-color:#ddffdd}.ch{vertical-align:top;padding-left:10px;white-space:nowrap}.cv{vertical-align:top;padding-left:6px;padding-right:10px;white-space:nowrap}.cw{vertical-align:top;padding-left:6px;padding-right:10px;width:600px}</style><table><tr><td colspan='2' style='vertical-align: top; padding-left: 10px; padding-right: 10px; white-space: nowrap;'><b>D0535/26</b></td></tr><tr><td colspan='2' style='vertical-align: top; padding-left: 10px; padding-right: 10px; max-width: 400px; white-space: nowrap;'>&nbsp;</td></tr><tr class='trb'><td class='ch'><b>Latitude</b></td><td class='cv'>364032N</td></tr><tr><td class='ch'><b>Longitude</b></td><td class='cv'>1272946E</td></tr></table>]]></description>
		<LookAt>
			<longitude>127.496111111111</longitude>
			<latitude>36.6755555555556</latitude>
			<altitude>0</altitude>
			<heading>0</heading>
			<tilt>0</tilt>
			<range>1000</range>
			<altitudeMode>relativeToGround</altitudeMode>
		</LookAt>
		<styleUrl>#1_0</styleUrl>
		<Style>
			<IconStyle>
				<color>ffffffff</color>
				<scale>2.35</scale>
				<Icon>
					<href>https://www.earthpoint.us/Default.ashx?q=-WI_CKYYtvMYAbkil7d1xTB-x5fi3tVXpv_SR--9j7ILIjbPCVau__KpyrdA7zAzNpFpeRn9jVfR66k_5G1Gg3SQt_vk__lLLfJo7Sv23IX6N8mqHP8&amp;d=z_Fb3X3LuN-kudy7yDZpaKFqtJ_Ksa55M3UH_MLrUkl_wf4Aoumgb3hGYvkva0aeS_vR1JFz&amp;File=68DIOJdo.png</href>
				</Icon>
			</IconStyle>
			<LabelStyle>
				<color>00000000</color>
			</LabelStyle>
		</Style>
		<ExtendedData>
		</ExtendedData>
		<Point>
			<coordinates>127.496111111111,36.6755555555556,0</coordinates>
		</Point>
	</Placemark>
	<Placemark>
		<name>&lt;b/&gt;</name>
		<LookAt>
			<longitude>126.9216667</longitude>
			<latitude>37.7881175</latitude>
			<altitude>0</altitude>
			<heading>0</heading>
			<tilt>0</tilt>
			<range>1000</range>
			<altitudeMode>relativeToGround</altitudeMode>
		</LookAt>
		<styleUrl>#1_1</styleUrl>
		<Style>
			<LabelStyle>
				<color>00000000</color>
			</LabelStyle>
		</Style>
		<Polygon>
			<tessellate>1</tessellate>
			<outerBoundaryIs>
				<LinearRing>
					<coordinates>
						126.9216667,37.7881175,0 126.9524999,37.7868365,0 126.9829921,37.7830075,0 127.0128062,37.7766729,0 127.0416128,37.7679028,0 127.069094,37.7567941,0 127.0949468,37.7434696,0 127.1188866,37.7280762,0 127.1406506,37.710784,0 127.1600003,37.6917837,0 127.1767244,37.6712846,0 127.1906409,37.6495125,0 127.2015994,37.626707,0 127.2094821,37.6031186,0 127.2142054,37.5790066,0 127.2157206,37.5546354,0 127.2140142,37.5302721,0 127.209108,37.5061836,0 127.2010588,37.4826334,0 127.1899574,37.4598789,0 127.1759277,37.4381684,0 127.1591254,37.417739,0 127.1397357,37.3988132,0 127.1179718,37.3815973,0 127.0940719,37.3662785,0 127.0682974,37.3530235,0 127.0409292,37.3419765,0 127.0122655,37.3332574,0 126.9826179,37.326961,0 126.9523086,37.3231556,0 126.9216667,37.3218825,0 126.8910247,37.3231556,0 126.8607154,37.326961,0 126.8310678,37.3332574,0 126.8024041,37.3419765,0 126.775036,37.3530235,0 126.7492614,37.3662785,0 126.7253616,37.3815973,0 126.7035976,37.3988132,0 126.6842079,37.417739,0 126.6674056,37.4381684,0 126.653376,37.4598789,0 126.6422746,37.4826334,0 126.6342253,37.5061836,0 126.6293191,37.5302721,0 126.6276127,37.5546354,0 126.6291279,37.5790066,0 126.6338512,37.6031186,0 126.6417339,37.626707,0 126.6526924,37.6495125,0 126.666609,37.6712846,0 126.6833331,37.6917837,0 126.7026828,37.710784,0 126.7244467,37.7280762,0 126.7483866,37.7434696,0 126.7742393,37.7567941,0 126.8017205,37.7679028,0 126.8305271,37.7766729,0 126.8603413,37.7830075,0 126.8908335,37.7868365,0 126.9216667,37.7881175,0 
					</coordinates>
				</LinearRing>
			</outerBoundaryIs>
		</Polygon>
	</Placemark>
	<Placemark>
		<name>D0521&amp;amp;#x2F;26</name>
		<Snippet maxLines="0"></Snippet>
		<description><![CDATA[<style type='text/css'>*{font-family:Verdana,Arial,Helvetica,Sans-Serif;box-sizing:border-box;padding:0px;margin:0px}table{border-collapse:collapse;border-spacing:0px;margin:2px}.trb{background-color:#ddffdd}.ch{vertical-align:top;padding-left:10px;white-space:nowrap}.cv{vertical-align:top;padding-left:6px;padding-right:10px;white-space:nowrap}.cw{vertical-align:top;padding-left:6px;padding-right:10px;width:600px}</style><table><tr><td colspan='2' style='vertical-align: top; padding-left: 10px; padding-right: 10px; white-space: nowrap;'><b>D0521/26</b></td></tr><tr><td colspan='2' style='vertical-align: top; padding-left: 10px; padding-right: 10px; max-width: 400px; white-space: nowrap;'>&nbsp;</td></tr><tr class='trb'><td class='ch'><b>Latitude</b></td><td class='cv'>373318N</td></tr><tr><td class='ch'><b>Longitude</b></td><td class='cv'>1265518E</td></tr></table>]]></description>
		<LookAt>
			<longitude>126.921666666667</longitude>
			<latitude>37.555</latitude>
			<altitude>0</altitude>
			<heading>0</heading>
			<tilt>0</tilt>
			<range>1000</range>
			<altitudeMode>relativeToGround</altitudeMode>
		</LookAt>
		<styleUrl>#1_0</styleUrl>
		<Style>
			<IconStyle>
				<color>ffffffff</color>
				<scale>2.35</scale>
				<Icon>
					<href>https://www.earthpoint.us/Default.ashx?q=boFX46LgYA4NZugKV_4VO-52NxLc573KCk_JVNvJadYV2aRP7Ap0WudbxRNBbVMZyJAXDqM-4a61sAURfXsetwxWJ2o0tdwyuJ2dxLXm0Z_lUyf_nh0&amp;d=9OMxriObl2FfPiD_bbBqEsV_SB7howOUCAcMVTD19jaqLSLwOI586wiXql4qY00Ei9sBElxj&amp;File=5i4cvgFP.png</href>
				</Icon>
			</IconStyle>
			<LabelStyle>
				<color>00000000</color>
			</LabelStyle>
		</Style>
		<ExtendedData>
		</ExtendedData>
		<Point>
			<coordinates>126.921666666667,37.555,0</coordinates>
		</Point>
	</Placemark>
	<Placemark>
		<name>&lt;b/&gt;</name>
		<LookAt>
			<longitude>127.1144444</longitude>
			<latitude>37.6956052</latitude>
			<altitude>0</altitude>
			<heading>0</heading>
			<tilt>0</tilt>
			<range>1000</range>
			<altitudeMode>relativeToGround</altitudeMode>
		</LookAt>
		<styleUrl>#1_1</styleUrl>
		<Style>
			<LabelStyle>
				<color>00000000</color>
			</LabelStyle>
		</Style>
		<Polygon>
			<tessellate>1</tessellate>
			<outerBoundaryIs>
				<LinearRing>
					<coordinates>
						127.1144444,37.6956052,0 127.1474391,37.6942323,0 127.1800687,37.6901289,0 127.2119721,37.6833405,0 127.2427968,37.673942,0 127.2722024,37.6620374,0 127.2998644,37.6477583,0 127.3254785,37.6312626,0 127.3487632,37.6127323,0 127.3694635,37.5923718,0 127.3873534,37.5704057,0 127.4022383,37.547076,0 127.4139573,37.5226393,0 127.4223848,37.4973645,0 127.4274316,37.471529,0 127.4290457,37.4454164,0 127.4272132,37.4193129,0 127.4219576,37.3935044,0 127.41334,37.3682731,0 127.4014578,37.3438948,0 127.3864438,37.3206355,0 127.3684646,37.2987491,0 127.3477187,37.2784739,0 127.324434,37.2600307,0 127.2988655,37.2436202,0 127.2712928,37.2294208,0 127.2420163,37.2175868,0 127.2113548,37.2082466,0 127.1796415,37.2015017,0 127.1472207,37.1974252,0 127.1144444,37.1960615,0 127.0816682,37.1974252,0 127.0492474,37.2015017,0 127.0175341,37.2082466,0 126.9868726,37.2175868,0 126.9575961,37.2294208,0 126.9300233,37.2436202,0 126.9044549,37.2600307,0 126.8811702,37.2784739,0 126.8604243,37.2987491,0 126.8424451,37.3206355,0 126.8274311,37.3438948,0 126.8155489,37.3682731,0 126.8069313,37.3935044,0 126.8016757,37.4193129,0 126.7998432,37.4454164,0 126.8014573,37.471529,0 126.8065041,37.4973645,0 126.8149316,37.5226393,0 126.8266506,37.547076,0 126.8415355,37.5704057,0 126.8594254,37.5923718,0 126.8801256,37.6127323,0 126.9034104,37.6312626,0 126.9290244,37.6477583,0 126.9566865,37.6620374,0 126.986092,37.673942,0 127.0169168,37.6833405,0 127.0488202,37.6901289,0 127.0814498,37.6942323,0 127.1144444,37.6956052,0 
					</coordinates>
				</LinearRing>
			</outerBoundaryIs>
		</Polygon>
	</Placemark>
	<Placemark>
		<name>D0519&amp;amp;#x2F;26</name>
		<Snippet maxLines="0"></Snippet>
		<description><![CDATA[<style type='text/css'>*{font-family:Verdana,Arial,Helvetica,Sans-Serif;box-sizing:border-box;padding:0px;margin:0px}table{border-collapse:collapse;border-spacing:0px;margin:2px}.trb{background-color:#ddffdd}.ch{vertical-align:top;padding-left:10px;white-space:nowrap}.cv{vertical-align:top;padding-left:6px;padding-right:10px;white-space:nowrap}.cw{vertical-align:top;padding-left:6px;padding-right:10px;width:600px}</style><table><tr><td colspan='2' style='vertical-align: top; padding-left: 10px; padding-right: 10px; white-space: nowrap;'><b>D0519/26</b></td></tr><tr><td colspan='2' style='vertical-align: top; padding-left: 10px; padding-right: 10px; max-width: 400px; white-space: nowrap;'>&nbsp;</td></tr><tr class='trb'><td class='ch'><b>Latitude</b></td><td class='cv'>372645N</td></tr><tr><td class='ch'><b>Longitude</b></td><td class='cv'>1270652E</td></tr></table>]]></description>
		<LookAt>
			<longitude>127.114444444444</longitude>
			<latitude>37.4458333333333</latitude>
			<altitude>0</altitude>
			<heading>0</heading>
			<tilt>0</tilt>
			<range>1000</range>
			<altitudeMode>relativeToGround</altitudeMode>
		</LookAt>
		<styleUrl>#1_0</styleUrl>
		<Style>
			<IconStyle>
				<color>ffffffff</color>
				<scale>2.35</scale>
				<Icon>
					<href>https://www.earthpoint.us/Default.ashx?q=j4Ksj_-cm9dkZBqW71fqZLJFVP2a6JodkORLgOoCqv6GeFX6cr-sSNzIn4pGhQa3intmTXlnYW4_T9gSpU_P494QgzNLl-PVcBvTBEfhCYyCEBYKMwQ&amp;d=vaJWUOI9rjqW4heFClg5QN8M5BCeDUC_XA2asX1Snrr56NtOeHdx2yo7uc5Cf6bLxTahzxNw&amp;File=AdiTyTNT.png</href>
				</Icon>
			</IconStyle>
			<LabelStyle>
				<color>00000000</color>
			</LabelStyle>
		</Style>
		<ExtendedData>
		</ExtendedData>
		<Point>
			<coordinates>127.114444444444,37.4458333333333,0</coordinates>
		</Point>
	</Placemark>
	<Placemark>
		<name>&lt;b/&gt;</name>
		<LookAt>
			<longitude>127.4602778</longitude>
			<latitude>36.7179871</latitude>
			<altitude>0</altitude>
			<heading>0</heading>
			<tilt>0</tilt>
			<range>1000</range>
			<altitudeMode>relativeToGround</altitudeMode>
		</LookAt>
		<styleUrl>#0_1</styleUrl>
		<Style>
			<LabelStyle>
				<color>00000000</color>
			</LabelStyle>
		</Style>
		<Polygon>
			<tessellate>1</tessellate>
			<outerBoundaryIs>
				<LinearRing>
					<coordinates>
						127.4602778,36.7179871,0 127.4711356,36.7175305,0 127.4818741,36.7161656,0 127.4923752,36.7139075,0 127.5025235,36.710781,0 127.5122077,36.7068205,0 127.5213213,36.7020694,0 127.5297643,36.6965799,0 127.5374442,36.6904124,0 127.5442768,36.6836346,0 127.5501874,36.6763209,0 127.5551113,36.6685515,0 127.5589948,36.6604118,0 127.5617956,36.6519909,0 127.5634835,36.6433813,0 127.5640403,36.6346772,0 127.5634602,36.6259742,0 127.56175,36.6173674,0 127.5589289,36.6089513,0 127.5550279,36.6008178,0 127.5500902,36.5930561,0 127.5441702,36.5857509,0 127.5373327,36.5789823,0 127.5296528,36.5728242,0 127.5212146,36.567344,0 127.5121106,36.5626015,0 127.5024402,36.5586485,0 127.4923093,36.5555283,0 127.4818285,36.5532749,0 127.4711123,36.551913,0 127.4602778,36.5514573,0 127.4494433,36.551913,0 127.4387271,36.5532749,0 127.4282463,36.5555283,0 127.4181153,36.5586485,0 127.408445,36.5626015,0 127.3993409,36.567344,0 127.3909028,36.5728242,0 127.3832229,36.5789823,0 127.3763854,36.5857509,0 127.3704653,36.5930561,0 127.3655276,36.6008178,0 127.3616267,36.6089513,0 127.3588055,36.6173674,0 127.3570953,36.6259742,0 127.3565153,36.6346772,0 127.357072,36.6433813,0 127.3587599,36.6519909,0 127.3615608,36.6604118,0 127.3654443,36.6685515,0 127.3703682,36.6763209,0 127.3762788,36.6836346,0 127.3831114,36.6904124,0 127.3907913,36.6965799,0 127.3992343,36.7020694,0 127.4083479,36.7068205,0 127.418032,36.710781,0 127.4281804,36.7139075,0 127.4386815,36.7161656,0 127.44942,36.7175305,0 127.4602778,36.7179871,0 
					</coordinates>
				</LinearRing>
			</outerBoundaryIs>
		</Polygon>
	</Placemark>
	<Placemark>
		<name>D0536&amp;amp;#x2F;26</name>
		<Snippet maxLines="0"></Snippet>
		<description><![CDATA[<style type='text/css'>*{font-family:Verdana,Arial,Helvetica,Sans-Serif;box-sizing:border-box;padding:0px;margin:0px}table{border-collapse:collapse;border-spacing:0px;margin:2px}.trb{background-color:#ddffdd}.ch{vertical-align:top;padding-left:10px;white-space:nowrap}.cv{vertical-align:top;padding-left:6px;padding-right:10px;white-space:nowrap}.cw{vertical-align:top;padding-left:6px;padding-right:10px;width:600px}</style><table><tr><td colspan='2' style='vertical-align: top; padding-left: 10px; padding-right: 10px; white-space: nowrap;'><b>D0536/26</b></td></tr><tr><td colspan='2' style='vertical-align: top; padding-left: 10px; padding-right: 10px; max-width: 400px; white-space: nowrap;'>&nbsp;</td></tr><tr class='trb'><td class='ch'><b>Latitude</b></td><td class='cv'>363805N</td></tr><tr><td class='ch'><b>Longitude</b></td><td class='cv'>1272737E</td></tr></table>]]></description>
		<LookAt>
			<longitude>127.460277777778</longitude>
			<latitude>36.6347222222222</latitude>
			<altitude>0</altitude>
			<heading>0</heading>
			<tilt>0</tilt>
			<range>1000</range>
			<altitudeMode>relativeToGround</altitudeMode>
		</LookAt>
		<styleUrl>#0_0</styleUrl>
		<Style>
			<IconStyle>
				<color>ffffffff</color>
				<scale>2.35</scale>
				<Icon>
					<href>https://www.earthpoint.us/Default.ashx?q=r_8TFGZbHQYvioZhutdftOFyFoquTJz6o_oog-jukhYi7wU6zazP_mPIwOTW2CUvXudK-og9lMvLiNWCmuIzX8fIERxTAgLx2vDXL9-lAw-ivNBltNg&amp;d=VlSh3nkmZmyK6ARO7PgyCnwCBLJAqy8IqNDJvK76fHfPJg1pFp_tC0rmaSsDfx9BSCwAEQkO&amp;File=wCTsVwF6.png</href>
				</Icon>
			</IconStyle>
			<LabelStyle>
				<color>00000000</color>
			</LabelStyle>
		</Style>
		<ExtendedData>
		</ExtendedData>
		<Point>
			<coordinates>127.460277777778,36.6347222222222,0</coordinates>
		</Point>
	</Placemark>
	<Placemark>
		<name>&lt;b/&gt;</name>
		<LookAt>
			<longitude>127.3283333</longitude>
			<latitude>36.7027095</latitude>
			<altitude>0</altitude>
			<heading>0</heading>
			<tilt>0</tilt>
			<range>1000</range>
			<altitudeMode>relativeToGround</altitudeMode>
		</LookAt>
		<styleUrl>#0_1</styleUrl>
		<Style>
			<LabelStyle>
				<color>00000000</color>
			</LabelStyle>
		</Style>
		<Polygon>
			<tessellate>1</tessellate>
			<outerBoundaryIs>
				<LinearRing>
					<coordinates>
						127.3283333,36.7027095,0 127.339189,36.7022528,0 127.3499254,36.700888,0 127.3604244,36.6986299,0 127.3705708,36.6955034,0 127.380253,36.6915428,0 127.3893648,36.6867917,0 127.3978062,36.6813023,0 127.4054846,36.6751348,0 127.4123158,36.6683569,0 127.4182252,36.6610432,0 127.4231482,36.6532738,0 127.4270309,36.6451341,0 127.4298312,36.6367132,0 127.4315188,36.6281035,0 127.4320755,36.6193995,0 127.4314955,36.6106964,0 127.4297857,36.6020897,0 127.4269651,36.5936735,0 127.4230649,36.58554,0 127.4181282,36.5777782,0 127.4122093,36.5704731,0 127.4053731,36.5637045,0 127.3976947,36.5575464,0 127.3892582,36.5520661,0 127.380156,36.5473236,0 127.3704875,36.5433706,0 127.3603585,36.5402504,0 127.3498798,36.537997,0 127.3391657,36.5366351,0 127.3283333,36.5361794,0 127.317501,36.5366351,0 127.3067869,36.537997,0 127.2963081,36.5402504,0 127.2861792,36.5433706,0 127.2765107,36.5473236,0 127.2674084,36.5520661,0 127.2589719,36.5575464,0 127.2512935,36.5637045,0 127.2444574,36.5704731,0 127.2385385,36.5777782,0 127.2336018,36.58554,0 127.2297016,36.5936735,0 127.226881,36.6020897,0 127.2251712,36.6106964,0 127.2245912,36.6193995,0 127.2251479,36.6281035,0 127.2268354,36.6367132,0 127.2296358,36.6451341,0 127.2335185,36.6532738,0 127.2384414,36.6610432,0 127.2443508,36.6683569,0 127.2511821,36.6751348,0 127.2588605,36.6813023,0 127.2673019,36.6867917,0 127.2764137,36.6915428,0 127.2860959,36.6955034,0 127.2962423,36.6986299,0 127.3067413,36.700888,0 127.3174777,36.7022528,0 127.3283333,36.7027095,0 
					</coordinates>
				</LinearRing>
			</outerBoundaryIs>
		</Polygon>
	</Placemark>
	<Placemark>
		<name>D0537&amp;amp;#x2F;26</name>
		<Snippet maxLines="0"></Snippet>
		<description><![CDATA[<style type='text/css'>*{font-family:Verdana,Arial,Helvetica,Sans-Serif;box-sizing:border-box;padding:0px;margin:0px}table{border-collapse:collapse;border-spacing:0px;margin:2px}.trb{background-color:#ddffdd}.ch{vertical-align:top;padding-left:10px;white-space:nowrap}.cv{vertical-align:top;padding-left:6px;padding-right:10px;white-space:nowrap}.cw{vertical-align:top;padding-left:6px;padding-right:10px;width:600px}</style><table><tr><td colspan='2' style='vertical-align: top; padding-left: 10px; padding-right: 10px; white-space: nowrap;'><b>D0537/26</b></td></tr><tr><td colspan='2' style='vertical-align: top; padding-left: 10px; padding-right: 10px; max-width: 400px; white-space: nowrap;'>&nbsp;</td></tr><tr class='trb'><td class='ch'><b>Latitude</b></td><td class='cv'>363710N</td></tr><tr><td class='ch'><b>Longitude</b></td><td class='cv'>1271942E</td></tr></table>]]></description>
		<LookAt>
			<longitude>127.328333333333</longitude>
			<latitude>36.6194444444444</latitude>
			<altitude>0</altitude>
			<heading>0</heading>
			<tilt>0</tilt>
			<range>1000</range>
			<altitudeMode>relativeToGround</altitudeMode>
		</LookAt>
		<styleUrl>#0_0</styleUrl>
		<Style>
			<IconStyle>
				<color>ffffffff</color>
				<scale>2.35</scale>
				<Icon>
					<href>https://www.earthpoint.us/Default.ashx?q=9eKrl2-7uBp6Arg2Vcbl91bqeinYf2apgVXCyI9X8wTe2BfpkwY-ncqj10oQ4nL-7EUk94TLJBvvRDdzPtfBpZkPmUHmh_9E1rtC0qYeRbVXcuUT8HU&amp;d=GGIaZ473N07tPvRbDQTl26h2k46uFGJvaCNCSTmXFUVjkIVf72FxH7AsZBsfePALK_dv1dZb&amp;File=xqDWBqr0.png</href>
				</Icon>
			</IconStyle>
			<LabelStyle>
				<color>00000000</color>
			</LabelStyle>
		</Style>
		<ExtendedData>
		</ExtendedData>
		<Point>
			<coordinates>127.328333333333,36.6194444444444,0</coordinates>
		</Point>
	</Placemark>
	<Placemark>
		<name>&lt;b/&gt;</name>
		<LookAt>
			<longitude>127.4961111</longitude>
			<latitude>36.7588201</latitude>
			<altitude>0</altitude>
			<heading>0</heading>
			<tilt>0</tilt>
			<range>1000</range>
			<altitudeMode>relativeToGround</altitudeMode>
		</LookAt>
		<styleUrl>#0_1</styleUrl>
		<Style>
			<LabelStyle>
				<color>00000000</color>
			</LabelStyle>
		</Style>
		<Polygon>
			<tessellate>1</tessellate>
			<outerBoundaryIs>
				<LinearRing>
					<coordinates>
						127.4961111,36.7588201,0 127.5069747,36.7583634,0 127.5177188,36.7569986,0 127.5282254,36.7547405,0 127.5383792,36.751614,0 127.5480684,36.7476535,0 127.5571868,36.7429024,0 127.5656343,36.7374129,0 127.5733182,36.7312455,0 127.5801544,36.7244677,0 127.586068,36.717154,0 127.5909945,36.7093847,0 127.5948801,36.7012449,0 127.5976824,36.6928241,0 127.5993712,36.6842145,0 127.5999282,36.6755105,0 127.5993478,36.6668075,0 127.5976367,36.6582008,0 127.594814,36.6497847,0 127.590911,36.6416513,0 127.5859707,36.6338895,0 127.5800475,36.6265844,0 127.5732064,36.6198159,0 127.5655225,36.6136578,0 127.5570799,36.6081776,0 127.5479711,36.6034351,0 127.5382957,36.5994822,0 127.5281594,36.596362,0 127.5176731,36.5941086,0 127.5069513,36.5927467,0 127.4961111,36.5922911,0 127.4852709,36.5927467,0 127.4745491,36.5941086,0 127.4640628,36.596362,0 127.4539266,36.5994822,0 127.4442511,36.6034351,0 127.4351423,36.6081776,0 127.4266997,36.6136578,0 127.4190158,36.6198159,0 127.4121747,36.6265844,0 127.4062515,36.6338895,0 127.4013112,36.6416513,0 127.3974082,36.6497847,0 127.3945855,36.6582008,0 127.3928744,36.6668075,0 127.392294,36.6755105,0 127.3928511,36.6842145,0 127.3945398,36.6928241,0 127.3973422,36.7012449,0 127.4012277,36.7093847,0 127.4061542,36.717154,0 127.4120678,36.7244677,0 127.418904,36.7312455,0 127.426588,36.7374129,0 127.4350354,36.7429024,0 127.4441538,36.7476535,0 127.4538431,36.751614,0 127.4639968,36.7547405,0 127.4745034,36.7569986,0 127.4852476,36.7583634,0 127.4961111,36.7588201,0 
					</coordinates>
				</LinearRing>
			</outerBoundaryIs>
		</Polygon>
	</Placemark>
	<Placemark>
		<name>D0535&amp;amp;#x2F;26</name>
		<Snippet maxLines="0"></Snippet>
		<description><![CDATA[<style type='text/css'>*{font-family:Verdana,Arial,Helvetica,Sans-Serif;box-sizing:border-box;padding:0px;margin:0px}table{border-collapse:collapse;border-spacing:0px;margin:2px}.trb{background-color:#ddffdd}.ch{vertical-align:top;padding-left:10px;white-space:nowrap}.cv{vertical-align:top;padding-left:6px;padding-right:10px;white-space:nowrap}.cw{vertical-align:top;padding-left:6px;padding-right:10px;width:600px}</style><table><tr><td colspan='2' style='vertical-align: top; padding-left: 10px; padding-right: 10px; white-space: nowrap;'><b>D0535/26</b></td></tr><tr><td colspan='2' style='vertical-align: top; padding-left: 10px; padding-right: 10px; max-width: 400px; white-space: nowrap;'>&nbsp;</td></tr><tr class='trb'><td class='ch'><b>Latitude</b></td><td class='cv'>364032N</td></tr><tr><td class='ch'><b>Longitude</b></td><td class='cv'>1272946E</td></tr></table>]]></description>
		<LookAt>
			<longitude>127.496111111111</longitude>
			<latitude>36.6755555555556</latitude>
			<altitude>0</altitude>
			<heading>0</heading>
			<tilt>0</tilt>
			<range>1000</range>
			<altitudeMode>relativeToGround</altitudeMode>
		</LookAt>
		<styleUrl>#0_0</styleUrl>
		<Style>
			<IconStyle>
				<color>ffffffff</color>
				<scale>2.35</scale>
				<Icon>
					<href>https://www.earthpoint.us/Default.ashx?q=E6_Mg_NnsPLcjnRTTQ7nAnk43WdtvkYtXNOOw-gd10x71eM2FboxI8-tFlo894BxsP_HUrofIvJi_T8hReaQ1VppRvgZu6UnqIlvinADizIjCYHvNKQ&amp;d=vmqXOx22HHds1LSnEGrGo_tC3FutslKbHkEcX-vyp4qgmW5ZO6P1LLbVCsNXkhv1shgCtJYH&amp;File=h42ywpRE.png</href>
				</Icon>
			</IconStyle>
			<LabelStyle>
				<color>00000000</color>
			</LabelStyle>
		</Style>
		<ExtendedData>
		</ExtendedData>
		<Point>
			<coordinates>127.496111111111,36.6755555555556,0</coordinates>
		</Point>
	</Placemark>
	<Placemark>
		<name>&lt;b/&gt;</name>
		<LookAt>
			<longitude>126.9216667</longitude>
			<latitude>37.621605</latitude>
			<altitude>0</altitude>
			<heading>0</heading>
			<tilt>0</tilt>
			<range>1000</range>
			<altitudeMode>relativeToGround</altitudeMode>
		</LookAt>
		<styleUrl>#0_1</styleUrl>
		<Style>
			<LabelStyle>
				<color>00000000</color>
			</LabelStyle>
		</Style>
		<Polygon>
			<tessellate>1</tessellate>
			<outerBoundaryIs>
				<LinearRing>
					<coordinates>
						126.9216667,37.621605,0 126.9304565,37.6212398,0 126.9391498,37.6201482,0 126.947651,37.6183423,0 126.9558669,37.6158418,0 126.9637071,37.6126742,0 126.9710856,37.6088743,0 126.9779215,37.6044838,0 126.9841399,37.599551,0 126.9896725,37.5941299,0 126.9944589,37.5882802,0 126.9984467,37.5820658,0 127.0015924,37.5755551,0 127.0038617,37.5688195,0 127.0052299,37.5619327,0 127.0056823,37.5549702,0 127.0052143,37.5480084,0 127.0038311,37.5411236,0 127.0015483,37.534391,0 126.9983909,37.5278845,0 126.9943939,37.5216752,0 126.9896011,37.5158311,0 126.9840652,37.5104161,0 126.9778468,37.5054895,0 126.9710142,37.5011051,0 126.963642,37.4973109,0 126.9558111,37.4941484,0 126.9476069,37.491652,0 126.9391193,37.4898492,0 126.9304409,37.4887595,0 126.9216667,37.488395,0 126.9128924,37.4887595,0 126.9042141,37.4898492,0 126.8957264,37.491652,0 126.8875223,37.4941484,0 126.8796913,37.4973109,0 126.8723192,37.5011051,0 126.8654865,37.5054895,0 126.8592682,37.5104161,0 126.8537322,37.5158311,0 126.8489395,37.5216752,0 126.8449424,37.5278845,0 126.8417851,37.534391,0 126.8395022,37.5411236,0 126.838119,37.5480084,0 126.837651,37.5549702,0 126.8381034,37.5619327,0 126.8394717,37.5688195,0 126.8417409,37.5755551,0 126.8448866,37.5820658,0 126.8488744,37.5882802,0 126.8536608,37.5941299,0 126.8591935,37.599551,0 126.8654118,37.6044838,0 126.8722477,37.6088743,0 126.8796263,37.6126742,0 126.8874665,37.6158418,0 126.8956823,37.6183423,0 126.9041835,37.6201482,0 126.9128768,37.6212398,0 126.9216667,37.621605,0 
					</coordinates>
				</LinearRing>
			</outerBoundaryIs>
		</Polygon>
	</Placemark>
	<Placemark>
		<name>D0521&amp;amp;#x2F;26</name>
		<Snippet maxLines="0"></Snippet>
		<description><![CDATA[<style type='text/css'>*{font-family:Verdana,Arial,Helvetica,Sans-Serif;box-sizing:border-box;padding:0px;margin:0px}table{border-collapse:collapse;border-spacing:0px;margin:2px}.trb{background-color:#ddffdd}.ch{vertical-align:top;padding-left:10px;white-space:nowrap}.cv{vertical-align:top;padding-left:6px;padding-right:10px;white-space:nowrap}.cw{vertical-align:top;padding-left:6px;padding-right:10px;width:600px}</style><table><tr><td colspan='2' style='vertical-align: top; padding-left: 10px; padding-right: 10px; white-space: nowrap;'><b>D0521/26</b></td></tr><tr><td colspan='2' style='vertical-align: top; padding-left: 10px; padding-right: 10px; max-width: 400px; white-space: nowrap;'>&nbsp;</td></tr><tr class='trb'><td class='ch'><b>Latitude</b></td><td class='cv'>373318N</td></tr><tr><td class='ch'><b>Longitude</b></td><td class='cv'>1265518E</td></tr></table>]]></description>
		<LookAt>
			<longitude>126.921666666667</longitude>
			<latitude>37.555</latitude>
			<altitude>0</altitude>
			<heading>0</heading>
			<tilt>0</tilt>
			<range>1000</range>
			<altitudeMode>relativeToGround</altitudeMode>
		</LookAt>
		<styleUrl>#0_0</styleUrl>
		<Style>
			<IconStyle>
				<color>ffffffff</color>
				<scale>2.35</scale>
				<Icon>
					<href>https://www.earthpoint.us/Default.ashx?q=YgcP2cKhgt4qA5w_742K1I3jaFhej-kr_KDmWA5vQd9Xu-CXftw-4ijUNtaY9kxgqaKWC91uO3Q5WN8eqgP7uyf9ihyeLyg-qB0kwPuyvGktbopNKrA&amp;d=ofZiWu_82oKJKpnrH2gB4QjcfVpAcbBbXUfg_HvQmipz_voZB4ipUgARmlodsPHD0tUe90FU&amp;File=lpbMETYo.png</href>
				</Icon>
			</IconStyle>
			<LabelStyle>
				<color>00000000</color>
			</LabelStyle>
		</Style>
		<ExtendedData>
		</ExtendedData>
		<Point>
			<coordinates>126.921666666667,37.555,0</coordinates>
		</Point>
	</Placemark>
	<Placemark>
		<name>&lt;b/&gt;</name>
		<LookAt>
			<longitude>127.1144444</longitude>
			<latitude>37.5290906</latitude>
			<altitude>0</altitude>
			<heading>0</heading>
			<tilt>0</tilt>
			<range>1000</range>
			<altitudeMode>relativeToGround</altitudeMode>
		</LookAt>
		<styleUrl>#0_1</styleUrl>
		<Style>
			<LabelStyle>
				<color>00000000</color>
			</LabelStyle>
		</Style>
		<Polygon>
			<tessellate>1</tessellate>
			<outerBoundaryIs>
				<LinearRing>
					<coordinates>
						127.1144444,37.5290906,0 127.1254182,37.528634,0 127.1362714,37.5272692,0 127.1468846,37.5250113,0 127.1571413,37.521885,0 127.1669288,37.5179247,0 127.1761396,37.5131739,0 127.1846726,37.5076848,0 127.1924342,37.5015177,0 127.1993395,37.4947404,0 127.2053129,37.4874272,0 127.210289,37.4796584,0 127.2142136,37.4715193,0 127.217044,37.4630992,0 127.2187495,37.4544903,0 127.2193119,37.445787,0 127.2187253,37.4370848,0 127.2169966,37.4284789,0 127.214145,37.4200635,0 127.2102023,37.4119309,0 127.2052118,37.40417,0 127.1992286,37.3968656,0 127.1923182,37.3900978,0 127.1845565,37.3839404,0 127.1760286,37.3784608,0 127.1668277,37.3737188,0 127.1570546,37.3697664,0 127.146816,37.3666465,0 127.1362239,37.3643934,0 127.125394,37.3630316,0 127.1144444,37.3625761,0 127.1034949,37.3630316,0 127.092665,37.3643934,0 127.0820729,37.3666465,0 127.0718343,37.3697664,0 127.0620612,37.3737188,0 127.0528603,37.3784608,0 127.0443324,37.3839404,0 127.0365707,37.3900978,0 127.0296603,37.3968656,0 127.0236771,37.40417,0 127.0186866,37.4119309,0 127.0147439,37.4200635,0 127.0118923,37.4284789,0 127.0101636,37.4370848,0 127.009577,37.445787,0 127.0101393,37.4544903,0 127.0118449,37.4630992,0 127.0146753,37.4715193,0 127.0185999,37.4796584,0 127.023576,37.4874272,0 127.0295493,37.4947404,0 127.0364546,37.5015177,0 127.0442163,37.5076848,0 127.0527493,37.5131739,0 127.0619601,37.5179247,0 127.0717476,37.521885,0 127.0820043,37.5250113,0 127.0926175,37.5272692,0 127.1034707,37.528634,0 127.1144444,37.5290906,0 
					</coordinates>
				</LinearRing>
			</outerBoundaryIs>
		</Polygon>
	</Placemark>
	<Placemark>
		<name>D0519&amp;amp;#x2F;26</name>
		<Snippet maxLines="0"></Snippet>
		<description><![CDATA[<style type='text/css'>*{font-family:Verdana,Arial,Helvetica,Sans-Serif;box-sizing:border-box;padding:0px;margin:0px}table{border-collapse:collapse;border-spacing:0px;margin:2px}.trb{background-color:#ddffdd}.ch{vertical-align:top;padding-left:10px;white-space:nowrap}.cv{vertical-align:top;padding-left:6px;padding-right:10px;white-space:nowrap}.cw{vertical-align:top;padding-left:6px;padding-right:10px;width:600px}</style><table><tr><td colspan='2' style='vertical-align: top; padding-left: 10px; padding-right: 10px; white-space: nowrap;'><b>D0519/26</b></td></tr><tr><td colspan='2' style='vertical-align: top; padding-left: 10px; padding-right: 10px; max-width: 400px; white-space: nowrap;'>&nbsp;</td></tr><tr class='trb'><td class='ch'><b>Latitude</b></td><td class='cv'>372645N</td></tr><tr><td class='ch'><b>Longitude</b></td><td class='cv'>1270652E</td></tr></table>]]></description>
		<LookAt>
			<longitude>127.114444444444</longitude>
			<latitude>37.4458333333333</latitude>
			<altitude>0</altitude>
			<heading>0</heading>
			<tilt>0</tilt>
			<range>1000</range>
			<altitudeMode>relativeToGround</altitudeMode>
		</LookAt>
		<styleUrl>#0_0</styleUrl>
		<Style>
			<IconStyle>
				<color>ffffffff</color>
				<scale>2.35</scale>
				<Icon>
					<href>https://www.earthpoint.us/Default.ashx?q=eZAP9jv_qcpiOJWFxHMCrsx17CqN6RgSwj5--FwndYz70q7nOz2uUudamZ13fb9eAp-Fy4PyQ63LqzroozoVJxDzlwGzwVSGMEh3SN-XaNigN4_ZvN0&amp;d=Q60TqsBrrTsS1q7Wn-hIVSKuNmRUzIGbuFAVLTtYoYUeCZQ6EjvApdNJLPJp51uI5v9Eo9so&amp;File=P42iuu1z.png</href>
				</Icon>
			</IconStyle>
			<LabelStyle>
				<color>00000000</color>
			</LabelStyle>
		</Style>
		<ExtendedData>
		</ExtendedData>
		<Point>
			<coordinates>127.114444444444,37.4458333333333,0</coordinates>
		</Point>
	</Placemark>
	<Placemark>
		<name>ntm1</name>
		<Style>
			<PolyStyle>
				<color>7f00ff00</color>
				<outline>1</outline>
			</PolyStyle>
		</Style>
		<Polygon>
			<extrude>1</extrude>
			<altitudeMode>relativeToGround</altitudeMode>
			<outerBoundaryIs>
				<LinearRing>
					<coordinates>
						-170.15,55.6,91440 -167.483333333333,51.85,91440 -170.083333333333,51.15000000000001,91440 -174.116666666667,56.7,91440 
					</coordinates>
				</LinearRing>
			</outerBoundaryIs>
		</Polygon>
	</Placemark>
	<Placemark>
		<name>ntm2</name>
		<Style>
			<PolyStyle>
				<color>7f00ff00</color>
				<outline>1</outline>
			</PolyStyle>
		</Style>
		<Polygon>
			<extrude>1</extrude>
			<altitudeMode>relativeToGround</altitudeMode>
			<outerBoundaryIs>
				<LinearRing>
					<coordinates>
						-165.9,52.75,91440 -167.366666666667,47.73333333333329,91440 -171.566666666667,47.3333333333333,91440 -167.666666666667,52.6333333333333,91440 
					</coordinates>
				</LinearRing>
			</outerBoundaryIs>
		</Polygon>
	</Placemark>
	<Placemark>
		<name>ntm3</name>
		<Style>
			<PolyStyle>
				<color>7f00ff00</color>
				<outline>1</outline>
			</PolyStyle>
		</Style>
		<Polygon>
			<extrude>1</extrude>
			<altitudeMode>relativeToGround</altitudeMode>
			<outerBoundaryIs>
				<LinearRing>
					<coordinates>
						175.15,59.3333333333333,91440 -173.783333333333,57.75000000000001,91440 -173.916666666667,56.5833333333333,91440 175.383333333333,58.45,91440 
					</coordinates>
				</LinearRing>
			</outerBoundaryIs>
		</Polygon>
	</Placemark>
	<Placemark>
		<name>at 1720Z (~FL270)</name>
		<styleUrl>#stylemap_id0</styleUrl>
		<Style>
			<IconStyle>
				<scale>1</scale>
				<Icon>
					<href>https://maps.google.com/mapfiles/kml/pal4/icon52.png</href>
				</Icon>
			</IconStyle>
			<LabelStyle>
				<color>ff00ff00</color>
				<scale>1.2</scale>
			</LabelStyle>
		</Style>
		<gx:balloonVisibility>1</gx:balloonVisibility>
		<Point>
			<extrude>1</extrude>
			<altitudeMode>relativeToGround</altitudeMode>
			<coordinates>-170.15,55.6,160000</coordinates>
		</Point>
	</Placemark>
	<Placemark>
		<name>at 2320Z (~FL250)</name>
		<styleUrl>#stylemap_id0</styleUrl>
		<Style>
			<IconStyle>
				<scale>1</scale>
				<Icon>
					<href>https://maps.google.com/mapfiles/kml/pal4/icon52.png</href>
				</Icon>
			</IconStyle>
			<LabelStyle>
				<color>ff00ff00</color>
				<scale>1.2</scale>
			</LabelStyle>
		</Style>
		<gx:balloonVisibility>1</gx:balloonVisibility>
		<Point>
			<extrude>1</extrude>
			<altitudeMode>relativeToGround</altitudeMode>
			<coordinates>-165.9,52.75,160000</coordinates>
		</Point>
	</Placemark>
	<Placemark>
		<name>at 1120Z (~FL270)</name>
		<styleUrl>#stylemap_id0</styleUrl>
		<Style>
			<IconStyle>
				<scale>1</scale>
				<Icon>
					<href>https://maps.google.com/mapfiles/kml/pal4/icon52.png</href>
				</Icon>
			</IconStyle>
			<LabelStyle>
				<color>ff00ff00</color>
				<scale>1.2</scale>
			</LabelStyle>
		</Style>
		<gx:balloonVisibility>1</gx:balloonVisibility>
		<Point>
			<extrude>1</extrude>
			<altitudeMode>relativeToGround</altitudeMode>
			<coordinates>175.15,59.3333333333333,160000</coordinates>
		</Point>
	</Placemark>
	<Placemark>
		<name>일본(RJJJ)</name>
		<description><![CDATA[<b>-Overfly permit :</b> <span style="white-space:nowrap"><font color="red">Not required</font></span>]]></description>
		<styleUrl>#style_2</styleUrl>
		<Point>
			<extrude>1</extrude>
			<altitudeMode>absolute</altitudeMode>
			<coordinates>133,37.666667,500000</coordinates>
		</Point>
	</Placemark>
	<Placemark>
		<Style>
			<LineStyle>
				<color>ffffffff</color>
				<width>2</width>
			</LineStyle>
		</Style>
		<LineString>
			<extrude>1</extrude>
			<altitudeMode>absolute</altitudeMode>
			<coordinates>
				133,37.666667,0 133,37.666667,500000 
			</coordinates>
		</LineString>
	</Placemark>
	<Placemark>
		<name>미국(PAZA)</name>
		<description><![CDATA[<b>-Overfly permit :</b> <span style="white-space:nowrap"><font color="red">Not required</font></span>]]></description>
		<styleUrl>#style_31</styleUrl>
		<Point>
			<extrude>1</extrude>
			<altitudeMode>absolute</altitudeMode>
			<coordinates>160.681667,48.278333,500000</coordinates>
		</Point>
	</Placemark>
	<Placemark>
		<Style>
			<LineStyle>
				<color>ffffffff</color>
				<width>2</width>
			</LineStyle>
		</Style>
		<LineString>
			<extrude>1</extrude>
			<altitudeMode>absolute</altitudeMode>
			<coordinates>
				160.681667,48.278333,0 160.681667,48.278333,500000 
			</coordinates>
		</LineString>
	</Placemark>
	<Placemark>
		<name>미국(PAZA)</name>
		<description><![CDATA[<b>-Overfly permit :</b> <span style="white-space:nowrap"><font color="red">Not required</font></span>]]></description>
		<styleUrl>#style_4</styleUrl>
		<Point>
			<extrude>1</extrude>
			<altitudeMode>absolute</altitudeMode>
			<coordinates>170,51.888333,500000</coordinates>
		</Point>
	</Placemark>
	<Placemark>
		<Style>
			<LineStyle>
				<color>ffffffff</color>
				<width>2</width>
			</LineStyle>
		</Style>
		<LineString>
			<extrude>1</extrude>
			<altitudeMode>absolute</altitudeMode>
			<coordinates>
				170,51.888333,0 170,51.888333,500000 
			</coordinates>
		</LineString>
	</Placemark>
	<Placemark>
		<name>미국(PAZA)</name>
		<description><![CDATA[<b>-Overfly permit :</b> <span style="white-space:nowrap"><font color="red">Not required</font></span>]]></description>
		<styleUrl>#style_50</styleUrl>
		<Point>
			<extrude>1</extrude>
			<altitudeMode>absolute</altitudeMode>
			<coordinates>-151.461667,60.88000000000001,500000</coordinates>
		</Point>
	</Placemark>
	<Placemark>
		<Style>
			<LineStyle>
				<color>ffffffff</color>
				<width>2</width>
			</LineStyle>
		</Style>
		<LineString>
			<extrude>1</extrude>
			<altitudeMode>absolute</altitudeMode>
			<coordinates>
				-151.461667,60.88000000000001,0 -151.461667,60.88000000000001,500000 
			</coordinates>
		</LineString>
	</Placemark>
	<Placemark>
		<name>RKSS</name>
		<description><![CDATA[<span style='white-space: nowrap;'>-<b>Airway :</b> <font color='blue'>KARBU1W</font></span><br><br><span style='white-space: nowrap;'>-<b>Altitude :</b> <font color='blue'>59 ft</font></span><br><br><span style='white-space: nowrap;'>-<b>Weight :</b> <font color='blue'>167410 lbs</font></span><br><br><span style='white-space: nowrap;'>-<b>Fuel :</b> <font color='blue'>63300 lbs</font></span><br><br><span style='white-space: nowrap;'>-<b>OAT :</b> <font color='blue'>5</font></span><br><br><span style='white-space: nowrap;'>-<b>TAS :</b> <font color='blue'>None</font></span><br><br><span style='white-space: nowrap;'>-<b>Time 1 :</b> <font color='blue'>T/O + 00.00</font></span><br><br><span style='white-space: nowrap;'>-<b>Time 2 :</b> <font color='blue'>12:15Z, 12</font></span><br><br><span style='white-space: nowrap;'>-<b>MORA :</b> <font color='blue'>4100 ft</font></span><br><br>]]></description>
		<styleUrl>#style_25</styleUrl>
		<Point>
			<extrude>1</extrude>
			<altitudeMode>absolute</altitudeMode>
			<coordinates>126.796667,37.556667,17.9832</coordinates>
		</Point>
	</Placemark>
	<Placemark>
		<name>D265M</name>
		<description><![CDATA[<span style='white-space: nowrap;'>-<b>Airway :</b> <font color='blue'>KARBU1W</font></span><br><br><span style='white-space: nowrap;'>-<b>Altitude :</b> <font color='blue'>0 ft</font></span><br><br><span style='white-space: nowrap;'>-<b>Weight :</b> <font color='blue'>167164 lbs</font></span><br><br><span style='white-space: nowrap;'>-<b>Fuel :</b> <font color='blue'>63054 lbs</font></span><br><br><span style='white-space: nowrap;'>-<b>OAT :</b> <font color='blue'>5</font></span><br><br><span style='white-space: nowrap;'>-<b>TAS :</b> <font color='blue'>246</font></span><br><br><span style='white-space: nowrap;'>-<b>TAT :</b> <font color='blue'>12</font></span><br><br><span style='white-space: nowrap;'>-<b>Time 1 :</b> <font color='blue'>T/O + 00:02</font></span><br><br><span style='white-space: nowrap;'>-<b>Time 2 :</b> <font color='blue'>12:17Z, 12</font></span><br><br><span style='white-space: nowrap;'>-<b>Wind factor :</b> <font color='blue'>H.W 96KT</font></span><br><br><span style='white-space: nowrap;'>-<b>Shear rate :</b> <font color='blue'>3</font></span><br><br><span style='white-space: nowrap;'>-<b>MORA :</b> <font color='blue'>4100 ft</font></span><br><br>]]></description>
		<styleUrl>#style_3</styleUrl>
		<Point>
			<extrude>1</extrude>
			<altitudeMode>absolute</altitudeMode>
			<coordinates>126.726667,37.695,0</coordinates>
		</Point>
	</Placemark>
	<Placemark>
		<name>YJU</name>
		<description><![CDATA[<span style='white-space: nowrap;'>-<b>Airway :</b> <font color='blue'>KARBU1W</font></span><br><br><span style='white-space: nowrap;'>-<b>Altitude :</b> <font color='blue'>0 ft</font></span><br><br><span style='white-space: nowrap;'>-<b>Weight :</b> <font color='blue'>166835 lbs</font></span><br><br><span style='white-space: nowrap;'>-<b>Fuel :</b> <font color='blue'>62725 lbs</font></span><br><br><span style='white-space: nowrap;'>-<b>OAT :</b> <font color='blue'>5</font></span><br><br><span style='white-space: nowrap;'>-<b>TAS :</b> <font color='blue'>246</font></span><br><br><span style='white-space: nowrap;'>-<b>TAT :</b> <font color='blue'>12</font></span><br><br><span style='white-space: nowrap;'>-<b>Time 1 :</b> <font color='blue'>T/O + 00:06</font></span><br><br><span style='white-space: nowrap;'>-<b>Time 2 :</b> <font color='blue'>12:21Z, 12</font></span><br><br><span style='white-space: nowrap;'>-<b>Wind factor :</b> <font color='blue'>H.W 25KT</font></span><br><br><span style='white-space: nowrap;'>-<b>Shear rate :</b> <font color='blue'>3</font></span><br><br><span style='white-space: nowrap;'>-<b>MORA :</b> <font color='blue'>4100 ft</font></span><br><br>]]></description>
		<styleUrl>#style_43</styleUrl>
		<Point>
			<extrude>1</extrude>
			<altitudeMode>absolute</altitudeMode>
			<coordinates>126.991667,37.748333,0</coordinates>
		</Point>
	</Placemark>
	<Placemark>
		<name>D127E</name>
		<description><![CDATA[<span style='white-space: nowrap;'>-<b>Airway :</b> <font color='blue'>KARBU1W</font></span><br><br><span style='white-space: nowrap;'>-<b>Altitude :</b> <font color='blue'>0 ft</font></span><br><br><span style='white-space: nowrap;'>-<b>Weight :</b> <font color='blue'>166712 lbs</font></span><br><br><span style='white-space: nowrap;'>-<b>Fuel :</b> <font color='blue'>62602 lbs</font></span><br><br><span style='white-space: nowrap;'>-<b>OAT :</b> <font color='blue'>4</font></span><br><br><span style='white-space: nowrap;'>-<b>TAS :</b> <font color='blue'>245</font></span><br><br><span style='white-space: nowrap;'>-<b>TAT :</b> <font color='blue'>11</font></span><br><br><span style='white-space: nowrap;'>-<b>Time 1 :</b> <font color='blue'>T/O + 00:07</font></span><br><br><span style='white-space: nowrap;'>-<b>Time 2 :</b> <font color='blue'>12:22Z, 12</font></span><br><br><span style='white-space: nowrap;'>-<b>Wind factor :</b> <font color='blue'>T.W 44kt</font></span><br><br><span style='white-space: nowrap;'>-<b>Shear rate :</b> <font color='blue'>3</font></span><br><br><span style='white-space: nowrap;'>-<b>MORA :</b> <font color='blue'>6200 ft</font></span><br><br>]]></description>
		<styleUrl>#style_5</styleUrl>
		<Point>
			<extrude>1</extrude>
			<altitudeMode>absolute</altitudeMode>
			<coordinates>127.083333,37.708333,0</coordinates>
		</Point>
	</Placemark>
	<Placemark>
		<name>YJU29</name>
		<description><![CDATA[<span style='white-space: nowrap;'>-<b>Airway :</b> <font color='blue'>KARBU1W</font></span><br><br><span style='white-space: nowrap;'>-<b>Altitude :</b> <font color='blue'>12000 ft</font></span><br><br><span style='white-space: nowrap;'>-<b>Weight :</b> <font color='blue'>165282 lbs</font></span><br><br><span style='white-space: nowrap;'>-<b>Fuel :</b> <font color='blue'>61172 lbs</font></span><br><br><span style='white-space: nowrap;'>-<b>OAT :</b> <font color='blue'>-8</font></span><br><br><span style='white-space: nowrap;'>-<b>TAS :</b> <font color='blue'>227</font></span><br><br><span style='white-space: nowrap;'>-<b>TAT :</b> <font color='blue'>-1</font></span><br><br><span style='white-space: nowrap;'>-<b>Time 1 :</b> <font color='blue'>T/O + 00:13</font></span><br><br><span style='white-space: nowrap;'>-<b>Time 2 :</b> <font color='blue'>12:28Z, 12</font></span><br><br><span style='white-space: nowrap;'>-<b>Wind factor :</b> <font color='blue'>T.W 45kt</font></span><br><br><span style='white-space: nowrap;'>-<b>Shear rate :</b> <font color='blue'>2</font></span><br><br><span style='white-space: nowrap;'>-<b>MORA :</b> <font color='blue'>6200 ft</font></span><br><br>]]></description>
		<styleUrl>#style_6</styleUrl>
		<Point>
			<extrude>1</extrude>
			<altitudeMode>absolute</altitudeMode>
			<coordinates>127.53,37.515,3657.599999999999</coordinates>
		</Point>
	</Placemark>
	<Placemark>
		<name>KARBU</name>
		<description><![CDATA[<span style='white-space: nowrap;'>-<b>Airway :</b> <font color='blue'>G597</font></span><br><br><span style='white-space: nowrap;'>-<b>Altitude :</b> <font color='blue'>FL148</font></span><br><br><span style='white-space: nowrap;'>-<b>Weight :</b> <font color='blue'>165046 lbs</font></span><br><br><span style='white-space: nowrap;'>-<b>Fuel :</b> <font color='blue'>60936 lbs</font></span><br><br><span style='white-space: nowrap;'>-<b>OAT :</b> <font color='blue'>-22</font></span><br><br><span style='white-space: nowrap;'>-<b>TAS :</b> <font color='blue'>334</font></span><br><br><span style='white-space: nowrap;'>-<b>TAT :</b> <font color='blue'>-7</font></span><br><br><span style='white-space: nowrap;'>-<b>Time 1 :</b> <font color='blue'>T/O + 00:15</font></span><br><br><span style='white-space: nowrap;'>-<b>Time 2 :</b> <font color='blue'>12:30Z, 12</font></span><br><br><span style='white-space: nowrap;'>-<b>Wind factor :</b> <font color='blue'>H.W 19KT</font></span><br><br><span style='white-space: nowrap;'>-<b>Shear rate :</b> <font color='blue'>8</font></span><br><br><span style='white-space: nowrap;'>-<b>MORA :</b> <font color='blue'>6200 ft</font></span><br><br>]]></description>
		<styleUrl>#style_7</styleUrl>
		<Point>
			<extrude>1</extrude>
			<altitudeMode>absolute</altitudeMode>
			<coordinates>127.665,37.533333,4511.04</coordinates>
		</Point>
	</Placemark>
	<Placemark>
		<name>TORUS</name>
		<description><![CDATA[<span style='white-space: nowrap;'>-<b>Airway :</b> <font color='blue'>G597</font></span><br><br><span style='white-space: nowrap;'>-<b>Altitude :</b> <font color='blue'>FL223</font></span><br><br><span style='white-space: nowrap;'>-<b>Weight :</b> <font color='blue'>164340 lbs</font></span><br><br><span style='white-space: nowrap;'>-<b>Fuel :</b> <font color='blue'>60230 lbs</font></span><br><br><span style='white-space: nowrap;'>-<b>OAT :</b> <font color='blue'>-28</font></span><br><br><span style='white-space: nowrap;'>-<b>TAS :</b> <font color='blue'>364</font></span><br><br><span style='white-space: nowrap;'>-<b>TAT :</b> <font color='blue'>-10</font></span><br><br><span style='white-space: nowrap;'>-<b>Time 1 :</b> <font color='blue'>T/O + 00:19</font></span><br><br><span style='white-space: nowrap;'>-<b>Time 2 :</b> <font color='blue'>12:34Z, 12</font></span><br><br><span style='white-space: nowrap;'>-<b>Wind factor :</b> <font color='blue'>H.W 20KT</font></span><br><br><span style='white-space: nowrap;'>-<b>Shear rate :</b> <font color='blue'>9</font></span><br><br><span style='white-space: nowrap;'>-<b>MORA :</b> <font color='blue'>7500 ft</font></span><br><br>]]></description>
		<styleUrl>#style_8</styleUrl>
		<Point>
			<extrude>1</extrude>
			<altitudeMode>absolute</altitudeMode>
			<coordinates>128.135,37.606667,6797.039999999999</coordinates>
		</Point>
	</Placemark>
	<Placemark>
		<name>BIKSI</name>
		<description><![CDATA[<span style='white-space: nowrap;'>-<b>Airway :</b> <font color='blue'>G597</font></span><br><br><span style='white-space: nowrap;'>-<b>Altitude :</b> <font color='blue'>FL271</font></span><br><br><span style='white-space: nowrap;'>-<b>Weight :</b> <font color='blue'>163800 lbs</font></span><br><br><span style='white-space: nowrap;'>-<b>Fuel :</b> <font color='blue'>59690 lbs</font></span><br><br><span style='white-space: nowrap;'>-<b>OAT :</b> <font color='blue'>-40</font></span><br><br><span style='white-space: nowrap;'>-<b>TAS :</b> <font color='blue'>398</font></span><br><br><span style='white-space: nowrap;'>-<b>TAT :</b> <font color='blue'>-19</font></span><br><br><span style='white-space: nowrap;'>-<b>Time 1 :</b> <font color='blue'>T/O + 00:22</font></span><br><br><span style='white-space: nowrap;'>-<b>Time 2 :</b> <font color='blue'>12:37Z, 12</font></span><br><br><span style='white-space: nowrap;'>-<b>Wind factor :</b> <font color='blue'>H.W 24KT</font></span><br><br><span style='white-space: nowrap;'>-<b>Shear rate :</b> <font color='blue'>2</font></span><br><br><span style='white-space: nowrap;'>-<b>MORA :</b> <font color='blue'>7500 ft</font></span><br><br>]]></description>
		<styleUrl>#style_9</styleUrl>
		<Point>
			<extrude>1</extrude>
			<altitudeMode>absolute</altitudeMode>
			<coordinates>128.585,37.675,8260.08</coordinates>
		</Point>
	</Placemark>
	<Placemark>
		<name>KAE</name>
		<description><![CDATA[<span style='white-space: nowrap;'>-<b>Airway :</b> <font color='blue'>B467</font></span><br><br><span style='white-space: nowrap;'>-<b>Altitude :</b> <font color='blue'>FL287</font></span><br><br><span style='white-space: nowrap;'>-<b>Weight :</b> <font color='blue'>163604 lbs</font></span><br><br><span style='white-space: nowrap;'>-<b>Fuel :</b> <font color='blue'>59494 lbs</font></span><br><br><span style='white-space: nowrap;'>-<b>OAT :</b> <font color='blue'>-47</font></span><br><br><span style='white-space: nowrap;'>-<b>TAS :</b> <font color='blue'>418</font></span><br><br><span style='white-space: nowrap;'>-<b>TAT :</b> <font color='blue'>-24</font></span><br><br><span style='white-space: nowrap;'>-<b>Time 1 :</b> <font color='blue'>T/O + 00:24</font></span><br><br><span style='white-space: nowrap;'>-<b>Time 2 :</b> <font color='blue'>12:39Z, 12</font></span><br><br><span style='white-space: nowrap;'>-<b>Wind factor :</b> <font color='blue'>H.W 24KT</font></span><br><br><span style='white-space: nowrap;'>-<b>Shear rate :</b> <font color='blue'>4</font></span><br><br><span style='white-space: nowrap;'>-<b>MORA :</b> <font color='blue'>7500 ft</font></span><br><br>]]></description>
		<styleUrl>#style_10</styleUrl>
		<Point>
			<extrude>1</extrude>
			<altitudeMode>absolute</altitudeMode>
			<coordinates>128.753333,37.7,8747.76</coordinates>
		</Point>
	</Placemark>
	<Placemark>
		<name>-TOC-</name>
		<description><![CDATA[<span style='white-space: nowrap;'>-<b>Airway :</b> <font color='blue'>B467</font></span><br><br><span style='white-space: nowrap;'>-<b>Altitude :</b> <font color='blue'>FL350</font></span><br><br><span style='white-space: nowrap;'>-<b>Weight :</b> <font color='blue'>162786 lbs</font></span><br><br><span style='white-space: nowrap;'>-<b>Buffer Weight :</b> <font color='blue'>4909 lbs</font></span><br><br><span style='white-space: nowrap;'>-<b>Buffer Weight(+2000 ft) :</b> <font color='blue'>109 lbs</font></span><br><br><span style='white-space: nowrap;'>-<b>Fuel :</b> <font color='blue'>58676 lbs</font></span><br><br><span style='white-space: nowrap;'>-<b>OAT :</b> <font color='blue'>-50</font></span><br><br><span style='white-space: nowrap;'>-<b>TAS :</b> <font color='blue'>443</font></span><br><br><span style='white-space: nowrap;'>-<b>TAT :</b> <font color='blue'>-24</font></span><br><br><span style='white-space: nowrap;'>-<b>Time 1 :</b> <font color='blue'>T/O + 00:29</font></span><br><br><span style='white-space: nowrap;'>-<b>Time 2 :</b> <font color='blue'>12:44Z, 12</font></span><br><br><span style='white-space: nowrap;'>-<b>Wind factor :</b> <font color='blue'>T.W 3kt</font></span><br><br><span style='white-space: nowrap;'>-<b>Shear rate :</b> <font color='blue'>9</font></span><br><br><span style='white-space: nowrap;'>-<b>MORA :</b> <font color='blue'>7500 ft</font></span><br><br>]]></description>
		<styleUrl>#style_11</styleUrl>
		<Point>
			<extrude>1</extrude>
			<altitudeMode>absolute</altitudeMode>
			<coordinates>129.651667,37.688333,10668</coordinates>
		</Point>
	</Placemark>
	<Placemark>
		<name>LESBU</name>
		<description><![CDATA[<span style='white-space: nowrap;'>-<b>Airway :</b> <font color='blue'>B467</font></span><br><br><span style='white-space: nowrap;'>-<b>Altitude :</b> <font color='blue'>FL350</font></span><br><br><span style='white-space: nowrap;'>-<b>Weight :</b> <font color='blue'>162766 lbs</font></span><br><br><span style='white-space: nowrap;'>-<b>Buffer Weight :</b> <font color='blue'>4929 lbs</font></span><br><br><span style='white-space: nowrap;'>-<b>Buffer Weight(+2000 ft) :</b> <font color='blue'>129 lbs</font></span><br><br><span style='white-space: nowrap;'>-<b>Fuel :</b> <font color='blue'>58656 lbs</font></span><br><br><span style='white-space: nowrap;'>-<b>OAT :</b> <font color='blue'>-50</font></span><br><br><span style='white-space: nowrap;'>-<b>TAS :</b> <font color='blue'>460</font></span><br><br><span style='white-space: nowrap;'>-<b>TAT :</b> <font color='blue'>-22</font></span><br><br><span style='white-space: nowrap;'>-<b>Time 1 :</b> <font color='blue'>T/O + 00:30</font></span><br><br><span style='white-space: nowrap;'>-<b>Time 2 :</b> <font color='blue'>12:45Z, 12</font></span><br><br><span style='white-space: nowrap;'>-<b>Wind factor :</b> <font color='blue'>T.W 3kt</font></span><br><br><span style='white-space: nowrap;'>-<b>Shear rate :</b> <font color='blue'>5</font></span><br><br><span style='white-space: nowrap;'>-<b>MORA :</b> <font color='blue'>7500 ft</font></span><br><br>]]></description>
		<styleUrl>#style_12</styleUrl>
		<Point>
			<extrude>1</extrude>
			<altitudeMode>absolute</altitudeMode>
			<coordinates>129.685,37.688333,10668</coordinates>
		</Point>
	</Placemark>
	<Placemark>
		<name>UGOVI</name>
		<description><![CDATA[<span style='white-space: nowrap;'>-<b>Airway :</b> <font color='blue'>B467</font></span><br><br><span style='white-space: nowrap;'>-<b>Altitude :</b> <font color='blue'>FL350</font></span><br><br><span style='white-space: nowrap;'>-<b>Weight :</b> <font color='blue'>162665 lbs</font></span><br><br><span style='white-space: nowrap;'>-<b>Buffer Weight :</b> <font color='blue'>4960 lbs</font></span><br><br><span style='white-space: nowrap;'>-<b>Buffer Weight(+2000 ft) :</b> <font color='blue'>160 lbs</font></span><br><br><span style='white-space: nowrap;'>-<b>Fuel :</b> <font color='blue'>58555 lbs</font></span><br><br><span style='white-space: nowrap;'>-<b>OAT :</b> <font color='blue'>-50</font></span><br><br><span style='white-space: nowrap;'>-<b>TAS :</b> <font color='blue'>460</font></span><br><br><span style='white-space: nowrap;'>-<b>TAT :</b> <font color='blue'>-22</font></span><br><br><span style='white-space: nowrap;'>-<b>Time 1 :</b> <font color='blue'>T/O + 00:31</font></span><br><br><span style='white-space: nowrap;'>-<b>Time 2 :</b> <font color='blue'>12:46Z, 12</font></span><br><br><span style='white-space: nowrap;'>-<b>Wind factor :</b> <font color='blue'>T.W 5kt</font></span><br><br><span style='white-space: nowrap;'>-<b>Shear rate :</b> <font color='blue'>5</font></span><br><br><span style='white-space: nowrap;'>-<b>MORA :</b> <font color='blue'>6800 ft</font></span><br><br>]]></description>
		<styleUrl>#style_13</styleUrl>
		<Point>
			<extrude>1</extrude>
			<altitudeMode>absolute</altitudeMode>
			<coordinates>129.846667,37.685,10668</coordinates>
		</Point>
	</Placemark>
	<Placemark>
		<name>BUSKO</name>
		<description><![CDATA[<span style='white-space: nowrap;'>-<b>Airway :</b> <font color='blue'>B467</font></span><br><br><span style='white-space: nowrap;'>-<b>Altitude :</b> <font color='blue'>FL370</font></span><br><br><span style='white-space: nowrap;'>-<b>Weight :</b> <font color='blue'>162336 lbs</font></span><br><br><span style='white-space: nowrap;'>-<b>Buffer Weight :</b> <font color='blue'>419 lbs</font></span><br><br><span style='white-space: nowrap;'>-<b>Buffer Weight(+2000 ft) :</b> <font color='blue'>-14681 lbs</font></span><br><br><span style='white-space: nowrap;'>-<b>Fuel :</b> <font color='blue'>58226 lbs</font></span><br><br><span style='white-space: nowrap;'>-<b>OAT :</b> <font color='blue'>-50</font></span><br><br><span style='white-space: nowrap;'>-<b>TAS :</b> <font color='blue'>456</font></span><br><br><span style='white-space: nowrap;'>-<b>TAT :</b> <font color='blue'>-22</font></span><br><br><span style='white-space: nowrap;'>-<b>Time 1 :</b> <font color='blue'>T/O + 00:33</font></span><br><br><span style='white-space: nowrap;'>-<b>Time 2 :</b> <font color='blue'>12:48Z, 12</font></span><br><br><span style='white-space: nowrap;'>-<b>Wind factor :</b> <font color='blue'>T.W 7kt</font></span><br><br><span style='white-space: nowrap;'>-<b>Shear rate :</b> <font color='blue'>4</font></span><br><br><span style='white-space: nowrap;'>-<b>MORA :</b> <font color='blue'>6800 ft</font></span><br><br>]]></description>
		<styleUrl>#style_14</styleUrl>
		<Point>
			<extrude>1</extrude>
			<altitudeMode>absolute</altitudeMode>
			<coordinates>130.27,37.675,11277.6</coordinates>
		</Point>
	</Placemark>
	<Placemark>
		<name>TENAS</name>
		<description><![CDATA[<span style='white-space: nowrap;'>-<b>Airway :</b> <font color='blue'>L512</font></span><br><br><span style='white-space: nowrap;'>-<b>Altitude :</b> <font color='blue'>FL370</font></span><br><br><span style='white-space: nowrap;'>-<b>Weight :</b> <font color='blue'>161537 lbs</font></span><br><br><span style='white-space: nowrap;'>-<b>Buffer Weight :</b> <font color='blue'>1078 lbs</font></span><br><br><span style='white-space: nowrap;'>-<b>Buffer Weight(+2000 ft) :</b> <font color='blue'>-14022 lbs</font></span><br><br><span style='white-space: nowrap;'>-<b>Fuel :</b> <font color='blue'>57427 lbs</font></span><br><br><span style='white-space: nowrap;'>-<b>OAT :</b> <font color='blue'>-48</font></span><br><br><span style='white-space: nowrap;'>-<b>TAS :</b> <font color='blue'>461</font></span><br><br><span style='white-space: nowrap;'>-<b>TAT :</b> <font color='blue'>-20</font></span><br><br><span style='white-space: nowrap;'>-<b>Time 1 :</b> <font color='blue'>T/O + 00:41</font></span><br><br><span style='white-space: nowrap;'>-<b>Time 2 :</b> <font color='blue'>12:56Z, 12</font></span><br><br><span style='white-space: nowrap;'>-<b>Wind factor :</b> <font color='blue'>T.W 11kt</font></span><br><br><span style='white-space: nowrap;'>-<b>Shear rate :</b> <font color='blue'>3</font></span><br><br><span style='white-space: nowrap;'>-<b>MORA :</b> <font color='blue'>4600 ft</font></span><br><br>]]></description>
		<styleUrl>#style_15</styleUrl>
		<Point>
			<extrude>1</extrude>
			<altitudeMode>absolute</altitudeMode>
			<coordinates>131.575,37.638333,11277.6</coordinates>
		</Point>
	</Placemark>
	<Placemark>
		<name>SABET</name>
		<description><![CDATA[<span style='white-space: nowrap;'>-<b>Airway :</b> <font color='blue'>L512</font></span><br><br><span style='white-space: nowrap;'>-<b>Altitude :</b> <font color='blue'>FL370</font></span><br><br><span style='white-space: nowrap;'>-<b>Weight :</b> <font color='blue'>160872 lbs</font></span><br><br><span style='white-space: nowrap;'>-<b>Buffer Weight :</b> <font color='blue'>1428 lbs</font></span><br><br><span style='white-space: nowrap;'>-<b>Buffer Weight(+2000 ft) :</b> <font color='blue'>-13672 lbs</font></span><br><br><span style='white-space: nowrap;'>-<b>Fuel :</b> <font color='blue'>56762 lbs</font></span><br><br><span style='white-space: nowrap;'>-<b>OAT :</b> <font color='blue'>-47</font></span><br><br><span style='white-space: nowrap;'>-<b>TAS :</b> <font color='blue'>462</font></span><br><br><span style='white-space: nowrap;'>-<b>TAT :</b> <font color='blue'>-19</font></span><br><br><span style='white-space: nowrap;'>-<b>Time 1 :</b> <font color='blue'>T/O + 00:48</font></span><br><br><span style='white-space: nowrap;'>-<b>Time 2 :</b> <font color='blue'>13:03Z, 12</font></span><br><br><span style='white-space: nowrap;'>-<b>Wind factor :</b> <font color='blue'>T.W 20kt</font></span><br><br><span style='white-space: nowrap;'>-<b>Shear rate :</b> <font color='blue'>1</font></span><br><br><span style='white-space: nowrap;'>-<b>MORA :</b> <font color='blue'>1900 ft</font></span><br><br>]]></description>
		<styleUrl>#style_16</styleUrl>
		<Point>
			<extrude>1</extrude>
			<altitudeMode>absolute</altitudeMode>
			<coordinates>132.671667,37.641667,11277.6</coordinates>
		</Point>
	</Placemark>
	<Placemark>
		<name>ANDOL</name>
		<description><![CDATA[<span style='white-space: nowrap;'>-<b>Airway :</b> <font color='blue'>L512</font></span><br><br><span style='white-space: nowrap;'>-<b>Altitude :</b> <font color='blue'>FL370</font></span><br><br><span style='white-space: nowrap;'>-<b>Weight :</b> <font color='blue'>160675 lbs</font></span><br><br><span style='white-space: nowrap;'>-<b>Buffer Weight :</b> <font color='blue'>1555 lbs</font></span><br><br><span style='white-space: nowrap;'>-<b>Buffer Weight(+2000 ft) :</b> <font color='blue'>-13545 lbs</font></span><br><br><span style='white-space: nowrap;'>-<b>Fuel :</b> <font color='blue'>56565 lbs</font></span><br><br><span style='white-space: nowrap;'>-<b>OAT :</b> <font color='blue'>-47</font></span><br><br><span style='white-space: nowrap;'>-<b>TAS :</b> <font color='blue'>463</font></span><br><br><span style='white-space: nowrap;'>-<b>TAT :</b> <font color='blue'>-18</font></span><br><br><span style='white-space: nowrap;'>-<b>Time 1 :</b> <font color='blue'>T/O + 00:50</font></span><br><br><span style='white-space: nowrap;'>-<b>Time 2 :</b> <font color='blue'>13:05Z, 12</font></span><br><br><span style='white-space: nowrap;'>-<b>Wind factor :</b> <font color='blue'>T.W 22kt</font></span><br><br><span style='white-space: nowrap;'>-<b>Shear rate :</b> <font color='blue'>1</font></span><br><br><span style='white-space: nowrap;'>-<b>MORA :</b> <font color='blue'>1500 ft</font></span><br><br>]]></description>
		<styleUrl>#style_17</styleUrl>
		<Point>
			<extrude>1</extrude>
			<altitudeMode>absolute</altitudeMode>
			<coordinates>133,37.666667,11277.6</coordinates>
		</Point>
	</Placemark>
	<Placemark>
		<name>KAMSA</name>
		<description><![CDATA[<span style='white-space: nowrap;'>-<b>Airway :</b> <font color='blue'>L512</font></span><br><br><span style='white-space: nowrap;'>-<b>Altitude :</b> <font color='blue'>FL370</font></span><br><br><span style='white-space: nowrap;'>-<b>Weight :</b> <font color='blue'>160236 lbs</font></span><br><br><span style='white-space: nowrap;'>-<b>Buffer Weight :</b> <font color='blue'>1854 lbs</font></span><br><br><span style='white-space: nowrap;'>-<b>Buffer Weight(+2000 ft) :</b> <font color='blue'>-13246 lbs</font></span><br><br><span style='white-space: nowrap;'>-<b>Fuel :</b> <font color='blue'>56126 lbs</font></span><br><br><span style='white-space: nowrap;'>-<b>OAT :</b> <font color='blue'>-47</font></span><br><br><span style='white-space: nowrap;'>-<b>TAS :</b> <font color='blue'>463</font></span><br><br><span style='white-space: nowrap;'>-<b>TAT :</b> <font color='blue'>-18</font></span><br><br><span style='white-space: nowrap;'>-<b>Time 1 :</b> <font color='blue'>T/O + 00:54</font></span><br><br><span style='white-space: nowrap;'>-<b>Time 2 :</b> <font color='blue'>13:09Z, 12</font></span><br><br><span style='white-space: nowrap;'>-<b>Wind factor :</b> <font color='blue'>T.W 26kt</font></span><br><br><span style='white-space: nowrap;'>-<b>Shear rate :</b> <font color='blue'>2</font></span><br><br><span style='white-space: nowrap;'>-<b>MORA :</b> <font color='blue'>1000 ft</font></span><br><br>]]></description>
		<styleUrl>#style_18</styleUrl>
		<Point>
			<extrude>1</extrude>
			<altitudeMode>absolute</altitudeMode>
			<coordinates>133.733333,37.718333,11277.6</coordinates>
		</Point>
	</Placemark>
	<Placemark>
		<name>IGOBI</name>
		<description><![CDATA[<span style='white-space: nowrap;'>-<b>Airway :</b> <font color='blue'>L512</font></span><br><br><span style='white-space: nowrap;'>-<b>Altitude :</b> <font color='blue'>FL370</font></span><br><br><span style='white-space: nowrap;'>-<b>Weight :</b> <font color='blue'>158168 lbs</font></span><br><br><span style='white-space: nowrap;'>-<b>Buffer Weight :</b> <font color='blue'>3257 lbs</font></span><br><br><span style='white-space: nowrap;'>-<b>Buffer Weight(+2000 ft) :</b> <font color='blue'>-11843 lbs</font></span><br><br><span style='white-space: nowrap;'>-<b>Fuel :</b> <font color='blue'>54058 lbs</font></span><br><br><span style='white-space: nowrap;'>-<b>OAT :</b> <font color='blue'>-46</font></span><br><br><span style='white-space: nowrap;'>-<b>TAS :</b> <font color='blue'>464</font></span><br><br><span style='white-space: nowrap;'>-<b>TAT :</b> <font color='blue'>-17</font></span><br><br><span style='white-space: nowrap;'>-<b>Time 1 :</b> <font color='blue'>T/O + 01:15</font></span><br><br><span style='white-space: nowrap;'>-<b>Time 2 :</b> <font color='blue'>13:30Z, 12</font></span><br><br><span style='white-space: nowrap;'>-<b>Wind factor :</b> <font color='blue'>T.W 45kt</font></span><br><br><span style='white-space: nowrap;'>-<b>Shear rate :</b> <font color='blue'>1</font></span><br><br><span style='white-space: nowrap;'>-<b>MORA :</b> <font color='blue'>3800 ft</font></span><br><br>]]></description>
		<styleUrl>#style_19</styleUrl>
		<Point>
			<extrude>1</extrude>
			<altitudeMode>absolute</altitudeMode>
			<coordinates>137.283333,37.901667,11277.6</coordinates>
		</Point>
	</Placemark>
	<Placemark>
		<name>TATAM</name>
		<description><![CDATA[<span style='white-space: nowrap;'>-<b>Airway :</b> <font color='blue'>L512</font></span><br><br><span style='white-space: nowrap;'>-<b>Altitude :</b> <font color='blue'>FL370</font></span><br><br><span style='white-space: nowrap;'>-<b>Weight :</b> <font color='blue'>157704 lbs</font></span><br><br><span style='white-space: nowrap;'>-<b>Buffer Weight :</b> <font color='blue'>3686 lbs</font></span><br><br><span style='white-space: nowrap;'>-<b>Buffer Weight(+2000 ft) :</b> <font color='blue'>-11414 lbs</font></span><br><br><span style='white-space: nowrap;'>-<b>Fuel :</b> <font color='blue'>53594 lbs</font></span><br><br><span style='white-space: nowrap;'>-<b>OAT :</b> <font color='blue'>-46</font></span><br><br><span style='white-space: nowrap;'>-<b>TAS :</b> <font color='blue'>464</font></span><br><br><span style='white-space: nowrap;'>-<b>TAT :</b> <font color='blue'>-17</font></span><br><br><span style='white-space: nowrap;'>-<b>Time 1 :</b> <font color='blue'>T/O + 01:19</font></span><br><br><span style='white-space: nowrap;'>-<b>Time 2 :</b> <font color='blue'>13:34Z, 12</font></span><br><br><span style='white-space: nowrap;'>-<b>Wind factor :</b> <font color='blue'>T.W 46kt</font></span><br><br><span style='white-space: nowrap;'>-<b>Shear rate :</b> <font color='blue'>1</font></span><br><br><span style='white-space: nowrap;'>-<b>MORA :</b> <font color='blue'>5900 ft</font></span><br><br>]]></description>
		<styleUrl>#style_20</styleUrl>
		<Point>
			<extrude>1</extrude>
			<altitudeMode>absolute</altitudeMode>
			<coordinates>138.103333,37.93,11277.6</coordinates>
		</Point>
	</Placemark>
	<Placemark>
		<name>GTC</name>
		<description><![CDATA[<span style='white-space: nowrap;'>-<b>Airway :</b> <font color='blue'>Y512</font></span><br><br><span style='white-space: nowrap;'>-<b>Altitude :</b> <font color='blue'>FL370</font></span><br><br><span style='white-space: nowrap;'>-<b>Weight :</b> <font color='blue'>157136 lbs</font></span><br><br><span style='white-space: nowrap;'>-<b>Buffer Weight :</b> <font color='blue'>4184 lbs</font></span><br><br><span style='white-space: nowrap;'>-<b>Buffer Weight(+2000 ft) :</b> <font color='blue'>-10916 lbs</font></span><br><br><span style='white-space: nowrap;'>-<b>Fuel :</b> <font color='blue'>53026 lbs</font></span><br><br><span style='white-space: nowrap;'>-<b>OAT :</b> <font color='blue'>-46</font></span><br><br><span style='white-space: nowrap;'>-<b>TAS :</b> <font color='blue'>464</font></span><br><br><span style='white-space: nowrap;'>-<b>TAT :</b> <font color='blue'>-17</font></span><br><br><span style='white-space: nowrap;'>-<b>Time 1 :</b> <font color='blue'>T/O + 01:25</font></span><br><br><span style='white-space: nowrap;'>-<b>Time 2 :</b> <font color='blue'>13:40Z, 12</font></span><br><br><span style='white-space: nowrap;'>-<b>Wind factor :</b> <font color='blue'>T.W 48kt</font></span><br><br><span style='white-space: nowrap;'>-<b>Shear rate :</b> <font color='blue'>1</font></span><br><br><span style='white-space: nowrap;'>-<b>MORA :</b> <font color='blue'>9400 ft</font></span><br><br>]]></description>
		<styleUrl>#style_21</styleUrl>
		<Point>
			<extrude>1</extrude>
			<altitudeMode>absolute</altitudeMode>
			<coordinates>139.115,37.958333,11277.6</coordinates>
		</Point>
	</Placemark>
	<Placemark>
		<name>ELDAK</name>
		<description><![CDATA[<span style='white-space: nowrap;'>-<b>Airway :</b> <font color='blue'>Y512</font></span><br><br><span style='white-space: nowrap;'>-<b>Altitude :</b> <font color='blue'>FL370</font></span><br><br><span style='white-space: nowrap;'>-<b>Weight :</b> <font color='blue'>156776 lbs</font></span><br><br><span style='white-space: nowrap;'>-<b>Buffer Weight :</b> <font color='blue'>4474 lbs</font></span><br><br><span style='white-space: nowrap;'>-<b>Buffer Weight(+2000 ft) :</b> <font color='blue'>-10626 lbs</font></span><br><br><span style='white-space: nowrap;'>-<b>Fuel :</b> <font color='blue'>52666 lbs</font></span><br><br><span style='white-space: nowrap;'>-<b>OAT :</b> <font color='blue'>-46</font></span><br><br><span style='white-space: nowrap;'>-<b>TAS :</b> <font color='blue'>464</font></span><br><br><span style='white-space: nowrap;'>-<b>TAT :</b> <font color='blue'>-17</font></span><br><br><span style='white-space: nowrap;'>-<b>Time 1 :</b> <font color='blue'>T/O + 01:29</font></span><br><br><span style='white-space: nowrap;'>-<b>Time 2 :</b> <font color='blue'>13:44Z, 12</font></span><br><br><span style='white-space: nowrap;'>-<b>Wind factor :</b> <font color='blue'>T.W 50kt</font></span><br><br><span style='white-space: nowrap;'>-<b>Shear rate :</b> <font color='blue'>1</font></span><br><br><span style='white-space: nowrap;'>-<b>MORA :</b> <font color='blue'>9400 ft</font></span><br><br>]]></description>
		<styleUrl>#style_22</styleUrl>
		<Point>
			<extrude>1</extrude>
			<altitudeMode>absolute</altitudeMode>
			<coordinates>139.761667,38.026667,11277.6</coordinates>
		</Point>
	</Placemark>
	<Placemark>
		<name>SDE</name>
		<description><![CDATA[<span style='white-space: nowrap;'>-<b>Airway :</b> <font color='blue'>Y512</font></span><br><br><span style='white-space: nowrap;'>-<b>Altitude :</b> <font color='blue'>FL370</font></span><br><br><span style='white-space: nowrap;'>-<b>Weight :</b> <font color='blue'>156136 lbs</font></span><br><br><span style='white-space: nowrap;'>-<b>Buffer Weight :</b> <font color='blue'>5114 lbs</font></span><br><br><span style='white-space: nowrap;'>-<b>Buffer Weight(+2000 ft) :</b> <font color='blue'>-9986 lbs</font></span><br><br><span style='white-space: nowrap;'>-<b>Fuel :</b> <font color='blue'>52026 lbs</font></span><br><br><span style='white-space: nowrap;'>-<b>OAT :</b> <font color='blue'>-47</font></span><br><br><span style='white-space: nowrap;'>-<b>TAS :</b> <font color='blue'>464</font></span><br><br><span style='white-space: nowrap;'>-<b>TAT :</b> <font color='blue'>-18</font></span><br><br><span style='white-space: nowrap;'>-<b>Time 1 :</b> <font color='blue'>T/O + 01:35</font></span><br><br><span style='white-space: nowrap;'>-<b>Time 2 :</b> <font color='blue'>13:50Z, 12</font></span><br><br><span style='white-space: nowrap;'>-<b>Wind factor :</b> <font color='blue'>T.W 50kt</font></span><br><br><span style='white-space: nowrap;'>-<b>Shear rate :</b> <font color='blue'>1</font></span><br><br><span style='white-space: nowrap;'>-<b>MORA :</b> <font color='blue'>8800 ft</font></span><br><br>]]></description>
		<styleUrl>#style_23</styleUrl>
		<Point>
			<extrude>1</extrude>
			<altitudeMode>absolute</altitudeMode>
			<coordinates>140.921667,38.138333,11277.6</coordinates>
		</Point>
	</Placemark>
	<Placemark>
		<name>BEKEN</name>
		<description><![CDATA[<span style='white-space: nowrap;'>-<b>Airway :</b> <font color='blue'>Y512</font></span><br><br><span style='white-space: nowrap;'>-<b>Altitude :</b> <font color='blue'>FL370</font></span><br><br><span style='white-space: nowrap;'>-<b>Weight :</b> <font color='blue'>155506 lbs</font></span><br><br><span style='white-space: nowrap;'>-<b>Buffer Weight :</b> <font color='blue'>5779 lbs</font></span><br><br><span style='white-space: nowrap;'>-<b>Buffer Weight(+2000 ft) :</b> <font color='blue'>-9321 lbs</font></span><br><br><span style='white-space: nowrap;'>-<b>Fuel :</b> <font color='blue'>51396 lbs</font></span><br><br><span style='white-space: nowrap;'>-<b>OAT :</b> <font color='blue'>-47</font></span><br><br><span style='white-space: nowrap;'>-<b>TAS :</b> <font color='blue'>463</font></span><br><br><span style='white-space: nowrap;'>-<b>TAT :</b> <font color='blue'>-18</font></span><br><br><span style='white-space: nowrap;'>-<b>Time 1 :</b> <font color='blue'>T/O + 01:41</font></span><br><br><span style='white-space: nowrap;'>-<b>Time 2 :</b> <font color='blue'>13:56Z, 12</font></span><br><br><span style='white-space: nowrap;'>-<b>Wind factor :</b> <font color='blue'>T.W 49kt</font></span><br><br><span style='white-space: nowrap;'>-<b>Shear rate :</b> <font color='blue'>2</font></span><br><br><span style='white-space: nowrap;'>-<b>MORA :</b> <font color='blue'>8800 ft</font></span><br><br>]]></description>
		<styleUrl>#style_24</styleUrl>
		<Point>
			<extrude>1</extrude>
			<altitudeMode>absolute</altitudeMode>
			<coordinates>142.061667,38.006667,11277.6</coordinates>
		</Point>
	</Placemark>
	<Placemark>
		<name>SOVMO</name>
		<description><![CDATA[<span style='white-space: nowrap;'>-<b>Airway :</b> <font color='blue'>Y512</font></span><br><br><span style='white-space: nowrap;'>-<b>Altitude :</b> <font color='blue'>FL370</font></span><br><br><span style='white-space: nowrap;'>-<b>Weight :</b> <font color='blue'>154869 lbs</font></span><br><br><span style='white-space: nowrap;'>-<b>Buffer Weight :</b> <font color='blue'>6416 lbs</font></span><br><br><span style='white-space: nowrap;'>-<b>Buffer Weight(+2000 ft) :</b> <font color='blue'>-8684 lbs</font></span><br><br><span style='white-space: nowrap;'>-<b>Fuel :</b> <font color='blue'>50759 lbs</font></span><br><br><span style='white-space: nowrap;'>-<b>OAT :</b> <font color='blue'>-47</font></span><br><br><span style='white-space: nowrap;'>-<b>TAS :</b> <font color='blue'>463</font></span><br><br><span style='white-space: nowrap;'>-<b>TAT :</b> <font color='blue'>-18</font></span><br><br><span style='white-space: nowrap;'>-<b>Time 1 :</b> <font color='blue'>T/O + 01:48</font></span><br><br><span style='white-space: nowrap;'>-<b>Time 2 :</b> <font color='blue'>14:03Z, 12</font></span><br><br><span style='white-space: nowrap;'>-<b>Wind factor :</b> <font color='blue'>T.W 49kt</font></span><br><br><span style='white-space: nowrap;'>-<b>Shear rate :</b> <font color='blue'>3</font></span><br><br><span style='white-space: nowrap;'>-<b>MORA :</b> <font color='blue'>1000 ft</font></span><br><br>]]></description>
		<styleUrl>#style_250</styleUrl>
		<Point>
			<extrude>1</extrude>
			<altitudeMode>absolute</altitudeMode>
			<coordinates>143.233333,37.856667,11277.6</coordinates>
		</Point>
	</Placemark>
	<Placemark>
		<name>OATIS</name>
		<description><![CDATA[<span style='white-space: nowrap;'>-<b>Airway :</b> <font color='blue'>OTR3</font></span><br><br><span style='white-space: nowrap;'>-<b>Altitude :</b> <font color='blue'>FL370</font></span><br><br><span style='white-space: nowrap;'>-<b>Weight :</b> <font color='blue'>154705 lbs</font></span><br><br><span style='white-space: nowrap;'>-<b>Buffer Weight :</b> <font color='blue'>6545 lbs</font></span><br><br><span style='white-space: nowrap;'>-<b>Buffer Weight(+2000 ft) :</b> <font color='blue'>-8555 lbs</font></span><br><br><span style='white-space: nowrap;'>-<b>Fuel :</b> <font color='blue'>50595 lbs</font></span><br><br><span style='white-space: nowrap;'>-<b>OAT :</b> <font color='blue'>-47</font></span><br><br><span style='white-space: nowrap;'>-<b>TAS :</b> <font color='blue'>463</font></span><br><br><span style='white-space: nowrap;'>-<b>TAT :</b> <font color='blue'>-18</font></span><br><br><span style='white-space: nowrap;'>-<b>Time 1 :</b> <font color='blue'>T/O + 01:50</font></span><br><br><span style='white-space: nowrap;'>-<b>Time 2 :</b> <font color='blue'>14:05Z, 12</font></span><br><br><span style='white-space: nowrap;'>-<b>Wind factor :</b> <font color='blue'>T.W 50kt</font></span><br><br><span style='white-space: nowrap;'>-<b>Shear rate :</b> <font color='blue'>4</font></span><br><br><span style='white-space: nowrap;'>-<b>MORA :</b> <font color='blue'>1000 ft</font></span><br><br>]]></description>
		<styleUrl>#style_26</styleUrl>
		<Point>
			<extrude>1</extrude>
			<altitudeMode>absolute</altitudeMode>
			<coordinates>143.54,37.816667,11277.6</coordinates>
		</Point>
	</Placemark>
	<Placemark>
		<name>PUTER</name>
		<description><![CDATA[<span style='white-space: nowrap;'>-<b>Airway :</b> <font color='blue'>A590</font></span><br><br><span style='white-space: nowrap;'>-<b>Altitude :</b> <font color='blue'>FL370</font></span><br><br><span style='white-space: nowrap;'>-<b>Weight :</b> <font color='blue'>153640 lbs</font></span><br><br><span style='white-space: nowrap;'>-<b>Buffer Weight :</b> <font color='blue'>7750 lbs</font></span><br><br><span style='white-space: nowrap;'>-<b>Buffer Weight(+2000 ft) :</b> <font color='blue'>-7350 lbs</font></span><br><br><span style='white-space: nowrap;'>-<b>Fuel :</b> <font color='blue'>49530 lbs</font></span><br><br><span style='white-space: nowrap;'>-<b>OAT :</b> <font color='blue'>-47</font></span><br><br><span style='white-space: nowrap;'>-<b>TAS :</b> <font color='blue'>463</font></span><br><br><span style='white-space: nowrap;'>-<b>TAT :</b> <font color='blue'>-18</font></span><br><br><span style='white-space: nowrap;'>-<b>Time 1 :</b> <font color='blue'>T/O + 02:01</font></span><br><br><span style='white-space: nowrap;'>-<b>Time 2 :</b> <font color='blue'>14:16Z, 12</font></span><br><br><span style='white-space: nowrap;'>-<b>Wind factor :</b> <font color='blue'>T.W 46kt</font></span><br><br><span style='white-space: nowrap;'>-<b>Shear rate :</b> <font color='blue'>4</font></span><br><br><span style='white-space: nowrap;'>-<b>MORA :</b> <font color='blue'>1000 ft</font></span><br><br>]]></description>
		<styleUrl>#style_27</styleUrl>
		<Point>
			<extrude>1</extrude>
			<altitudeMode>absolute</altitudeMode>
			<coordinates>145.518333,38.331667,11277.6</coordinates>
		</Point>
	</Placemark>
	<Placemark>
		<name>POXED</name>
		<description><![CDATA[<span style='white-space: nowrap;'>-<b>Airway :</b> <font color='blue'>A590</font></span><br><br><span style='white-space: nowrap;'>-<b>Altitude :</b> <font color='blue'>FL370</font></span><br><br><span style='white-space: nowrap;'>-<b>Weight :</b> <font color='blue'>151070 lbs</font></span><br><br><span style='white-space: nowrap;'>-<b>Buffer Weight :</b> <font color='blue'>11790 lbs</font></span><br><br><span style='white-space: nowrap;'>-<b>Buffer Weight(+2000 ft) :</b> <font color='blue'>-3310 lbs</font></span><br><br><span style='white-space: nowrap;'>-<b>Fuel :</b> <font color='blue'>46960 lbs</font></span><br><br><span style='white-space: nowrap;'>-<b>OAT :</b> <font color='blue'>-47</font></span><br><br><span style='white-space: nowrap;'>-<b>TAS :</b> <font color='blue'>463</font></span><br><br><span style='white-space: nowrap;'>-<b>TAT :</b> <font color='blue'>-18</font></span><br><br><span style='white-space: nowrap;'>-<b>Time 1 :</b> <font color='blue'>T/O + 02:28</font></span><br><br><span style='white-space: nowrap;'>-<b>Time 2 :</b> <font color='blue'>14:43Z, 12</font></span><br><br><span style='white-space: nowrap;'>-<b>Wind factor :</b> <font color='blue'>T.W 4kt</font></span><br><br><span style='white-space: nowrap;'>-<b>Shear rate :</b> <font color='blue'>3</font></span><br><br><span style='white-space: nowrap;'>-<b>MORA :</b> <font color='blue'>1000 ft</font></span><br><br>]]></description>
		<styleUrl>#style_28</styleUrl>
		<Point>
			<extrude>1</extrude>
			<altitudeMode>absolute</altitudeMode>
			<coordinates>148.941667,41.085,11277.6</coordinates>
		</Point>
	</Placemark>
	<Placemark>
		<name>PUGAL</name>
		<description><![CDATA[<span style='white-space: nowrap;'>-<b>Airway :</b> <font color='blue'>A590</font></span><br><br><span style='white-space: nowrap;'>-<b>Altitude :</b> <font color='blue'>FL370</font></span><br><br><span style='white-space: nowrap;'>-<b>Weight :</b> <font color='blue'>147183 lbs</font></span><br><br><span style='white-space: nowrap;'>-<b>Buffer Weight :</b> <font color='blue'>15817 lbs</font></span><br><br><span style='white-space: nowrap;'>-<b>Buffer Weight(+2000 ft) :</b> <font color='blue'>717 lbs</font></span><br><br><span style='white-space: nowrap;'>-<b>Fuel :</b> <font color='blue'>43073 lbs</font></span><br><br><span style='white-space: nowrap;'>-<b>OAT :</b> <font color='blue'>-47</font></span><br><br><span style='white-space: nowrap;'>-<b>TAS :</b> <font color='blue'>463</font></span><br><br><span style='white-space: nowrap;'>-<b>TAT :</b> <font color='blue'>-18</font></span><br><br><span style='white-space: nowrap;'>-<b>Time 1 :</b> <font color='blue'>T/O + 03:09</font></span><br><br><span style='white-space: nowrap;'>-<b>Time 2 :</b> <font color='blue'>15:24Z, 12</font></span><br><br><span style='white-space: nowrap;'>-<b>Wind factor :</b> <font color='blue'>H.W 19KT</font></span><br><br><span style='white-space: nowrap;'>-<b>Shear rate :</b> <font color='blue'>2</font></span><br><br><span style='white-space: nowrap;'>-<b>MORA :</b> <font color='blue'>1000 ft</font></span><br><br>]]></description>
		<styleUrl>#style_29</styleUrl>
		<Point>
			<extrude>1</extrude>
			<altitudeMode>absolute</altitudeMode>
			<coordinates>154.416667,44.858333,11277.6</coordinates>
		</Point>
	</Placemark>
	<Placemark>
		<name>-ETP-1</name>
		<description><![CDATA[<span style='white-space: nowrap;'>-<b>Airway :</b> <font color='blue'>A590</font></span><br><br><span style='white-space: nowrap;'>-<b>Altitude :</b> <font color='blue'>FL370</font></span><br><br><span style='white-space: nowrap;'>-<b>Weight :</b> <font color='blue'>146952 lbs</font></span><br><br><span style='white-space: nowrap;'>-<b>Buffer Weight :</b> <font color='blue'>16048 lbs</font></span><br><br><span style='white-space: nowrap;'>-<b>Buffer Weight(+2000 ft) :</b> <font color='blue'>948 lbs</font></span><br><br><span style='white-space: nowrap;'>-<b>Fuel :</b> <font color='blue'>42842 lbs</font></span><br><br><span style='white-space: nowrap;'>-<b>OAT :</b> <font color='blue'>-52</font></span><br><br><span style='white-space: nowrap;'>-<b>TAS :</b> <font color='blue'>458</font></span><br><br><span style='white-space: nowrap;'>-<b>TAT :</b> <font color='blue'>-24</font></span><br><br><span style='white-space: nowrap;'>-<b>Time 1 :</b> <font color='blue'>T/O + 03:12</font></span><br><br><span style='white-space: nowrap;'>-<b>Time 2 :</b> <font color='blue'>15:27Z, 12</font></span><br><br><span style='white-space: nowrap;'>-<b>Wind factor :</b> <font color='blue'>H.W 4KT</font></span><br><br><span style='white-space: nowrap;'>-<b>Shear rate :</b> <font color='blue'>4</font></span><br><br><span style='white-space: nowrap;'>-<b>MORA :</b> <font color='blue'>1000 ft</font></span><br><br>]]></description>
		<styleUrl>#style_30</styleUrl>
		<Point>
			<extrude>1</extrude>
			<altitudeMode>absolute</altitudeMode>
			<coordinates>154.766667,45.07,11277.6</coordinates>
		</Point>
	</Placemark>
	<Placemark>
		<name>PASRO</name>
		<description><![CDATA[<span style='white-space: nowrap;'>-<b>Airway :</b> <font color='blue'>A590</font></span><br><br><span style='white-space: nowrap;'>-<b>Altitude :</b> <font color='blue'>FL370</font></span><br><br><span style='white-space: nowrap;'>-<b>Weight :</b> <font color='blue'>143290 lbs</font></span><br><br><span style='white-space: nowrap;'>-<b>Buffer Weight :</b> <font color='blue'>19710 lbs</font></span><br><br><span style='white-space: nowrap;'>-<b>Buffer Weight(+2000 ft) :</b> <font color='blue'>4610 lbs</font></span><br><br><span style='white-space: nowrap;'>-<b>Fuel :</b> <font color='blue'>39180 lbs</font></span><br><br><span style='white-space: nowrap;'>-<b>OAT :</b> <font color='blue'>-52</font></span><br><br><span style='white-space: nowrap;'>-<b>TAS :</b> <font color='blue'>458</font></span><br><br><span style='white-space: nowrap;'>-<b>TAT :</b> <font color='blue'>-24</font></span><br><br><span style='white-space: nowrap;'>-<b>Time 1 :</b> <font color='blue'>T/O + 03:53</font></span><br><br><span style='white-space: nowrap;'>-<b>Time 2 :</b> <font color='blue'>16:08Z, 12</font></span><br><br><span style='white-space: nowrap;'>-<b>Wind factor :</b> <font color='blue'>H.W 4KT</font></span><br><br><span style='white-space: nowrap;'>-<b>Shear rate :</b> <font color='blue'>4</font></span><br><br><span style='white-space: nowrap;'>-<b>MORA :</b> <font color='blue'>1000 ft</font></span><br><br>]]></description>
		<styleUrl>#style_310</styleUrl>
		<Point>
			<extrude>1</extrude>
			<altitudeMode>absolute</altitudeMode>
			<coordinates>160.681667,48.278333,11277.6</coordinates>
		</Point>
	</Placemark>
	<Placemark>
		<name>POWAL</name>
		<description><![CDATA[<span style='white-space: nowrap;'>-<b>Airway :</b> <font color='blue'>A590</font></span><br><br><span style='white-space: nowrap;'>-<b>Altitude :</b> <font color='blue'>FL390</font></span><br><br><span style='white-space: nowrap;'>-<b>Weight :</b> <font color='blue'>140812 lbs</font></span><br><br><span style='white-space: nowrap;'>-<b>Buffer Weight :</b> <font color='blue'>7088 lbs</font></span><br><br><span style='white-space: nowrap;'>-<b>Buffer Weight(+2000 ft) :</b> <font color='blue'>-6512 lbs</font></span><br><br><span style='white-space: nowrap;'>-<b>Fuel :</b> <font color='blue'>36702 lbs</font></span><br><br><span style='white-space: nowrap;'>-<b>OAT :</b> <font color='blue'>-58</font></span><br><br><span style='white-space: nowrap;'>-<b>TAS :</b> <font color='blue'>451</font></span><br><br><span style='white-space: nowrap;'>-<b>TAT :</b> <font color='blue'>-31</font></span><br><br><span style='white-space: nowrap;'>-<b>Time 1 :</b> <font color='blue'>T/O + 04:20</font></span><br><br><span style='white-space: nowrap;'>-<b>Time 2 :</b> <font color='blue'>16:35Z, 12</font></span><br><br><span style='white-space: nowrap;'>-<b>Wind factor :</b> <font color='blue'>H.W 1KT</font></span><br><br><span style='white-space: nowrap;'>-<b>Shear rate :</b> <font color='blue'>3</font></span><br><br><span style='white-space: nowrap;'>-<b>MORA :</b> <font color='blue'>1000 ft</font></span><br><br>]]></description>
		<styleUrl>#style_32</styleUrl>
		<Point>
			<extrude>1</extrude>
			<altitudeMode>absolute</altitudeMode>
			<coordinates>165.123333,50.175,11887.2</coordinates>
		</Point>
	</Placemark>
	<Placemark>
		<name>PLADO</name>
		<description><![CDATA[<span style='white-space: nowrap;'>-<b>Airway :</b> <font color='blue'>A590</font></span><br><br><span style='white-space: nowrap;'>-<b>Altitude :</b> <font color='blue'>FL390</font></span><br><br><span style='white-space: nowrap;'>-<b>Weight :</b> <font color='blue'>138084 lbs</font></span><br><br><span style='white-space: nowrap;'>-<b>Buffer Weight :</b> <font color='blue'>9466 lbs</font></span><br><br><span style='white-space: nowrap;'>-<b>Buffer Weight(+2000 ft) :</b> <font color='blue'>-4134 lbs</font></span><br><br><span style='white-space: nowrap;'>-<b>Fuel :</b> <font color='blue'>33974 lbs</font></span><br><br><span style='white-space: nowrap;'>-<b>OAT :</b> <font color='blue'>-63</font></span><br><br><span style='white-space: nowrap;'>-<b>TAS :</b> <font color='blue'>446</font></span><br><br><span style='white-space: nowrap;'>-<b>TAT :</b> <font color='blue'>-37</font></span><br><br><span style='white-space: nowrap;'>-<b>Time 1 :</b> <font color='blue'>T/O + 04:53</font></span><br><br><span style='white-space: nowrap;'>-<b>Time 2 :</b> <font color='blue'>17:08Z, 12</font></span><br><br><span style='white-space: nowrap;'>-<b>Wind factor :</b> <font color='blue'>T.W 10kt</font></span><br><br><span style='white-space: nowrap;'>-<b>Shear rate :</b> <font color='blue'>2</font></span><br><br><span style='white-space: nowrap;'>-<b>MORA :</b> <font color='blue'>1000 ft</font></span><br><br>]]></description>
		<styleUrl>#style_33</styleUrl>
		<Point>
			<extrude>1</extrude>
			<altitudeMode>absolute</altitudeMode>
			<coordinates>170.738333,52.12,11887.2</coordinates>
		</Point>
	</Placemark>
	<Placemark>
		<name>PINSO</name>
		<description><![CDATA[<span style='white-space: nowrap;'>-<b>Airway :</b> <font color='blue'>A590</font></span><br><br><span style='white-space: nowrap;'>-<b>Altitude :</b> <font color='blue'>FL390</font></span><br><br><span style='white-space: nowrap;'>-<b>Weight :</b> <font color='blue'>136633 lbs</font></span><br><br><span style='white-space: nowrap;'>-<b>Buffer Weight :</b> <font color='blue'>10777 lbs</font></span><br><br><span style='white-space: nowrap;'>-<b>Buffer Weight(+2000 ft) :</b> <font color='blue'>-2823 lbs</font></span><br><br><span style='white-space: nowrap;'>-<b>Fuel :</b> <font color='blue'>32523 lbs</font></span><br><br><span style='white-space: nowrap;'>-<b>OAT :</b> <font color='blue'>-65</font></span><br><br><span style='white-space: nowrap;'>-<b>TAS :</b> <font color='blue'>444</font></span><br><br><span style='white-space: nowrap;'>-<b>TAT :</b> <font color='blue'>-39</font></span><br><br><span style='white-space: nowrap;'>-<b>Time 1 :</b> <font color='blue'>T/O + 05:10</font></span><br><br><span style='white-space: nowrap;'>-<b>Time 2 :</b> <font color='blue'>17:25Z, 12</font></span><br><br><span style='white-space: nowrap;'>-<b>Wind factor :</b> <font color='blue'>T.W 14kt</font></span><br><br><span style='white-space: nowrap;'>-<b>Shear rate :</b> <font color='blue'>1</font></span><br><br><span style='white-space: nowrap;'>-<b>MORA :</b> <font color='blue'>5200 ft</font></span><br><br>]]></description>
		<styleUrl>#style_34</styleUrl>
		<Point>
			<extrude>1</extrude>
			<altitudeMode>absolute</altitudeMode>
			<coordinates>173.548333,53.535,11887.2</coordinates>
		</Point>
	</Placemark>
	<Placemark>
		<name>POOFF</name>
		<description><![CDATA[<span style='white-space: nowrap;'>-<b>Airway :</b> <font color='blue'>A590</font></span><br><br><span style='white-space: nowrap;'>-<b>Altitude :</b> <font color='blue'>FL390</font></span><br><br><span style='white-space: nowrap;'>-<b>Weight :</b> <font color='blue'>134393 lbs</font></span><br><br><span style='white-space: nowrap;'>-<b>Buffer Weight :</b> <font color='blue'>12737 lbs</font></span><br><br><span style='white-space: nowrap;'>-<b>Buffer Weight(+2000 ft) :</b> <font color='blue'>-863 lbs</font></span><br><br><span style='white-space: nowrap;'>-<b>Fuel :</b> <font color='blue'>30283 lbs</font></span><br><br><span style='white-space: nowrap;'>-<b>OAT :</b> <font color='blue'>-63</font></span><br><br><span style='white-space: nowrap;'>-<b>TAS :</b> <font color='blue'>446</font></span><br><br><span style='white-space: nowrap;'>-<b>TAT :</b> <font color='blue'>-37</font></span><br><br><span style='white-space: nowrap;'>-<b>Time 1 :</b> <font color='blue'>T/O + 05:38</font></span><br><br><span style='white-space: nowrap;'>-<b>Time 2 :</b> <font color='blue'>17:53Z, 12</font></span><br><br><span style='white-space: nowrap;'>-<b>Wind factor :</b> <font color='blue'>T.W 22kt</font></span><br><br><span style='white-space: nowrap;'>-<b>Shear rate :</b> <font color='blue'>2</font></span><br><br><span style='white-space: nowrap;'>-<b>MORA :</b> <font color='blue'>5100 ft</font></span><br><br>]]></description>
		<styleUrl>#style_35</styleUrl>
		<Point>
			<extrude>1</extrude>
			<altitudeMode>absolute</altitudeMode>
			<coordinates>178.726667,55.323333,11887.2</coordinates>
		</Point>
	</Placemark>
	<Placemark>
		<name>PINTT</name>
		<description><![CDATA[<span style='white-space: nowrap;'>-<b>Airway :</b> <font color='blue'>A590</font></span><br><br><span style='white-space: nowrap;'>-<b>Altitude :</b> <font color='blue'>FL390</font></span><br><br><span style='white-space: nowrap;'>-<b>Weight :</b> <font color='blue'>132308 lbs</font></span><br><br><span style='white-space: nowrap;'>-<b>Buffer Weight :</b> <font color='blue'>14437 lbs</font></span><br><br><span style='white-space: nowrap;'>-<b>Buffer Weight(+2000 ft) :</b> <font color='blue'>837 lbs</font></span><br><br><span style='white-space: nowrap;'>-<b>Fuel :</b> <font color='blue'>28198 lbs</font></span><br><br><span style='white-space: nowrap;'>-<b>OAT :</b> <font color='blue'>-59</font></span><br><br><span style='white-space: nowrap;'>-<b>TAS :</b> <font color='blue'>450</font></span><br><br><span style='white-space: nowrap;'>-<b>TAT :</b> <font color='blue'>-32</font></span><br><br><span style='white-space: nowrap;'>-<b>Time 1 :</b> <font color='blue'>T/O + 06:03</font></span><br><br><span style='white-space: nowrap;'>-<b>Time 2 :</b> <font color='blue'>18:18Z, 12</font></span><br><br><span style='white-space: nowrap;'>-<b>Wind factor :</b> <font color='blue'>T.W 33kt</font></span><br><br><span style='white-space: nowrap;'>-<b>Shear rate :</b> <font color='blue'>4</font></span><br><br><span style='white-space: nowrap;'>-<b>MORA :</b> <font color='blue'>1000 ft</font></span><br><br>]]></description>
		<styleUrl>#style_36</styleUrl>
		<Point>
			<extrude>1</extrude>
			<altitudeMode>absolute</altitudeMode>
			<coordinates>-175.88,56.823333,11887.2</coordinates>
		</Point>
	</Placemark>
	<Placemark>
		<name>PTZGR</name>
		<description><![CDATA[<span style='white-space: nowrap;'>-<b>Airway :</b> <font color='blue'>A590</font></span><br><br><span style='white-space: nowrap;'>-<b>Altitude :</b> <font color='blue'>FL390</font></span><br><br><span style='white-space: nowrap;'>-<b>Weight :</b> <font color='blue'>131504 lbs</font></span><br><br><span style='white-space: nowrap;'>-<b>Buffer Weight :</b> <font color='blue'>14961 lbs</font></span><br><br><span style='white-space: nowrap;'>-<b>Buffer Weight(+2000 ft) :</b> <font color='blue'>1361 lbs</font></span><br><br><span style='white-space: nowrap;'>-<b>Fuel :</b> <font color='blue'>27394 lbs</font></span><br><br><span style='white-space: nowrap;'>-<b>OAT :</b> <font color='blue'>-55</font></span><br><br><span style='white-space: nowrap;'>-<b>TAS :</b> <font color='blue'>455</font></span><br><br><span style='white-space: nowrap;'>-<b>TAT :</b> <font color='blue'>-27</font></span><br><br><span style='white-space: nowrap;'>-<b>Time 1 :</b> <font color='blue'>T/O + 06:13</font></span><br><br><span style='white-space: nowrap;'>-<b>Time 2 :</b> <font color='blue'>18:28Z, 12</font></span><br><br><span style='white-space: nowrap;'>-<b>Wind factor :</b> <font color='blue'>T.W 41kt</font></span><br><br><span style='white-space: nowrap;'>-<b>Shear rate :</b> <font color='blue'>5</font></span><br><br><span style='white-space: nowrap;'>-<b>MORA :</b> <font color='blue'>1000 ft</font></span><br><br>]]></description>
		<styleUrl>#style_37</styleUrl>
		<Point>
			<extrude>1</extrude>
			<altitudeMode>absolute</altitudeMode>
			<coordinates>-173.685,57.335,11887.2</coordinates>
		</Point>
	</Placemark>
	<Placemark>
		<name>PUGGY</name>
		<description><![CDATA[<span style='white-space: nowrap;'>-<b>Airway :</b> <font color='blue'>A590</font></span><br><br><span style='white-space: nowrap;'>-<b>Altitude :</b> <font color='blue'>FL410</font></span><br><br><span style='white-space: nowrap;'>-<b>Weight :</b> <font color='blue'>130397 lbs</font></span><br><br><span style='white-space: nowrap;'>-<b>Buffer Weight :</b> <font color='blue'>2643 lbs</font></span><br><br><span style='white-space: nowrap;'>-<b>Fuel :</b> <font color='blue'>26287 lbs</font></span><br><br><span style='white-space: nowrap;'>-<b>OAT :</b> <font color='blue'>-50</font></span><br><br><span style='white-space: nowrap;'>-<b>TAS :</b> <font color='blue'>458</font></span><br><br><span style='white-space: nowrap;'>-<b>TAT :</b> <font color='blue'>-22</font></span><br><br><span style='white-space: nowrap;'>-<b>Time 1 :</b> <font color='blue'>T/O + 06:26</font></span><br><br><span style='white-space: nowrap;'>-<b>Time 2 :</b> <font color='blue'>18:41Z, 12</font></span><br><br><span style='white-space: nowrap;'>-<b>Wind factor :</b> <font color='blue'>T.W 36kt</font></span><br><br><span style='white-space: nowrap;'>-<b>Shear rate :</b> <font color='blue'>3</font></span><br><br><span style='white-space: nowrap;'>-<b>MORA :</b> <font color='blue'>2000 ft</font></span><br><br>]]></description>
		<styleUrl>#style_38</styleUrl>
		<Point>
			<extrude>1</extrude>
			<altitudeMode>absolute</altitudeMode>
			<coordinates>-170.765,57.95666700000001,12496.8</coordinates>
		</Point>
	</Placemark>
	<Placemark>
		<name>-ETP-2</name>
		<description><![CDATA[<span style='white-space: nowrap;'>-<b>Airway :</b> <font color='blue'>A590</font></span><br><br><span style='white-space: nowrap;'>-<b>Altitude :</b> <font color='blue'>FL410</font></span><br><br><span style='white-space: nowrap;'>-<b>Weight :</b> <font color='blue'>130328 lbs</font></span><br><br><span style='white-space: nowrap;'>-<b>Buffer Weight :</b> <font color='blue'>3097 lbs</font></span><br><br><span style='white-space: nowrap;'>-<b>Fuel :</b> <font color='blue'>26218 lbs</font></span><br><br><span style='white-space: nowrap;'>-<b>OAT :</b> <font color='blue'>-47</font></span><br><br><span style='white-space: nowrap;'>-<b>TAS :</b> <font color='blue'>462</font></span><br><br><span style='white-space: nowrap;'>-<b>TAT :</b> <font color='blue'>-19</font></span><br><br><span style='white-space: nowrap;'>-<b>Time 1 :</b> <font color='blue'>T/O + 06:27</font></span><br><br><span style='white-space: nowrap;'>-<b>Time 2 :</b> <font color='blue'>18:42Z, 12</font></span><br><br><span style='white-space: nowrap;'>-<b>Wind factor :</b> <font color='blue'>T.W 25kt</font></span><br><br><span style='white-space: nowrap;'>-<b>Shear rate :</b> <font color='blue'>2</font></span><br><br><span style='white-space: nowrap;'>-<b>MORA :</b> <font color='blue'>2000 ft</font></span><br><br>]]></description>
		<styleUrl>#style_39</styleUrl>
		<Point>
			<extrude>1</extrude>
			<altitudeMode>absolute</altitudeMode>
			<coordinates>-170.571667,57.998333,12496.8</coordinates>
		</Point>
	</Placemark>
	<Placemark>
		<name>POETT</name>
		<description><![CDATA[<span style='white-space: nowrap;'>-<b>Airway :</b> <font color='blue'>A590</font></span><br><br><span style='white-space: nowrap;'>-<b>Altitude :</b> <font color='blue'>FL410</font></span><br><br><span style='white-space: nowrap;'>-<b>Weight :</b> <font color='blue'>129073 lbs</font></span><br><br><span style='white-space: nowrap;'>-<b>Buffer Weight :</b> <font color='blue'>4317 lbs</font></span><br><br><span style='white-space: nowrap;'>-<b>Fuel :</b> <font color='blue'>24963 lbs</font></span><br><br><span style='white-space: nowrap;'>-<b>OAT :</b> <font color='blue'>-47</font></span><br><br><span style='white-space: nowrap;'>-<b>TAS :</b> <font color='blue'>462</font></span><br><br><span style='white-space: nowrap;'>-<b>TAT :</b> <font color='blue'>-19</font></span><br><br><span style='white-space: nowrap;'>-<b>Time 1 :</b> <font color='blue'>T/O + 06:42</font></span><br><br><span style='white-space: nowrap;'>-<b>Time 2 :</b> <font color='blue'>18:57Z, 12</font></span><br><br><span style='white-space: nowrap;'>-<b>Wind factor :</b> <font color='blue'>T.W 26kt</font></span><br><br><span style='white-space: nowrap;'>-<b>Shear rate :</b> <font color='blue'>2</font></span><br><br><span style='white-space: nowrap;'>-<b>MORA :</b> <font color='blue'>2000 ft</font></span><br><br>]]></description>
		<styleUrl>#style_40</styleUrl>
		<Point>
			<extrude>1</extrude>
			<altitudeMode>absolute</altitudeMode>
			<coordinates>-166.99,58.703333,12496.8</coordinates>
		</Point>
	</Placemark>
	<Placemark>
		<name>SELDM</name>
		<description><![CDATA[<span style='white-space: nowrap;'>-<b>Airway :</b> <font color='blue'>A590</font></span><br><br><span style='white-space: nowrap;'>-<b>Altitude :</b> <font color='blue'>FL410</font></span><br><br><span style='white-space: nowrap;'>-<b>Weight :</b> <font color='blue'>128716 lbs</font></span><br><br><span style='white-space: nowrap;'>-<b>Buffer Weight :</b> <font color='blue'>4674 lbs</font></span><br><br><span style='white-space: nowrap;'>-<b>Fuel :</b> <font color='blue'>24606 lbs</font></span><br><br><span style='white-space: nowrap;'>-<b>OAT :</b> <font color='blue'>-46</font></span><br><br><span style='white-space: nowrap;'>-<b>TAS :</b> <font color='blue'>464</font></span><br><br><span style='white-space: nowrap;'>-<b>TAT :</b> <font color='blue'>-17</font></span><br><br><span style='white-space: nowrap;'>-<b>Time 1 :</b> <font color='blue'>T/O + 06:46</font></span><br><br><span style='white-space: nowrap;'>-<b>Time 2 :</b> <font color='blue'>19:01Z, 12</font></span><br><br><span style='white-space: nowrap;'>-<b>Wind factor :</b> <font color='blue'>T.W 26kt</font></span><br><br><span style='white-space: nowrap;'>-<b>Shear rate :</b> <font color='blue'>2</font></span><br><br><span style='white-space: nowrap;'>-<b>MORA :</b> <font color='blue'>1000 ft</font></span><br><br>]]></description>
		<styleUrl>#style_41</styleUrl>
		<Point>
			<extrude>1</extrude>
			<altitudeMode>absolute</altitudeMode>
			<coordinates>-165.948333,58.888333,12496.8</coordinates>
		</Point>
	</Placemark>
	<Placemark>
		<name>PORGE</name>
		<description><![CDATA[<span style='white-space: nowrap;'>-<b>Airway :</b> <font color='blue'>A590</font></span><br><br><span style='white-space: nowrap;'>-<b>Altitude :</b> <font color='blue'>FL410</font></span><br><br><span style='white-space: nowrap;'>-<b>Weight :</b> <font color='blue'>127510 lbs</font></span><br><br><span style='white-space: nowrap;'>-<b>Buffer Weight :</b> <font color='blue'>6475 lbs</font></span><br><br><span style='white-space: nowrap;'>-<b>Fuel :</b> <font color='blue'>23400 lbs</font></span><br><br><span style='white-space: nowrap;'>-<b>OAT :</b> <font color='blue'>-45</font></span><br><br><span style='white-space: nowrap;'>-<b>TAS :</b> <font color='blue'>464</font></span><br><br><span style='white-space: nowrap;'>-<b>TAT :</b> <font color='blue'>-17</font></span><br><br><span style='white-space: nowrap;'>-<b>Time 1 :</b> <font color='blue'>T/O + 07:01</font></span><br><br><span style='white-space: nowrap;'>-<b>Time 2 :</b> <font color='blue'>19:16Z, 12</font></span><br><br><span style='white-space: nowrap;'>-<b>Wind factor :</b> <font color='blue'>T.W 9kt</font></span><br><br><span style='white-space: nowrap;'>-<b>Shear rate :</b> <font color='blue'>1</font></span><br><br><span style='white-space: nowrap;'>-<b>MORA :</b> <font color='blue'>1800 ft</font></span><br><br>]]></description>
		<styleUrl>#style_42</styleUrl>
		<Point>
			<extrude>1</extrude>
			<altitudeMode>absolute</altitudeMode>
			<coordinates>-162.321667,59.456667,12496.8</coordinates>
		</Point>
	</Placemark>
	<Placemark>
		<name>HAMND</name>
		<description><![CDATA[<span style='white-space: nowrap;'>-<b>Airway :</b> <font color='blue'>NEELL7</font></span><br><br><span style='white-space: nowrap;'>-<b>Altitude :</b> <font color='blue'>FL410</font></span><br><br><span style='white-space: nowrap;'>-<b>Weight :</b> <font color='blue'>125064 lbs</font></span><br><br><span style='white-space: nowrap;'>-<b>Buffer Weight :</b> <font color='blue'>9236 lbs</font></span><br><br><span style='white-space: nowrap;'>-<b>Fuel :</b> <font color='blue'>20954 lbs</font></span><br><br><span style='white-space: nowrap;'>-<b>OAT :</b> <font color='blue'>-45</font></span><br><br><span style='white-space: nowrap;'>-<b>TAS :</b> <font color='blue'>465</font></span><br><br><span style='white-space: nowrap;'>-<b>TAT :</b> <font color='blue'>-16</font></span><br><br><span style='white-space: nowrap;'>-<b>Time 1 :</b> <font color='blue'>T/O + 07:31</font></span><br><br><span style='white-space: nowrap;'>-<b>Time 2 :</b> <font color='blue'>19:46Z, 12</font></span><br><br><span style='white-space: nowrap;'>-<b>Wind factor :</b> <font color='blue'>H.W 5KT</font></span><br><br><span style='white-space: nowrap;'>-<b>Shear rate :</b> <font color='blue'>1</font></span><br><br><span style='white-space: nowrap;'>-<b>MORA :</b> <font color='blue'>7400 ft</font></span><br><br>]]></description>
		<styleUrl>#style_430</styleUrl>
		<Point>
			<extrude>1</extrude>
			<altitudeMode>absolute</altitudeMode>
			<coordinates>-154.676667,60.49833300000001,12496.8</coordinates>
		</Point>
	</Placemark>
	<Placemark>
		<name>-TOD-</name>
		<description><![CDATA[<span style='white-space: nowrap;'>-<b>Airway :</b> <font color='blue'>NEELL7</font></span><br><br><span style='white-space: nowrap;'>-<b>Altitude :</b> <font color='blue'>FL410</font></span><br><br><span style='white-space: nowrap;'>-<b>Weight :</b> <font color='blue'>124714 lbs</font></span><br><br><span style='white-space: nowrap;'>-<b>Buffer Weight :</b> <font color='blue'>9586 lbs</font></span><br><br><span style='white-space: nowrap;'>-<b>Fuel :</b> <font color='blue'>20604 lbs</font></span><br><br><span style='white-space: nowrap;'>-<b>OAT :</b> <font color='blue'>-45</font></span><br><br><span style='white-space: nowrap;'>-<b>TAS :</b> <font color='blue'>465</font></span><br><br><span style='white-space: nowrap;'>-<b>TAT :</b> <font color='blue'>-16</font></span><br><br><span style='white-space: nowrap;'>-<b>Time 1 :</b> <font color='blue'>T/O + 07:35</font></span><br><br><span style='white-space: nowrap;'>-<b>Time 2 :</b> <font color='blue'>19:50Z, 12</font></span><br><br><span style='white-space: nowrap;'>-<b>Wind factor :</b> <font color='blue'>H.W 8KT</font></span><br><br><span style='white-space: nowrap;'>-<b>Shear rate :</b> <font color='blue'>1</font></span><br><br><span style='white-space: nowrap;'>-<b>MORA :</b> <font color='blue'>12500 ft</font></span><br><br>]]></description>
		<styleUrl>#style_44</styleUrl>
		<Point>
			<extrude>1</extrude>
			<altitudeMode>absolute</altitudeMode>
			<coordinates>-153.55,60.645,12496.8</coordinates>
		</Point>
	</Placemark>
	<Placemark>
		<name>BTWEN</name>
		<description><![CDATA[<span style='white-space: nowrap;'>-<b>Airway :</b> <font color='blue'>NEELL7</font></span><br><br><span style='white-space: nowrap;'>-<b>Altitude :</b> <font color='blue'>FL314</font></span><br><br><span style='white-space: nowrap;'>-<b>Weight :</b> <font color='blue'>124607 lbs</font></span><br><br><span style='white-space: nowrap;'>-<b>Buffer Weight :</b> <font color='blue'>43193 lbs</font></span><br><br><span style='white-space: nowrap;'>-<b>Buffer Weight(+2000 ft) :</b> <font color='blue'>43193 lbs</font></span><br><br><span style='white-space: nowrap;'>-<b>Fuel :</b> <font color='blue'>20497 lbs</font></span><br><br><span style='white-space: nowrap;'>-<b>OAT :</b> <font color='blue'>-50</font></span><br><br><span style='white-space: nowrap;'>-<b>TAS :</b> <font color='blue'>459</font></span><br><br><span style='white-space: nowrap;'>-<b>TAT :</b> <font color='blue'>-22</font></span><br><br><span style='white-space: nowrap;'>-<b>Time 1 :</b> <font color='blue'>T/O + 07:38</font></span><br><br><span style='white-space: nowrap;'>-<b>Time 2 :</b> <font color='blue'>19:53Z, 12</font></span><br><br><span style='white-space: nowrap;'>-<b>Wind factor :</b> <font color='blue'>H.W 7KT</font></span><br><br><span style='white-space: nowrap;'>-<b>Shear rate :</b> <font color='blue'>1</font></span><br><br><span style='white-space: nowrap;'>-<b>MORA :</b> <font color='blue'>12500 ft</font></span><br><br>]]></description>
		<styleUrl>#style_45</styleUrl>
		<Point>
			<extrude>1</extrude>
			<altitudeMode>absolute</altitudeMode>
			<coordinates>-152.766667,60.73999999999999,9570.719999999999</coordinates>
		</Point>
	</Placemark>
	<Placemark>
		<name>CKING</name>
		<description><![CDATA[<span style='white-space: nowrap;'>-<b>Airway :</b> <font color='blue'>NEELL7</font></span><br><br><span style='white-space: nowrap;'>-<b>Altitude :</b> <font color='blue'>FL250</font></span><br><br><span style='white-space: nowrap;'>-<b>Weight :</b> <font color='blue'>124491 lbs</font></span><br><br><span style='white-space: nowrap;'>-<b>Fuel :</b> <font color='blue'>20381 lbs</font></span><br><br><span style='white-space: nowrap;'>-<b>OAT :</b> <font color='blue'>-52</font></span><br><br><span style='white-space: nowrap;'>-<b>TAS :</b> <font color='blue'>455</font></span><br><br><span style='white-space: nowrap;'>-<b>TAT :</b> <font color='blue'>-25</font></span><br><br><span style='white-space: nowrap;'>-<b>Time 1 :</b> <font color='blue'>T/O + 07:41</font></span><br><br><span style='white-space: nowrap;'>-<b>Time 2 :</b> <font color='blue'>19:56Z, 12</font></span><br><br><span style='white-space: nowrap;'>-<b>Wind factor :</b> <font color='blue'>H.W 7KT</font></span><br><br><span style='white-space: nowrap;'>-<b>Shear rate :</b> <font color='blue'>1</font></span><br><br><span style='white-space: nowrap;'>-<b>MORA :</b> <font color='blue'>12500 ft</font></span><br><br>]]></description>
		<styleUrl>#style_46</styleUrl>
		<Point>
			<extrude>1</extrude>
			<altitudeMode>absolute</altitudeMode>
			<coordinates>-152.16,60.81166699999999,7620</coordinates>
		</Point>
	</Placemark>
	<Placemark>
		<name>SNAAG</name>
		<description><![CDATA[<span style='white-space: nowrap;'>-<b>Airway :</b> <font color='blue'>NEELL7</font></span><br><br><span style='white-space: nowrap;'>-<b>Altitude :</b> <font color='blue'>FL180</font></span><br><br><span style='white-space: nowrap;'>-<b>Weight :</b> <font color='blue'>124331 lbs</font></span><br><br><span style='white-space: nowrap;'>-<b>Fuel :</b> <font color='blue'>20221 lbs</font></span><br><br><span style='white-space: nowrap;'>-<b>OAT :</b> <font color='blue'>-43</font></span><br><br><span style='white-space: nowrap;'>-<b>TAS :</b> <font color='blue'>413</font></span><br><br><span style='white-space: nowrap;'>-<b>TAT :</b> <font color='blue'>-21</font></span><br><br><span style='white-space: nowrap;'>-<b>Time 1 :</b> <font color='blue'>T/O + 07:44</font></span><br><br><span style='white-space: nowrap;'>-<b>Time 2 :</b> <font color='blue'>19:59Z, 12</font></span><br><br><span style='white-space: nowrap;'>-<b>Wind factor :</b> <font color='blue'>H.W 6KT</font></span><br><br><span style='white-space: nowrap;'>-<b>Shear rate :</b> <font color='blue'>2</font></span><br><br><span style='white-space: nowrap;'>-<b>MORA :</b> <font color='blue'>12500 ft</font></span><br><br>]]></description>
		<styleUrl>#style_47</styleUrl>
		<Point>
			<extrude>1</extrude>
			<altitudeMode>absolute</altitudeMode>
			<coordinates>-151.47,60.878333,5486.4</coordinates>
		</Point>
	</Placemark>
	<Placemark>
		<name>NEELL</name>
		<description><![CDATA[<span style='white-space: nowrap;'>-<b>Airway :</b> <font color='blue'>NEELL7</font></span><br><br><span style='white-space: nowrap;'>-<b>Altitude :</b> <font color='blue'>13700 ft</font></span><br><br><span style='white-space: nowrap;'>-<b>Weight :</b> <font color='blue'>124216 lbs</font></span><br><br><span style='white-space: nowrap;'>-<b>Fuel :</b> <font color='blue'>20106 lbs</font></span><br><br><span style='white-space: nowrap;'>-<b>OAT :</b> <font color='blue'>-32</font></span><br><br><span style='white-space: nowrap;'>-<b>TAS :</b> <font color='blue'>375</font></span><br><br><span style='white-space: nowrap;'>-<b>TAT :</b> <font color='blue'>-14</font></span><br><br><span style='white-space: nowrap;'>-<b>Time 1 :</b> <font color='blue'>T/O + 07:46</font></span><br><br><span style='white-space: nowrap;'>-<b>Time 2 :</b> <font color='blue'>20:01Z, 12</font></span><br><br><span style='white-space: nowrap;'>-<b>Wind factor :</b> <font color='blue'>H.W 10KT</font></span><br><br><span style='white-space: nowrap;'>-<b>Shear rate :</b> <font color='blue'>1</font></span><br><br><span style='white-space: nowrap;'>-<b>MORA :</b> <font color='blue'>4000 ft</font></span><br><br>]]></description>
		<styleUrl>#style_48</styleUrl>
		<Point>
			<extrude>1</extrude>
			<altitudeMode>absolute</altitudeMode>
			<coordinates>-151.086667,60.951667,4175.76</coordinates>
		</Point>
	</Placemark>
	<Placemark>
		<name>PANC</name>
		<description><![CDATA[<span style='white-space: nowrap;'>-<b>Altitude :</b> <font color='blue'>151 ft</font></span><br><br><span style='white-space: nowrap;'>-<b>Weight :</b> <font color='blue'>123861 lbs</font></span><br><br><span style='white-space: nowrap;'>-<b>Fuel :</b> <font color='blue'>19751 lbs</font></span><br><br><span style='white-space: nowrap;'>-<b>OAT :</b> <font color='blue'>-16</font></span><br><br><span style='white-space: nowrap;'>-<b>TAS :</b> <font color='blue'>290</font></span><br><br><span style='white-space: nowrap;'>-<b>TAT :</b> <font color='blue'>-5</font></span><br><br><span style='white-space: nowrap;'>-<b>Time 1 :</b> <font color='blue'>T/O + 07:53</font></span><br><br><span style='white-space: nowrap;'>-<b>Time 2 :</b> <font color='blue'>20:08Z, 12</font></span><br><br><span style='white-space: nowrap;'>-<b>Wind factor :</b> <font color='blue'>H.W 1KT</font></span><br><br><span style='white-space: nowrap;'>-<b>Shear rate :</b> <font color='blue'>2</font></span><br><br><span style='white-space: nowrap;'>-<b>MORA :</b> <font color='blue'>10000 ft</font></span><br><br>]]></description>
		<styleUrl>#style_49</styleUrl>
		<Point>
			<extrude>1</extrude>
			<altitudeMode>absolute</altitudeMode>
			<coordinates>-149.998333,61.173333,46.02479999999999</coordinates>
		</Point>
	</Placemark>
	<Placemark>
		<styleUrl>#style_10002</styleUrl>
		<LineString>
			<tessellate>1</tessellate>
			<altitudeMode>absolute</altitudeMode>
			<coordinates>
				126.796667,37.556667,17.9832 126.726667,37.695,0 
			</coordinates>
		</LineString>
	</Placemark>
	<Placemark>
		<styleUrl>#style_10003</styleUrl>
		<LineString>
			<tessellate>1</tessellate>
			<altitudeMode>absolute</altitudeMode>
			<coordinates>
				126.726667,37.695,0 126.991667,37.748333,0 
			</coordinates>
		</LineString>
	</Placemark>
	<Placemark>
		<styleUrl>#style_10004</styleUrl>
		<LineString>
			<tessellate>1</tessellate>
			<altitudeMode>absolute</altitudeMode>
			<coordinates>
				126.991667,37.748333,0 127.083333,37.708333,0 
			</coordinates>
		</LineString>
	</Placemark>
	<Placemark>
		<styleUrl>#style_10005</styleUrl>
		<LineString>
			<tessellate>1</tessellate>
			<altitudeMode>absolute</altitudeMode>
			<coordinates>
				127.083333,37.708333,0 127.53,37.515,3657.599999999999 
			</coordinates>
		</LineString>
	</Placemark>
	<Placemark>
		<styleUrl>#style_10006</styleUrl>
		<LineString>
			<tessellate>1</tessellate>
			<altitudeMode>absolute</altitudeMode>
			<coordinates>
				127.53,37.515,3657.599999999999 127.665,37.533333,4511.04 
			</coordinates>
		</LineString>
	</Placemark>
	<Placemark>
		<styleUrl>#style_10007</styleUrl>
		<LineString>
			<tessellate>1</tessellate>
			<altitudeMode>absolute</altitudeMode>
			<coordinates>
				127.665,37.533333,4511.04 128.135,37.606667,6797.039999999999 
			</coordinates>
		</LineString>
	</Placemark>
	<Placemark>
		<styleUrl>#style_10008</styleUrl>
		<LineString>
			<tessellate>1</tessellate>
			<altitudeMode>absolute</altitudeMode>
			<coordinates>
				128.135,37.606667,6797.039999999999 128.585,37.675,8260.08 
			</coordinates>
		</LineString>
	</Placemark>
	<Placemark>
		<styleUrl>#style_10009</styleUrl>
		<LineString>
			<tessellate>1</tessellate>
			<altitudeMode>absolute</altitudeMode>
			<coordinates>
				128.585,37.675,8260.08 128.753333,37.7,8747.76 
			</coordinates>
		</LineString>
	</Placemark>
	<Placemark>
		<styleUrl>#style_10010</styleUrl>
		<LineString>
			<tessellate>1</tessellate>
			<altitudeMode>absolute</altitudeMode>
			<coordinates>
				128.753333,37.7,8747.76 129.651667,37.688333,10668 
			</coordinates>
		</LineString>
	</Placemark>
	<Placemark>
		<styleUrl>#style_10011</styleUrl>
		<LineString>
			<tessellate>1</tessellate>
			<altitudeMode>absolute</altitudeMode>
			<coordinates>
				129.651667,37.688333,10668 129.685,37.688333,10668 
			</coordinates>
		</LineString>
	</Placemark>
	<Placemark>
		<styleUrl>#style_10012</styleUrl>
		<LineString>
			<tessellate>1</tessellate>
			<altitudeMode>absolute</altitudeMode>
			<coordinates>
				129.685,37.688333,10668 129.846667,37.685,10668 
			</coordinates>
		</LineString>
	</Placemark>
	<Placemark>
		<styleUrl>#style_10013</styleUrl>
		<LineString>
			<tessellate>1</tessellate>
			<altitudeMode>absolute</altitudeMode>
			<coordinates>
				129.846667,37.685,10668 130.27,37.675,11277.6 
			</coordinates>
		</LineString>
	</Placemark>
	<Placemark>
		<styleUrl>#style_10014</styleUrl>
		<LineString>
			<tessellate>1</tessellate>
			<altitudeMode>absolute</altitudeMode>
			<coordinates>
				130.27,37.675,11277.6 131.575,37.638333,11277.6 
			</coordinates>
		</LineString>
	</Placemark>
	<Placemark>
		<styleUrl>#style_10015</styleUrl>
		<LineString>
			<tessellate>1</tessellate>
			<altitudeMode>absolute</altitudeMode>
			<coordinates>
				131.575,37.638333,11277.6 132.671667,37.641667,11277.6 
			</coordinates>
		</LineString>
	</Placemark>
	<Placemark>
		<styleUrl>#style_10016</styleUrl>
		<LineString>
			<tessellate>1</tessellate>
			<altitudeMode>absolute</altitudeMode>
			<coordinates>
				132.671667,37.641667,11277.6 133,37.666667,11277.6 
			</coordinates>
		</LineString>
	</Placemark>
	<Placemark>
		<styleUrl>#style_10017</styleUrl>
		<LineString>
			<tessellate>1</tessellate>
			<altitudeMode>absolute</altitudeMode>
			<coordinates>
				133,37.666667,11277.6 133.733333,37.718333,11277.6 
			</coordinates>
		</LineString>
	</Placemark>
	<Placemark>
		<styleUrl>#style_10018</styleUrl>
		<LineString>
			<tessellate>1</tessellate>
			<altitudeMode>absolute</altitudeMode>
			<coordinates>
				133.733333,37.718333,11277.6 137.283333,37.901667,11277.6 
			</coordinates>
		</LineString>
	</Placemark>
	<Placemark>
		<styleUrl>#style_10019</styleUrl>
		<LineString>
			<tessellate>1</tessellate>
			<altitudeMode>absolute</altitudeMode>
			<coordinates>
				137.283333,37.901667,11277.6 138.103333,37.93,11277.6 
			</coordinates>
		</LineString>
	</Placemark>
	<Placemark>
		<styleUrl>#style_10020</styleUrl>
		<LineString>
			<tessellate>1</tessellate>
			<altitudeMode>absolute</altitudeMode>
			<coordinates>
				138.103333,37.93,11277.6 139.115,37.958333,11277.6 
			</coordinates>
		</LineString>
	</Placemark>
	<Placemark>
		<styleUrl>#style_10021</styleUrl>
		<LineString>
			<tessellate>1</tessellate>
			<altitudeMode>absolute</altitudeMode>
			<coordinates>
				139.115,37.958333,11277.6 139.761667,38.026667,11277.6 
			</coordinates>
		</LineString>
	</Placemark>
	<Placemark>
		<styleUrl>#style_10022</styleUrl>
		<LineString>
			<tessellate>1</tessellate>
			<altitudeMode>absolute</altitudeMode>
			<coordinates>
				139.761667,38.026667,11277.6 140.921667,38.138333,11277.6 
			</coordinates>
		</LineString>
	</Placemark>
	<Placemark>
		<styleUrl>#style_10023</styleUrl>
		<LineString>
			<tessellate>1</tessellate>
			<altitudeMode>absolute</altitudeMode>
			<coordinates>
				140.921667,38.138333,11277.6 142.061667,38.006667,11277.6 
			</coordinates>
		</LineString>
	</Placemark>
	<Placemark>
		<styleUrl>#style_10024</styleUrl>
		<LineString>
			<tessellate>1</tessellate>
			<altitudeMode>absolute</altitudeMode>
			<coordinates>
				142.061667,38.006667,11277.6 143.233333,37.856667,11277.6 
			</coordinates>
		</LineString>
	</Placemark>
	<Placemark>
		<styleUrl>#style_10025</styleUrl>
		<LineString>
			<tessellate>1</tessellate>
			<altitudeMode>absolute</altitudeMode>
			<coordinates>
				143.233333,37.856667,11277.6 143.54,37.816667,11277.6 
			</coordinates>
		</LineString>
	</Placemark>
	<Placemark>
		<styleUrl>#style_10026</styleUrl>
		<LineString>
			<tessellate>1</tessellate>
			<altitudeMode>absolute</altitudeMode>
			<coordinates>
				143.54,37.816667,11277.6 145.518333,38.331667,11277.6 
			</coordinates>
		</LineString>
	</Placemark>
	<Placemark>
		<styleUrl>#style_10027</styleUrl>
		<LineString>
			<tessellate>1</tessellate>
			<altitudeMode>absolute</altitudeMode>
			<coordinates>
				145.518333,38.331667,11277.6 148.941667,41.085,11277.6 
			</coordinates>
		</LineString>
	</Placemark>
	<Placemark>
		<styleUrl>#style_10028</styleUrl>
		<LineString>
			<tessellate>1</tessellate>
			<altitudeMode>absolute</altitudeMode>
			<coordinates>
				148.941667,41.085,11277.6 154.416667,44.858333,11277.6 
			</coordinates>
		</LineString>
	</Placemark>
	<Placemark>
		<styleUrl>#style_10029</styleUrl>
		<LineString>
			<tessellate>1</tessellate>
			<altitudeMode>absolute</altitudeMode>
			<coordinates>
				154.416667,44.858333,11277.6 154.766667,45.07,11277.6 
			</coordinates>
		</LineString>
	</Placemark>
	<Placemark>
		<styleUrl>#style_10030</styleUrl>
		<LineString>
			<tessellate>1</tessellate>
			<altitudeMode>absolute</altitudeMode>
			<coordinates>
				154.766667,45.07,11277.6 160.681667,48.278333,11277.6 
			</coordinates>
		</LineString>
	</Placemark>
	<Placemark>
		<styleUrl>#style_10031</styleUrl>
		<LineString>
			<tessellate>1</tessellate>
			<altitudeMode>absolute</altitudeMode>
			<coordinates>
				160.681667,48.278333,11277.6 165.123333,50.175,11887.2 
			</coordinates>
		</LineString>
	</Placemark>
	<Placemark>
		<styleUrl>#style_10032</styleUrl>
		<LineString>
			<tessellate>1</tessellate>
			<altitudeMode>absolute</altitudeMode>
			<coordinates>
				165.123333,50.175,11887.2 170.738333,52.12,11887.2 
			</coordinates>
		</LineString>
	</Placemark>
	<Placemark>
		<styleUrl>#style_10033</styleUrl>
		<LineString>
			<tessellate>1</tessellate>
			<altitudeMode>absolute</altitudeMode>
			<coordinates>
				170.738333,52.12,11887.2 173.548333,53.535,11887.2 
			</coordinates>
		</LineString>
	</Placemark>
	<Placemark>
		<styleUrl>#style_10034</styleUrl>
		<LineString>
			<tessellate>1</tessellate>
			<altitudeMode>absolute</altitudeMode>
			<coordinates>
				173.548333,53.535,11887.2 178.726667,55.323333,11887.2 
			</coordinates>
		</LineString>
	</Placemark>
	<Placemark>
		<styleUrl>#style_10035</styleUrl>
		<LineString>
			<tessellate>1</tessellate>
			<altitudeMode>absolute</altitudeMode>
			<coordinates>
				178.726667,55.323333,11887.2 -175.88,56.823333,11887.2 
			</coordinates>
		</LineString>
	</Placemark>
	<Placemark>
		<styleUrl>#style_10036</styleUrl>
		<LineString>
			<tessellate>1</tessellate>
			<altitudeMode>absolute</altitudeMode>
			<coordinates>
				-175.88,56.823333,11887.2 -173.685,57.335,11887.2 
			</coordinates>
		</LineString>
	</Placemark>
	<Placemark>
		<styleUrl>#style_10037</styleUrl>
		<LineString>
			<tessellate>1</tessellate>
			<altitudeMode>absolute</altitudeMode>
			<coordinates>
				-173.685,57.335,11887.2 -170.765,57.95666700000001,12496.8 
			</coordinates>
		</LineString>
	</Placemark>
	<Placemark>
		<styleUrl>#style_10038</styleUrl>
		<LineString>
			<tessellate>1</tessellate>
			<altitudeMode>absolute</altitudeMode>
			<coordinates>
				-170.765,57.95666700000001,12496.8 -170.571667,57.998333,12496.8 
			</coordinates>
		</LineString>
	</Placemark>
	<Placemark>
		<styleUrl>#style_10039</styleUrl>
		<LineString>
			<tessellate>1</tessellate>
			<altitudeMode>absolute</altitudeMode>
			<coordinates>
				-170.571667,57.998333,12496.8 -166.99,58.703333,12496.8 
			</coordinates>
		</LineString>
	</Placemark>
	<Placemark>
		<styleUrl>#style_10040</styleUrl>
		<LineString>
			<tessellate>1</tessellate>
			<altitudeMode>absolute</altitudeMode>
			<coordinates>
				-166.99,58.703333,12496.8 -165.948333,58.888333,12496.8 
			</coordinates>
		</LineString>
	</Placemark>
	<Placemark>
		<styleUrl>#style_10041</styleUrl>
		<LineString>
			<tessellate>1</tessellate>
			<altitudeMode>absolute</altitudeMode>
			<coordinates>
				-165.948333,58.888333,12496.8 -162.321667,59.456667,12496.8 
			</coordinates>
		</LineString>
	</Placemark>
	<Placemark>
		<styleUrl>#style_10042</styleUrl>
		<LineString>
			<tessellate>1</tessellate>
			<altitudeMode>absolute</altitudeMode>
			<coordinates>
				-162.321667,59.456667,12496.8 -154.676667,60.49833300000001,12496.8 
			</coordinates>
		</LineString>
	</Placemark>
	<Placemark>
		<styleUrl>#style_10043</styleUrl>
		<LineString>
			<tessellate>1</tessellate>
			<altitudeMode>absolute</altitudeMode>
			<coordinates>
				-154.676667,60.49833300000001,12496.8 -153.55,60.645,12496.8 
			</coordinates>
		</LineString>
	</Placemark>
	<Placemark>
		<styleUrl>#style_10044</styleUrl>
		<LineString>
			<tessellate>1</tessellate>
			<altitudeMode>absolute</altitudeMode>
			<coordinates>
				-153.55,60.645,12496.8 -152.766667,60.73999999999999,9570.719999999999 
			</coordinates>
		</LineString>
	</Placemark>
	<Placemark>
		<styleUrl>#style_10045</styleUrl>
		<LineString>
			<tessellate>1</tessellate>
			<altitudeMode>absolute</altitudeMode>
			<coordinates>
				-152.766667,60.73999999999999,9570.719999999999 -152.16,60.81166699999999,7620 
			</coordinates>
		</LineString>
	</Placemark>
	<Placemark>
		<styleUrl>#style_10046</styleUrl>
		<LineString>
			<tessellate>1</tessellate>
			<altitudeMode>absolute</altitudeMode>
			<coordinates>
				-152.16,60.81166699999999,7620 -151.47,60.878333,5486.4 
			</coordinates>
		</LineString>
	</Placemark>
	<Placemark>
		<styleUrl>#style_10047</styleUrl>
		<LineString>
			<tessellate>1</tessellate>
			<altitudeMode>absolute</altitudeMode>
			<coordinates>
				-151.47,60.878333,5486.4 -151.086667,60.951667,4175.76 
			</coordinates>
		</LineString>
	</Placemark>
	<Placemark>
		<styleUrl>#style_10048</styleUrl>
		<LineString>
			<tessellate>1</tessellate>
			<altitudeMode>absolute</altitudeMode>
			<coordinates>
				-151.086667,60.951667,4175.76 -149.998333,61.173333,46.02479999999999 
			</coordinates>
		</LineString>
	</Placemark>
	<Placemark>
		<styleUrl>#style_10049</styleUrl>
		<LineString>
			<tessellate>1</tessellate>
			<altitudeMode>absolute</altitudeMode>
			<coordinates>
				-149.998333,61.173333,46.02479999999999 0,0,0 
			</coordinates>
		</LineString>
	</Placemark>
	<Placemark>
		<styleUrl>#style_10050</styleUrl>
		<LineString>
			<tessellate>1</tessellate>
			<altitudeMode>absolute</altitudeMode>
			<coordinates>
				0,0,0 0,0,0 
			</coordinates>
		</LineString>
	</Placemark>
	<Placemark>
		<styleUrl>#style_10051</styleUrl>
		<LineString>
			<tessellate>1</tessellate>
			<altitudeMode>absolute</altitudeMode>
			<coordinates>
				0,0,0 0,0,0 
			</coordinates>
		</LineString>
	</Placemark>
	<Placemark>
		<styleUrl>#style_10052</styleUrl>
		<LineString>
			<tessellate>1</tessellate>
			<altitudeMode>absolute</altitudeMode>
			<coordinates>
				0,0,0 0,0,0 
			</coordinates>
		</LineString>
	</Placemark>
	<Placemark>
		<styleUrl>#style_10053</styleUrl>
		<LineString>
			<tessellate>1</tessellate>
			<altitudeMode>absolute</altitudeMode>
			<coordinates>
				0,0,0 0,0,0 
			</coordinates>
		</LineString>
	</Placemark>
	<Placemark>
		<styleUrl>#style_10054</styleUrl>
		<LineString>
			<tessellate>1</tessellate>
			<altitudeMode>absolute</altitudeMode>
			<coordinates>
				0,0,0 0,0,0 
			</coordinates>
		</LineString>
	</Placemark>
	<Placemark>
		<styleUrl>#style_10055</styleUrl>
		<LineString>
			<tessellate>1</tessellate>
			<altitudeMode>absolute</altitudeMode>
			<coordinates>
				0,0,0 0,0,0 
			</coordinates>
		</LineString>
	</Placemark>
	<Placemark>
		<styleUrl>#style_10056</styleUrl>
		<LineString>
			<tessellate>1</tessellate>
			<altitudeMode>absolute</altitudeMode>
			<coordinates>
				0,0,0 0,0,0 
			</coordinates>
		</LineString>
	</Placemark>
	<Placemark>
		<styleUrl>#style_10057</styleUrl>
		<LineString>
			<tessellate>1</tessellate>
			<altitudeMode>absolute</altitudeMode>
			<coordinates>
				0,0,0 0,0,0 
			</coordinates>
		</LineString>
	</Placemark>
	<Placemark>
		<styleUrl>#style_10058</styleUrl>
		<LineString>
			<tessellate>1</tessellate>
			<altitudeMode>absolute</altitudeMode>
			<coordinates>
				0,0,0 0,0,0 
			</coordinates>
		</LineString>
	</Placemark>
	<Placemark>
		<styleUrl>#style_10059</styleUrl>
		<LineString>
			<tessellate>1</tessellate>
			<altitudeMode>absolute</altitudeMode>
			<coordinates>
				0,0,0 0,0,0 
			</coordinates>
		</LineString>
	</Placemark>
	<Placemark>
		<styleUrl>#style_10060</styleUrl>
		<LineString>
			<tessellate>1</tessellate>
			<altitudeMode>absolute</altitudeMode>
			<coordinates>
				0,0,0 0,0,0 
			</coordinates>
		</LineString>
	</Placemark>
	<Placemark>
		<styleUrl>#style_10061</styleUrl>
		<LineString>
			<tessellate>1</tessellate>
			<altitudeMode>absolute</altitudeMode>
			<coordinates>
				0,0,0 0,0,0 
			</coordinates>
		</LineString>
	</Placemark>
	<Placemark>
		<styleUrl>#style_10062</styleUrl>
		<LineString>
			<tessellate>1</tessellate>
			<altitudeMode>absolute</altitudeMode>
			<coordinates>
				0,0,0 0,0,0 
			</coordinates>
		</LineString>
	</Placemark>
	<Placemark>
		<styleUrl>#style_10063</styleUrl>
		<LineString>
			<tessellate>1</tessellate>
			<altitudeMode>absolute</altitudeMode>
			<coordinates>
				0,0,0 0,0,0 
			</coordinates>
		</LineString>
	</Placemark>
	<Placemark>
		<styleUrl>#style_10064</styleUrl>
		<LineString>
			<tessellate>1</tessellate>
			<altitudeMode>absolute</altitudeMode>
			<coordinates>
				0,0,0 0,0,0 
			</coordinates>
		</LineString>
	</Placemark>
	<Placemark>
		<styleUrl>#style_10065</styleUrl>
		<LineString>
			<tessellate>1</tessellate>
			<altitudeMode>absolute</altitudeMode>
			<coordinates>
				0,0,0 0,0,0 
			</coordinates>
		</LineString>
	</Placemark>
	<Placemark>
		<styleUrl>#style_10066</styleUrl>
		<LineString>
			<tessellate>1</tessellate>
			<altitudeMode>absolute</altitudeMode>
			<coordinates>
				0,0,0 0,0,0 
			</coordinates>
		</LineString>
	</Placemark>
	<Placemark>
		<styleUrl>#style_10067</styleUrl>
		<LineString>
			<tessellate>1</tessellate>
			<altitudeMode>absolute</altitudeMode>
			<coordinates>
				0,0,0 0,0,0 
			</coordinates>
		</LineString>
	</Placemark>
	<Placemark>
		<styleUrl>#style_10068</styleUrl>
		<LineString>
			<tessellate>1</tessellate>
			<altitudeMode>absolute</altitudeMode>
			<coordinates>
				0,0,0 0,0,0 
			</coordinates>
		</LineString>
	</Placemark>
	<Placemark>
		<styleUrl>#style_10069</styleUrl>
		<LineString>
			<tessellate>1</tessellate>
			<altitudeMode>absolute</altitudeMode>
			<coordinates>
				0,0,0 0,0,0 
			</coordinates>
		</LineString>
	</Placemark>
	<Placemark>
		<styleUrl>#style_10070</styleUrl>
		<LineString>
			<tessellate>1</tessellate>
			<altitudeMode>absolute</altitudeMode>
			<coordinates>
				0,0,0 0,0,0 
			</coordinates>
		</LineString>
	</Placemark>
	<Placemark>
		<styleUrl>#style_10071</styleUrl>
		<LineString>
			<tessellate>1</tessellate>
			<altitudeMode>absolute</altitudeMode>
			<coordinates>
				0,0,0 0,0,0 
			</coordinates>
		</LineString>
	</Placemark>
	<Placemark>
		<styleUrl>#style_10072</styleUrl>
		<LineString>
			<tessellate>1</tessellate>
			<altitudeMode>absolute</altitudeMode>
			<coordinates>
				0,0,0 0,0,0 
			</coordinates>
		</LineString>
	</Placemark>
	<Placemark>
		<styleUrl>#style_10073</styleUrl>
		<LineString>
			<tessellate>1</tessellate>
			<altitudeMode>absolute</altitudeMode>
			<coordinates>
				0,0,0 0,0,0 
			</coordinates>
		</LineString>
	</Placemark>
	<Placemark>
		<styleUrl>#style_10074</styleUrl>
		<LineString>
			<tessellate>1</tessellate>
			<altitudeMode>absolute</altitudeMode>
			<coordinates>
				0,0,0 0,0,0 
			</coordinates>
		</LineString>
	</Placemark>
	<Placemark>
		<styleUrl>#style_10075</styleUrl>
		<LineString>
			<tessellate>1</tessellate>
			<altitudeMode>absolute</altitudeMode>
			<coordinates>
				0,0,0 0,0,0 
			</coordinates>
		</LineString>
	</Placemark>
	<Placemark>
		<styleUrl>#style_10076</styleUrl>
		<LineString>
			<tessellate>1</tessellate>
			<altitudeMode>absolute</altitudeMode>
			<coordinates>
				0,0,0 0,0,0 
			</coordinates>
		</LineString>
	</Placemark>
	<Placemark>
		<styleUrl>#style_10077</styleUrl>
		<LineString>
			<tessellate>1</tessellate>
			<altitudeMode>absolute</altitudeMode>
			<coordinates>
				0,0,0 0,0,0 
			</coordinates>
		</LineString>
	</Placemark>
	<Placemark>
		<styleUrl>#style_10078</styleUrl>
		<LineString>
			<tessellate>1</tessellate>
			<altitudeMode>absolute</altitudeMode>
			<coordinates>
				0,0,0 0,0,0 
			</coordinates>
		</LineString>
	</Placemark>
	<Placemark>
		<styleUrl>#style_10079</styleUrl>
		<LineString>
			<tessellate>1</tessellate>
			<altitudeMode>absolute</altitudeMode>
			<coordinates>
				0,0,0 0,0,0 
			</coordinates>
		</LineString>
	</Placemark>
	<Placemark>
		<styleUrl>#style_10080</styleUrl>
		<LineString>
			<tessellate>1</tessellate>
			<altitudeMode>absolute</altitudeMode>
			<coordinates>
				0,0,0 0,0,0 
			</coordinates>
		</LineString>
	</Placemark>
	<Placemark>
		<styleUrl>#style_10081</styleUrl>
		<LineString>
			<tessellate>1</tessellate>
			<altitudeMode>absolute</altitudeMode>
			<coordinates>
				0,0,0 0,0,0 
			</coordinates>
		</LineString>
	</Placemark>
	<Placemark>
		<styleUrl>#style_10082</styleUrl>
		<LineString>
			<tessellate>1</tessellate>
			<altitudeMode>absolute</altitudeMode>
			<coordinates>
				0,0,0 0,0,0 
			</coordinates>
		</LineString>
	</Placemark>
	<Placemark>
		<styleUrl>#style_10083</styleUrl>
		<LineString>
			<tessellate>1</tessellate>
			<altitudeMode>absolute</altitudeMode>
			<coordinates>
				0,0,0 0,0,0 
			</coordinates>
		</LineString>
	</Placemark>
	<Placemark>
		<styleUrl>#style_10084</styleUrl>
		<LineString>
			<tessellate>1</tessellate>
			<altitudeMode>absolute</altitudeMode>
			<coordinates>
				0,0,0 0,0,0 
			</coordinates>
		</LineString>
	</Placemark>
	<Placemark>
		<styleUrl>#style_10085</styleUrl>
		<LineString>
			<tessellate>1</tessellate>
			<altitudeMode>absolute</altitudeMode>
			<coordinates>
				0,0,0 0,0,0 
			</coordinates>
		</LineString>
	</Placemark>
	<Placemark>
		<styleUrl>#style_10086</styleUrl>
		<LineString>
			<tessellate>1</tessellate>
			<altitudeMode>absolute</altitudeMode>
			<coordinates>
				0,0,0 0,0,0 
			</coordinates>
		</LineString>
	</Placemark>
	<Placemark>
		<styleUrl>#style_10087</styleUrl>
		<LineString>
			<tessellate>1</tessellate>
			<altitudeMode>absolute</altitudeMode>
			<coordinates>
				0,0,0 0,0,0 
			</coordinates>
		</LineString>
	</Placemark>
	<Placemark>
		<styleUrl>#style_10088</styleUrl>
		<LineString>
			<tessellate>1</tessellate>
			<altitudeMode>absolute</altitudeMode>
			<coordinates>
				0,0,0 0,0,0 
			</coordinates>
		</LineString>
	</Placemark>
	<Placemark>
		<styleUrl>#style_10089</styleUrl>
		<LineString>
			<tessellate>1</tessellate>
			<altitudeMode>absolute</altitudeMode>
			<coordinates>
				0,0,0 0,0,0 
			</coordinates>
		</LineString>
	</Placemark>
	<Placemark>
		<styleUrl>#style_10090</styleUrl>
		<LineString>
			<tessellate>1</tessellate>
			<altitudeMode>absolute</altitudeMode>
			<coordinates>
				0,0,0 0,0,0 
			</coordinates>
		</LineString>
	</Placemark>
	<Placemark>
		<styleUrl>#style_10091</styleUrl>
		<LineString>
			<tessellate>1</tessellate>
			<altitudeMode>absolute</altitudeMode>
			<coordinates>
				0,0,0 0,0,0 
			</coordinates>
		</LineString>
	</Placemark>
	<Placemark>
		<styleUrl>#style_10092</styleUrl>
		<LineString>
			<tessellate>1</tessellate>
			<altitudeMode>absolute</altitudeMode>
			<coordinates>
				0,0,0 0,0,0 
			</coordinates>
		</LineString>
	</Placemark>
	<Placemark>
		<styleUrl>#style_10093</styleUrl>
		<LineString>
			<tessellate>1</tessellate>
			<altitudeMode>absolute</altitudeMode>
			<coordinates>
				0,0,0 0,0,0 
			</coordinates>
		</LineString>
	</Placemark>
	<Placemark>
		<styleUrl>#style_10094</styleUrl>
		<LineString>
			<tessellate>1</tessellate>
			<altitudeMode>absolute</altitudeMode>
			<coordinates>
				0,0,0 0,0,0 
			</coordinates>
		</LineString>
	</Placemark>
	<Placemark>
		<styleUrl>#style_10095</styleUrl>
		<LineString>
			<tessellate>1</tessellate>
			<altitudeMode>absolute</altitudeMode>
			<coordinates>
				0,0,0 0,0,0 
			</coordinates>
		</LineString>
	</Placemark>
	<Placemark>
		<styleUrl>#style_10096</styleUrl>
		<LineString>
			<tessellate>1</tessellate>
			<altitudeMode>absolute</altitudeMode>
			<coordinates>
				0,0,0 0,0,0 
			</coordinates>
		</LineString>
	</Placemark>
	<Placemark>
		<styleUrl>#style_10097</styleUrl>
		<LineString>
			<tessellate>1</tessellate>
			<altitudeMode>absolute</altitudeMode>
			<coordinates>
				0,0,0 0,0,0 
			</coordinates>
		</LineString>
	</Placemark>
	<Placemark>
		<styleUrl>#style_10098</styleUrl>
		<LineString>
			<tessellate>1</tessellate>
			<altitudeMode>absolute</altitudeMode>
			<coordinates>
				0,0,0 0,0,0 
			</coordinates>
		</LineString>
	</Placemark>
	<Placemark>
		<styleUrl>#style_10099</styleUrl>
		<LineString>
			<tessellate>1</tessellate>
			<altitudeMode>absolute</altitudeMode>
			<coordinates>
				0,0,0 0,0,0 
			</coordinates>
		</LineString>
	</Placemark>
	<Placemark>
		<styleUrl>#style_10100</styleUrl>
		<LineString>
			<tessellate>1</tessellate>
			<altitudeMode>absolute</altitudeMode>
			<coordinates>
				0,0,0 0,0,0 
			</coordinates>
		</LineString>
	</Placemark>
	<Placemark>
		<styleUrl>#style_10101</styleUrl>
		<LineString>
			<tessellate>1</tessellate>
			<altitudeMode>absolute</altitudeMode>
			<coordinates>
				0,0,0 0,0,0 
			</coordinates>
		</LineString>
	</Placemark>
	<Placemark>
		<styleUrl>#style_10102</styleUrl>
		<LineString>
			<tessellate>1</tessellate>
			<altitudeMode>absolute</altitudeMode>
			<coordinates>
				0,0,0 0,0,0 
			</coordinates>
		</LineString>
	</Placemark>
	<Placemark>
		<styleUrl>#style_10103</styleUrl>
		<LineString>
			<tessellate>1</tessellate>
			<altitudeMode>absolute</altitudeMode>
			<coordinates>
				0,0,0 0,0,0 
			</coordinates>
		</LineString>
	</Placemark>
	<Placemark>
		<styleUrl>#style_10104</styleUrl>
		<LineString>
			<tessellate>1</tessellate>
			<altitudeMode>absolute</altitudeMode>
			<coordinates>
				0,0,0 0,0,0 
			</coordinates>
		</LineString>
	</Placemark>
	<Placemark>
		<styleUrl>#style_10105</styleUrl>
		<LineString>
			<tessellate>1</tessellate>
			<altitudeMode>absolute</altitudeMode>
			<coordinates>
				0,0,0 0,0,0 
			</coordinates>
		</LineString>
	</Placemark>
	<Placemark>
		<styleUrl>#style_10106</styleUrl>
		<LineString>
			<tessellate>1</tessellate>
			<altitudeMode>absolute</altitudeMode>
			<coordinates>
				0,0,0 0,0,0 
			</coordinates>
		</LineString>
	</Placemark>
	<Placemark>
		<styleUrl>#style_10107</styleUrl>
		<LineString>
			<tessellate>1</tessellate>
			<altitudeMode>absolute</altitudeMode>
			<coordinates>
				0,0,0 0,0,0 
			</coordinates>
		</LineString>
	</Placemark>
	<Placemark>
		<styleUrl>#style_10108</styleUrl>
		<LineString>
			<tessellate>1</tessellate>
			<altitudeMode>absolute</altitudeMode>
			<coordinates>
				0,0,0 0,0,0 
			</coordinates>
		</LineString>
	</Placemark>
	<Placemark>
		<styleUrl>#style_10109</styleUrl>
		<LineString>
			<tessellate>1</tessellate>
			<altitudeMode>absolute</altitudeMode>
			<coordinates>
				0,0,0 0,0,0 
			</coordinates>
		</LineString>
	</Placemark>
	<Placemark>
		<styleUrl>#style_10110</styleUrl>
		<LineString>
			<tessellate>1</tessellate>
			<altitudeMode>absolute</altitudeMode>
			<coordinates>
				0,0,0 0,0,0 
			</coordinates>
		</LineString>
	</Placemark>
	<Placemark>
		<styleUrl>#style_10111</styleUrl>
		<LineString>
			<tessellate>1</tessellate>
			<altitudeMode>absolute</altitudeMode>
			<coordinates>
				0,0,0 0,0,0 
			</coordinates>
		</LineString>
	</Placemark>
	<Placemark>
		<styleUrl>#style_10112</styleUrl>
		<LineString>
			<tessellate>1</tessellate>
			<altitudeMode>absolute</altitudeMode>
			<coordinates>
				0,0,0 0,0,0 
			</coordinates>
		</LineString>
	</Placemark>
	<Placemark>
		<styleUrl>#style_10113</styleUrl>
		<LineString>
			<tessellate>1</tessellate>
			<altitudeMode>absolute</altitudeMode>
			<coordinates>
				0,0,0 0,0,0 
			</coordinates>
		</LineString>
	</Placemark>
	<Placemark>
		<styleUrl>#style_10114</styleUrl>
		<LineString>
			<tessellate>1</tessellate>
			<altitudeMode>absolute</altitudeMode>
			<coordinates>
				0,0,0 0,0,0 
			</coordinates>
		</LineString>
	</Placemark>
	<Placemark>
		<styleUrl>#style_10115</styleUrl>
		<LineString>
			<tessellate>1</tessellate>
			<altitudeMode>absolute</altitudeMode>
			<coordinates>
				0,0,0 0,0,0 
			</coordinates>
		</LineString>
	</Placemark>
	<Placemark>
		<styleUrl>#style_10116</styleUrl>
		<LineString>
			<tessellate>1</tessellate>
			<altitudeMode>absolute</altitudeMode>
			<coordinates>
				0,0,0 0,0,0 
			</coordinates>
		</LineString>
	</Placemark>
	<Placemark>
		<styleUrl>#style_10117</styleUrl>
		<LineString>
			<tessellate>1</tessellate>
			<altitudeMode>absolute</altitudeMode>
			<coordinates>
				0,0,0 0,0,0 
			</coordinates>
		</LineString>
	</Placemark>
	<Placemark>
		<styleUrl>#style_10118</styleUrl>
		<LineString>
			<tessellate>1</tessellate>
			<altitudeMode>absolute</altitudeMode>
			<coordinates>
				0,0,0 0,0,0 
			</coordinates>
		</LineString>
	</Placemark>
	<Placemark>
		<styleUrl>#style_10119</styleUrl>
		<LineString>
			<tessellate>1</tessellate>
			<altitudeMode>absolute</altitudeMode>
			<coordinates>
				0,0,0 0,0,0 
			</coordinates>
		</LineString>
	</Placemark>
	<Placemark>
		<styleUrl>#style_10120</styleUrl>
		<LineString>
			<tessellate>1</tessellate>
			<altitudeMode>absolute</altitudeMode>
			<coordinates>
				0,0,0 0,0,0 
			</coordinates>
		</LineString>
	</Placemark>
	<Placemark>
		<styleUrl>#style_10121</styleUrl>
		<LineString>
			<tessellate>1</tessellate>
			<altitudeMode>absolute</altitudeMode>
			<coordinates>
				0,0,0 0,0,0 
			</coordinates>
		</LineString>
	</Placemark>
	<Placemark>
		<styleUrl>#style_10122</styleUrl>
		<LineString>
			<tessellate>1</tessellate>
			<altitudeMode>absolute</altitudeMode>
			<coordinates>
				0,0,0 0,0,0 
			</coordinates>
		</LineString>
	</Placemark>
	<Placemark>
		<styleUrl>#style_10123</styleUrl>
		<LineString>
			<tessellate>1</tessellate>
			<altitudeMode>absolute</altitudeMode>
			<coordinates>
				0,0,0 0,0,0 
			</coordinates>
		</LineString>
	</Placemark>
	<Placemark>
		<styleUrl>#style_10124</styleUrl>
		<LineString>
			<tessellate>1</tessellate>
			<altitudeMode>absolute</altitudeMode>
			<coordinates>
				0,0,0 0,0,0 
			</coordinates>
		</LineString>
	</Placemark>
	<Placemark>
		<styleUrl>#style_10125</styleUrl>
		<LineString>
			<tessellate>1</tessellate>
			<altitudeMode>absolute</altitudeMode>
			<coordinates>
				0,0,0 0,0,0 
			</coordinates>
		</LineString>
	</Placemark>
	<Placemark>
		<styleUrl>#style_10126</styleUrl>
		<LineString>
			<tessellate>1</tessellate>
			<altitudeMode>absolute</altitudeMode>
			<coordinates>
				0,0,0 0,0,0 
			</coordinates>
		</LineString>
	</Placemark>
	<Placemark>
		<styleUrl>#style_10127</styleUrl>
		<LineString>
			<tessellate>1</tessellate>
			<altitudeMode>absolute</altitudeMode>
			<coordinates>
				0,0,0 0,0,0 
			</coordinates>
		</LineString>
	</Placemark>
	<Placemark>
		<styleUrl>#style_10128</styleUrl>
		<LineString>
			<tessellate>1</tessellate>
			<altitudeMode>absolute</altitudeMode>
			<coordinates>
				0,0,0 0,0,0 
			</coordinates>
		</LineString>
	</Placemark>
	<Placemark>
		<styleUrl>#style_10129</styleUrl>
		<LineString>
			<tessellate>1</tessellate>
			<altitudeMode>absolute</altitudeMode>
			<coordinates>
				0,0,0 0,0,0 
			</coordinates>
		</LineString>
	</Placemark>
	<Placemark>
		<styleUrl>#style_10130</styleUrl>
		<LineString>
			<tessellate>1</tessellate>
			<altitudeMode>absolute</altitudeMode>
			<coordinates>
				0,0,0 0,0,0 
			</coordinates>
		</LineString>
	</Placemark>
	<Placemark>
		<styleUrl>#style_10131</styleUrl>
		<LineString>
			<tessellate>1</tessellate>
			<altitudeMode>absolute</altitudeMode>
			<coordinates>
				0,0,0 0,0,0 
			</coordinates>
		</LineString>
	</Placemark>
	<Placemark>
		<styleUrl>#style_10132</styleUrl>
		<LineString>
			<tessellate>1</tessellate>
			<altitudeMode>absolute</altitudeMode>
			<coordinates>
				0,0,0 0,0,0 
			</coordinates>
		</LineString>
	</Placemark>
	<Placemark>
		<styleUrl>#style_10133</styleUrl>
		<LineString>
			<tessellate>1</tessellate>
			<altitudeMode>absolute</altitudeMode>
			<coordinates>
				0,0,0 0,0,0 
			</coordinates>
		</LineString>
	</Placemark>
	<Placemark>
		<styleUrl>#style_10134</styleUrl>
		<LineString>
			<tessellate>1</tessellate>
			<altitudeMode>absolute</altitudeMode>
			<coordinates>
				0,0,0 0,0,0 
			</coordinates>
		</LineString>
	</Placemark>
	<Placemark>
		<styleUrl>#style_10135</styleUrl>
		<LineString>
			<tessellate>1</tessellate>
			<altitudeMode>absolute</altitudeMode>
			<coordinates>
				0,0,0 0,0,0 
			</coordinates>
		</LineString>
	</Placemark>
	<Placemark>
		<styleUrl>#style_10136</styleUrl>
		<LineString>
			<tessellate>1</tessellate>
			<altitudeMode>absolute</altitudeMode>
			<coordinates>
				0,0,0 0,0,0 
			</coordinates>
		</LineString>
	</Placemark>
	<Placemark>
		<styleUrl>#style_10137</styleUrl>
		<LineString>
			<tessellate>1</tessellate>
			<altitudeMode>absolute</altitudeMode>
			<coordinates>
				0,0,0 0,0,0 
			</coordinates>
		</LineString>
	</Placemark>
	<Placemark>
		<styleUrl>#style_10138</styleUrl>
		<LineString>
			<tessellate>1</tessellate>
			<altitudeMode>absolute</altitudeMode>
			<coordinates>
				0,0,0 0,0,0 
			</coordinates>
		</LineString>
	</Placemark>
	<Placemark>
		<styleUrl>#style_10139</styleUrl>
		<LineString>
			<tessellate>1</tessellate>
			<altitudeMode>absolute</altitudeMode>
			<coordinates>
				0,0,0 0,0,0 
			</coordinates>
		</LineString>
	</Placemark>
	<Placemark>
		<styleUrl>#style_10140</styleUrl>
		<LineString>
			<tessellate>1</tessellate>
			<altitudeMode>absolute</altitudeMode>
			<coordinates>
				0,0,0 0,0,0 
			</coordinates>
		</LineString>
	</Placemark>
	<Placemark>
		<styleUrl>#style_10141</styleUrl>
		<LineString>
			<tessellate>1</tessellate>
			<altitudeMode>absolute</altitudeMode>
			<coordinates>
				0,0,0 0,0,0 
			</coordinates>
		</LineString>
	</Placemark>
	<Placemark>
		<styleUrl>#style_10142</styleUrl>
		<LineString>
			<tessellate>1</tessellate>
			<altitudeMode>absolute</altitudeMode>
			<coordinates>
				0,0,0 0,0,0 
			</coordinates>
		</LineString>
	</Placemark>
	<Placemark>
		<styleUrl>#style_10143</styleUrl>
		<LineString>
			<tessellate>1</tessellate>
			<altitudeMode>absolute</altitudeMode>
			<coordinates>
				0,0,0 0,0,0 
			</coordinates>
		</LineString>
	</Placemark>
	<Placemark>
		<styleUrl>#style_10144</styleUrl>
		<LineString>
			<tessellate>1</tessellate>
			<altitudeMode>absolute</altitudeMode>
			<coordinates>
				0,0,0 0,0,0 
			</coordinates>
		</LineString>
	</Placemark>
	<Placemark>
		<styleUrl>#style_10145</styleUrl>
		<LineString>
			<tessellate>1</tessellate>
			<altitudeMode>absolute</altitudeMode>
			<coordinates>
				0,0,0 0,0,0 
			</coordinates>
		</LineString>
	</Placemark>
	<Placemark>
		<styleUrl>#style_10146</styleUrl>
		<LineString>
			<tessellate>1</tessellate>
			<altitudeMode>absolute</altitudeMode>
			<coordinates>
				0,0,0 0,0,0 
			</coordinates>
		</LineString>
	</Placemark>
	<Placemark>
		<styleUrl>#style_10147</styleUrl>
		<LineString>
			<tessellate>1</tessellate>
			<altitudeMode>absolute</altitudeMode>
			<coordinates>
				0,0,0 0,0,0 
			</coordinates>
		</LineString>
	</Placemark>
	<Placemark>
		<styleUrl>#style_10148</styleUrl>
		<LineString>
			<tessellate>1</tessellate>
			<altitudeMode>absolute</altitudeMode>
			<coordinates>
				0,0,0 0,0,0 
			</coordinates>
		</LineString>
	</Placemark>
	<Placemark>
		<styleUrl>#style_10149</styleUrl>
		<LineString>
			<tessellate>1</tessellate>
			<altitudeMode>absolute</altitudeMode>
			<coordinates>
				0,0,0 0,0,0 
			</coordinates>
		</LineString>
	</Placemark>
	<Placemark>
		<styleUrl>#style_10150</styleUrl>
		<LineString>
			<tessellate>1</tessellate>
			<altitudeMode>absolute</altitudeMode>
			<coordinates>
				0,0,0 0,0,0 
			</coordinates>
		</LineString>
	</Placemark>
	<Placemark>
		<styleUrl>#style_10151</styleUrl>
		<LineString>
			<tessellate>1</tessellate>
			<altitudeMode>absolute</altitudeMode>
			<coordinates>
				0,0,0 0,0,0 
			</coordinates>
		</LineString>
	</Placemark>
	<Placemark>
		<styleUrl>#style_10152</styleUrl>
		<LineString>
			<tessellate>1</tessellate>
			<altitudeMode>absolute</altitudeMode>
			<coordinates>
				0,0,0 0,0,0 
			</coordinates>
		</LineString>
	</Placemark>
	<Placemark>
		<styleUrl>#style_10153</styleUrl>
		<LineString>
			<tessellate>1</tessellate>
			<altitudeMode>absolute</altitudeMode>
			<coordinates>
				0,0,0 0,0,0 
			</coordinates>
		</LineString>
	</Placemark>
	<Placemark>
		<styleUrl>#style_10154</styleUrl>
		<LineString>
			<tessellate>1</tessellate>
			<altitudeMode>absolute</altitudeMode>
			<coordinates>
				0,0,0 0,0,0 
			</coordinates>
		</LineString>
	</Placemark>
	<Placemark>
		<styleUrl>#style_10155</styleUrl>
		<LineString>
			<tessellate>1</tessellate>
			<altitudeMode>absolute</altitudeMode>
			<coordinates>
				0,0,0 0,0,0 
			</coordinates>
		</LineString>
	</Placemark>
	<Placemark>
		<styleUrl>#style_10156</styleUrl>
		<LineString>
			<tessellate>1</tessellate>
			<altitudeMode>absolute</altitudeMode>
			<coordinates>
				0,0,0 0,0,0 
			</coordinates>
		</LineString>
	</Placemark>
	<Placemark>
		<styleUrl>#style_10157</styleUrl>
		<LineString>
			<tessellate>1</tessellate>
			<altitudeMode>absolute</altitudeMode>
			<coordinates>
				0,0,0 0,0,0 
			</coordinates>
		</LineString>
	</Placemark>
	<Placemark>
		<styleUrl>#style_10158</styleUrl>
		<LineString>
			<tessellate>1</tessellate>
			<altitudeMode>absolute</altitudeMode>
			<coordinates>
				0,0,0 0,0,0 
			</coordinates>
		</LineString>
	</Placemark>
	<Placemark>
		<styleUrl>#style_10159</styleUrl>
		<LineString>
			<tessellate>1</tessellate>
			<altitudeMode>absolute</altitudeMode>
			<coordinates>
				0,0,0 0,0,0 
			</coordinates>
		</LineString>
	</Placemark>
	<Placemark>
		<styleUrl>#style_10160</styleUrl>
		<LineString>
			<tessellate>1</tessellate>
			<altitudeMode>absolute</altitudeMode>
			<coordinates>
				0,0,0 0,0,0 
			</coordinates>
		</LineString>
	</Placemark>
	<Placemark>
		<styleUrl>#style_10161</styleUrl>
		<LineString>
			<tessellate>1</tessellate>
			<altitudeMode>absolute</altitudeMode>
			<coordinates>
				0,0,0 0,0,0 
			</coordinates>
		</LineString>
	</Placemark>
	<Placemark>
		<styleUrl>#style_10162</styleUrl>
		<LineString>
			<tessellate>1</tessellate>
			<altitudeMode>absolute</altitudeMode>
			<coordinates>
				0,0,0 0,0,0 
			</coordinates>
		</LineString>
	</Placemark>
	<Placemark>
		<styleUrl>#style_10163</styleUrl>
		<LineString>
			<tessellate>1</tessellate>
			<altitudeMode>absolute</altitudeMode>
			<coordinates>
				0,0,0 0,0,0 
			</coordinates>
		</LineString>
	</Placemark>
	<Placemark>
		<styleUrl>#style_10164</styleUrl>
		<LineString>
			<tessellate>1</tessellate>
			<altitudeMode>absolute</altitudeMode>
			<coordinates>
				0,0,0 0,0,0 
			</coordinates>
		</LineString>
	</Placemark>
	<Placemark>
		<styleUrl>#style_10165</styleUrl>
		<LineString>
			<tessellate>1</tessellate>
			<altitudeMode>absolute</altitudeMode>
			<coordinates>
				0,0,0 0,0,0 
			</coordinates>
		</LineString>
	</Placemark>
	<Placemark>
		<styleUrl>#style_10166</styleUrl>
		<LineString>
			<tessellate>1</tessellate>
			<altitudeMode>absolute</altitudeMode>
			<coordinates>
				0,0,0 0,0,0 
			</coordinates>
		</LineString>
	</Placemark>
	<Placemark>
		<styleUrl>#style_10167</styleUrl>
		<LineString>
			<tessellate>1</tessellate>
			<altitudeMode>absolute</altitudeMode>
			<coordinates>
				0,0,0 0,0,0 
			</coordinates>
		</LineString>
	</Placemark>
	<Placemark>
		<styleUrl>#style_10168</styleUrl>
		<LineString>
			<tessellate>1</tessellate>
			<altitudeMode>absolute</altitudeMode>
			<coordinates>
				0,0,0 0,0,0 
			</coordinates>
		</LineString>
	</Placemark>
	<Placemark>
		<styleUrl>#style_10169</styleUrl>
		<LineString>
			<tessellate>1</tessellate>
			<altitudeMode>absolute</altitudeMode>
			<coordinates>
				0,0,0 0,0,0 
			</coordinates>
		</LineString>
	</Placemark>
	<Placemark>
		<styleUrl>#style_10170</styleUrl>
		<LineString>
			<tessellate>1</tessellate>
			<altitudeMode>absolute</altitudeMode>
			<coordinates>
				0,0,0 0,0,0 
			</coordinates>
		</LineString>
	</Placemark>
	<Placemark>
		<styleUrl>#style_10171</styleUrl>
		<LineString>
			<tessellate>1</tessellate>
			<altitudeMode>absolute</altitudeMode>
			<coordinates>
				0,0,0 0,0,0 
			</coordinates>
		</LineString>
	</Placemark>
	<Placemark>
		<styleUrl>#style_10172</styleUrl>
		<LineString>
			<tessellate>1</tessellate>
			<altitudeMode>absolute</altitudeMode>
			<coordinates>
				0,0,0 0,0,0 
			</coordinates>
		</LineString>
	</Placemark>
	<Placemark>
		<styleUrl>#style_10173</styleUrl>
		<LineString>
			<tessellate>1</tessellate>
			<altitudeMode>absolute</altitudeMode>
			<coordinates>
				0,0,0 0,0,0 
			</coordinates>
		</LineString>
	</Placemark>
	<Placemark>
		<styleUrl>#style_10174</styleUrl>
		<LineString>
			<tessellate>1</tessellate>
			<altitudeMode>absolute</altitudeMode>
			<coordinates>
				0,0,0 0,0,0 
			</coordinates>
		</LineString>
	</Placemark>
	<Placemark>
		<styleUrl>#style_10175</styleUrl>
		<LineString>
			<tessellate>1</tessellate>
			<altitudeMode>absolute</altitudeMode>
			<coordinates>
				0,0,0 0,0,0 
			</coordinates>
		</LineString>
	</Placemark>
	<Placemark>
		<styleUrl>#style_10176</styleUrl>
		<LineString>
			<tessellate>1</tessellate>
			<altitudeMode>absolute</altitudeMode>
			<coordinates>
				0,0,0 0,0,0 
			</coordinates>
		</LineString>
	</Placemark>
	<Placemark>
		<styleUrl>#style_10177</styleUrl>
		<LineString>
			<tessellate>1</tessellate>
			<altitudeMode>absolute</altitudeMode>
			<coordinates>
				0,0,0 0,0,0 
			</coordinates>
		</LineString>
	</Placemark>
	<Placemark>
		<styleUrl>#style_10178</styleUrl>
		<LineString>
			<tessellate>1</tessellate>
			<altitudeMode>absolute</altitudeMode>
			<coordinates>
				0,0,0 0,0,0 
			</coordinates>
		</LineString>
	</Placemark>
	<Placemark>
		<styleUrl>#style_10179</styleUrl>
		<LineString>
			<tessellate>1</tessellate>
			<altitudeMode>absolute</altitudeMode>
			<coordinates>
				0,0,0 0,0,0 
			</coordinates>
		</LineString>
	</Placemark>
	<Placemark>
		<styleUrl>#style_10180</styleUrl>
		<LineString>
			<tessellate>1</tessellate>
			<altitudeMode>absolute</altitudeMode>
			<coordinates>
				0,0,0 0,0,0 
			</coordinates>
		</LineString>
	</Placemark>
	<Placemark>
		<styleUrl>#style_10181</styleUrl>
		<LineString>
			<tessellate>1</tessellate>
			<altitudeMode>absolute</altitudeMode>
			<coordinates>
				0,0,0 0,0,0 
			</coordinates>
		</LineString>
	</Placemark>
	<Placemark>
		<styleUrl>#style_10182</styleUrl>
		<LineString>
			<tessellate>1</tessellate>
			<altitudeMode>absolute</altitudeMode>
			<coordinates>
				0,0,0 0,0,0 
			</coordinates>
		</LineString>
	</Placemark>
	<Placemark>
		<styleUrl>#style_10183</styleUrl>
		<LineString>
			<tessellate>1</tessellate>
			<altitudeMode>absolute</altitudeMode>
			<coordinates>
				0,0,0 0,0,0 
			</coordinates>
		</LineString>
	</Placemark>
	<Placemark>
		<styleUrl>#style_10184</styleUrl>
		<LineString>
			<tessellate>1</tessellate>
			<altitudeMode>absolute</altitudeMode>
			<coordinates>
				0,0,0 0,0,0 
			</coordinates>
		</LineString>
	</Placemark>
	<Placemark>
		<styleUrl>#style_10185</styleUrl>
		<LineString>
			<tessellate>1</tessellate>
			<altitudeMode>absolute</altitudeMode>
			<coordinates>
				0,0,0 0,0,0 
			</coordinates>
		</LineString>
	</Placemark>
	<Placemark>
		<styleUrl>#style_10186</styleUrl>
		<LineString>
			<tessellate>1</tessellate>
			<altitudeMode>absolute</altitudeMode>
			<coordinates>
				0,0,0 0,0,0 
			</coordinates>
		</LineString>
	</Placemark>
	<Placemark>
		<styleUrl>#style_10187</styleUrl>
		<LineString>
			<tessellate>1</tessellate>
			<altitudeMode>absolute</altitudeMode>
			<coordinates>
				0,0,0 0,0,0 
			</coordinates>
		</LineString>
	</Placemark>
	<Placemark>
		<styleUrl>#style_10188</styleUrl>
		<LineString>
			<tessellate>1</tessellate>
			<altitudeMode>absolute</altitudeMode>
			<coordinates>
				0,0,0 0,0,0 
			</coordinates>
		</LineString>
	</Placemark>
	<Placemark>
		<styleUrl>#style_10189</styleUrl>
		<LineString>
			<tessellate>1</tessellate>
			<altitudeMode>absolute</altitudeMode>
			<coordinates>
				0,0,0 0,0,0 
			</coordinates>
		</LineString>
	</Placemark>
	<Placemark>
		<styleUrl>#style_10190</styleUrl>
		<LineString>
			<tessellate>1</tessellate>
			<altitudeMode>absolute</altitudeMode>
			<coordinates>
				0,0,0 0,0,0 
			</coordinates>
		</LineString>
	</Placemark>
	<Placemark>
		<styleUrl>#style_10191</styleUrl>
		<LineString>
			<tessellate>1</tessellate>
			<altitudeMode>absolute</altitudeMode>
			<coordinates>
				0,0,0 0,0,0 
			</coordinates>
		</LineString>
	</Placemark>
	<Placemark>
		<styleUrl>#style_10192</styleUrl>
		<LineString>
			<tessellate>1</tessellate>
			<altitudeMode>absolute</altitudeMode>
			<coordinates>
				0,0,0 0,0,0 
			</coordinates>
		</LineString>
	</Placemark>
	<Placemark>
		<styleUrl>#style_10193</styleUrl>
		<LineString>
			<tessellate>1</tessellate>
			<altitudeMode>absolute</altitudeMode>
			<coordinates>
				0,0,0 0,0,0 
			</coordinates>
		</LineString>
	</Placemark>
	<Placemark>
		<styleUrl>#style_10194</styleUrl>
		<LineString>
			<tessellate>1</tessellate>
			<altitudeMode>absolute</altitudeMode>
			<coordinates>
				0,0,0 0,0,0 
			</coordinates>
		</LineString>
	</Placemark>
	<Placemark>
		<styleUrl>#style_10195</styleUrl>
		<LineString>
			<tessellate>1</tessellate>
			<altitudeMode>absolute</altitudeMode>
			<coordinates>
				0,0,0 0,0,0 
			</coordinates>
		</LineString>
	</Placemark>
	<Placemark>
		<styleUrl>#style_10196</styleUrl>
		<LineString>
			<tessellate>1</tessellate>
			<altitudeMode>absolute</altitudeMode>
			<coordinates>
				0,0,0 0,0,0 
			</coordinates>
		</LineString>
	</Placemark>
	<Placemark>
		<styleUrl>#style_10197</styleUrl>
		<LineString>
			<tessellate>1</tessellate>
			<altitudeMode>absolute</altitudeMode>
			<coordinates>
				0,0,0 0,0,0 
			</coordinates>
		</LineString>
	</Placemark>
	<Placemark>
		<styleUrl>#style_10198</styleUrl>
		<LineString>
			<tessellate>1</tessellate>
			<altitudeMode>absolute</altitudeMode>
			<coordinates>
				0,0,0 0,0,0 
			</coordinates>
		</LineString>
	</Placemark>
	<Placemark>
		<styleUrl>#style_10199</styleUrl>
		<LineString>
			<tessellate>1</tessellate>
			<altitudeMode>absolute</altitudeMode>
			<coordinates>
				0,0,0 0,0,0 
			</coordinates>
		</LineString>
	</Placemark>
	<Placemark>
		<styleUrl>#style_10200</styleUrl>
		<LineString>
			<tessellate>1</tessellate>
			<altitudeMode>absolute</altitudeMode>
			<coordinates>
				0,0,0 0,0,0 
			</coordinates>
		</LineString>
	</Placemark>
	<Placemark>
		<styleUrl>#style_10201</styleUrl>
		<LineString>
			<tessellate>1</tessellate>
			<altitudeMode>absolute</altitudeMode>
			<coordinates>
				0,0,0 0,0,0 
			</coordinates>
		</LineString>
	</Placemark>
	<Placemark>
		<styleUrl>#style_10202</styleUrl>
		<LineString>
			<tessellate>1</tessellate>
			<altitudeMode>absolute</altitudeMode>
			<coordinates>
				0,0,0 0,0,0 
			</coordinates>
		</LineString>
	</Placemark>
	<Placemark>
		<styleUrl>#style_10203</styleUrl>
		<LineString>
			<tessellate>1</tessellate>
			<altitudeMode>absolute</altitudeMode>
			<coordinates>
				0,0,0 0,0,0 
			</coordinates>
		</LineString>
	</Placemark>
	<Placemark>
		<styleUrl>#style_10204</styleUrl>
		<LineString>
			<tessellate>1</tessellate>
			<altitudeMode>absolute</altitudeMode>
			<coordinates>
				0,0,0 0,0,0 
			</coordinates>
		</LineString>
	</Placemark>
	<Placemark>
		<styleUrl>#style_10205</styleUrl>
		<LineString>
			<tessellate>1</tessellate>
			<altitudeMode>absolute</altitudeMode>
			<coordinates>
				0,0,0 0,0,0 
			</coordinates>
		</LineString>
	</Placemark>
	<Placemark>
		<styleUrl>#style_10206</styleUrl>
		<LineString>
			<tessellate>1</tessellate>
			<altitudeMode>absolute</altitudeMode>
			<coordinates>
				0,0,0 0,0,0 
			</coordinates>
		</LineString>
	</Placemark>
	<Placemark>
		<styleUrl>#style_10207</styleUrl>
		<LineString>
			<tessellate>1</tessellate>
			<altitudeMode>absolute</altitudeMode>
			<coordinates>
				0,0,0 0,0,0 
			</coordinates>
		</LineString>
	</Placemark>
	<Placemark>
		<styleUrl>#style_10208</styleUrl>
		<LineString>
			<tessellate>1</tessellate>
			<altitudeMode>absolute</altitudeMode>
			<coordinates>
				0,0,0 0,0,0 
			</coordinates>
		</LineString>
	</Placemark>
	<Placemark>
		<styleUrl>#style_10209</styleUrl>
		<LineString>
			<tessellate>1</tessellate>
			<altitudeMode>absolute</altitudeMode>
			<coordinates>
				0,0,0 0,0,0 
			</coordinates>
		</LineString>
	</Placemark>
	<Placemark>
		<styleUrl>#style_10210</styleUrl>
		<LineString>
			<tessellate>1</tessellate>
			<altitudeMode>absolute</altitudeMode>
			<coordinates>
				0,0,0 0,0,0 
			</coordinates>
		</LineString>
	</Placemark>
	<Placemark>
		<styleUrl>#style_10211</styleUrl>
		<LineString>
			<tessellate>1</tessellate>
			<altitudeMode>absolute</altitudeMode>
			<coordinates>
				0,0,0 0,0,0 
			</coordinates>
		</LineString>
	</Placemark>
	<Placemark>
		<styleUrl>#style_10212</styleUrl>
		<LineString>
			<tessellate>1</tessellate>
			<altitudeMode>absolute</altitudeMode>
			<coordinates>
				0,0,0 0,0,0 
			</coordinates>
		</LineString>
	</Placemark>
	<Placemark>
		<styleUrl>#style_10213</styleUrl>
		<LineString>
			<tessellate>1</tessellate>
			<altitudeMode>absolute</altitudeMode>
			<coordinates>
				0,0,0 0,0,0 
			</coordinates>
		</LineString>
	</Placemark>
	<Placemark>
		<styleUrl>#style_10214</styleUrl>
		<LineString>
			<tessellate>1</tessellate>
			<altitudeMode>absolute</altitudeMode>
			<coordinates>
				0,0,0 0,0,0 
			</coordinates>
		</LineString>
	</Placemark>
	<Placemark>
		<styleUrl>#style_10215</styleUrl>
		<LineString>
			<tessellate>1</tessellate>
			<altitudeMode>absolute</altitudeMode>
			<coordinates>
				0,0,0 0,0,0 
			</coordinates>
		</LineString>
	</Placemark>
	<Placemark>
		<styleUrl>#style_10216</styleUrl>
		<LineString>
			<tessellate>1</tessellate>
			<altitudeMode>absolute</altitudeMode>
			<coordinates>
				0,0,0 0,0,0 
			</coordinates>
		</LineString>
	</Placemark>
	<Placemark>
		<styleUrl>#style_10217</styleUrl>
		<LineString>
			<tessellate>1</tessellate>
			<altitudeMode>absolute</altitudeMode>
			<coordinates>
				0,0,0 0,0,0 
			</coordinates>
		</LineString>
	</Placemark>
	<Placemark>
		<styleUrl>#style_10218</styleUrl>
		<LineString>
			<tessellate>1</tessellate>
			<altitudeMode>absolute</altitudeMode>
			<coordinates>
				0,0,0 0,0,0 
			</coordinates>
		</LineString>
	</Placemark>
	<Placemark>
		<styleUrl>#style_10219</styleUrl>
		<LineString>
			<tessellate>1</tessellate>
			<altitudeMode>absolute</altitudeMode>
			<coordinates>
				0,0,0 0,0,0 
			</coordinates>
		</LineString>
	</Placemark>
	<Placemark>
		<styleUrl>#style_10220</styleUrl>
		<LineString>
			<tessellate>1</tessellate>
			<altitudeMode>absolute</altitudeMode>
			<coordinates>
				0,0,0 0,0,0 
			</coordinates>
		</LineString>
	</Placemark>
	<Placemark>
		<styleUrl>#style_10221</styleUrl>
		<LineString>
			<tessellate>1</tessellate>
			<altitudeMode>absolute</altitudeMode>
			<coordinates>
				0,0,0 0,0,0 
			</coordinates>
		</LineString>
	</Placemark>
	<Placemark>
		<styleUrl>#style_10222</styleUrl>
		<LineString>
			<tessellate>1</tessellate>
			<altitudeMode>absolute</altitudeMode>
			<coordinates>
				0,0,0 0,0,0 
			</coordinates>
		</LineString>
	</Placemark>
	<Placemark>
		<styleUrl>#style_10223</styleUrl>
		<LineString>
			<tessellate>1</tessellate>
			<altitudeMode>absolute</altitudeMode>
			<coordinates>
				0,0,0 0,0,0 
			</coordinates>
		</LineString>
	</Placemark>
	<Placemark>
		<styleUrl>#style_10224</styleUrl>
		<LineString>
			<tessellate>1</tessellate>
			<altitudeMode>absolute</altitudeMode>
			<coordinates>
				0,0,0 0,0,0 
			</coordinates>
		</LineString>
	</Placemark>
	<Placemark>
		<styleUrl>#style_10225</styleUrl>
		<LineString>
			<tessellate>1</tessellate>
			<altitudeMode>absolute</altitudeMode>
			<coordinates>
				0,0,0 0,0,0 
			</coordinates>
		</LineString>
	</Placemark>
	<Placemark>
		<styleUrl>#style_10226</styleUrl>
		<LineString>
			<tessellate>1</tessellate>
			<altitudeMode>absolute</altitudeMode>
			<coordinates>
				0,0,0 0,0,0 
			</coordinates>
		</LineString>
	</Placemark>
	<Placemark>
		<styleUrl>#style_10227</styleUrl>
		<LineString>
			<tessellate>1</tessellate>
			<altitudeMode>absolute</altitudeMode>
			<coordinates>
				0,0,0 0,0,0 
			</coordinates>
		</LineString>
	</Placemark>
	<Placemark>
		<styleUrl>#style_10228</styleUrl>
		<LineString>
			<tessellate>1</tessellate>
			<altitudeMode>absolute</altitudeMode>
			<coordinates>
				0,0,0 0,0,0 
			</coordinates>
		</LineString>
	</Placemark>
	<Placemark>
		<styleUrl>#style_10229</styleUrl>
		<LineString>
			<tessellate>1</tessellate>
			<altitudeMode>absolute</altitudeMode>
			<coordinates>
				0,0,0 0,0,0 
			</coordinates>
		</LineString>
	</Placemark>
	<Placemark>
		<styleUrl>#style_10230</styleUrl>
		<LineString>
			<tessellate>1</tessellate>
			<altitudeMode>absolute</altitudeMode>
			<coordinates>
				0,0,0 0,0,0 
			</coordinates>
		</LineString>
	</Placemark>
	<Placemark>
		<styleUrl>#style_10231</styleUrl>
		<LineString>
			<tessellate>1</tessellate>
			<altitudeMode>absolute</altitudeMode>
			<coordinates>
				0,0,0 0,0,0 
			</coordinates>
		</LineString>
	</Placemark>
	<Placemark>
		<styleUrl>#style_10232</styleUrl>
		<LineString>
			<tessellate>1</tessellate>
			<altitudeMode>absolute</altitudeMode>
			<coordinates>
				0,0,0 0,0,0 
			</coordinates>
		</LineString>
	</Placemark>
	<Placemark>
		<styleUrl>#style_10233</styleUrl>
		<LineString>
			<tessellate>1</tessellate>
			<altitudeMode>absolute</altitudeMode>
			<coordinates>
				0,0,0 0,0,0 
			</coordinates>
		</LineString>
	</Placemark>
	<Placemark>
		<styleUrl>#style_10234</styleUrl>
		<LineString>
			<tessellate>1</tessellate>
			<altitudeMode>absolute</altitudeMode>
			<coordinates>
				0,0,0 0,0,0 
			</coordinates>
		</LineString>
	</Placemark>
	<Placemark>
		<styleUrl>#style_10235</styleUrl>
		<LineString>
			<tessellate>1</tessellate>
			<altitudeMode>absolute</altitudeMode>
			<coordinates>
				0,0,0 0,0,0 
			</coordinates>
		</LineString>
	</Placemark>
	<Placemark>
		<styleUrl>#style_10236</styleUrl>
		<LineString>
			<tessellate>1</tessellate>
			<altitudeMode>absolute</altitudeMode>
			<coordinates>
				0,0,0 0,0,0 
			</coordinates>
		</LineString>
	</Placemark>
	<Placemark>
		<styleUrl>#style_10237</styleUrl>
		<LineString>
			<tessellate>1</tessellate>
			<altitudeMode>absolute</altitudeMode>
			<coordinates>
				0,0,0 0,0,0 
			</coordinates>
		</LineString>
	</Placemark>
	<Placemark>
		<styleUrl>#style_10238</styleUrl>
		<LineString>
			<tessellate>1</tessellate>
			<altitudeMode>absolute</altitudeMode>
			<coordinates>
				0,0,0 0,0,0 
			</coordinates>
		</LineString>
	</Placemark>
	<Placemark>
		<styleUrl>#style_10239</styleUrl>
		<LineString>
			<tessellate>1</tessellate>
			<altitudeMode>absolute</altitudeMode>
			<coordinates>
				0,0,0 0,0,0 
			</coordinates>
		</LineString>
	</Placemark>
	<Placemark>
		<styleUrl>#style_10240</styleUrl>
		<LineString>
			<tessellate>1</tessellate>
			<altitudeMode>absolute</altitudeMode>
			<coordinates>
				0,0,0 0,0,0 
			</coordinates>
		</LineString>
	</Placemark>
	<Placemark>
		<styleUrl>#style_10241</styleUrl>
		<LineString>
			<tessellate>1</tessellate>
			<altitudeMode>absolute</altitudeMode>
			<coordinates>
				0,0,0 0,0,0 
			</coordinates>
		</LineString>
	</Placemark>
	<Placemark>
		<styleUrl>#style_10242</styleUrl>
		<LineString>
			<tessellate>1</tessellate>
			<altitudeMode>absolute</altitudeMode>
			<coordinates>
				0,0,0 0,0,0 
			</coordinates>
		</LineString>
	</Placemark>
	<Placemark>
		<styleUrl>#style_10243</styleUrl>
		<LineString>
			<tessellate>1</tessellate>
			<altitudeMode>absolute</altitudeMode>
			<coordinates>
				0,0,0 0,0,0 
			</coordinates>
		</LineString>
	</Placemark>
	<Placemark>
		<styleUrl>#style_10244</styleUrl>
		<LineString>
			<tessellate>1</tessellate>
			<altitudeMode>absolute</altitudeMode>
			<coordinates>
				0,0,0 0,0,0 
			</coordinates>
		</LineString>
	</Placemark>
	<Placemark>
		<styleUrl>#style_10245</styleUrl>
		<LineString>
			<tessellate>1</tessellate>
			<altitudeMode>absolute</altitudeMode>
			<coordinates>
				0,0,0 0,0,0 
			</coordinates>
		</LineString>
	</Placemark>
	<Placemark>
		<styleUrl>#style_10246</styleUrl>
		<LineString>
			<tessellate>1</tessellate>
			<altitudeMode>absolute</altitudeMode>
			<coordinates>
				0,0,0 0,0,0 
			</coordinates>
		</LineString>
	</Placemark>
	<Placemark>
		<styleUrl>#style_10247</styleUrl>
		<LineString>
			<tessellate>1</tessellate>
			<altitudeMode>absolute</altitudeMode>
			<coordinates>
				0,0,0 0,0,0 
			</coordinates>
		</LineString>
	</Placemark>
	<Placemark>
		<styleUrl>#style_10248</styleUrl>
		<LineString>
			<tessellate>1</tessellate>
			<altitudeMode>absolute</altitudeMode>
			<coordinates>
				0,0,0 0,0,0 
			</coordinates>
		</LineString>
	</Placemark>
	<Placemark>
		<styleUrl>#style_10249</styleUrl>
		<LineString>
			<tessellate>1</tessellate>
			<altitudeMode>absolute</altitudeMode>
			<coordinates>
				0,0,0 0,0,0 
			</coordinates>
		</LineString>
	</Placemark>
	<Placemark>
		<styleUrl>#style_10250</styleUrl>
		<LineString>
			<tessellate>1</tessellate>
			<altitudeMode>absolute</altitudeMode>
			<coordinates>
				0,0,0 0,0,0 
			</coordinates>
		</LineString>
	</Placemark>
	<Placemark>
		<styleUrl>#style_10251</styleUrl>
		<LineString>
			<tessellate>1</tessellate>
			<altitudeMode>absolute</altitudeMode>
			<coordinates>
				0,0,0 0,0,0 
			</coordinates>
		</LineString>
	</Placemark>
	<Placemark>
		<styleUrl>#style_10252</styleUrl>
		<LineString>
			<tessellate>1</tessellate>
			<altitudeMode>absolute</altitudeMode>
			<coordinates>
				0,0,0 0,0,0 
			</coordinates>
		</LineString>
	</Placemark>
	<Placemark>
		<styleUrl>#style_10253</styleUrl>
		<LineString>
			<tessellate>1</tessellate>
			<altitudeMode>absolute</altitudeMode>
			<coordinates>
				0,0,0 0,0,0 
			</coordinates>
		</LineString>
	</Placemark>
	<Placemark>
		<styleUrl>#style_10254</styleUrl>
		<LineString>
			<tessellate>1</tessellate>
			<altitudeMode>absolute</altitudeMode>
			<coordinates>
				0,0,0 0,0,0 
			</coordinates>
		</LineString>
	</Placemark>
	<Placemark>
		<styleUrl>#style_10255</styleUrl>
		<LineString>
			<tessellate>1</tessellate>
			<altitudeMode>absolute</altitudeMode>
			<coordinates>
				0,0,0 0,0,0 
			</coordinates>
		</LineString>
	</Placemark>
	<Placemark>
		<styleUrl>#style_10256</styleUrl>
		<LineString>
			<tessellate>1</tessellate>
			<altitudeMode>absolute</altitudeMode>
			<coordinates>
				0,0,0 0,0,0 
			</coordinates>
		</LineString>
	</Placemark>
	<Placemark>
		<styleUrl>#style_10257</styleUrl>
		<LineString>
			<tessellate>1</tessellate>
			<altitudeMode>absolute</altitudeMode>
			<coordinates>
				0,0,0 0,0,0 
			</coordinates>
		</LineString>
	</Placemark>
	<Placemark>
		<styleUrl>#style_10258</styleUrl>
		<LineString>
			<tessellate>1</tessellate>
			<altitudeMode>absolute</altitudeMode>
			<coordinates>
				0,0,0 0,0,0 
			</coordinates>
		</LineString>
	</Placemark>
	<Placemark>
		<styleUrl>#style_10259</styleUrl>
		<LineString>
			<tessellate>1</tessellate>
			<altitudeMode>absolute</altitudeMode>
			<coordinates>
				0,0,0 0,0,0 
			</coordinates>
		</LineString>
	</Placemark>
	<Placemark>
		<styleUrl>#style_10260</styleUrl>
		<LineString>
			<tessellate>1</tessellate>
			<altitudeMode>absolute</altitudeMode>
			<coordinates>
				0,0,0 0,0,0 
			</coordinates>
		</LineString>
	</Placemark>
	<Placemark>
		<styleUrl>#style_10261</styleUrl>
		<LineString>
			<tessellate>1</tessellate>
			<altitudeMode>absolute</altitudeMode>
			<coordinates>
				0,0,0 0,0,0 
			</coordinates>
		</LineString>
	</Placemark>
	<Placemark>
		<styleUrl>#style_10262</styleUrl>
		<LineString>
			<tessellate>1</tessellate>
			<altitudeMode>absolute</altitudeMode>
			<coordinates>
				0,0,0 0,0,0 
			</coordinates>
		</LineString>
	</Placemark>
	<Placemark>
		<styleUrl>#style_10263</styleUrl>
		<LineString>
			<tessellate>1</tessellate>
			<altitudeMode>absolute</altitudeMode>
			<coordinates>
				0,0,0 0,0,0 
			</coordinates>
		</LineString>
	</Placemark>
	<Placemark>
		<styleUrl>#style_10264</styleUrl>
		<LineString>
			<tessellate>1</tessellate>
			<altitudeMode>absolute</altitudeMode>
			<coordinates>
				0,0,0 0,0,0 
			</coordinates>
		</LineString>
	</Placemark>
	<Placemark>
		<styleUrl>#style_10265</styleUrl>
		<LineString>
			<tessellate>1</tessellate>
			<altitudeMode>absolute</altitudeMode>
			<coordinates>
				0,0,0 0,0,0 
			</coordinates>
		</LineString>
	</Placemark>
	<Placemark>
		<styleUrl>#style_10266</styleUrl>
		<LineString>
			<tessellate>1</tessellate>
			<altitudeMode>absolute</altitudeMode>
			<coordinates>
				0,0,0 0,0,0 
			</coordinates>
		</LineString>
	</Placemark>
	<Placemark>
		<styleUrl>#style_10267</styleUrl>
		<LineString>
			<tessellate>1</tessellate>
			<altitudeMode>absolute</altitudeMode>
			<coordinates>
				0,0,0 0,0,0 
			</coordinates>
		</LineString>
	</Placemark>
	<Placemark>
		<styleUrl>#style_10268</styleUrl>
		<LineString>
			<tessellate>1</tessellate>
			<altitudeMode>absolute</altitudeMode>
			<coordinates>
				0,0,0 0,0,0 
			</coordinates>
		</LineString>
	</Placemark>
	<Placemark>
		<styleUrl>#style_10269</styleUrl>
		<LineString>
			<tessellate>1</tessellate>
			<altitudeMode>absolute</altitudeMode>
			<coordinates>
				0,0,0 0,0,0 
			</coordinates>
		</LineString>
	</Placemark>
	<Placemark>
		<styleUrl>#style_10270</styleUrl>
		<LineString>
			<tessellate>1</tessellate>
			<altitudeMode>absolute</altitudeMode>
			<coordinates>
				0,0,0 0,0,0 
			</coordinates>
		</LineString>
	</Placemark>
	<Placemark>
		<styleUrl>#style_10271</styleUrl>
		<LineString>
			<tessellate>1</tessellate>
			<altitudeMode>absolute</altitudeMode>
			<coordinates>
				0,0,0 0,0,0 
			</coordinates>
		</LineString>
	</Placemark>
	<Placemark>
		<styleUrl>#style_10272</styleUrl>
		<LineString>
			<tessellate>1</tessellate>
			<altitudeMode>absolute</altitudeMode>
			<coordinates>
				0,0,0 0,0,0 
			</coordinates>
		</LineString>
	</Placemark>
	<Placemark>
		<styleUrl>#style_10273</styleUrl>
		<LineString>
			<tessellate>1</tessellate>
			<altitudeMode>absolute</altitudeMode>
			<coordinates>
				0,0,0 0,0,0 
			</coordinates>
		</LineString>
	</Placemark>
	<Placemark>
		<styleUrl>#style_10274</styleUrl>
		<LineString>
			<tessellate>1</tessellate>
			<altitudeMode>absolute</altitudeMode>
			<coordinates>
				0,0,0 0,0,0 
			</coordinates>
		</LineString>
	</Placemark>
	<Placemark>
		<styleUrl>#style_10275</styleUrl>
		<LineString>
			<tessellate>1</tessellate>
			<altitudeMode>absolute</altitudeMode>
			<coordinates>
				0,0,0 0,0,0 
			</coordinates>
		</LineString>
	</Placemark>
	<Placemark>
		<styleUrl>#style_10276</styleUrl>
		<LineString>
			<tessellate>1</tessellate>
			<altitudeMode>absolute</altitudeMode>
			<coordinates>
				0,0,0 0,0,0 
			</coordinates>
		</LineString>
	</Placemark>
	<Placemark>
		<styleUrl>#style_10277</styleUrl>
		<LineString>
			<tessellate>1</tessellate>
			<altitudeMode>absolute</altitudeMode>
			<coordinates>
				0,0,0 0,0,0 
			</coordinates>
		</LineString>
	</Placemark>
	<Placemark>
		<styleUrl>#style_10278</styleUrl>
		<LineString>
			<tessellate>1</tessellate>
			<altitudeMode>absolute</altitudeMode>
			<coordinates>
				0,0,0 0,0,0 
			</coordinates>
		</LineString>
	</Placemark>
	<Placemark>
		<styleUrl>#style_10279</styleUrl>
		<LineString>
			<tessellate>1</tessellate>
			<altitudeMode>absolute</altitudeMode>
			<coordinates>
				0,0,0 0,0,0 
			</coordinates>
		</LineString>
	</Placemark>
	<Placemark>
		<styleUrl>#style_10280</styleUrl>
		<LineString>
			<tessellate>1</tessellate>
			<altitudeMode>absolute</altitudeMode>
			<coordinates>
				0,0,0 0,0,0 
			</coordinates>
		</LineString>
	</Placemark>
	<Placemark>
		<styleUrl>#style_10281</styleUrl>
		<LineString>
			<tessellate>1</tessellate>
			<altitudeMode>absolute</altitudeMode>
			<coordinates>
				0,0,0 0,0,0 
			</coordinates>
		</LineString>
	</Placemark>
	<Placemark>
		<styleUrl>#style_10282</styleUrl>
		<LineString>
			<tessellate>1</tessellate>
			<altitudeMode>absolute</altitudeMode>
			<coordinates>
				0,0,0 0,0,0 
			</coordinates>
		</LineString>
	</Placemark>
	<Placemark>
		<styleUrl>#style_10283</styleUrl>
		<LineString>
			<tessellate>1</tessellate>
			<altitudeMode>absolute</altitudeMode>
			<coordinates>
				0,0,0 0,0,0 
			</coordinates>
		</LineString>
	</Placemark>
	<Placemark>
		<styleUrl>#style_10284</styleUrl>
		<LineString>
			<tessellate>1</tessellate>
			<altitudeMode>absolute</altitudeMode>
			<coordinates>
				0,0,0 0,0,0 
			</coordinates>
		</LineString>
	</Placemark>
	<Placemark>
		<styleUrl>#style_10285</styleUrl>
		<LineString>
			<tessellate>1</tessellate>
			<altitudeMode>absolute</altitudeMode>
			<coordinates>
				0,0,0 0,0,0 
			</coordinates>
		</LineString>
	</Placemark>
	<Placemark>
		<styleUrl>#style_10286</styleUrl>
		<LineString>
			<tessellate>1</tessellate>
			<altitudeMode>absolute</altitudeMode>
			<coordinates>
				0,0,0 0,0,0 
			</coordinates>
		</LineString>
	</Placemark>
	<Placemark>
		<styleUrl>#style_10287</styleUrl>
		<LineString>
			<tessellate>1</tessellate>
			<altitudeMode>absolute</altitudeMode>
			<coordinates>
				0,0,0 0,0,0 
			</coordinates>
		</LineString>
	</Placemark>
	<Placemark>
		<styleUrl>#style_10288</styleUrl>
		<LineString>
			<tessellate>1</tessellate>
			<altitudeMode>absolute</altitudeMode>
			<coordinates>
				0,0,0 0,0,0 
			</coordinates>
		</LineString>
	</Placemark>
	<Placemark>
		<styleUrl>#style_10289</styleUrl>
		<LineString>
			<tessellate>1</tessellate>
			<altitudeMode>absolute</altitudeMode>
			<coordinates>
				0,0,0 0,0,0 
			</coordinates>
		</LineString>
	</Placemark>
	<Placemark>
		<styleUrl>#style_10290</styleUrl>
		<LineString>
			<tessellate>1</tessellate>
			<altitudeMode>absolute</altitudeMode>
			<coordinates>
				0,0,0 0,0,0 
			</coordinates>
		</LineString>
	</Placemark>
	<Placemark>
		<styleUrl>#style_10291</styleUrl>
		<LineString>
			<tessellate>1</tessellate>
			<altitudeMode>absolute</altitudeMode>
			<coordinates>
				0,0,0 0,0,0 
			</coordinates>
		</LineString>
	</Placemark>
	<Placemark>
		<styleUrl>#style_10292</styleUrl>
		<LineString>
			<tessellate>1</tessellate>
			<altitudeMode>absolute</altitudeMode>
			<coordinates>
				0,0,0 0,0,0 
			</coordinates>
		</LineString>
	</Placemark>
	<Placemark>
		<styleUrl>#style_10293</styleUrl>
		<LineString>
			<tessellate>1</tessellate>
			<altitudeMode>absolute</altitudeMode>
			<coordinates>
				0,0,0 0,0,0 
			</coordinates>
		</LineString>
	</Placemark>
	<Placemark>
		<styleUrl>#style_10294</styleUrl>
		<LineString>
			<tessellate>1</tessellate>
			<altitudeMode>absolute</altitudeMode>
			<coordinates>
				0,0,0 0,0,0 
			</coordinates>
		</LineString>
	</Placemark>
	<Placemark>
		<styleUrl>#style_10295</styleUrl>
		<LineString>
			<tessellate>1</tessellate>
			<altitudeMode>absolute</altitudeMode>
			<coordinates>
				0,0,0 0,0,0 
			</coordinates>
		</LineString>
	</Placemark>
	<Placemark>
		<styleUrl>#style_10296</styleUrl>
		<LineString>
			<tessellate>1</tessellate>
			<altitudeMode>absolute</altitudeMode>
			<coordinates>
				0,0,0 0,0,0 
			</coordinates>
		</LineString>
	</Placemark>
	<Placemark>
		<styleUrl>#style_10297</styleUrl>
		<LineString>
			<tessellate>1</tessellate>
			<altitudeMode>absolute</altitudeMode>
			<coordinates>
				0,0,0 0,0,0 
			</coordinates>
		</LineString>
	</Placemark>
	<Placemark>
		<styleUrl>#style_10298</styleUrl>
		<LineString>
			<tessellate>1</tessellate>
			<altitudeMode>absolute</altitudeMode>
			<coordinates>
				0,0,0 0,0,0 
			</coordinates>
		</LineString>
	</Placemark>
	<Placemark>
		<styleUrl>#style_10299</styleUrl>
		<LineString>
			<tessellate>1</tessellate>
			<altitudeMode>absolute</altitudeMode>
			<coordinates>
				0,0,0 0,0,0 
			</coordinates>
		</LineString>
	</Placemark>
	<Placemark>
		<styleUrl>#style_10300</styleUrl>
		<LineString>
			<tessellate>1</tessellate>
			<altitudeMode>absolute</altitudeMode>
			<coordinates>
				0,0,0 0,0,0 
			</coordinates>
		</LineString>
	</Placemark>
	<Placemark>
		<styleUrl>#style_10301</styleUrl>
		<LineString>
			<tessellate>1</tessellate>
			<altitudeMode>absolute</altitudeMode>
			<coordinates>
				0,0,0 0,0,0 
			</coordinates>
		</LineString>
	</Placemark>
	<Placemark>
		<styleUrl>#style_10302</styleUrl>
		<LineString>
			<tessellate>1</tessellate>
			<altitudeMode>absolute</altitudeMode>
			<coordinates>
				0,0,0 0,0,0 
			</coordinates>
		</LineString>
	</Placemark>
	<Placemark>
		<styleUrl>#style_10303</styleUrl>
		<LineString>
			<tessellate>1</tessellate>
			<altitudeMode>absolute</altitudeMode>
			<coordinates>
				0,0,0 0,0,0 
			</coordinates>
		</LineString>
	</Placemark>
	<Placemark>
		<styleUrl>#style_10304</styleUrl>
		<LineString>
			<tessellate>1</tessellate>
			<altitudeMode>absolute</altitudeMode>
			<coordinates>
				0,0,0 0,0,0 
			</coordinates>
		</LineString>
	</Placemark>
	<Placemark>
		<styleUrl>#style_10305</styleUrl>
		<LineString>
			<tessellate>1</tessellate>
			<altitudeMode>absolute</altitudeMode>
			<coordinates>
				0,0,0 0,0,0 
			</coordinates>
		</LineString>
	</Placemark>
	<Placemark>
		<styleUrl>#style_10306</styleUrl>
		<LineString>
			<tessellate>1</tessellate>
			<altitudeMode>absolute</altitudeMode>
			<coordinates>
				0,0,0 0,0,0 
			</coordinates>
		</LineString>
	</Placemark>
	<Placemark>
		<styleUrl>#style_10307</styleUrl>
		<LineString>
			<tessellate>1</tessellate>
			<altitudeMode>absolute</altitudeMode>
			<coordinates>
				0,0,0 0,0,0 
			</coordinates>
		</LineString>
	</Placemark>
	<Placemark>
		<styleUrl>#style_10308</styleUrl>
		<LineString>
			<tessellate>1</tessellate>
			<altitudeMode>absolute</altitudeMode>
			<coordinates>
				0,0,0 0,0,0 
			</coordinates>
		</LineString>
	</Placemark>
	<Placemark>
		<styleUrl>#style_10309</styleUrl>
		<LineString>
			<tessellate>1</tessellate>
			<altitudeMode>absolute</altitudeMode>
			<coordinates>
				0,0,0 0,0,0 
			</coordinates>
		</LineString>
	</Placemark>
	<Placemark>
		<styleUrl>#style_10310</styleUrl>
		<LineString>
			<tessellate>1</tessellate>
			<altitudeMode>absolute</altitudeMode>
			<coordinates>
				0,0,0 0,0,0 
			</coordinates>
		</LineString>
	</Placemark>
	<Placemark>
		<styleUrl>#style_10311</styleUrl>
		<LineString>
			<tessellate>1</tessellate>
			<altitudeMode>absolute</altitudeMode>
			<coordinates>
				0,0,0 0,0,0 
			</coordinates>
		</LineString>
	</Placemark>
	<Placemark>
		<styleUrl>#style_10312</styleUrl>
		<LineString>
			<tessellate>1</tessellate>
			<altitudeMode>absolute</altitudeMode>
			<coordinates>
				0,0,0 0,0,0 
			</coordinates>
		</LineString>
	</Placemark>
	<Placemark>
		<styleUrl>#style_10313</styleUrl>
		<LineString>
			<tessellate>1</tessellate>
			<altitudeMode>absolute</altitudeMode>
			<coordinates>
				0,0,0 0,0,0 
			</coordinates>
		</LineString>
	</Placemark>
	<Placemark>
		<styleUrl>#style_10314</styleUrl>
		<LineString>
			<tessellate>1</tessellate>
			<altitudeMode>absolute</altitudeMode>
			<coordinates>
				0,0,0 0,0,0 
			</coordinates>
		</LineString>
	</Placemark>
	<Placemark>
		<styleUrl>#style_10315</styleUrl>
		<LineString>
			<tessellate>1</tessellate>
			<altitudeMode>absolute</altitudeMode>
			<coordinates>
				0,0,0 0,0,0 
			</coordinates>
		</LineString>
	</Placemark>
	<Placemark>
		<styleUrl>#style_10316</styleUrl>
		<LineString>
			<tessellate>1</tessellate>
			<altitudeMode>absolute</altitudeMode>
			<coordinates>
				0,0,0 0,0,0 
			</coordinates>
		</LineString>
	</Placemark>
	<Placemark>
		<styleUrl>#style_10317</styleUrl>
		<LineString>
			<tessellate>1</tessellate>
			<altitudeMode>absolute</altitudeMode>
			<coordinates>
				0,0,0 0,0,0 
			</coordinates>
		</LineString>
	</Placemark>
	<Placemark>
		<styleUrl>#style_10318</styleUrl>
		<LineString>
			<tessellate>1</tessellate>
			<altitudeMode>absolute</altitudeMode>
			<coordinates>
				0,0,0 0,0,0 
			</coordinates>
		</LineString>
	</Placemark>
	<Placemark>
		<styleUrl>#style_10319</styleUrl>
		<LineString>
			<tessellate>1</tessellate>
			<altitudeMode>absolute</altitudeMode>
			<coordinates>
				0,0,0 0,0,0 
			</coordinates>
		</LineString>
	</Placemark>
	<Placemark>
		<styleUrl>#style_10320</styleUrl>
		<LineString>
			<tessellate>1</tessellate>
			<altitudeMode>absolute</altitudeMode>
			<coordinates>
				0,0,0 0,0,0 
			</coordinates>
		</LineString>
	</Placemark>
	<Placemark>
		<styleUrl>#style_10321</styleUrl>
		<LineString>
			<tessellate>1</tessellate>
			<altitudeMode>absolute</altitudeMode>
			<coordinates>
				0,0,0 0,0,0 
			</coordinates>
		</LineString>
	</Placemark>
	<Placemark>
		<styleUrl>#style_10322</styleUrl>
		<LineString>
			<tessellate>1</tessellate>
			<altitudeMode>absolute</altitudeMode>
			<coordinates>
				0,0,0 0,0,0 
			</coordinates>
		</LineString>
	</Placemark>
	<Placemark>
		<styleUrl>#style_10323</styleUrl>
		<LineString>
			<tessellate>1</tessellate>
			<altitudeMode>absolute</altitudeMode>
			<coordinates>
				0,0,0 0,0,0 
			</coordinates>
		</LineString>
	</Placemark>
	<Placemark>
		<styleUrl>#style_10324</styleUrl>
		<LineString>
			<tessellate>1</tessellate>
			<altitudeMode>absolute</altitudeMode>
			<coordinates>
				0,0,0 0,0,0 
			</coordinates>
		</LineString>
	</Placemark>
	<Placemark>
		<styleUrl>#style_10325</styleUrl>
		<LineString>
			<tessellate>1</tessellate>
			<altitudeMode>absolute</altitudeMode>
			<coordinates>
				0,0,0 0,0,0 
			</coordinates>
		</LineString>
	</Placemark>
	<Placemark>
		<styleUrl>#style_10326</styleUrl>
		<LineString>
			<tessellate>1</tessellate>
			<altitudeMode>absolute</altitudeMode>
			<coordinates>
				0,0,0 0,0,0 
			</coordinates>
		</LineString>
	</Placemark>
	<Placemark>
		<styleUrl>#style_10327</styleUrl>
		<LineString>
			<tessellate>1</tessellate>
			<altitudeMode>absolute</altitudeMode>
			<coordinates>
				0,0,0 0,0,0 
			</coordinates>
		</LineString>
	</Placemark>
	<Placemark>
		<styleUrl>#style_10328</styleUrl>
		<LineString>
			<tessellate>1</tessellate>
			<altitudeMode>absolute</altitudeMode>
			<coordinates>
				0,0,0 0,0,0 
			</coordinates>
		</LineString>
	</Placemark>
	<Placemark>
		<styleUrl>#style_10329</styleUrl>
		<LineString>
			<tessellate>1</tessellate>
			<altitudeMode>absolute</altitudeMode>
			<coordinates>
				0,0,0 0,0,0 
			</coordinates>
		</LineString>
	</Placemark>
	<Placemark>
		<styleUrl>#style_10330</styleUrl>
		<LineString>
			<tessellate>1</tessellate>
			<altitudeMode>absolute</altitudeMode>
			<coordinates>
				0,0,0 0,0,0 
			</coordinates>
		</LineString>
	</Placemark>
	<Placemark>
		<styleUrl>#style_10331</styleUrl>
		<LineString>
			<tessellate>1</tessellate>
			<altitudeMode>absolute</altitudeMode>
			<coordinates>
				0,0,0 0,0,0 
			</coordinates>
		</LineString>
	</Placemark>
	<Placemark>
		<styleUrl>#style_10332</styleUrl>
		<LineString>
			<tessellate>1</tessellate>
			<altitudeMode>absolute</altitudeMode>
			<coordinates>
				0,0,0 0,0,0 
			</coordinates>
		</LineString>
	</Placemark>
	<Placemark>
		<styleUrl>#style_10333</styleUrl>
		<LineString>
			<tessellate>1</tessellate>
			<altitudeMode>absolute</altitudeMode>
			<coordinates>
				0,0,0 0,0,0 
			</coordinates>
		</LineString>
	</Placemark>
	<Placemark>
		<styleUrl>#style_10334</styleUrl>
		<LineString>
			<tessellate>1</tessellate>
			<altitudeMode>absolute</altitudeMode>
			<coordinates>
				0,0,0 0,0,0 
			</coordinates>
		</LineString>
	</Placemark>
	<Placemark>
		<styleUrl>#style_10335</styleUrl>
		<LineString>
			<tessellate>1</tessellate>
			<altitudeMode>absolute</altitudeMode>
			<coordinates>
				0,0,0 0,0,0 
			</coordinates>
		</LineString>
	</Placemark>
	<Placemark>
		<styleUrl>#style_10336</styleUrl>
		<LineString>
			<tessellate>1</tessellate>
			<altitudeMode>absolute</altitudeMode>
			<coordinates>
				0,0,0 0,0,0 
			</coordinates>
		</LineString>
	</Placemark>
	<Placemark>
		<styleUrl>#style_10337</styleUrl>
		<LineString>
			<tessellate>1</tessellate>
			<altitudeMode>absolute</altitudeMode>
			<coordinates>
				0,0,0 0,0,0 
			</coordinates>
		</LineString>
	</Placemark>
	<Placemark>
		<styleUrl>#style_10338</styleUrl>
		<LineString>
			<tessellate>1</tessellate>
			<altitudeMode>absolute</altitudeMode>
			<coordinates>
				0,0,0 0,0,0 
			</coordinates>
		</LineString>
	</Placemark>
	<Placemark>
		<styleUrl>#style_10339</styleUrl>
		<LineString>
			<tessellate>1</tessellate>
			<altitudeMode>absolute</altitudeMode>
			<coordinates>
				0,0,0 0,0,0 
			</coordinates>
		</LineString>
	</Placemark>
	<Placemark>
		<styleUrl>#style_10340</styleUrl>
		<LineString>
			<tessellate>1</tessellate>
			<altitudeMode>absolute</altitudeMode>
			<coordinates>
				0,0,0 0,0,0 
			</coordinates>
		</LineString>
	</Placemark>
	<Placemark>
		<styleUrl>#style_10341</styleUrl>
		<LineString>
			<tessellate>1</tessellate>
			<altitudeMode>absolute</altitudeMode>
			<coordinates>
				0,0,0 0,0,0 
			</coordinates>
		</LineString>
	</Placemark>
	<Placemark>
		<styleUrl>#style_10342</styleUrl>
		<LineString>
			<tessellate>1</tessellate>
			<altitudeMode>absolute</altitudeMode>
			<coordinates>
				0,0,0 0,0,0 
			</coordinates>
		</LineString>
	</Placemark>
	<Placemark>
		<styleUrl>#style_10343</styleUrl>
		<LineString>
			<tessellate>1</tessellate>
			<altitudeMode>absolute</altitudeMode>
			<coordinates>
				0,0,0 0,0,0 
			</coordinates>
		</LineString>
	</Placemark>
	<Placemark>
		<styleUrl>#style_10344</styleUrl>
		<LineString>
			<tessellate>1</tessellate>
			<altitudeMode>absolute</altitudeMode>
			<coordinates>
				0,0,0 0,0,0 
			</coordinates>
		</LineString>
	</Placemark>
	<Placemark>
		<styleUrl>#style_10345</styleUrl>
		<LineString>
			<tessellate>1</tessellate>
			<altitudeMode>absolute</altitudeMode>
			<coordinates>
				0,0,0 0,0,0 
			</coordinates>
		</LineString>
	</Placemark>
	<Placemark>
		<styleUrl>#style_10346</styleUrl>
		<LineString>
			<tessellate>1</tessellate>
			<altitudeMode>absolute</altitudeMode>
			<coordinates>
				0,0,0 0,0,0 
			</coordinates>
		</LineString>
	</Placemark>
	<Placemark>
		<styleUrl>#style_10347</styleUrl>
		<LineString>
			<tessellate>1</tessellate>
			<altitudeMode>absolute</altitudeMode>
			<coordinates>
				0,0,0 0,0,0 
			</coordinates>
		</LineString>
	</Placemark>
	<Placemark>
		<styleUrl>#style_10348</styleUrl>
		<LineString>
			<tessellate>1</tessellate>
			<altitudeMode>absolute</altitudeMode>
			<coordinates>
				0,0,0 0,0,0 
			</coordinates>
		</LineString>
	</Placemark>
	<Placemark>
		<styleUrl>#style_10349</styleUrl>
		<LineString>
			<tessellate>1</tessellate>
			<altitudeMode>absolute</altitudeMode>
			<coordinates>
				0,0,0 0,0,0 
			</coordinates>
		</LineString>
	</Placemark>
	<Placemark>
		<styleUrl>#style_10350</styleUrl>
		<LineString>
			<tessellate>1</tessellate>
			<altitudeMode>absolute</altitudeMode>
			<coordinates>
				0,0,0 0,0,0 
			</coordinates>
		</LineString>
	</Placemark>
	<Placemark>
		<styleUrl>#style_10351</styleUrl>
		<LineString>
			<tessellate>1</tessellate>
			<altitudeMode>absolute</altitudeMode>
			<coordinates>
				0,0,0 0,0,0 
			</coordinates>
		</LineString>
	</Placemark>
	<Placemark>
		<styleUrl>#style_10352</styleUrl>
		<LineString>
			<tessellate>1</tessellate>
			<altitudeMode>absolute</altitudeMode>
			<coordinates>
				0,0,0 0,0,0 
			</coordinates>
		</LineString>
	</Placemark>
	<Placemark>
		<styleUrl>#style_10353</styleUrl>
		<LineString>
			<tessellate>1</tessellate>
			<altitudeMode>absolute</altitudeMode>
			<coordinates>
				0,0,0 0,0,0 
			</coordinates>
		</LineString>
	</Placemark>
	<Placemark>
		<styleUrl>#style_10354</styleUrl>
		<LineString>
			<tessellate>1</tessellate>
			<altitudeMode>absolute</altitudeMode>
			<coordinates>
				0,0,0 0,0,0 
			</coordinates>
		</LineString>
	</Placemark>
	<Placemark>
		<styleUrl>#style_10355</styleUrl>
		<LineString>
			<tessellate>1</tessellate>
			<altitudeMode>absolute</altitudeMode>
			<coordinates>
				0,0,0 0,0,0 
			</coordinates>
		</LineString>
	</Placemark>
	<Placemark>
		<styleUrl>#style_10356</styleUrl>
		<LineString>
			<tessellate>1</tessellate>
			<altitudeMode>absolute</altitudeMode>
			<coordinates>
				0,0,0 0,0,0 
			</coordinates>
		</LineString>
	</Placemark>
	<Placemark>
		<styleUrl>#style_10357</styleUrl>
		<LineString>
			<tessellate>1</tessellate>
			<altitudeMode>absolute</altitudeMode>
			<coordinates>
				0,0,0 0,0,0 
			</coordinates>
		</LineString>
	</Placemark>
	<Placemark>
		<styleUrl>#style_10358</styleUrl>
		<LineString>
			<tessellate>1</tessellate>
			<altitudeMode>absolute</altitudeMode>
			<coordinates>
				0,0,0 0,0,0 
			</coordinates>
		</LineString>
	</Placemark>
	<Placemark>
		<styleUrl>#style_10359</styleUrl>
		<LineString>
			<tessellate>1</tessellate>
			<altitudeMode>absolute</altitudeMode>
			<coordinates>
				0,0,0 0,0,0 
			</coordinates>
		</LineString>
	</Placemark>
	<Placemark>
		<styleUrl>#style_10360</styleUrl>
		<LineString>
			<tessellate>1</tessellate>
			<altitudeMode>absolute</altitudeMode>
			<coordinates>
				0,0,0 0,0,0 
			</coordinates>
		</LineString>
	</Placemark>
	<Placemark>
		<styleUrl>#style_10361</styleUrl>
		<LineString>
			<tessellate>1</tessellate>
			<altitudeMode>absolute</altitudeMode>
			<coordinates>
				0,0,0 0,0,0 
			</coordinates>
		</LineString>
	</Placemark>
	<Placemark>
		<styleUrl>#style_10362</styleUrl>
		<LineString>
			<tessellate>1</tessellate>
			<altitudeMode>absolute</altitudeMode>
			<coordinates>
				0,0,0 0,0,0 
			</coordinates>
		</LineString>
	</Placemark>
	<Placemark>
		<styleUrl>#style_10363</styleUrl>
		<LineString>
			<tessellate>1</tessellate>
			<altitudeMode>absolute</altitudeMode>
			<coordinates>
				0,0,0 0,0,0 
			</coordinates>
		</LineString>
	</Placemark>
	<Placemark>
		<styleUrl>#style_10364</styleUrl>
		<LineString>
			<tessellate>1</tessellate>
			<altitudeMode>absolute</altitudeMode>
			<coordinates>
				0,0,0 0,0,0 
			</coordinates>
		</LineString>
	</Placemark>
	<Placemark>
		<styleUrl>#style_10365</styleUrl>
		<LineString>
			<tessellate>1</tessellate>
			<altitudeMode>absolute</altitudeMode>
			<coordinates>
				0,0,0 0,0,0 
			</coordinates>
		</LineString>
	</Placemark>
	<Placemark>
		<styleUrl>#style_10366</styleUrl>
		<LineString>
			<tessellate>1</tessellate>
			<altitudeMode>absolute</altitudeMode>
			<coordinates>
				0,0,0 0,0,0 
			</coordinates>
		</LineString>
	</Placemark>
	<Placemark>
		<styleUrl>#style_10367</styleUrl>
		<LineString>
			<tessellate>1</tessellate>
			<altitudeMode>absolute</altitudeMode>
			<coordinates>
				0,0,0 0,0,0 
			</coordinates>
		</LineString>
	</Placemark>
	<Placemark>
		<styleUrl>#style_10368</styleUrl>
		<LineString>
			<tessellate>1</tessellate>
			<altitudeMode>absolute</altitudeMode>
			<coordinates>
				0,0,0 0,0,0 
			</coordinates>
		</LineString>
	</Placemark>
	<Placemark>
		<styleUrl>#style_10369</styleUrl>
		<LineString>
			<tessellate>1</tessellate>
			<altitudeMode>absolute</altitudeMode>
			<coordinates>
				0,0,0 0,0,0 
			</coordinates>
		</LineString>
	</Placemark>
	<Placemark>
		<styleUrl>#style_10370</styleUrl>
		<LineString>
			<tessellate>1</tessellate>
			<altitudeMode>absolute</altitudeMode>
			<coordinates>
				0,0,0 0,0,0 
			</coordinates>
		</LineString>
	</Placemark>
	<Placemark>
		<styleUrl>#style_10371</styleUrl>
		<LineString>
			<tessellate>1</tessellate>
			<altitudeMode>absolute</altitudeMode>
			<coordinates>
				0,0,0 0,0,0 
			</coordinates>
		</LineString>
	</Placemark>
	<Placemark>
		<styleUrl>#style_10372</styleUrl>
		<LineString>
			<tessellate>1</tessellate>
			<altitudeMode>absolute</altitudeMode>
			<coordinates>
				0,0,0 0,0,0 
			</coordinates>
		</LineString>
	</Placemark>
	<Placemark>
		<styleUrl>#style_10373</styleUrl>
		<LineString>
			<tessellate>1</tessellate>
			<altitudeMode>absolute</altitudeMode>
			<coordinates>
				0,0,0 0,0,0 
			</coordinates>
		</LineString>
	</Placemark>
	<Placemark>
		<styleUrl>#style_10374</styleUrl>
		<LineString>
			<tessellate>1</tessellate>
			<altitudeMode>absolute</altitudeMode>
			<coordinates>
				0,0,0 0,0,0 
			</coordinates>
		</LineString>
	</Placemark>
	<Placemark>
		<styleUrl>#style_10375</styleUrl>
		<LineString>
			<tessellate>1</tessellate>
			<altitudeMode>absolute</altitudeMode>
			<coordinates>
				0,0,0 0,0,0 
			</coordinates>
		</LineString>
	</Placemark>
	<Placemark>
		<styleUrl>#style_10376</styleUrl>
		<LineString>
			<tessellate>1</tessellate>
			<altitudeMode>absolute</altitudeMode>
			<coordinates>
				0,0,0 0,0,0 
			</coordinates>
		</LineString>
	</Placemark>
	<Placemark>
		<styleUrl>#style_10377</styleUrl>
		<LineString>
			<tessellate>1</tessellate>
			<altitudeMode>absolute</altitudeMode>
			<coordinates>
				0,0,0 0,0,0 
			</coordinates>
		</LineString>
	</Placemark>
	<Placemark>
		<styleUrl>#style_10378</styleUrl>
		<LineString>
			<tessellate>1</tessellate>
			<altitudeMode>absolute</altitudeMode>
			<coordinates>
				0,0,0 0,0,0 
			</coordinates>
		</LineString>
	</Placemark>
	<Placemark>
		<styleUrl>#style_10379</styleUrl>
		<LineString>
			<tessellate>1</tessellate>
			<altitudeMode>absolute</altitudeMode>
			<coordinates>
				0,0,0 0,0,0 
			</coordinates>
		</LineString>
	</Placemark>
	<Placemark>
		<styleUrl>#style_10380</styleUrl>
		<LineString>
			<tessellate>1</tessellate>
			<altitudeMode>absolute</altitudeMode>
			<coordinates>
				0,0,0 0,0,0 
			</coordinates>
		</LineString>
	</Placemark>
	<Placemark>
		<styleUrl>#style_10381</styleUrl>
		<LineString>
			<tessellate>1</tessellate>
			<altitudeMode>absolute</altitudeMode>
			<coordinates>
				0,0,0 0,0,0 
			</coordinates>
		</LineString>
	</Placemark>
	<Placemark>
		<styleUrl>#style_10382</styleUrl>
		<LineString>
			<tessellate>1</tessellate>
			<altitudeMode>absolute</altitudeMode>
			<coordinates>
				0,0,0 0,0,0 
			</coordinates>
		</LineString>
	</Placemark>
	<Placemark>
		<styleUrl>#style_10383</styleUrl>
		<LineString>
			<tessellate>1</tessellate>
			<altitudeMode>absolute</altitudeMode>
			<coordinates>
				0,0,0 0,0,0 
			</coordinates>
		</LineString>
	</Placemark>
	<Placemark>
		<styleUrl>#style_10384</styleUrl>
		<LineString>
			<tessellate>1</tessellate>
			<altitudeMode>absolute</altitudeMode>
			<coordinates>
				0,0,0 0,0,0 
			</coordinates>
		</LineString>
	</Placemark>
	<Placemark>
		<styleUrl>#style_10385</styleUrl>
		<LineString>
			<tessellate>1</tessellate>
			<altitudeMode>absolute</altitudeMode>
			<coordinates>
				0,0,0 0,0,0 
			</coordinates>
		</LineString>
	</Placemark>
	<Placemark>
		<styleUrl>#style_10386</styleUrl>
		<LineString>
			<tessellate>1</tessellate>
			<altitudeMode>absolute</altitudeMode>
			<coordinates>
				0,0,0 0,0,0 
			</coordinates>
		</LineString>
	</Placemark>
	<Placemark>
		<styleUrl>#style_10387</styleUrl>
		<LineString>
			<tessellate>1</tessellate>
			<altitudeMode>absolute</altitudeMode>
			<coordinates>
				0,0,0 0,0,0 
			</coordinates>
		</LineString>
	</Placemark>
	<Placemark>
		<styleUrl>#style_10388</styleUrl>
		<LineString>
			<tessellate>1</tessellate>
			<altitudeMode>absolute</altitudeMode>
			<coordinates>
				0,0,0 0,0,0 
			</coordinates>
		</LineString>
	</Placemark>
	<Placemark>
		<styleUrl>#style_10389</styleUrl>
		<LineString>
			<tessellate>1</tessellate>
			<altitudeMode>absolute</altitudeMode>
			<coordinates>
				0,0,0 0,0,0 
			</coordinates>
		</LineString>
	</Placemark>
	<Placemark>
		<styleUrl>#style_10390</styleUrl>
		<LineString>
			<tessellate>1</tessellate>
			<altitudeMode>absolute</altitudeMode>
			<coordinates>
				0,0,0 0,0,0 
			</coordinates>
		</LineString>
	</Placemark>
	<Placemark>
		<styleUrl>#style_10391</styleUrl>
		<LineString>
			<tessellate>1</tessellate>
			<altitudeMode>absolute</altitudeMode>
			<coordinates>
				0,0,0 0,0,0 
			</coordinates>
		</LineString>
	</Placemark>
	<Placemark>
		<styleUrl>#style_10392</styleUrl>
		<LineString>
			<tessellate>1</tessellate>
			<altitudeMode>absolute</altitudeMode>
			<coordinates>
				0,0,0 0,0,0 
			</coordinates>
		</LineString>
	</Placemark>
	<Placemark>
		<styleUrl>#style_10393</styleUrl>
		<LineString>
			<tessellate>1</tessellate>
			<altitudeMode>absolute</altitudeMode>
			<coordinates>
				0,0,0 0,0,0 
			</coordinates>
		</LineString>
	</Placemark>
	<Placemark>
		<styleUrl>#style_10394</styleUrl>
		<LineString>
			<tessellate>1</tessellate>
			<altitudeMode>absolute</altitudeMode>
			<coordinates>
				0,0,0 0,0,0 
			</coordinates>
		</LineString>
	</Placemark>
	<Placemark>
		<styleUrl>#style_10395</styleUrl>
		<LineString>
			<tessellate>1</tessellate>
			<altitudeMode>absolute</altitudeMode>
			<coordinates>
				0,0,0 0,0,0 
			</coordinates>
		</LineString>
	</Placemark>
	<Placemark>
		<styleUrl>#style_10396</styleUrl>
		<LineString>
			<tessellate>1</tessellate>
			<altitudeMode>absolute</altitudeMode>
			<coordinates>
				0,0,0 0,0,0 
			</coordinates>
		</LineString>
	</Placemark>
	<Placemark>
		<styleUrl>#style_10397</styleUrl>
		<LineString>
			<tessellate>1</tessellate>
			<altitudeMode>absolute</altitudeMode>
			<coordinates>
				0,0,0 0,0,0 
			</coordinates>
		</LineString>
	</Placemark>
	<Placemark>
		<styleUrl>#style_10398</styleUrl>
		<LineString>
			<tessellate>1</tessellate>
			<altitudeMode>absolute</altitudeMode>
			<coordinates>
				0,0,0 0,0,0 
			</coordinates>
		</LineString>
	</Placemark>
	<Placemark>
		<styleUrl>#style_10399</styleUrl>
		<LineString>
			<tessellate>1</tessellate>
			<altitudeMode>absolute</altitudeMode>
			<coordinates>
				0,0,0 0,0,0 
			</coordinates>
		</LineString>
	</Placemark>
	<Placemark>
		<styleUrl>#style_10400</styleUrl>
		<LineString>
			<tessellate>1</tessellate>
			<altitudeMode>absolute</altitudeMode>
			<coordinates>
				0,0,0 0,0,0 
			</coordinates>
		</LineString>
	</Placemark>
	<Placemark>
		<styleUrl>#style_10401</styleUrl>
		<LineString>
			<tessellate>1</tessellate>
			<altitudeMode>absolute</altitudeMode>
			<coordinates>
				0,0,0 0,0,0 
			</coordinates>
		</LineString>
	</Placemark>
	<Placemark>
		<styleUrl>#style_10402</styleUrl>
		<LineString>
			<tessellate>1</tessellate>
			<altitudeMode>absolute</altitudeMode>
			<coordinates>
				0,0,0 0,0,0 
			</coordinates>
		</LineString>
	</Placemark>
	<Placemark>
		<styleUrl>#style_10403</styleUrl>
		<LineString>
			<tessellate>1</tessellate>
			<altitudeMode>absolute</altitudeMode>
			<coordinates>
				0,0,0 0,0,0 
			</coordinates>
		</LineString>
	</Placemark>
	<Placemark>
		<styleUrl>#style_10404</styleUrl>
		<LineString>
			<tessellate>1</tessellate>
			<altitudeMode>absolute</altitudeMode>
			<coordinates>
				0,0,0 0,0,0 
			</coordinates>
		</LineString>
	</Placemark>
	<Placemark>
		<styleUrl>#style_10405</styleUrl>
		<LineString>
			<tessellate>1</tessellate>
			<altitudeMode>absolute</altitudeMode>
			<coordinates>
				0,0,0 0,0,0 
			</coordinates>
		</LineString>
	</Placemark>
	<Placemark>
		<styleUrl>#style_10406</styleUrl>
		<LineString>
			<tessellate>1</tessellate>
			<altitudeMode>absolute</altitudeMode>
			<coordinates>
				0,0,0 0,0,0 
			</coordinates>
		</LineString>
	</Placemark>
	<Placemark>
		<styleUrl>#style_10407</styleUrl>
		<LineString>
			<tessellate>1</tessellate>
			<altitudeMode>absolute</altitudeMode>
			<coordinates>
				0,0,0 0,0,0 
			</coordinates>
		</LineString>
	</Placemark>
	<Placemark>
		<styleUrl>#style_10408</styleUrl>
		<LineString>
			<tessellate>1</tessellate>
			<altitudeMode>absolute</altitudeMode>
			<coordinates>
				0,0,0 0,0,0 
			</coordinates>
		</LineString>
	</Placemark>
	<Placemark>
		<styleUrl>#style_10409</styleUrl>
		<LineString>
			<tessellate>1</tessellate>
			<altitudeMode>absolute</altitudeMode>
			<coordinates>
				0,0,0 0,0,0 
			</coordinates>
		</LineString>
	</Placemark>
	<Placemark>
		<styleUrl>#style_10410</styleUrl>
		<LineString>
			<tessellate>1</tessellate>
			<altitudeMode>absolute</altitudeMode>
			<coordinates>
				0,0,0 0,0,0 
			</coordinates>
		</LineString>
	</Placemark>
	<Placemark>
		<styleUrl>#style_10411</styleUrl>
		<LineString>
			<tessellate>1</tessellate>
			<altitudeMode>absolute</altitudeMode>
			<coordinates>
				0,0,0 0,0,0 
			</coordinates>
		</LineString>
	</Placemark>
	<Placemark>
		<styleUrl>#style_10412</styleUrl>
		<LineString>
			<tessellate>1</tessellate>
			<altitudeMode>absolute</altitudeMode>
			<coordinates>
				0,0,0 0,0,0 
			</coordinates>
		</LineString>
	</Placemark>
	<Placemark>
		<styleUrl>#style_10413</styleUrl>
		<LineString>
			<tessellate>1</tessellate>
			<altitudeMode>absolute</altitudeMode>
			<coordinates>
				0,0,0 0,0,0 
			</coordinates>
		</LineString>
	</Placemark>
	<Placemark>
		<styleUrl>#style_10414</styleUrl>
		<LineString>
			<tessellate>1</tessellate>
			<altitudeMode>absolute</altitudeMode>
			<coordinates>
				0,0,0 0,0,0 
			</coordinates>
		</LineString>
	</Placemark>
	<Placemark>
		<styleUrl>#style_10415</styleUrl>
		<LineString>
			<tessellate>1</tessellate>
			<altitudeMode>absolute</altitudeMode>
			<coordinates>
				0,0,0 0,0,0 
			</coordinates>
		</LineString>
	</Placemark>
	<Placemark>
		<styleUrl>#style_10416</styleUrl>
		<LineString>
			<tessellate>1</tessellate>
			<altitudeMode>absolute</altitudeMode>
			<coordinates>
				0,0,0 0,0,0 
			</coordinates>
		</LineString>
	</Placemark>
	<Placemark>
		<styleUrl>#style_10417</styleUrl>
		<LineString>
			<tessellate>1</tessellate>
			<altitudeMode>absolute</altitudeMode>
			<coordinates>
				0,0,0 0,0,0 
			</coordinates>
		</LineString>
	</Placemark>
	<Placemark>
		<styleUrl>#style_10418</styleUrl>
		<LineString>
			<tessellate>1</tessellate>
			<altitudeMode>absolute</altitudeMode>
			<coordinates>
				0,0,0 0,0,0 
			</coordinates>
		</LineString>
	</Placemark>
	<Placemark>
		<styleUrl>#style_10419</styleUrl>
		<LineString>
			<tessellate>1</tessellate>
			<altitudeMode>absolute</altitudeMode>
			<coordinates>
				0,0,0 0,0,0 
			</coordinates>
		</LineString>
	</Placemark>
	<Placemark>
		<styleUrl>#style_10420</styleUrl>
		<LineString>
			<tessellate>1</tessellate>
			<altitudeMode>absolute</altitudeMode>
			<coordinates>
				0,0,0 0,0,0 
			</coordinates>
		</LineString>
	</Placemark>
	<Placemark>
		<styleUrl>#style_10421</styleUrl>
		<LineString>
			<tessellate>1</tessellate>
			<altitudeMode>absolute</altitudeMode>
			<coordinates>
				0,0,0 0,0,0 
			</coordinates>
		</LineString>
	</Placemark>
	<Placemark>
		<styleUrl>#style_10422</styleUrl>
		<LineString>
			<tessellate>1</tessellate>
			<altitudeMode>absolute</altitudeMode>
			<coordinates>
				0,0,0 0,0,0 
			</coordinates>
		</LineString>
	</Placemark>
	<Placemark>
		<styleUrl>#style_10423</styleUrl>
		<LineString>
			<tessellate>1</tessellate>
			<altitudeMode>absolute</altitudeMode>
			<coordinates>
				0,0,0 0,0,0 
			</coordinates>
		</LineString>
	</Placemark>
	<Placemark>
		<styleUrl>#style_10424</styleUrl>
		<LineString>
			<tessellate>1</tessellate>
			<altitudeMode>absolute</altitudeMode>
			<coordinates>
				0,0,0 0,0,0 
			</coordinates>
		</LineString>
	</Placemark>
	<Placemark>
		<styleUrl>#style_10425</styleUrl>
		<LineString>
			<tessellate>1</tessellate>
			<altitudeMode>absolute</altitudeMode>
			<coordinates>
				0,0,0 0,0,0 
			</coordinates>
		</LineString>
	</Placemark>
	<Placemark>
		<styleUrl>#style_10426</styleUrl>
		<LineString>
			<tessellate>1</tessellate>
			<altitudeMode>absolute</altitudeMode>
			<coordinates>
				0,0,0 0,0,0 
			</coordinates>
		</LineString>
	</Placemark>
	<Placemark>
		<styleUrl>#style_10427</styleUrl>
		<LineString>
			<tessellate>1</tessellate>
			<altitudeMode>absolute</altitudeMode>
			<coordinates>
				0,0,0 0,0,0 
			</coordinates>
		</LineString>
	</Placemark>
	<Placemark>
		<styleUrl>#style_10428</styleUrl>
		<LineString>
			<tessellate>1</tessellate>
			<altitudeMode>absolute</altitudeMode>
			<coordinates>
				0,0,0 0,0,0 
			</coordinates>
		</LineString>
	</Placemark>
	<Placemark>
		<styleUrl>#style_10429</styleUrl>
		<LineString>
			<tessellate>1</tessellate>
			<altitudeMode>absolute</altitudeMode>
			<coordinates>
				0,0,0 0,0,0 
			</coordinates>
		</LineString>
	</Placemark>
	<Placemark>
		<styleUrl>#style_10430</styleUrl>
		<LineString>
			<tessellate>1</tessellate>
			<altitudeMode>absolute</altitudeMode>
			<coordinates>
				0,0,0 0,0,0 
			</coordinates>
		</LineString>
	</Placemark>
	<Placemark>
		<styleUrl>#style_10431</styleUrl>
		<LineString>
			<tessellate>1</tessellate>
			<altitudeMode>absolute</altitudeMode>
			<coordinates>
				0,0,0 0,0,0 
			</coordinates>
		</LineString>
	</Placemark>
	<Placemark>
		<styleUrl>#style_10432</styleUrl>
		<LineString>
			<tessellate>1</tessellate>
			<altitudeMode>absolute</altitudeMode>
			<coordinates>
				0,0,0 0,0,0 
			</coordinates>
		</LineString>
	</Placemark>
	<Placemark>
		<styleUrl>#style_10433</styleUrl>
		<LineString>
			<tessellate>1</tessellate>
			<altitudeMode>absolute</altitudeMode>
			<coordinates>
				0,0,0 0,0,0 
			</coordinates>
		</LineString>
	</Placemark>
	<Placemark>
		<styleUrl>#style_10434</styleUrl>
		<LineString>
			<tessellate>1</tessellate>
			<altitudeMode>absolute</altitudeMode>
			<coordinates>
				0,0,0 0,0,0 
			</coordinates>
		</LineString>
	</Placemark>
	<Placemark>
		<styleUrl>#style_10435</styleUrl>
		<LineString>
			<tessellate>1</tessellate>
			<altitudeMode>absolute</altitudeMode>
			<coordinates>
				0,0,0 0,0,0 
			</coordinates>
		</LineString>
	</Placemark>
	<Placemark>
		<styleUrl>#style_10436</styleUrl>
		<LineString>
			<tessellate>1</tessellate>
			<altitudeMode>absolute</altitudeMode>
			<coordinates>
				0,0,0 0,0,0 
			</coordinates>
		</LineString>
	</Placemark>
	<Placemark>
		<styleUrl>#style_10437</styleUrl>
		<LineString>
			<tessellate>1</tessellate>
			<altitudeMode>absolute</altitudeMode>
			<coordinates>
				0,0,0 0,0,0 
			</coordinates>
		</LineString>
	</Placemark>
	<Placemark>
		<styleUrl>#style_10438</styleUrl>
		<LineString>
			<tessellate>1</tessellate>
			<altitudeMode>absolute</altitudeMode>
			<coordinates>
				0,0,0 0,0,0 
			</coordinates>
		</LineString>
	</Placemark>
	<Placemark>
		<styleUrl>#style_10439</styleUrl>
		<LineString>
			<tessellate>1</tessellate>
			<altitudeMode>absolute</altitudeMode>
			<coordinates>
				0,0,0 0,0,0 
			</coordinates>
		</LineString>
	</Placemark>
	<Placemark>
		<styleUrl>#style_10440</styleUrl>
		<LineString>
			<tessellate>1</tessellate>
			<altitudeMode>absolute</altitudeMode>
			<coordinates>
				0,0,0 0,0,0 
			</coordinates>
		</LineString>
	</Placemark>
	<Placemark>
		<styleUrl>#style_10441</styleUrl>
		<LineString>
			<tessellate>1</tessellate>
			<altitudeMode>absolute</altitudeMode>
			<coordinates>
				0,0,0 0,0,0 
			</coordinates>
		</LineString>
	</Placemark>
	<Placemark>
		<styleUrl>#style_10442</styleUrl>
		<LineString>
			<tessellate>1</tessellate>
			<altitudeMode>absolute</altitudeMode>
			<coordinates>
				0,0,0 0,0,0 
			</coordinates>
		</LineString>
	</Placemark>
	<Placemark>
		<styleUrl>#style_10443</styleUrl>
		<LineString>
			<tessellate>1</tessellate>
			<altitudeMode>absolute</altitudeMode>
			<coordinates>
				0,0,0 0,0,0 
			</coordinates>
		</LineString>
	</Placemark>
	<Placemark>
		<styleUrl>#style_10444</styleUrl>
		<LineString>
			<tessellate>1</tessellate>
			<altitudeMode>absolute</altitudeMode>
			<coordinates>
				0,0,0 0,0,0 
			</coordinates>
		</LineString>
	</Placemark>
	<Placemark>
		<styleUrl>#style_10445</styleUrl>
		<LineString>
			<tessellate>1</tessellate>
			<altitudeMode>absolute</altitudeMode>
			<coordinates>
				0,0,0 0,0,0 
			</coordinates>
		</LineString>
	</Placemark>
	<Placemark>
		<styleUrl>#style_10446</styleUrl>
		<LineString>
			<tessellate>1</tessellate>
			<altitudeMode>absolute</altitudeMode>
			<coordinates>
				0,0,0 0,0,0 
			</coordinates>
		</LineString>
	</Placemark>
	<Placemark>
		<styleUrl>#style_10447</styleUrl>
		<LineString>
			<tessellate>1</tessellate>
			<altitudeMode>absolute</altitudeMode>
			<coordinates>
				0,0,0 0,0,0 
			</coordinates>
		</LineString>
	</Placemark>
	<Placemark>
		<styleUrl>#style_10448</styleUrl>
		<LineString>
			<tessellate>1</tessellate>
			<altitudeMode>absolute</altitudeMode>
			<coordinates>
				0,0,0 0,0,0 
			</coordinates>
		</LineString>
	</Placemark>
	<Placemark>
		<styleUrl>#style_10449</styleUrl>
		<LineString>
			<tessellate>1</tessellate>
			<altitudeMode>absolute</altitudeMode>
			<coordinates>
				0,0,0 0,0,0 
			</coordinates>
		</LineString>
	</Placemark>
	<Placemark>
		<styleUrl>#style_10450</styleUrl>
		<LineString>
			<tessellate>1</tessellate>
			<altitudeMode>absolute</altitudeMode>
			<coordinates>
				0,0,0 0,0,0 
			</coordinates>
		</LineString>
	</Placemark>
	<Placemark>
		<styleUrl>#style_10451</styleUrl>
		<LineString>
			<tessellate>1</tessellate>
			<altitudeMode>absolute</altitudeMode>
			<coordinates>
				0,0,0 0,0,0 
			</coordinates>
		</LineString>
	</Placemark>
	<Placemark>
		<styleUrl>#style_10452</styleUrl>
		<LineString>
			<tessellate>1</tessellate>
			<altitudeMode>absolute</altitudeMode>
			<coordinates>
				0,0,0 0,0,0 
			</coordinates>
		</LineString>
	</Placemark>
	<Placemark>
		<styleUrl>#style_10453</styleUrl>
		<LineString>
			<tessellate>1</tessellate>
			<altitudeMode>absolute</altitudeMode>
			<coordinates>
				0,0,0 0,0,0 
			</coordinates>
		</LineString>
	</Placemark>
	<Placemark>
		<styleUrl>#style_10454</styleUrl>
		<LineString>
			<tessellate>1</tessellate>
			<altitudeMode>absolute</altitudeMode>
			<coordinates>
				0,0,0 0,0,0 
			</coordinates>
		</LineString>
	</Placemark>
	<Placemark>
		<styleUrl>#style_10455</styleUrl>
		<LineString>
			<tessellate>1</tessellate>
			<altitudeMode>absolute</altitudeMode>
			<coordinates>
				0,0,0 0,0,0 
			</coordinates>
		</LineString>
	</Placemark>
	<Placemark>
		<styleUrl>#style_10456</styleUrl>
		<LineString>
			<tessellate>1</tessellate>
			<altitudeMode>absolute</altitudeMode>
			<coordinates>
				0,0,0 0,0,0 
			</coordinates>
		</LineString>
	</Placemark>
	<Placemark>
		<styleUrl>#style_10457</styleUrl>
		<LineString>
			<tessellate>1</tessellate>
			<altitudeMode>absolute</altitudeMode>
			<coordinates>
				0,0,0 0,0,0 
			</coordinates>
		</LineString>
	</Placemark>
	<Placemark>
		<styleUrl>#style_10458</styleUrl>
		<LineString>
			<tessellate>1</tessellate>
			<altitudeMode>absolute</altitudeMode>
			<coordinates>
				0,0,0 0,0,0 
			</coordinates>
		</LineString>
	</Placemark>
	<Placemark>
		<styleUrl>#style_10459</styleUrl>
		<LineString>
			<tessellate>1</tessellate>
			<altitudeMode>absolute</altitudeMode>
			<coordinates>
				0,0,0 0,0,0 
			</coordinates>
		</LineString>
	</Placemark>
	<Placemark>
		<styleUrl>#style_10460</styleUrl>
		<LineString>
			<tessellate>1</tessellate>
			<altitudeMode>absolute</altitudeMode>
			<coordinates>
				0,0,0 0,0,0 
			</coordinates>
		</LineString>
	</Placemark>
	<Placemark>
		<styleUrl>#style_10461</styleUrl>
		<LineString>
			<tessellate>1</tessellate>
			<altitudeMode>absolute</altitudeMode>
			<coordinates>
				0,0,0 0,0,0 
			</coordinates>
		</LineString>
	</Placemark>
	<Placemark>
		<styleUrl>#style_10462</styleUrl>
		<LineString>
			<tessellate>1</tessellate>
			<altitudeMode>absolute</altitudeMode>
			<coordinates>
				0,0,0 0,0,0 
			</coordinates>
		</LineString>
	</Placemark>
	<Placemark>
		<styleUrl>#style_10463</styleUrl>
		<LineString>
			<tessellate>1</tessellate>
			<altitudeMode>absolute</altitudeMode>
			<coordinates>
				0,0,0 0,0,0 
			</coordinates>
		</LineString>
	</Placemark>
	<Placemark>
		<styleUrl>#style_10464</styleUrl>
		<LineString>
			<tessellate>1</tessellate>
			<altitudeMode>absolute</altitudeMode>
			<coordinates>
				0,0,0 0,0,0 
			</coordinates>
		</LineString>
	</Placemark>
	<Placemark>
		<styleUrl>#style_10465</styleUrl>
		<LineString>
			<tessellate>1</tessellate>
			<altitudeMode>absolute</altitudeMode>
			<coordinates>
				0,0,0 0,0,0 
			</coordinates>
		</LineString>
	</Placemark>
	<Placemark>
		<styleUrl>#style_10466</styleUrl>
		<LineString>
			<tessellate>1</tessellate>
			<altitudeMode>absolute</altitudeMode>
			<coordinates>
				0,0,0 0,0,0 
			</coordinates>
		</LineString>
	</Placemark>
	<Placemark>
		<styleUrl>#style_10467</styleUrl>
		<LineString>
			<tessellate>1</tessellate>
			<altitudeMode>absolute</altitudeMode>
			<coordinates>
				0,0,0 0,0,0 
			</coordinates>
		</LineString>
	</Placemark>
	<Placemark>
		<styleUrl>#style_10468</styleUrl>
		<LineString>
			<tessellate>1</tessellate>
			<altitudeMode>absolute</altitudeMode>
			<coordinates>
				0,0,0 0,0,0 
			</coordinates>
		</LineString>
	</Placemark>
	<Placemark>
		<styleUrl>#style_10469</styleUrl>
		<LineString>
			<tessellate>1</tessellate>
			<altitudeMode>absolute</altitudeMode>
			<coordinates>
				0,0,0 0,0,0 
			</coordinates>
		</LineString>
	</Placemark>
	<Placemark>
		<styleUrl>#style_10470</styleUrl>
		<LineString>
			<tessellate>1</tessellate>
			<altitudeMode>absolute</altitudeMode>
			<coordinates>
				0,0,0 0,0,0 
			</coordinates>
		</LineString>
	</Placemark>
	<Placemark>
		<styleUrl>#style_10471</styleUrl>
		<LineString>
			<tessellate>1</tessellate>
			<altitudeMode>absolute</altitudeMode>
			<coordinates>
				0,0,0 0,0,0 
			</coordinates>
		</LineString>
	</Placemark>
	<Placemark>
		<styleUrl>#style_10472</styleUrl>
		<LineString>
			<tessellate>1</tessellate>
			<altitudeMode>absolute</altitudeMode>
			<coordinates>
				0,0,0 0,0,0 
			</coordinates>
		</LineString>
	</Placemark>
	<Placemark>
		<styleUrl>#style_10473</styleUrl>
		<LineString>
			<tessellate>1</tessellate>
			<altitudeMode>absolute</altitudeMode>
			<coordinates>
				0,0,0 0,0,0 
			</coordinates>
		</LineString>
	</Placemark>
	<Placemark>
		<styleUrl>#style_10474</styleUrl>
		<LineString>
			<tessellate>1</tessellate>
			<altitudeMode>absolute</altitudeMode>
			<coordinates>
				0,0,0 0,0,0 
			</coordinates>
		</LineString>
	</Placemark>
	<Placemark>
		<styleUrl>#style_10475</styleUrl>
		<LineString>
			<tessellate>1</tessellate>
			<altitudeMode>absolute</altitudeMode>
			<coordinates>
				0,0,0 0,0,0 
			</coordinates>
		</LineString>
	</Placemark>
	<Placemark>
		<styleUrl>#style_10476</styleUrl>
		<LineString>
			<tessellate>1</tessellate>
			<altitudeMode>absolute</altitudeMode>
			<coordinates>
				0,0,0 0,0,0 
			</coordinates>
		</LineString>
	</Placemark>
	<Placemark>
		<styleUrl>#style_10477</styleUrl>
		<LineString>
			<tessellate>1</tessellate>
			<altitudeMode>absolute</altitudeMode>
			<coordinates>
				0,0,0 0,0,0 
			</coordinates>
		</LineString>
	</Placemark>
	<Placemark>
		<styleUrl>#style_10478</styleUrl>
		<LineString>
			<tessellate>1</tessellate>
			<altitudeMode>absolute</altitudeMode>
			<coordinates>
				0,0,0 0,0,0 
			</coordinates>
		</LineString>
	</Placemark>
	<Placemark>
		<styleUrl>#style_10479</styleUrl>
		<LineString>
			<tessellate>1</tessellate>
			<altitudeMode>absolute</altitudeMode>
			<coordinates>
				0,0,0 0,0,0 
			</coordinates>
		</LineString>
	</Placemark>
	<Placemark>
		<styleUrl>#style_10480</styleUrl>
		<LineString>
			<tessellate>1</tessellate>
			<altitudeMode>absolute</altitudeMode>
			<coordinates>
				0,0,0 0,0,0 
			</coordinates>
		</LineString>
	</Placemark>
	<Placemark>
		<styleUrl>#style_10481</styleUrl>
		<LineString>
			<tessellate>1</tessellate>
			<altitudeMode>absolute</altitudeMode>
			<coordinates>
				0,0,0 0,0,0 
			</coordinates>
		</LineString>
	</Placemark>
	<Placemark>
		<styleUrl>#style_10482</styleUrl>
		<LineString>
			<tessellate>1</tessellate>
			<altitudeMode>absolute</altitudeMode>
			<coordinates>
				0,0,0 0,0,0 
			</coordinates>
		</LineString>
	</Placemark>
	<Placemark>
		<styleUrl>#style_10483</styleUrl>
		<LineString>
			<tessellate>1</tessellate>
			<altitudeMode>absolute</altitudeMode>
			<coordinates>
				0,0,0 0,0,0 
			</coordinates>
		</LineString>
	</Placemark>
	<Placemark>
		<styleUrl>#style_10484</styleUrl>
		<LineString>
			<tessellate>1</tessellate>
			<altitudeMode>absolute</altitudeMode>
			<coordinates>
				0,0,0 0,0,0 
			</coordinates>
		</LineString>
	</Placemark>
	<Placemark>
		<styleUrl>#style_10485</styleUrl>
		<LineString>
			<tessellate>1</tessellate>
			<altitudeMode>absolute</altitudeMode>
			<coordinates>
				0,0,0 0,0,0 
			</coordinates>
		</LineString>
	</Placemark>
	<Placemark>
		<styleUrl>#style_10486</styleUrl>
		<LineString>
			<tessellate>1</tessellate>
			<altitudeMode>absolute</altitudeMode>
			<coordinates>
				0,0,0 0,0,0 
			</coordinates>
		</LineString>
	</Placemark>
	<Placemark>
		<styleUrl>#style_10487</styleUrl>
		<LineString>
			<tessellate>1</tessellate>
			<altitudeMode>absolute</altitudeMode>
			<coordinates>
				0,0,0 0,0,0 
			</coordinates>
		</LineString>
	</Placemark>
	<Placemark>
		<styleUrl>#style_10488</styleUrl>
		<LineString>
			<tessellate>1</tessellate>
			<altitudeMode>absolute</altitudeMode>
			<coordinates>
				0,0,0 0,0,0 
			</coordinates>
		</LineString>
	</Placemark>
	<Placemark>
		<styleUrl>#style_10489</styleUrl>
		<LineString>
			<tessellate>1</tessellate>
			<altitudeMode>absolute</altitudeMode>
			<coordinates>
				0,0,0 0,0,0 
			</coordinates>
		</LineString>
	</Placemark>
	<Placemark>
		<styleUrl>#style_10490</styleUrl>
		<LineString>
			<tessellate>1</tessellate>
			<altitudeMode>absolute</altitudeMode>
			<coordinates>
				0,0,0 0,0,0 
			</coordinates>
		</LineString>
	</Placemark>
	<Placemark>
		<styleUrl>#style_10491</styleUrl>
		<LineString>
			<tessellate>1</tessellate>
			<altitudeMode>absolute</altitudeMode>
			<coordinates>
				0,0,0 0,0,0 
			</coordinates>
		</LineString>
	</Placemark>
	<Placemark>
		<styleUrl>#style_10492</styleUrl>
		<LineString>
			<tessellate>1</tessellate>
			<altitudeMode>absolute</altitudeMode>
			<coordinates>
				0,0,0 0,0,0 
			</coordinates>
		</LineString>
	</Placemark>
	<Placemark>
		<styleUrl>#style_10493</styleUrl>
		<LineString>
			<tessellate>1</tessellate>
			<altitudeMode>absolute</altitudeMode>
			<coordinates>
				0,0,0 0,0,0 
			</coordinates>
		</LineString>
	</Placemark>
	<Placemark>
		<styleUrl>#style_10494</styleUrl>
		<LineString>
			<tessellate>1</tessellate>
			<altitudeMode>absolute</altitudeMode>
			<coordinates>
				0,0,0 0,0,0 
			</coordinates>
		</LineString>
	</Placemark>
	<Placemark>
		<styleUrl>#style_10495</styleUrl>
		<LineString>
			<tessellate>1</tessellate>
			<altitudeMode>absolute</altitudeMode>
			<coordinates>
				0,0,0 0,0,0 
			</coordinates>
		</LineString>
	</Placemark>
	<Placemark>
		<styleUrl>#style_10496</styleUrl>
		<LineString>
			<tessellate>1</tessellate>
			<altitudeMode>absolute</altitudeMode>
			<coordinates>
				0,0,0 0,0,0 
			</coordinates>
		</LineString>
	</Placemark>
	<Placemark>
		<styleUrl>#style_10497</styleUrl>
		<LineString>
			<tessellate>1</tessellate>
			<altitudeMode>absolute</altitudeMode>
			<coordinates>
				0,0,0 0,0,0 
			</coordinates>
		</LineString>
	</Placemark>
	<Placemark>
		<styleUrl>#style_10498</styleUrl>
		<LineString>
			<tessellate>1</tessellate>
			<altitudeMode>absolute</altitudeMode>
			<coordinates>
				0,0,0 0,0,0 
			</coordinates>
		</LineString>
	</Placemark>
	<Placemark>
		<styleUrl>#style_10499</styleUrl>
		<LineString>
			<tessellate>1</tessellate>
			<altitudeMode>absolute</altitudeMode>
			<coordinates>
				0,0,0 0,0,0 
			</coordinates>
		</LineString>
	</Placemark>
	<Placemark>
		<styleUrl>#style_10500</styleUrl>
		<LineString>
			<tessellate>1</tessellate>
			<altitudeMode>absolute</altitudeMode>
			<coordinates>
				0,0,0 0,0,0 
			</coordinates>
		</LineString>
	</Placemark>
	<Placemark>
		<styleUrl>#style_10501</styleUrl>
		<LineString>
			<tessellate>1</tessellate>
			<altitudeMode>absolute</altitudeMode>
			<coordinates>
				0,0,0 0,0,0 
			</coordinates>
		</LineString>
	</Placemark>
	<Placemark>
		<styleUrl>#style_10502</styleUrl>
		<LineString>
			<tessellate>1</tessellate>
			<altitudeMode>absolute</altitudeMode>
			<coordinates>
				0,0,0 0,0,0 
			</coordinates>
		</LineString>
	</Placemark>
	<Placemark>
		<styleUrl>#style_10503</styleUrl>
		<LineString>
			<tessellate>1</tessellate>
			<altitudeMode>absolute</altitudeMode>
			<coordinates>
				0,0,0 0,0,0 
			</coordinates>
		</LineString>
	</Placemark>
	<Placemark>
		<styleUrl>#style_10504</styleUrl>
		<LineString>
			<tessellate>1</tessellate>
			<altitudeMode>absolute</altitudeMode>
			<coordinates>
				0,0,0 0,0,0 
			</coordinates>
		</LineString>
	</Placemark>
	<Placemark>
		<styleUrl>#style_10505</styleUrl>
		<LineString>
			<tessellate>1</tessellate>
			<altitudeMode>absolute</altitudeMode>
			<coordinates>
				0,0,0 0,0,0 
			</coordinates>
		</LineString>
	</Placemark>
	<Placemark>
		<styleUrl>#style_10506</styleUrl>
		<LineString>
			<tessellate>1</tessellate>
			<altitudeMode>absolute</altitudeMode>
			<coordinates>
				0,0,0 0,0,0 
			</coordinates>
		</LineString>
	</Placemark>
	<Placemark>
		<styleUrl>#style_10507</styleUrl>
		<LineString>
			<tessellate>1</tessellate>
			<altitudeMode>absolute</altitudeMode>
			<coordinates>
				0,0,0 0,0,0 
			</coordinates>
		</LineString>
	</Placemark>
	<Placemark>
		<styleUrl>#style_10508</styleUrl>
		<LineString>
			<tessellate>1</tessellate>
			<altitudeMode>absolute</altitudeMode>
			<coordinates>
				0,0,0 0,0,0 
			</coordinates>
		</LineString>
	</Placemark>
	<Placemark>
		<styleUrl>#style_10509</styleUrl>
		<LineString>
			<tessellate>1</tessellate>
			<altitudeMode>absolute</altitudeMode>
			<coordinates>
				0,0,0 0,0,0 
			</coordinates>
		</LineString>
	</Placemark>
	<Placemark>
		<styleUrl>#style_10510</styleUrl>
		<LineString>
			<tessellate>1</tessellate>
			<altitudeMode>absolute</altitudeMode>
			<coordinates>
				0,0,0 0,0,0 
			</coordinates>
		</LineString>
	</Placemark>
	<Placemark>
		<styleUrl>#style_10511</styleUrl>
		<LineString>
			<tessellate>1</tessellate>
			<altitudeMode>absolute</altitudeMode>
			<coordinates>
				0,0,0 0,0,0 
			</coordinates>
		</LineString>
	</Placemark>
	<Placemark>
		<styleUrl>#style_10512</styleUrl>
		<LineString>
			<tessellate>1</tessellate>
			<altitudeMode>absolute</altitudeMode>
			<coordinates>
				0,0,0 0,0,0 
			</coordinates>
		</LineString>
	</Placemark>
	<Placemark>
		<styleUrl>#style_10513</styleUrl>
		<LineString>
			<tessellate>1</tessellate>
			<altitudeMode>absolute</altitudeMode>
			<coordinates>
				0,0,0 0,0,0 
			</coordinates>
		</LineString>
	</Placemark>
	<Placemark>
		<styleUrl>#style_10514</styleUrl>
		<LineString>
			<tessellate>1</tessellate>
			<altitudeMode>absolute</altitudeMode>
			<coordinates>
				0,0,0 0,0,0 
			</coordinates>
		</LineString>
	</Placemark>
	<Placemark>
		<styleUrl>#style_10515</styleUrl>
		<LineString>
			<tessellate>1</tessellate>
			<altitudeMode>absolute</altitudeMode>
			<coordinates>
				0,0,0 0,0,0 
			</coordinates>
		</LineString>
	</Placemark>
	<Placemark>
		<styleUrl>#style_10516</styleUrl>
		<LineString>
			<tessellate>1</tessellate>
			<altitudeMode>absolute</altitudeMode>
			<coordinates>
				0,0,0 0,0,0 
			</coordinates>
		</LineString>
	</Placemark>
	<Placemark>
		<styleUrl>#style_10517</styleUrl>
		<LineString>
			<tessellate>1</tessellate>
			<altitudeMode>absolute</altitudeMode>
			<coordinates>
				0,0,0 0,0,0 
			</coordinates>
		</LineString>
	</Placemark>
	<Placemark>
		<styleUrl>#style_10518</styleUrl>
		<LineString>
			<tessellate>1</tessellate>
			<altitudeMode>absolute</altitudeMode>
			<coordinates>
				0,0,0 0,0,0 
			</coordinates>
		</LineString>
	</Placemark>
	<Placemark>
		<styleUrl>#style_10519</styleUrl>
		<LineString>
			<tessellate>1</tessellate>
			<altitudeMode>absolute</altitudeMode>
			<coordinates>
				0,0,0 0,0,0 
			</coordinates>
		</LineString>
	</Placemark>
	<Placemark>
		<styleUrl>#style_10520</styleUrl>
		<LineString>
			<tessellate>1</tessellate>
			<altitudeMode>absolute</altitudeMode>
			<coordinates>
				0,0,0 0,0,0 
			</coordinates>
		</LineString>
	</Placemark>
	<Placemark>
		<styleUrl>#style_10521</styleUrl>
		<LineString>
			<tessellate>1</tessellate>
			<altitudeMode>absolute</altitudeMode>
			<coordinates>
				0,0,0 0,0,0 
			</coordinates>
		</LineString>
	</Placemark>
	<Placemark>
		<styleUrl>#style_10522</styleUrl>
		<LineString>
			<tessellate>1</tessellate>
			<altitudeMode>absolute</altitudeMode>
			<coordinates>
				0,0,0 0,0,0 
			</coordinates>
		</LineString>
	</Placemark>
	<Placemark>
		<styleUrl>#style_10523</styleUrl>
		<LineString>
			<tessellate>1</tessellate>
			<altitudeMode>absolute</altitudeMode>
			<coordinates>
				0,0,0 0,0,0 
			</coordinates>
		</LineString>
	</Placemark>
	<Placemark>
		<styleUrl>#style_10524</styleUrl>
		<LineString>
			<tessellate>1</tessellate>
			<altitudeMode>absolute</altitudeMode>
			<coordinates>
				0,0,0 0,0,0 
			</coordinates>
		</LineString>
	</Placemark>
	<Placemark>
		<styleUrl>#style_10525</styleUrl>
		<LineString>
			<tessellate>1</tessellate>
			<altitudeMode>absolute</altitudeMode>
			<coordinates>
				0,0,0 0,0,0 
			</coordinates>
		</LineString>
	</Placemark>
	<Placemark>
		<styleUrl>#style_10526</styleUrl>
		<LineString>
			<tessellate>1</tessellate>
			<altitudeMode>absolute</altitudeMode>
			<coordinates>
				0,0,0 0,0,0 
			</coordinates>
		</LineString>
	</Placemark>
	<Placemark>
		<styleUrl>#style_10527</styleUrl>
		<LineString>
			<tessellate>1</tessellate>
			<altitudeMode>absolute</altitudeMode>
			<coordinates>
				0,0,0 0,0,0 
			</coordinates>
		</LineString>
	</Placemark>
	<Placemark>
		<styleUrl>#style_10528</styleUrl>
		<LineString>
			<tessellate>1</tessellate>
			<altitudeMode>absolute</altitudeMode>
			<coordinates>
				0,0,0 0,0,0 
			</coordinates>
		</LineString>
	</Placemark>
	<Placemark>
		<styleUrl>#style_10529</styleUrl>
		<LineString>
			<tessellate>1</tessellate>
			<altitudeMode>absolute</altitudeMode>
			<coordinates>
				0,0,0 0,0,0 
			</coordinates>
		</LineString>
	</Placemark>
	<Placemark>
		<styleUrl>#style_10530</styleUrl>
		<LineString>
			<tessellate>1</tessellate>
			<altitudeMode>absolute</altitudeMode>
			<coordinates>
				0,0,0 0,0,0 
			</coordinates>
		</LineString>
	</Placemark>
	<Placemark>
		<styleUrl>#style_10531</styleUrl>
		<LineString>
			<tessellate>1</tessellate>
			<altitudeMode>absolute</altitudeMode>
			<coordinates>
				0,0,0 0,0,0 
			</coordinates>
		</LineString>
	</Placemark>
	<Placemark>
		<styleUrl>#style_10532</styleUrl>
		<LineString>
			<tessellate>1</tessellate>
			<altitudeMode>absolute</altitudeMode>
			<coordinates>
				0,0,0 0,0,0 
			</coordinates>
		</LineString>
	</Placemark>
	<Placemark>
		<styleUrl>#style_10533</styleUrl>
		<LineString>
			<tessellate>1</tessellate>
			<altitudeMode>absolute</altitudeMode>
			<coordinates>
				0,0,0 0,0,0 
			</coordinates>
		</LineString>
	</Placemark>
	<Placemark>
		<styleUrl>#style_10534</styleUrl>
		<LineString>
			<tessellate>1</tessellate>
			<altitudeMode>absolute</altitudeMode>
			<coordinates>
				0,0,0 0,0,0 
			</coordinates>
		</LineString>
	</Placemark>
	<Placemark>
		<styleUrl>#style_10535</styleUrl>
		<LineString>
			<tessellate>1</tessellate>
			<altitudeMode>absolute</altitudeMode>
			<coordinates>
				0,0,0 0,0,0 
			</coordinates>
		</LineString>
	</Placemark>
	<Placemark>
		<styleUrl>#style_10536</styleUrl>
		<LineString>
			<tessellate>1</tessellate>
			<altitudeMode>absolute</altitudeMode>
			<coordinates>
				0,0,0 0,0,0 
			</coordinates>
		</LineString>
	</Placemark>
	<Placemark>
		<styleUrl>#style_10537</styleUrl>
		<LineString>
			<tessellate>1</tessellate>
			<altitudeMode>absolute</altitudeMode>
			<coordinates>
				0,0,0 0,0,0 
			</coordinates>
		</LineString>
	</Placemark>
	<Placemark>
		<styleUrl>#style_10538</styleUrl>
		<LineString>
			<tessellate>1</tessellate>
			<altitudeMode>absolute</altitudeMode>
			<coordinates>
				0,0,0 0,0,0 
			</coordinates>
		</LineString>
	</Placemark>
	<Placemark>
		<styleUrl>#style_10539</styleUrl>
		<LineString>
			<tessellate>1</tessellate>
			<altitudeMode>absolute</altitudeMode>
			<coordinates>
				0,0,0 0,0,0 
			</coordinates>
		</LineString>
	</Placemark>
	<Placemark>
		<styleUrl>#style_10540</styleUrl>
		<LineString>
			<tessellate>1</tessellate>
			<altitudeMode>absolute</altitudeMode>
			<coordinates>
				0,0,0 0,0,0 
			</coordinates>
		</LineString>
	</Placemark>
	<Placemark>
		<styleUrl>#style_10541</styleUrl>
		<LineString>
			<tessellate>1</tessellate>
			<altitudeMode>absolute</altitudeMode>
			<coordinates>
				0,0,0 0,0,0 
			</coordinates>
		</LineString>
	</Placemark>
	<Placemark>
		<styleUrl>#style_10542</styleUrl>
		<LineString>
			<tessellate>1</tessellate>
			<altitudeMode>absolute</altitudeMode>
			<coordinates>
				0,0,0 0,0,0 
			</coordinates>
		</LineString>
	</Placemark>
	<Placemark>
		<styleUrl>#style_10543</styleUrl>
		<LineString>
			<tessellate>1</tessellate>
			<altitudeMode>absolute</altitudeMode>
			<coordinates>
				0,0,0 0,0,0 
			</coordinates>
		</LineString>
	</Placemark>
	<Placemark>
		<styleUrl>#style_10544</styleUrl>
		<LineString>
			<tessellate>1</tessellate>
			<altitudeMode>absolute</altitudeMode>
			<coordinates>
				0,0,0 0,0,0 
			</coordinates>
		</LineString>
	</Placemark>
	<Placemark>
		<styleUrl>#style_10545</styleUrl>
		<LineString>
			<tessellate>1</tessellate>
			<altitudeMode>absolute</altitudeMode>
			<coordinates>
				0,0,0 0,0,0 
			</coordinates>
		</LineString>
	</Placemark>
	<Placemark>
		<styleUrl>#style_10546</styleUrl>
		<LineString>
			<tessellate>1</tessellate>
			<altitudeMode>absolute</altitudeMode>
			<coordinates>
				0,0,0 0,0,0 
			</coordinates>
		</LineString>
	</Placemark>
	<Placemark>
		<styleUrl>#style_10547</styleUrl>
		<LineString>
			<tessellate>1</tessellate>
			<altitudeMode>absolute</altitudeMode>
			<coordinates>
				0,0,0 0,0,0 
			</coordinates>
		</LineString>
	</Placemark>
	<Placemark>
		<styleUrl>#style_10548</styleUrl>
		<LineString>
			<tessellate>1</tessellate>
			<altitudeMode>absolute</altitudeMode>
			<coordinates>
				0,0,0 0,0,0 
			</coordinates>
		</LineString>
	</Placemark>
	<Placemark>
		<styleUrl>#style_10549</styleUrl>
		<LineString>
			<tessellate>1</tessellate>
			<altitudeMode>absolute</altitudeMode>
			<coordinates>
				0,0,0 0,0,0 
			</coordinates>
		</LineString>
	</Placemark>
	<Placemark>
		<styleUrl>#style_10550</styleUrl>
		<LineString>
			<tessellate>1</tessellate>
			<altitudeMode>absolute</altitudeMode>
			<coordinates>
				0,0,0 0,0,0 
			</coordinates>
		</LineString>
	</Placemark>
	<Placemark>
		<styleUrl>#style_10551</styleUrl>
		<LineString>
			<tessellate>1</tessellate>
			<altitudeMode>absolute</altitudeMode>
			<coordinates>
				0,0,0 0,0,0 
			</coordinates>
		</LineString>
	</Placemark>
	<Placemark>
		<styleUrl>#style_10552</styleUrl>
		<LineString>
			<tessellate>1</tessellate>
			<altitudeMode>absolute</altitudeMode>
			<coordinates>
				0,0,0 0,0,0 
			</coordinates>
		</LineString>
	</Placemark>
	<Placemark>
		<styleUrl>#style_10553</styleUrl>
		<LineString>
			<tessellate>1</tessellate>
			<altitudeMode>absolute</altitudeMode>
			<coordinates>
				0,0,0 0,0,0 
			</coordinates>
		</LineString>
	</Placemark>
	<Placemark>
		<styleUrl>#style_10554</styleUrl>
		<LineString>
			<tessellate>1</tessellate>
			<altitudeMode>absolute</altitudeMode>
			<coordinates>
				0,0,0 0,0,0 
			</coordinates>
		</LineString>
	</Placemark>
	<Placemark>
		<styleUrl>#style_10555</styleUrl>
		<LineString>
			<tessellate>1</tessellate>
			<altitudeMode>absolute</altitudeMode>
			<coordinates>
				0,0,0 0,0,0 
			</coordinates>
		</LineString>
	</Placemark>
	<Placemark>
		<styleUrl>#style_10556</styleUrl>
		<LineString>
			<tessellate>1</tessellate>
			<altitudeMode>absolute</altitudeMode>
			<coordinates>
				0,0,0 0,0,0 
			</coordinates>
		</LineString>
	</Placemark>
	<Placemark>
		<styleUrl>#style_10557</styleUrl>
		<LineString>
			<tessellate>1</tessellate>
			<altitudeMode>absolute</altitudeMode>
			<coordinates>
				0,0,0 0,0,0 
			</coordinates>
		</LineString>
	</Placemark>
	<Placemark>
		<styleUrl>#style_10558</styleUrl>
		<LineString>
			<tessellate>1</tessellate>
			<altitudeMode>absolute</altitudeMode>
			<coordinates>
				0,0,0 0,0,0 
			</coordinates>
		</LineString>
	</Placemark>
	<Placemark>
		<styleUrl>#style_10559</styleUrl>
		<LineString>
			<tessellate>1</tessellate>
			<altitudeMode>absolute</altitudeMode>
			<coordinates>
				0,0,0 0,0,0 
			</coordinates>
		</LineString>
	</Placemark>
	<Placemark>
		<styleUrl>#style_10560</styleUrl>
		<LineString>
			<tessellate>1</tessellate>
			<altitudeMode>absolute</altitudeMode>
			<coordinates>
				0,0,0 0,0,0 
			</coordinates>
		</LineString>
	</Placemark>
	<Placemark>
		<styleUrl>#style_10561</styleUrl>
		<LineString>
			<tessellate>1</tessellate>
			<altitudeMode>absolute</altitudeMode>
			<coordinates>
				0,0,0 0,0,0 
			</coordinates>
		</LineString>
	</Placemark>
	<Placemark>
		<styleUrl>#style_10562</styleUrl>
		<LineString>
			<tessellate>1</tessellate>
			<altitudeMode>absolute</altitudeMode>
			<coordinates>
				0,0,0 0,0,0 
			</coordinates>
		</LineString>
	</Placemark>
	<Placemark>
		<styleUrl>#style_10563</styleUrl>
		<LineString>
			<tessellate>1</tessellate>
			<altitudeMode>absolute</altitudeMode>
			<coordinates>
				0,0,0 0,0,0 
			</coordinates>
		</LineString>
	</Placemark>
	<Placemark>
		<styleUrl>#style_10564</styleUrl>
		<LineString>
			<tessellate>1</tessellate>
			<altitudeMode>absolute</altitudeMode>
			<coordinates>
				0,0,0 0,0,0 
			</coordinates>
		</LineString>
	</Placemark>
	<Placemark>
		<styleUrl>#style_10565</styleUrl>
		<LineString>
			<tessellate>1</tessellate>
			<altitudeMode>absolute</altitudeMode>
			<coordinates>
				0,0,0 0,0,0 
			</coordinates>
		</LineString>
	</Placemark>
	<Placemark>
		<styleUrl>#style_10566</styleUrl>
		<LineString>
			<tessellate>1</tessellate>
			<altitudeMode>absolute</altitudeMode>
			<coordinates>
				0,0,0 0,0,0 
			</coordinates>
		</LineString>
	</Placemark>
	<Placemark>
		<styleUrl>#style_10567</styleUrl>
		<LineString>
			<tessellate>1</tessellate>
			<altitudeMode>absolute</altitudeMode>
			<coordinates>
				0,0,0 0,0,0 
			</coordinates>
		</LineString>
	</Placemark>
	<Placemark>
		<styleUrl>#style_10568</styleUrl>
		<LineString>
			<tessellate>1</tessellate>
			<altitudeMode>absolute</altitudeMode>
			<coordinates>
				0,0,0 0,0,0 
			</coordinates>
		</LineString>
	</Placemark>
	<Placemark>
		<styleUrl>#style_10569</styleUrl>
		<LineString>
			<tessellate>1</tessellate>
			<altitudeMode>absolute</altitudeMode>
			<coordinates>
				0,0,0 0,0,0 
			</coordinates>
		</LineString>
	</Placemark>
	<Placemark>
		<styleUrl>#style_10570</styleUrl>
		<LineString>
			<tessellate>1</tessellate>
			<altitudeMode>absolute</altitudeMode>
			<coordinates>
				0,0,0 0,0,0 
			</coordinates>
		</LineString>
	</Placemark>
	<Placemark>
		<styleUrl>#style_10571</styleUrl>
		<LineString>
			<tessellate>1</tessellate>
			<altitudeMode>absolute</altitudeMode>
			<coordinates>
				0,0,0 0,0,0 
			</coordinates>
		</LineString>
	</Placemark>
	<Placemark>
		<styleUrl>#style_10572</styleUrl>
		<LineString>
			<tessellate>1</tessellate>
			<altitudeMode>absolute</altitudeMode>
			<coordinates>
				0,0,0 0,0,0 
			</coordinates>
		</LineString>
	</Placemark>
	<Placemark>
		<styleUrl>#style_10573</styleUrl>
		<LineString>
			<tessellate>1</tessellate>
			<altitudeMode>absolute</altitudeMode>
			<coordinates>
				0,0,0 0,0,0 
			</coordinates>
		</LineString>
	</Placemark>
	<Placemark>
		<styleUrl>#style_10574</styleUrl>
		<LineString>
			<tessellate>1</tessellate>
			<altitudeMode>absolute</altitudeMode>
			<coordinates>
				0,0,0 0,0,0 
			</coordinates>
		</LineString>
	</Placemark>
	<Placemark>
		<styleUrl>#style_10575</styleUrl>
		<LineString>
			<tessellate>1</tessellate>
			<altitudeMode>absolute</altitudeMode>
			<coordinates>
				0,0,0 0,0,0 
			</coordinates>
		</LineString>
	</Placemark>
	<Placemark>
		<styleUrl>#style_10576</styleUrl>
		<LineString>
			<tessellate>1</tessellate>
			<altitudeMode>absolute</altitudeMode>
			<coordinates>
				0,0,0 0,0,0 
			</coordinates>
		</LineString>
	</Placemark>
	<Placemark>
		<styleUrl>#style_10577</styleUrl>
		<LineString>
			<tessellate>1</tessellate>
			<altitudeMode>absolute</altitudeMode>
			<coordinates>
				0,0,0 0,0,0 
			</coordinates>
		</LineString>
	</Placemark>
	<Placemark>
		<styleUrl>#style_10578</styleUrl>
		<LineString>
			<tessellate>1</tessellate>
			<altitudeMode>absolute</altitudeMode>
			<coordinates>
				0,0,0 0,0,0 
			</coordinates>
		</LineString>
	</Placemark>
	<Placemark>
		<styleUrl>#style_10579</styleUrl>
		<LineString>
			<tessellate>1</tessellate>
			<altitudeMode>absolute</altitudeMode>
			<coordinates>
				0,0,0 0,0,0 
			</coordinates>
		</LineString>
	</Placemark>
	<Placemark>
		<styleUrl>#style_10580</styleUrl>
		<LineString>
			<tessellate>1</tessellate>
			<altitudeMode>absolute</altitudeMode>
			<coordinates>
				0,0,0 0,0,0 
			</coordinates>
		</LineString>
	</Placemark>
	<Placemark>
		<styleUrl>#style_10581</styleUrl>
		<LineString>
			<tessellate>1</tessellate>
			<altitudeMode>absolute</altitudeMode>
			<coordinates>
				0,0,0 0,0,0 
			</coordinates>
		</LineString>
	</Placemark>
	<Placemark>
		<styleUrl>#style_10582</styleUrl>
		<LineString>
			<tessellate>1</tessellate>
			<altitudeMode>absolute</altitudeMode>
			<coordinates>
				0,0,0 0,0,0 
			</coordinates>
		</LineString>
	</Placemark>
	<Placemark>
		<styleUrl>#style_10583</styleUrl>
		<LineString>
			<tessellate>1</tessellate>
			<altitudeMode>absolute</altitudeMode>
			<coordinates>
				0,0,0 0,0,0 
			</coordinates>
		</LineString>
	</Placemark>
	<Placemark>
		<styleUrl>#style_10584</styleUrl>
		<LineString>
			<tessellate>1</tessellate>
			<altitudeMode>absolute</altitudeMode>
			<coordinates>
				0,0,0 0,0,0 
			</coordinates>
		</LineString>
	</Placemark>
	<Placemark>
		<styleUrl>#style_10585</styleUrl>
		<LineString>
			<tessellate>1</tessellate>
			<altitudeMode>absolute</altitudeMode>
			<coordinates>
				0,0,0 0,0,0 
			</coordinates>
		</LineString>
	</Placemark>
	<Placemark>
		<styleUrl>#style_10586</styleUrl>
		<LineString>
			<tessellate>1</tessellate>
			<altitudeMode>absolute</altitudeMode>
			<coordinates>
				0,0,0 0,0,0 
			</coordinates>
		</LineString>
	</Placemark>
	<Placemark>
		<styleUrl>#style_10587</styleUrl>
		<LineString>
			<tessellate>1</tessellate>
			<altitudeMode>absolute</altitudeMode>
			<coordinates>
				0,0,0 0,0,0 
			</coordinates>
		</LineString>
	</Placemark>
	<Placemark>
		<styleUrl>#style_10588</styleUrl>
		<LineString>
			<tessellate>1</tessellate>
			<altitudeMode>absolute</altitudeMode>
			<coordinates>
				0,0,0 0,0,0 
			</coordinates>
		</LineString>
	</Placemark>
	<Placemark>
		<styleUrl>#style_10589</styleUrl>
		<LineString>
			<tessellate>1</tessellate>
			<altitudeMode>absolute</altitudeMode>
			<coordinates>
				0,0,0 0,0,0 
			</coordinates>
		</LineString>
	</Placemark>
	<Placemark>
		<styleUrl>#style_10590</styleUrl>
		<LineString>
			<tessellate>1</tessellate>
			<altitudeMode>absolute</altitudeMode>
			<coordinates>
				0,0,0 0,0,0 
			</coordinates>
		</LineString>
	</Placemark>
	<Placemark>
		<styleUrl>#style_10591</styleUrl>
		<LineString>
			<tessellate>1</tessellate>
			<altitudeMode>absolute</altitudeMode>
			<coordinates>
				0,0,0 0,0,0 
			</coordinates>
		</LineString>
	</Placemark>
	<Placemark>
		<styleUrl>#style_10592</styleUrl>
		<LineString>
			<tessellate>1</tessellate>
			<altitudeMode>absolute</altitudeMode>
			<coordinates>
				0,0,0 0,0,0 
			</coordinates>
		</LineString>
	</Placemark>
	<Placemark>
		<styleUrl>#style_10593</styleUrl>
		<LineString>
			<tessellate>1</tessellate>
			<altitudeMode>absolute</altitudeMode>
			<coordinates>
				0,0,0 0,0,0 
			</coordinates>
		</LineString>
	</Placemark>
	<Placemark>
		<styleUrl>#style_10594</styleUrl>
		<LineString>
			<tessellate>1</tessellate>
			<altitudeMode>absolute</altitudeMode>
			<coordinates>
				0,0,0 0,0,0 
			</coordinates>
		</LineString>
	</Placemark>
	<Placemark>
		<styleUrl>#style_10595</styleUrl>
		<LineString>
			<tessellate>1</tessellate>
			<altitudeMode>absolute</altitudeMode>
			<coordinates>
				0,0,0 0,0,0 
			</coordinates>
		</LineString>
	</Placemark>
	<Placemark>
		<styleUrl>#style_10596</styleUrl>
		<LineString>
			<tessellate>1</tessellate>
			<altitudeMode>absolute</altitudeMode>
			<coordinates>
				0,0,0 0,0,0 
			</coordinates>
		</LineString>
	</Placemark>
	<Placemark>
		<styleUrl>#style_10597</styleUrl>
		<LineString>
			<tessellate>1</tessellate>
			<altitudeMode>absolute</altitudeMode>
			<coordinates>
				0,0,0 0,0,0 
			</coordinates>
		</LineString>
	</Placemark>
	<Placemark>
		<styleUrl>#style_10598</styleUrl>
		<LineString>
			<tessellate>1</tessellate>
			<altitudeMode>absolute</altitudeMode>
			<coordinates>
				0,0,0 0,0,0 
			</coordinates>
		</LineString>
	</Placemark>
	<Placemark>
		<styleUrl>#style_10599</styleUrl>
		<LineString>
			<tessellate>1</tessellate>
			<altitudeMode>absolute</altitudeMode>
			<coordinates>
				0,0,0 0,0,0 
			</coordinates>
		</LineString>
	</Placemark>
	<Placemark>
		<styleUrl>#style_10600</styleUrl>
		<LineString>
			<tessellate>1</tessellate>
			<altitudeMode>absolute</altitudeMode>
			<coordinates>
				0,0,0 0,0,0 
			</coordinates>
		</LineString>
	</Placemark>
	<Placemark>
		<styleUrl>#style_10601</styleUrl>
		<LineString>
			<tessellate>1</tessellate>
			<altitudeMode>absolute</altitudeMode>
			<coordinates>
				0,0,0 0,0,0 
			</coordinates>
		</LineString>
	</Placemark>
	<Placemark>
		<styleUrl>#style_10602</styleUrl>
		<LineString>
			<tessellate>1</tessellate>
			<altitudeMode>absolute</altitudeMode>
			<coordinates>
				0,0,0 0,0,0 
			</coordinates>
		</LineString>
	</Placemark>
	<Placemark>
		<styleUrl>#style_10603</styleUrl>
		<LineString>
			<tessellate>1</tessellate>
			<altitudeMode>absolute</altitudeMode>
			<coordinates>
				0,0,0 0,0,0 
			</coordinates>
		</LineString>
	</Placemark>
	<Placemark>
		<styleUrl>#style_10604</styleUrl>
		<LineString>
			<tessellate>1</tessellate>
			<altitudeMode>absolute</altitudeMode>
			<coordinates>
				0,0,0 0,0,0 
			</coordinates>
		</LineString>
	</Placemark>
	<Placemark>
		<styleUrl>#style_10605</styleUrl>
		<LineString>
			<tessellate>1</tessellate>
			<altitudeMode>absolute</altitudeMode>
			<coordinates>
				0,0,0 0,0,0 
			</coordinates>
		</LineString>
	</Placemark>
	<Placemark>
		<styleUrl>#style_10606</styleUrl>
		<LineString>
			<tessellate>1</tessellate>
			<altitudeMode>absolute</altitudeMode>
			<coordinates>
				0,0,0 0,0,0 
			</coordinates>
		</LineString>
	</Placemark>
	<Placemark>
		<styleUrl>#style_10607</styleUrl>
		<LineString>
			<tessellate>1</tessellate>
			<altitudeMode>absolute</altitudeMode>
			<coordinates>
				0,0,0 0,0,0 
			</coordinates>
		</LineString>
	</Placemark>
	<Placemark>
		<styleUrl>#style_10608</styleUrl>
		<LineString>
			<tessellate>1</tessellate>
			<altitudeMode>absolute</altitudeMode>
			<coordinates>
				0,0,0 0,0,0 
			</coordinates>
		</LineString>
	</Placemark>
	<Placemark>
		<styleUrl>#style_10609</styleUrl>
		<LineString>
			<tessellate>1</tessellate>
			<altitudeMode>absolute</altitudeMode>
			<coordinates>
				0,0,0 0,0,0 
			</coordinates>
		</LineString>
	</Placemark>
	<Placemark>
		<styleUrl>#style_10610</styleUrl>
		<LineString>
			<tessellate>1</tessellate>
			<altitudeMode>absolute</altitudeMode>
			<coordinates>
				0,0,0 0,0,0 
			</coordinates>
		</LineString>
	</Placemark>
	<Placemark>
		<styleUrl>#style_10611</styleUrl>
		<LineString>
			<tessellate>1</tessellate>
			<altitudeMode>absolute</altitudeMode>
			<coordinates>
				0,0,0 0,0,0 
			</coordinates>
		</LineString>
	</Placemark>
	<Placemark>
		<styleUrl>#style_10612</styleUrl>
		<LineString>
			<tessellate>1</tessellate>
			<altitudeMode>absolute</altitudeMode>
			<coordinates>
				0,0,0 0,0,0 
			</coordinates>
		</LineString>
	</Placemark>
	<Placemark>
		<styleUrl>#style_10613</styleUrl>
		<LineString>
			<tessellate>1</tessellate>
			<altitudeMode>absolute</altitudeMode>
			<coordinates>
				0,0,0 0,0,0 
			</coordinates>
		</LineString>
	</Placemark>
	<Placemark>
		<styleUrl>#style_10614</styleUrl>
		<LineString>
			<tessellate>1</tessellate>
			<altitudeMode>absolute</altitudeMode>
			<coordinates>
				0,0,0 0,0,0 
			</coordinates>
		</LineString>
	</Placemark>
	<Placemark>
		<styleUrl>#style_10615</styleUrl>
		<LineString>
			<tessellate>1</tessellate>
			<altitudeMode>absolute</altitudeMode>
			<coordinates>
				0,0,0 0,0,0 
			</coordinates>
		</LineString>
	</Placemark>
	<Placemark>
		<styleUrl>#style_10616</styleUrl>
		<LineString>
			<tessellate>1</tessellate>
			<altitudeMode>absolute</altitudeMode>
			<coordinates>
				0,0,0 0,0,0 
			</coordinates>
		</LineString>
	</Placemark>
	<Placemark>
		<styleUrl>#style_10617</styleUrl>
		<LineString>
			<tessellate>1</tessellate>
			<altitudeMode>absolute</altitudeMode>
			<coordinates>
				0,0,0 0,0,0 
			</coordinates>
		</LineString>
	</Placemark>
	<Placemark>
		<styleUrl>#style_10618</styleUrl>
		<LineString>
			<tessellate>1</tessellate>
			<altitudeMode>absolute</altitudeMode>
			<coordinates>
				0,0,0 0,0,0 
			</coordinates>
		</LineString>
	</Placemark>
	<Placemark>
		<styleUrl>#style_10619</styleUrl>
		<LineString>
			<tessellate>1</tessellate>
			<altitudeMode>absolute</altitudeMode>
			<coordinates>
				0,0,0 0,0,0 
			</coordinates>
		</LineString>
	</Placemark>
	<Placemark>
		<styleUrl>#style_10620</styleUrl>
		<LineString>
			<tessellate>1</tessellate>
			<altitudeMode>absolute</altitudeMode>
			<coordinates>
				0,0,0 0,0,0 
			</coordinates>
		</LineString>
	</Placemark>
	<Placemark>
		<styleUrl>#style_10621</styleUrl>
		<LineString>
			<tessellate>1</tessellate>
			<altitudeMode>absolute</altitudeMode>
			<coordinates>
				0,0,0 0,0,0 
			</coordinates>
		</LineString>
	</Placemark>
	<Placemark>
		<styleUrl>#style_10622</styleUrl>
		<LineString>
			<tessellate>1</tessellate>
			<altitudeMode>absolute</altitudeMode>
			<coordinates>
				0,0,0 0,0,0 
			</coordinates>
		</LineString>
	</Placemark>
	<Placemark>
		<styleUrl>#style_10623</styleUrl>
		<LineString>
			<tessellate>1</tessellate>
			<altitudeMode>absolute</altitudeMode>
			<coordinates>
				0,0,0 0,0,0 
			</coordinates>
		</LineString>
	</Placemark>
	<Placemark>
		<styleUrl>#style_10624</styleUrl>
		<LineString>
			<tessellate>1</tessellate>
			<altitudeMode>absolute</altitudeMode>
			<coordinates>
				0,0,0 0,0,0 
			</coordinates>
		</LineString>
	</Placemark>
	<Placemark>
		<styleUrl>#style_10625</styleUrl>
		<LineString>
			<tessellate>1</tessellate>
			<altitudeMode>absolute</altitudeMode>
			<coordinates>
				0,0,0 0,0,0 
			</coordinates>
		</LineString>
	</Placemark>
	<Placemark>
		<styleUrl>#style_10626</styleUrl>
		<LineString>
			<tessellate>1</tessellate>
			<altitudeMode>absolute</altitudeMode>
			<coordinates>
				0,0,0 0,0,0 
			</coordinates>
		</LineString>
	</Placemark>
	<Placemark>
		<styleUrl>#style_10627</styleUrl>
		<LineString>
			<tessellate>1</tessellate>
			<altitudeMode>absolute</altitudeMode>
			<coordinates>
				0,0,0 0,0,0 
			</coordinates>
		</LineString>
	</Placemark>
	<Placemark>
		<styleUrl>#style_10628</styleUrl>
		<LineString>
			<tessellate>1</tessellate>
			<altitudeMode>absolute</altitudeMode>
			<coordinates>
				0,0,0 0,0,0 
			</coordinates>
		</LineString>
	</Placemark>
	<Placemark>
		<styleUrl>#style_10629</styleUrl>
		<LineString>
			<tessellate>1</tessellate>
			<altitudeMode>absolute</altitudeMode>
			<coordinates>
				0,0,0 0,0,0 
			</coordinates>
		</LineString>
	</Placemark>
	<Placemark>
		<styleUrl>#style_10630</styleUrl>
		<LineString>
			<tessellate>1</tessellate>
			<altitudeMode>absolute</altitudeMode>
			<coordinates>
				0,0,0 0,0,0 
			</coordinates>
		</LineString>
	</Placemark>
	<Placemark>
		<styleUrl>#style_10631</styleUrl>
		<LineString>
			<tessellate>1</tessellate>
			<altitudeMode>absolute</altitudeMode>
			<coordinates>
				0,0,0 0,0,0 
			</coordinates>
		</LineString>
	</Placemark>
	<Placemark>
		<styleUrl>#style_10632</styleUrl>
		<LineString>
			<tessellate>1</tessellate>
			<altitudeMode>absolute</altitudeMode>
			<coordinates>
				0,0,0 0,0,0 
			</coordinates>
		</LineString>
	</Placemark>
	<Placemark>
		<styleUrl>#style_10633</styleUrl>
		<LineString>
			<tessellate>1</tessellate>
			<altitudeMode>absolute</altitudeMode>
			<coordinates>
				0,0,0 0,0,0 
			</coordinates>
		</LineString>
	</Placemark>
	<Placemark>
		<styleUrl>#style_10634</styleUrl>
		<LineString>
			<tessellate>1</tessellate>
			<altitudeMode>absolute</altitudeMode>
			<coordinates>
				0,0,0 0,0,0 
			</coordinates>
		</LineString>
	</Placemark>
	<Placemark>
		<styleUrl>#style_10635</styleUrl>
		<LineString>
			<tessellate>1</tessellate>
			<altitudeMode>absolute</altitudeMode>
			<coordinates>
				0,0,0 0,0,0 
			</coordinates>
		</LineString>
	</Placemark>
	<Placemark>
		<styleUrl>#style_10636</styleUrl>
		<LineString>
			<tessellate>1</tessellate>
			<altitudeMode>absolute</altitudeMode>
			<coordinates>
				0,0,0 0,0,0 
			</coordinates>
		</LineString>
	</Placemark>
	<Placemark>
		<styleUrl>#style_10637</styleUrl>
		<LineString>
			<tessellate>1</tessellate>
			<altitudeMode>absolute</altitudeMode>
			<coordinates>
				0,0,0 0,0,0 
			</coordinates>
		</LineString>
	</Placemark>
	<Placemark>
		<styleUrl>#style_10638</styleUrl>
		<LineString>
			<tessellate>1</tessellate>
			<altitudeMode>absolute</altitudeMode>
			<coordinates>
				0,0,0 0,0,0 
			</coordinates>
		</LineString>
	</Placemark>
	<Placemark>
		<styleUrl>#style_10639</styleUrl>
		<LineString>
			<tessellate>1</tessellate>
			<altitudeMode>absolute</altitudeMode>
			<coordinates>
				0,0,0 0,0,0 
			</coordinates>
		</LineString>
	</Placemark>
	<Placemark>
		<styleUrl>#style_10640</styleUrl>
		<LineString>
			<tessellate>1</tessellate>
			<altitudeMode>absolute</altitudeMode>
			<coordinates>
				0,0,0 0,0,0 
			</coordinates>
		</LineString>
	</Placemark>
	<Placemark>
		<styleUrl>#style_10641</styleUrl>
		<LineString>
			<tessellate>1</tessellate>
			<altitudeMode>absolute</altitudeMode>
			<coordinates>
				0,0,0 0,0,0 
			</coordinates>
		</LineString>
	</Placemark>
	<Placemark>
		<styleUrl>#style_10642</styleUrl>
		<LineString>
			<tessellate>1</tessellate>
			<altitudeMode>absolute</altitudeMode>
			<coordinates>
				0,0,0 0,0,0 
			</coordinates>
		</LineString>
	</Placemark>
	<Placemark>
		<styleUrl>#style_10643</styleUrl>
		<LineString>
			<tessellate>1</tessellate>
			<altitudeMode>absolute</altitudeMode>
			<coordinates>
				0,0,0 0,0,0 
			</coordinates>
		</LineString>
	</Placemark>
	<Placemark>
		<styleUrl>#style_10644</styleUrl>
		<LineString>
			<tessellate>1</tessellate>
			<altitudeMode>absolute</altitudeMode>
			<coordinates>
				0,0,0 0,0,0 
			</coordinates>
		</LineString>
	</Placemark>
	<Placemark>
		<styleUrl>#style_10645</styleUrl>
		<LineString>
			<tessellate>1</tessellate>
			<altitudeMode>absolute</altitudeMode>
			<coordinates>
				0,0,0 0,0,0 
			</coordinates>
		</LineString>
	</Placemark>
	<Placemark>
		<styleUrl>#style_10646</styleUrl>
		<LineString>
			<tessellate>1</tessellate>
			<altitudeMode>absolute</altitudeMode>
			<coordinates>
				0,0,0 0,0,0 
			</coordinates>
		</LineString>
	</Placemark>
	<Placemark>
		<styleUrl>#style_10647</styleUrl>
		<LineString>
			<tessellate>1</tessellate>
			<altitudeMode>absolute</altitudeMode>
			<coordinates>
				0,0,0 0,0,0 
			</coordinates>
		</LineString>
	</Placemark>
	<Placemark>
		<styleUrl>#style_10648</styleUrl>
		<LineString>
			<tessellate>1</tessellate>
			<altitudeMode>absolute</altitudeMode>
			<coordinates>
				0,0,0 0,0,0 
			</coordinates>
		</LineString>
	</Placemark>
	<Placemark>
		<styleUrl>#style_10649</styleUrl>
		<LineString>
			<tessellate>1</tessellate>
			<altitudeMode>absolute</altitudeMode>
			<coordinates>
				0,0,0 0,0,0 
			</coordinates>
		</LineString>
	</Placemark>
	<Placemark>
		<styleUrl>#style_10650</styleUrl>
		<LineString>
			<tessellate>1</tessellate>
			<altitudeMode>absolute</altitudeMode>
			<coordinates>
				0,0,0 0,0,0 
			</coordinates>
		</LineString>
	</Placemark>
	<Placemark>
		<styleUrl>#style_10651</styleUrl>
		<LineString>
			<tessellate>1</tessellate>
			<altitudeMode>absolute</altitudeMode>
			<coordinates>
				0,0,0 0,0,0 
			</coordinates>
		</LineString>
	</Placemark>
	<Placemark>
		<styleUrl>#style_10652</styleUrl>
		<LineString>
			<tessellate>1</tessellate>
			<altitudeMode>absolute</altitudeMode>
			<coordinates>
				0,0,0 0,0,0 
			</coordinates>
		</LineString>
	</Placemark>
	<Placemark>
		<styleUrl>#style_10653</styleUrl>
		<LineString>
			<tessellate>1</tessellate>
			<altitudeMode>absolute</altitudeMode>
			<coordinates>
				0,0,0 0,0,0 
			</coordinates>
		</LineString>
	</Placemark>
	<Placemark>
		<styleUrl>#style_10654</styleUrl>
		<LineString>
			<tessellate>1</tessellate>
			<altitudeMode>absolute</altitudeMode>
			<coordinates>
				0,0,0 0,0,0 
			</coordinates>
		</LineString>
	</Placemark>
	<Placemark>
		<styleUrl>#style_10655</styleUrl>
		<LineString>
			<tessellate>1</tessellate>
			<altitudeMode>absolute</altitudeMode>
			<coordinates>
				0,0,0 0,0,0 
			</coordinates>
		</LineString>
	</Placemark>
	<Placemark>
		<styleUrl>#style_10656</styleUrl>
		<LineString>
			<tessellate>1</tessellate>
			<altitudeMode>absolute</altitudeMode>
			<coordinates>
				0,0,0 0,0,0 
			</coordinates>
		</LineString>
	</Placemark>
	<Placemark>
		<styleUrl>#style_10657</styleUrl>
		<LineString>
			<tessellate>1</tessellate>
			<altitudeMode>absolute</altitudeMode>
			<coordinates>
				0,0,0 0,0,0 
			</coordinates>
		</LineString>
	</Placemark>
	<Placemark>
		<styleUrl>#style_10658</styleUrl>
		<LineString>
			<tessellate>1</tessellate>
			<altitudeMode>absolute</altitudeMode>
			<coordinates>
				0,0,0 0,0,0 
			</coordinates>
		</LineString>
	</Placemark>
	<Placemark>
		<styleUrl>#style_10659</styleUrl>
		<LineString>
			<tessellate>1</tessellate>
			<altitudeMode>absolute</altitudeMode>
			<coordinates>
				0,0,0 0,0,0 
			</coordinates>
		</LineString>
	</Placemark>
	<Placemark>
		<styleUrl>#style_10660</styleUrl>
		<LineString>
			<tessellate>1</tessellate>
			<altitudeMode>absolute</altitudeMode>
			<coordinates>
				0,0,0 0,0,0 
			</coordinates>
		</LineString>
	</Placemark>
	<Placemark>
		<styleUrl>#style_10661</styleUrl>
		<LineString>
			<tessellate>1</tessellate>
			<altitudeMode>absolute</altitudeMode>
			<coordinates>
				0,0,0 0,0,0 
			</coordinates>
		</LineString>
	</Placemark>
	<Placemark>
		<styleUrl>#style_10662</styleUrl>
		<LineString>
			<tessellate>1</tessellate>
			<altitudeMode>absolute</altitudeMode>
			<coordinates>
				0,0,0 0,0,0 
			</coordinates>
		</LineString>
	</Placemark>
	<Placemark>
		<styleUrl>#style_10663</styleUrl>
		<LineString>
			<tessellate>1</tessellate>
			<altitudeMode>absolute</altitudeMode>
			<coordinates>
				0,0,0 0,0,0 
			</coordinates>
		</LineString>
	</Placemark>
	<Placemark>
		<styleUrl>#style_10664</styleUrl>
		<LineString>
			<tessellate>1</tessellate>
			<altitudeMode>absolute</altitudeMode>
			<coordinates>
				0,0,0 0,0,0 
			</coordinates>
		</LineString>
	</Placemark>
	<Placemark>
		<styleUrl>#style_10665</styleUrl>
		<LineString>
			<tessellate>1</tessellate>
			<altitudeMode>absolute</altitudeMode>
			<coordinates>
				0,0,0 0,0,0 
			</coordinates>
		</LineString>
	</Placemark>
	<Placemark>
		<styleUrl>#style_10666</styleUrl>
		<LineString>
			<tessellate>1</tessellate>
			<altitudeMode>absolute</altitudeMode>
			<coordinates>
				0,0,0 0,0,0 
			</coordinates>
		</LineString>
	</Placemark>
	<Placemark>
		<styleUrl>#style_10667</styleUrl>
		<LineString>
			<tessellate>1</tessellate>
			<altitudeMode>absolute</altitudeMode>
			<coordinates>
				0,0,0 0,0,0 
			</coordinates>
		</LineString>
	</Placemark>
	<Placemark>
		<styleUrl>#style_10668</styleUrl>
		<LineString>
			<tessellate>1</tessellate>
			<altitudeMode>absolute</altitudeMode>
			<coordinates>
				0,0,0 0,0,0 
			</coordinates>
		</LineString>
	</Placemark>
	<Placemark>
		<styleUrl>#style_10669</styleUrl>
		<LineString>
			<tessellate>1</tessellate>
			<altitudeMode>absolute</altitudeMode>
			<coordinates>
				0,0,0 0,0,0 
			</coordinates>
		</LineString>
	</Placemark>
	<Placemark>
		<styleUrl>#style_10670</styleUrl>
		<LineString>
			<tessellate>1</tessellate>
			<altitudeMode>absolute</altitudeMode>
			<coordinates>
				0,0,0 0,0,0 
			</coordinates>
		</LineString>
	</Placemark>
	<Placemark>
		<styleUrl>#style_10671</styleUrl>
		<LineString>
			<tessellate>1</tessellate>
			<altitudeMode>absolute</altitudeMode>
			<coordinates>
				0,0,0 0,0,0 
			</coordinates>
		</LineString>
	</Placemark>
	<Placemark>
		<styleUrl>#style_10672</styleUrl>
		<LineString>
			<tessellate>1</tessellate>
			<altitudeMode>absolute</altitudeMode>
			<coordinates>
				0,0,0 0,0,0 
			</coordinates>
		</LineString>
	</Placemark>
	<Placemark>
		<styleUrl>#style_10673</styleUrl>
		<LineString>
			<tessellate>1</tessellate>
			<altitudeMode>absolute</altitudeMode>
			<coordinates>
				0,0,0 0,0,0 
			</coordinates>
		</LineString>
	</Placemark>
	<Placemark>
		<styleUrl>#style_10674</styleUrl>
		<LineString>
			<tessellate>1</tessellate>
			<altitudeMode>absolute</altitudeMode>
			<coordinates>
				0,0,0 0,0,0 
			</coordinates>
		</LineString>
	</Placemark>
	<Placemark>
		<styleUrl>#style_10675</styleUrl>
		<LineString>
			<tessellate>1</tessellate>
			<altitudeMode>absolute</altitudeMode>
			<coordinates>
				0,0,0 0,0,0 
			</coordinates>
		</LineString>
	</Placemark>
	<Placemark>
		<styleUrl>#style_10676</styleUrl>
		<LineString>
			<tessellate>1</tessellate>
			<altitudeMode>absolute</altitudeMode>
			<coordinates>
				0,0,0 0,0,0 
			</coordinates>
		</LineString>
	</Placemark>
	<Placemark>
		<styleUrl>#style_10677</styleUrl>
		<LineString>
			<tessellate>1</tessellate>
			<altitudeMode>absolute</altitudeMode>
			<coordinates>
				0,0,0 0,0,0 
			</coordinates>
		</LineString>
	</Placemark>
	<Placemark>
		<styleUrl>#style_10678</styleUrl>
		<LineString>
			<tessellate>1</tessellate>
			<altitudeMode>absolute</altitudeMode>
			<coordinates>
				0,0,0 0,0,0 
			</coordinates>
		</LineString>
	</Placemark>
	<Placemark>
		<styleUrl>#style_10679</styleUrl>
		<LineString>
			<tessellate>1</tessellate>
			<altitudeMode>absolute</altitudeMode>
			<coordinates>
				0,0,0 0,0,0 
			</coordinates>
		</LineString>
	</Placemark>
	<Placemark>
		<styleUrl>#style_10680</styleUrl>
		<LineString>
			<tessellate>1</tessellate>
			<altitudeMode>absolute</altitudeMode>
			<coordinates>
				0,0,0 0,0,0 
			</coordinates>
		</LineString>
	</Placemark>
	<Placemark>
		<styleUrl>#style_10681</styleUrl>
		<LineString>
			<tessellate>1</tessellate>
			<altitudeMode>absolute</altitudeMode>
			<coordinates>
				0,0,0 0,0,0 
			</coordinates>
		</LineString>
	</Placemark>
	<Placemark>
		<styleUrl>#style_10682</styleUrl>
		<LineString>
			<tessellate>1</tessellate>
			<altitudeMode>absolute</altitudeMode>
			<coordinates>
				0,0,0 0,0,0 
			</coordinates>
		</LineString>
	</Placemark>
	<Placemark>
		<styleUrl>#style_10683</styleUrl>
		<LineString>
			<tessellate>1</tessellate>
			<altitudeMode>absolute</altitudeMode>
			<coordinates>
				0,0,0 0,0,0 
			</coordinates>
		</LineString>
	</Placemark>
	<Placemark>
		<styleUrl>#style_10684</styleUrl>
		<LineString>
			<tessellate>1</tessellate>
			<altitudeMode>absolute</altitudeMode>
			<coordinates>
				0,0,0 0,0,0 
			</coordinates>
		</LineString>
	</Placemark>
	<Placemark>
		<styleUrl>#style_10685</styleUrl>
		<LineString>
			<tessellate>1</tessellate>
			<altitudeMode>absolute</altitudeMode>
			<coordinates>
				0,0,0 0,0,0 
			</coordinates>
		</LineString>
	</Placemark>
	<Placemark>
		<styleUrl>#style_10686</styleUrl>
		<LineString>
			<tessellate>1</tessellate>
			<altitudeMode>absolute</altitudeMode>
			<coordinates>
				0,0,0 0,0,0 
			</coordinates>
		</LineString>
	</Placemark>
	<Placemark>
		<styleUrl>#style_10687</styleUrl>
		<LineString>
			<tessellate>1</tessellate>
			<altitudeMode>absolute</altitudeMode>
			<coordinates>
				0,0,0 0,0,0 
			</coordinates>
		</LineString>
	</Placemark>
	<Placemark>
		<styleUrl>#style_10688</styleUrl>
		<LineString>
			<tessellate>1</tessellate>
			<altitudeMode>absolute</altitudeMode>
			<coordinates>
				0,0,0 0,0,0 
			</coordinates>
		</LineString>
	</Placemark>
	<Placemark>
		<styleUrl>#style_10689</styleUrl>
		<LineString>
			<tessellate>1</tessellate>
			<altitudeMode>absolute</altitudeMode>
			<coordinates>
				0,0,0 0,0,0 
			</coordinates>
		</LineString>
	</Placemark>
	<Placemark>
		<styleUrl>#style_10690</styleUrl>
		<LineString>
			<tessellate>1</tessellate>
			<altitudeMode>absolute</altitudeMode>
			<coordinates>
				0,0,0 0,0,0 
			</coordinates>
		</LineString>
	</Placemark>
	<Placemark>
		<styleUrl>#style_10691</styleUrl>
		<LineString>
			<tessellate>1</tessellate>
			<altitudeMode>absolute</altitudeMode>
			<coordinates>
				0,0,0 0,0,0 
			</coordinates>
		</LineString>
	</Placemark>
	<Placemark>
		<styleUrl>#style_10692</styleUrl>
		<LineString>
			<tessellate>1</tessellate>
			<altitudeMode>absolute</altitudeMode>
			<coordinates>
				0,0,0 0,0,0 
			</coordinates>
		</LineString>
	</Placemark>
	<Placemark>
		<styleUrl>#style_10693</styleUrl>
		<LineString>
			<tessellate>1</tessellate>
			<altitudeMode>absolute</altitudeMode>
			<coordinates>
				0,0,0 0,0,0 
			</coordinates>
		</LineString>
	</Placemark>
	<Placemark>
		<styleUrl>#style_10694</styleUrl>
		<LineString>
			<tessellate>1</tessellate>
			<altitudeMode>absolute</altitudeMode>
			<coordinates>
				0,0,0 0,0,0 
			</coordinates>
		</LineString>
	</Placemark>
	<Placemark>
		<styleUrl>#style_10695</styleUrl>
		<LineString>
			<tessellate>1</tessellate>
			<altitudeMode>absolute</altitudeMode>
			<coordinates>
				0,0,0 0,0,0 
			</coordinates>
		</LineString>
	</Placemark>
	<Placemark>
		<styleUrl>#style_10696</styleUrl>
		<LineString>
			<tessellate>1</tessellate>
			<altitudeMode>absolute</altitudeMode>
			<coordinates>
				0,0,0 0,0,0 
			</coordinates>
		</LineString>
	</Placemark>
	<Placemark>
		<styleUrl>#style_10697</styleUrl>
		<LineString>
			<tessellate>1</tessellate>
			<altitudeMode>absolute</altitudeMode>
			<coordinates>
				0,0,0 0,0,0 
			</coordinates>
		</LineString>
	</Placemark>
	<Placemark>
		<styleUrl>#style_10698</styleUrl>
		<LineString>
			<tessellate>1</tessellate>
			<altitudeMode>absolute</altitudeMode>
			<coordinates>
				0,0,0 0,0,0 
			</coordinates>
		</LineString>
	</Placemark>
	<Placemark>
		<styleUrl>#style_10699</styleUrl>
		<LineString>
			<tessellate>1</tessellate>
			<altitudeMode>absolute</altitudeMode>
			<coordinates>
				0,0,0 0,0,0 
			</coordinates>
		</LineString>
	</Placemark>
	<Placemark>
		<styleUrl>#style_10700</styleUrl>
		<LineString>
			<tessellate>1</tessellate>
			<altitudeMode>absolute</altitudeMode>
			<coordinates>
				0,0,0 0,0,0 
			</coordinates>
		</LineString>
	</Placemark>
	<Placemark>
		<styleUrl>#style_10701</styleUrl>
		<LineString>
			<tessellate>1</tessellate>
			<altitudeMode>absolute</altitudeMode>
			<coordinates>
				0,0,0 0,0,0 
			</coordinates>
		</LineString>
	</Placemark>
	<Placemark>
		<styleUrl>#style_10702</styleUrl>
		<LineString>
			<tessellate>1</tessellate>
			<altitudeMode>absolute</altitudeMode>
			<coordinates>
				0,0,0 0,0,0 
			</coordinates>
		</LineString>
	</Placemark>
	<Placemark>
		<styleUrl>#style_10703</styleUrl>
		<LineString>
			<tessellate>1</tessellate>
			<altitudeMode>absolute</altitudeMode>
			<coordinates>
				0,0,0 0,0,0 
			</coordinates>
		</LineString>
	</Placemark>
	<Placemark>
		<styleUrl>#style_10704</styleUrl>
		<LineString>
			<tessellate>1</tessellate>
			<altitudeMode>absolute</altitudeMode>
			<coordinates>
				0,0,0 0,0,0 
			</coordinates>
		</LineString>
	</Placemark>
	<Placemark>
		<styleUrl>#style_10705</styleUrl>
		<LineString>
			<tessellate>1</tessellate>
			<altitudeMode>absolute</altitudeMode>
			<coordinates>
				0,0,0 0,0,0 
			</coordinates>
		</LineString>
	</Placemark>
	<Placemark>
		<styleUrl>#style_10706</styleUrl>
		<LineString>
			<tessellate>1</tessellate>
			<altitudeMode>absolute</altitudeMode>
			<coordinates>
				0,0,0 0,0,0 
			</coordinates>
		</LineString>
	</Placemark>
	<Placemark>
		<styleUrl>#style_10707</styleUrl>
		<LineString>
			<tessellate>1</tessellate>
			<altitudeMode>absolute</altitudeMode>
			<coordinates>
				0,0,0 0,0,0 
			</coordinates>
		</LineString>
	</Placemark>
	<Placemark>
		<styleUrl>#style_10708</styleUrl>
		<LineString>
			<tessellate>1</tessellate>
			<altitudeMode>absolute</altitudeMode>
			<coordinates>
				0,0,0 0,0,0 
			</coordinates>
		</LineString>
	</Placemark>
	<Placemark>
		<styleUrl>#style_10709</styleUrl>
		<LineString>
			<tessellate>1</tessellate>
			<altitudeMode>absolute</altitudeMode>
			<coordinates>
				0,0,0 0,0,0 
			</coordinates>
		</LineString>
	</Placemark>
	<Placemark>
		<styleUrl>#style_10710</styleUrl>
		<LineString>
			<tessellate>1</tessellate>
			<altitudeMode>absolute</altitudeMode>
			<coordinates>
				0,0,0 0,0,0 
			</coordinates>
		</LineString>
	</Placemark>
	<Placemark>
		<styleUrl>#style_10711</styleUrl>
		<LineString>
			<tessellate>1</tessellate>
			<altitudeMode>absolute</altitudeMode>
			<coordinates>
				0,0,0 0,0,0 
			</coordinates>
		</LineString>
	</Placemark>
	<Placemark>
		<styleUrl>#style_10712</styleUrl>
		<LineString>
			<tessellate>1</tessellate>
			<altitudeMode>absolute</altitudeMode>
			<coordinates>
				0,0,0 0,0,0 
			</coordinates>
		</LineString>
	</Placemark>
	<Placemark>
		<styleUrl>#style_10713</styleUrl>
		<LineString>
			<tessellate>1</tessellate>
			<altitudeMode>absolute</altitudeMode>
			<coordinates>
				0,0,0 0,0,0 
			</coordinates>
		</LineString>
	</Placemark>
	<Placemark>
		<styleUrl>#style_10714</styleUrl>
		<LineString>
			<tessellate>1</tessellate>
			<altitudeMode>absolute</altitudeMode>
			<coordinates>
				0,0,0 0,0,0 
			</coordinates>
		</LineString>
	</Placemark>
	<Placemark>
		<styleUrl>#style_10715</styleUrl>
		<LineString>
			<tessellate>1</tessellate>
			<altitudeMode>absolute</altitudeMode>
			<coordinates>
				0,0,0 0,0,0 
			</coordinates>
		</LineString>
	</Placemark>
	<Placemark>
		<styleUrl>#style_10716</styleUrl>
		<LineString>
			<tessellate>1</tessellate>
			<altitudeMode>absolute</altitudeMode>
			<coordinates>
				0,0,0 0,0,0 
			</coordinates>
		</LineString>
	</Placemark>
	<Placemark>
		<styleUrl>#style_10717</styleUrl>
		<LineString>
			<tessellate>1</tessellate>
			<altitudeMode>absolute</altitudeMode>
			<coordinates>
				0,0,0 0,0,0 
			</coordinates>
		</LineString>
	</Placemark>
	<Placemark>
		<styleUrl>#style_10718</styleUrl>
		<LineString>
			<tessellate>1</tessellate>
			<altitudeMode>absolute</altitudeMode>
			<coordinates>
				0,0,0 0,0,0 
			</coordinates>
		</LineString>
	</Placemark>
	<Placemark>
		<styleUrl>#style_10719</styleUrl>
		<LineString>
			<tessellate>1</tessellate>
			<altitudeMode>absolute</altitudeMode>
			<coordinates>
				0,0,0 0,0,0 
			</coordinates>
		</LineString>
	</Placemark>
	<Placemark>
		<styleUrl>#style_10720</styleUrl>
		<LineString>
			<tessellate>1</tessellate>
			<altitudeMode>absolute</altitudeMode>
			<coordinates>
				0,0,0 0,0,0 
			</coordinates>
		</LineString>
	</Placemark>
	<Placemark>
		<styleUrl>#style_10721</styleUrl>
		<LineString>
			<tessellate>1</tessellate>
			<altitudeMode>absolute</altitudeMode>
			<coordinates>
				0,0,0 0,0,0 
			</coordinates>
		</LineString>
	</Placemark>
	<Placemark>
		<styleUrl>#style_10722</styleUrl>
		<LineString>
			<tessellate>1</tessellate>
			<altitudeMode>absolute</altitudeMode>
			<coordinates>
				0,0,0 0,0,0 
			</coordinates>
		</LineString>
	</Placemark>
	<Placemark>
		<styleUrl>#style_10723</styleUrl>
		<LineString>
			<tessellate>1</tessellate>
			<altitudeMode>absolute</altitudeMode>
			<coordinates>
				0,0,0 0,0,0 
			</coordinates>
		</LineString>
	</Placemark>
	<Placemark>
		<styleUrl>#style_10724</styleUrl>
		<LineString>
			<tessellate>1</tessellate>
			<altitudeMode>absolute</altitudeMode>
			<coordinates>
				0,0,0 0,0,0 
			</coordinates>
		</LineString>
	</Placemark>
	<Placemark>
		<styleUrl>#style_10725</styleUrl>
		<LineString>
			<tessellate>1</tessellate>
			<altitudeMode>absolute</altitudeMode>
			<coordinates>
				0,0,0 0,0,0 
			</coordinates>
		</LineString>
	</Placemark>
	<Placemark>
		<styleUrl>#style_10726</styleUrl>
		<LineString>
			<tessellate>1</tessellate>
			<altitudeMode>absolute</altitudeMode>
			<coordinates>
				0,0,0 0,0,0 
			</coordinates>
		</LineString>
	</Placemark>
	<Placemark>
		<styleUrl>#style_10727</styleUrl>
		<LineString>
			<tessellate>1</tessellate>
			<altitudeMode>absolute</altitudeMode>
			<coordinates>
				0,0,0 0,0,0 
			</coordinates>
		</LineString>
	</Placemark>
	<Placemark>
		<styleUrl>#style_10728</styleUrl>
		<LineString>
			<tessellate>1</tessellate>
			<altitudeMode>absolute</altitudeMode>
			<coordinates>
				0,0,0 0,0,0 
			</coordinates>
		</LineString>
	</Placemark>
	<Placemark>
		<styleUrl>#style_10729</styleUrl>
		<LineString>
			<tessellate>1</tessellate>
			<altitudeMode>absolute</altitudeMode>
			<coordinates>
				0,0,0 0,0,0 
			</coordinates>
		</LineString>
	</Placemark>
	<Placemark>
		<styleUrl>#style_10730</styleUrl>
		<LineString>
			<tessellate>1</tessellate>
			<altitudeMode>absolute</altitudeMode>
			<coordinates>
				0,0,0 0,0,0 
			</coordinates>
		</LineString>
	</Placemark>
	<Placemark>
		<styleUrl>#style_10731</styleUrl>
		<LineString>
			<tessellate>1</tessellate>
			<altitudeMode>absolute</altitudeMode>
			<coordinates>
				0,0,0 0,0,0 
			</coordinates>
		</LineString>
	</Placemark>
	<Placemark>
		<styleUrl>#style_10732</styleUrl>
		<LineString>
			<tessellate>1</tessellate>
			<altitudeMode>absolute</altitudeMode>
			<coordinates>
				0,0,0 0,0,0 
			</coordinates>
		</LineString>
	</Placemark>
	<Placemark>
		<styleUrl>#style_10733</styleUrl>
		<LineString>
			<tessellate>1</tessellate>
			<altitudeMode>absolute</altitudeMode>
			<coordinates>
				0,0,0 0,0,0 
			</coordinates>
		</LineString>
	</Placemark>
	<Placemark>
		<styleUrl>#style_10734</styleUrl>
		<LineString>
			<tessellate>1</tessellate>
			<altitudeMode>absolute</altitudeMode>
			<coordinates>
				0,0,0 0,0,0 
			</coordinates>
		</LineString>
	</Placemark>
	<Placemark>
		<styleUrl>#style_10735</styleUrl>
		<LineString>
			<tessellate>1</tessellate>
			<altitudeMode>absolute</altitudeMode>
			<coordinates>
				0,0,0 0,0,0 
			</coordinates>
		</LineString>
	</Placemark>
	<Placemark>
		<styleUrl>#style_10736</styleUrl>
		<LineString>
			<tessellate>1</tessellate>
			<altitudeMode>absolute</altitudeMode>
			<coordinates>
				0,0,0 0,0,0 
			</coordinates>
		</LineString>
	</Placemark>
	<Placemark>
		<styleUrl>#style_10737</styleUrl>
		<LineString>
			<tessellate>1</tessellate>
			<altitudeMode>absolute</altitudeMode>
			<coordinates>
				0,0,0 0,0,0 
			</coordinates>
		</LineString>
	</Placemark>
	<Placemark>
		<styleUrl>#style_10738</styleUrl>
		<LineString>
			<tessellate>1</tessellate>
			<altitudeMode>absolute</altitudeMode>
			<coordinates>
				0,0,0 0,0,0 
			</coordinates>
		</LineString>
	</Placemark>
	<Placemark>
		<styleUrl>#style_10739</styleUrl>
		<LineString>
			<tessellate>1</tessellate>
			<altitudeMode>absolute</altitudeMode>
			<coordinates>
				0,0,0 0,0,0 
			</coordinates>
		</LineString>
	</Placemark>
	<Placemark>
		<styleUrl>#style_10740</styleUrl>
		<LineString>
			<tessellate>1</tessellate>
			<altitudeMode>absolute</altitudeMode>
			<coordinates>
				0,0,0 0,0,0 
			</coordinates>
		</LineString>
	</Placemark>
	<Placemark>
		<styleUrl>#style_10741</styleUrl>
		<LineString>
			<tessellate>1</tessellate>
			<altitudeMode>absolute</altitudeMode>
			<coordinates>
				0,0,0 0,0,0 
			</coordinates>
		</LineString>
	</Placemark>
	<Placemark>
		<styleUrl>#style_10742</styleUrl>
		<LineString>
			<tessellate>1</tessellate>
			<altitudeMode>absolute</altitudeMode>
			<coordinates>
				0,0,0 0,0,0 
			</coordinates>
		</LineString>
	</Placemark>
	<Placemark>
		<styleUrl>#style_10743</styleUrl>
		<LineString>
			<tessellate>1</tessellate>
			<altitudeMode>absolute</altitudeMode>
			<coordinates>
				0,0,0 0,0,0 
			</coordinates>
		</LineString>
	</Placemark>
	<Placemark>
		<styleUrl>#style_10744</styleUrl>
		<LineString>
			<tessellate>1</tessellate>
			<altitudeMode>absolute</altitudeMode>
			<coordinates>
				0,0,0 0,0,0 
			</coordinates>
		</LineString>
	</Placemark>
	<Placemark>
		<styleUrl>#style_10745</styleUrl>
		<LineString>
			<tessellate>1</tessellate>
			<altitudeMode>absolute</altitudeMode>
			<coordinates>
				0,0,0 0,0,0 
			</coordinates>
		</LineString>
	</Placemark>
	<Placemark>
		<styleUrl>#style_10746</styleUrl>
		<LineString>
			<tessellate>1</tessellate>
			<altitudeMode>absolute</altitudeMode>
			<coordinates>
				0,0,0 0,0,0 
			</coordinates>
		</LineString>
	</Placemark>
	<Placemark>
		<styleUrl>#style_10747</styleUrl>
		<LineString>
			<tessellate>1</tessellate>
			<altitudeMode>absolute</altitudeMode>
			<coordinates>
				0,0,0 0,0,0 
			</coordinates>
		</LineString>
	</Placemark>
	<Placemark>
		<styleUrl>#style_10748</styleUrl>
		<LineString>
			<tessellate>1</tessellate>
			<altitudeMode>absolute</altitudeMode>
			<coordinates>
				0,0,0 0,0,0 
			</coordinates>
		</LineString>
	</Placemark>
	<Placemark>
		<styleUrl>#style_10749</styleUrl>
		<LineString>
			<tessellate>1</tessellate>
			<altitudeMode>absolute</altitudeMode>
			<coordinates>
				0,0,0 0,0,0 
			</coordinates>
		</LineString>
	</Placemark>
	<Placemark>
		<styleUrl>#style_10750</styleUrl>
		<LineString>
			<tessellate>1</tessellate>
			<altitudeMode>absolute</altitudeMode>
			<coordinates>
				0,0,0 0,0,0 
			</coordinates>
		</LineString>
	</Placemark>
	<Placemark>
		<styleUrl>#style_10751</styleUrl>
		<LineString>
			<tessellate>1</tessellate>
			<altitudeMode>absolute</altitudeMode>
			<coordinates>
				0,0,0 0,0,0 
			</coordinates>
		</LineString>
	</Placemark>
	<Placemark>
		<styleUrl>#style_10752</styleUrl>
		<LineString>
			<tessellate>1</tessellate>
			<altitudeMode>absolute</altitudeMode>
			<coordinates>
				0,0,0 0,0,0 
			</coordinates>
		</LineString>
	</Placemark>
	<Placemark>
		<styleUrl>#style_10753</styleUrl>
		<LineString>
			<tessellate>1</tessellate>
			<altitudeMode>absolute</altitudeMode>
			<coordinates>
				0,0,0 0,0,0 
			</coordinates>
		</LineString>
	</Placemark>
	<Placemark>
		<styleUrl>#style_10754</styleUrl>
		<LineString>
			<tessellate>1</tessellate>
			<altitudeMode>absolute</altitudeMode>
			<coordinates>
				0,0,0 0,0,0 
			</coordinates>
		</LineString>
	</Placemark>
	<Placemark>
		<styleUrl>#style_10755</styleUrl>
		<LineString>
			<tessellate>1</tessellate>
			<altitudeMode>absolute</altitudeMode>
			<coordinates>
				0,0,0 0,0,0 
			</coordinates>
		</LineString>
	</Placemark>
	<Placemark>
		<styleUrl>#style_10756</styleUrl>
		<LineString>
			<tessellate>1</tessellate>
			<altitudeMode>absolute</altitudeMode>
			<coordinates>
				0,0,0 0,0,0 
			</coordinates>
		</LineString>
	</Placemark>
	<Placemark>
		<styleUrl>#style_10757</styleUrl>
		<LineString>
			<tessellate>1</tessellate>
			<altitudeMode>absolute</altitudeMode>
			<coordinates>
				0,0,0 0,0,0 
			</coordinates>
		</LineString>
	</Placemark>
	<Placemark>
		<styleUrl>#style_10758</styleUrl>
		<LineString>
			<tessellate>1</tessellate>
			<altitudeMode>absolute</altitudeMode>
			<coordinates>
				0,0,0 0,0,0 
			</coordinates>
		</LineString>
	</Placemark>
	<Placemark>
		<styleUrl>#style_10759</styleUrl>
		<LineString>
			<tessellate>1</tessellate>
			<altitudeMode>absolute</altitudeMode>
			<coordinates>
				0,0,0 0,0,0 
			</coordinates>
		</LineString>
	</Placemark>
	<Placemark>
		<styleUrl>#style_10760</styleUrl>
		<LineString>
			<tessellate>1</tessellate>
			<altitudeMode>absolute</altitudeMode>
			<coordinates>
				0,0,0 0,0,0 
			</coordinates>
		</LineString>
	</Placemark>
	<Placemark>
		<styleUrl>#style_10761</styleUrl>
		<LineString>
			<tessellate>1</tessellate>
			<altitudeMode>absolute</altitudeMode>
			<coordinates>
				0,0,0 0,0,0 
			</coordinates>
		</LineString>
	</Placemark>
	<Placemark>
		<styleUrl>#style_10762</styleUrl>
		<LineString>
			<tessellate>1</tessellate>
			<altitudeMode>absolute</altitudeMode>
			<coordinates>
				0,0,0 0,0,0 
			</coordinates>
		</LineString>
	</Placemark>
	<Placemark>
		<styleUrl>#style_10763</styleUrl>
		<LineString>
			<tessellate>1</tessellate>
			<altitudeMode>absolute</altitudeMode>
			<coordinates>
				0,0,0 0,0,0 
			</coordinates>
		</LineString>
	</Placemark>
	<Placemark>
		<styleUrl>#style_10764</styleUrl>
		<LineString>
			<tessellate>1</tessellate>
			<altitudeMode>absolute</altitudeMode>
			<coordinates>
				0,0,0 0,0,0 
			</coordinates>
		</LineString>
	</Placemark>
	<Placemark>
		<styleUrl>#style_10765</styleUrl>
		<LineString>
			<tessellate>1</tessellate>
			<altitudeMode>absolute</altitudeMode>
			<coordinates>
				0,0,0 0,0,0 
			</coordinates>
		</LineString>
	</Placemark>
	<Placemark>
		<styleUrl>#style_10766</styleUrl>
		<LineString>
			<tessellate>1</tessellate>
			<altitudeMode>absolute</altitudeMode>
			<coordinates>
				0,0,0 0,0,0 
			</coordinates>
		</LineString>
	</Placemark>
	<Placemark>
		<styleUrl>#style_10767</styleUrl>
		<LineString>
			<tessellate>1</tessellate>
			<altitudeMode>absolute</altitudeMode>
			<coordinates>
				0,0,0 0,0,0 
			</coordinates>
		</LineString>
	</Placemark>
	<Placemark>
		<styleUrl>#style_10768</styleUrl>
		<LineString>
			<tessellate>1</tessellate>
			<altitudeMode>absolute</altitudeMode>
			<coordinates>
				0,0,0 0,0,0 
			</coordinates>
		</LineString>
	</Placemark>
	<Placemark>
		<styleUrl>#style_10769</styleUrl>
		<LineString>
			<tessellate>1</tessellate>
			<altitudeMode>absolute</altitudeMode>
			<coordinates>
				0,0,0 0,0,0 
			</coordinates>
		</LineString>
	</Placemark>
	<Placemark>
		<styleUrl>#style_10770</styleUrl>
		<LineString>
			<tessellate>1</tessellate>
			<altitudeMode>absolute</altitudeMode>
			<coordinates>
				0,0,0 0,0,0 
			</coordinates>
		</LineString>
	</Placemark>
	<Placemark>
		<styleUrl>#style_10771</styleUrl>
		<LineString>
			<tessellate>1</tessellate>
			<altitudeMode>absolute</altitudeMode>
			<coordinates>
				0,0,0 0,0,0 
			</coordinates>
		</LineString>
	</Placemark>
	<Placemark>
		<styleUrl>#style_10772</styleUrl>
		<LineString>
			<tessellate>1</tessellate>
			<altitudeMode>absolute</altitudeMode>
			<coordinates>
				0,0,0 0,0,0 
			</coordinates>
		</LineString>
	</Placemark>
	<Placemark>
		<styleUrl>#style_10773</styleUrl>
		<LineString>
			<tessellate>1</tessellate>
			<altitudeMode>absolute</altitudeMode>
			<coordinates>
				0,0,0 0,0,0 
			</coordinates>
		</LineString>
	</Placemark>
	<Placemark>
		<styleUrl>#style_10774</styleUrl>
		<LineString>
			<tessellate>1</tessellate>
			<altitudeMode>absolute</altitudeMode>
			<coordinates>
				0,0,0 0,0,0 
			</coordinates>
		</LineString>
	</Placemark>
	<Placemark>
		<styleUrl>#style_10775</styleUrl>
		<LineString>
			<tessellate>1</tessellate>
			<altitudeMode>absolute</altitudeMode>
			<coordinates>
				0,0,0 0,0,0 
			</coordinates>
		</LineString>
	</Placemark>
	<Placemark>
		<styleUrl>#style_10776</styleUrl>
		<LineString>
			<tessellate>1</tessellate>
			<altitudeMode>absolute</altitudeMode>
			<coordinates>
				0,0,0 0,0,0 
			</coordinates>
		</LineString>
	</Placemark>
	<Placemark>
		<styleUrl>#style_10777</styleUrl>
		<LineString>
			<tessellate>1</tessellate>
			<altitudeMode>absolute</altitudeMode>
			<coordinates>
				0,0,0 0,0,0 
			</coordinates>
		</LineString>
	</Placemark>
	<Placemark>
		<styleUrl>#style_10778</styleUrl>
		<LineString>
			<tessellate>1</tessellate>
			<altitudeMode>absolute</altitudeMode>
			<coordinates>
				0,0,0 0,0,0 
			</coordinates>
		</LineString>
	</Placemark>
	<Placemark>
		<styleUrl>#style_10779</styleUrl>
		<LineString>
			<tessellate>1</tessellate>
			<altitudeMode>absolute</altitudeMode>
			<coordinates>
				0,0,0 0,0,0 
			</coordinates>
		</LineString>
	</Placemark>
	<Placemark>
		<styleUrl>#style_10780</styleUrl>
		<LineString>
			<tessellate>1</tessellate>
			<altitudeMode>absolute</altitudeMode>
			<coordinates>
				0,0,0 0,0,0 
			</coordinates>
		</LineString>
	</Placemark>
	<Placemark>
		<styleUrl>#style_10781</styleUrl>
		<LineString>
			<tessellate>1</tessellate>
			<altitudeMode>absolute</altitudeMode>
			<coordinates>
				0,0,0 0,0,0 
			</coordinates>
		</LineString>
	</Placemark>
	<Placemark>
		<styleUrl>#style_10782</styleUrl>
		<LineString>
			<tessellate>1</tessellate>
			<altitudeMode>absolute</altitudeMode>
			<coordinates>
				0,0,0 0,0,0 
			</coordinates>
		</LineString>
	</Placemark>
	<Placemark>
		<styleUrl>#style_10783</styleUrl>
		<LineString>
			<tessellate>1</tessellate>
			<altitudeMode>absolute</altitudeMode>
			<coordinates>
				0,0,0 0,0,0 
			</coordinates>
		</LineString>
	</Placemark>
	<Placemark>
		<styleUrl>#style_10784</styleUrl>
		<LineString>
			<tessellate>1</tessellate>
			<altitudeMode>absolute</altitudeMode>
			<coordinates>
				0,0,0 0,0,0 
			</coordinates>
		</LineString>
	</Placemark>
	<Placemark>
		<styleUrl>#style_10785</styleUrl>
		<LineString>
			<tessellate>1</tessellate>
			<altitudeMode>absolute</altitudeMode>
			<coordinates>
				0,0,0 0,0,0 
			</coordinates>
		</LineString>
	</Placemark>
	<Placemark>
		<styleUrl>#style_10786</styleUrl>
		<LineString>
			<tessellate>1</tessellate>
			<altitudeMode>absolute</altitudeMode>
			<coordinates>
				0,0,0 0,0,0 
			</coordinates>
		</LineString>
	</Placemark>
	<Placemark>
		<styleUrl>#style_10787</styleUrl>
		<LineString>
			<tessellate>1</tessellate>
			<altitudeMode>absolute</altitudeMode>
			<coordinates>
				0,0,0 0,0,0 
			</coordinates>
		</LineString>
	</Placemark>
	<Placemark>
		<styleUrl>#style_10788</styleUrl>
		<LineString>
			<tessellate>1</tessellate>
			<altitudeMode>absolute</altitudeMode>
			<coordinates>
				0,0,0 0,0,0 
			</coordinates>
		</LineString>
	</Placemark>
	<Placemark>
		<styleUrl>#style_10789</styleUrl>
		<LineString>
			<tessellate>1</tessellate>
			<altitudeMode>absolute</altitudeMode>
			<coordinates>
				0,0,0 0,0,0 
			</coordinates>
		</LineString>
	</Placemark>
	<Placemark>
		<styleUrl>#style_10790</styleUrl>
		<LineString>
			<tessellate>1</tessellate>
			<altitudeMode>absolute</altitudeMode>
			<coordinates>
				0,0,0 0,0,0 
			</coordinates>
		</LineString>
	</Placemark>
	<Placemark>
		<styleUrl>#style_10791</styleUrl>
		<LineString>
			<tessellate>1</tessellate>
			<altitudeMode>absolute</altitudeMode>
			<coordinates>
				0,0,0 0,0,0 
			</coordinates>
		</LineString>
	</Placemark>
	<Placemark>
		<styleUrl>#style_10792</styleUrl>
		<LineString>
			<tessellate>1</tessellate>
			<altitudeMode>absolute</altitudeMode>
			<coordinates>
				0,0,0 0,0,0 
			</coordinates>
		</LineString>
	</Placemark>
	<Placemark>
		<styleUrl>#style_10793</styleUrl>
		<LineString>
			<tessellate>1</tessellate>
			<altitudeMode>absolute</altitudeMode>
			<coordinates>
				0,0,0 0,0,0 
			</coordinates>
		</LineString>
	</Placemark>
	<Placemark>
		<styleUrl>#style_10794</styleUrl>
		<LineString>
			<tessellate>1</tessellate>
			<altitudeMode>absolute</altitudeMode>
			<coordinates>
				0,0,0 0,0,0 
			</coordinates>
		</LineString>
	</Placemark>
	<Placemark>
		<styleUrl>#style_10795</styleUrl>
		<LineString>
			<tessellate>1</tessellate>
			<altitudeMode>absolute</altitudeMode>
			<coordinates>
				0,0,0 0,0,0 
			</coordinates>
		</LineString>
	</Placemark>
	<Placemark>
		<styleUrl>#style_10796</styleUrl>
		<LineString>
			<tessellate>1</tessellate>
			<altitudeMode>absolute</altitudeMode>
			<coordinates>
				0,0,0 0,0,0 
			</coordinates>
		</LineString>
	</Placemark>
	<Placemark>
		<styleUrl>#style_10797</styleUrl>
		<LineString>
			<tessellate>1</tessellate>
			<altitudeMode>absolute</altitudeMode>
			<coordinates>
				0,0,0 0,0,0 
			</coordinates>
		</LineString>
	</Placemark>
	<Placemark>
		<styleUrl>#style_10798</styleUrl>
		<LineString>
			<tessellate>1</tessellate>
			<altitudeMode>absolute</altitudeMode>
			<coordinates>
				0,0,0 0,0,0 
			</coordinates>
		</LineString>
	</Placemark>
	<Placemark>
		<styleUrl>#style_10799</styleUrl>
		<LineString>
			<tessellate>1</tessellate>
			<altitudeMode>absolute</altitudeMode>
			<coordinates>
				0,0,0 0,0,0 
			</coordinates>
		</LineString>
	</Placemark>
	<Placemark>
		<styleUrl>#style_10800</styleUrl>
		<LineString>
			<tessellate>1</tessellate>
			<altitudeMode>absolute</altitudeMode>
			<coordinates>
				0,0,0 0,0,0 
			</coordinates>
		</LineString>
	</Placemark>
	<Placemark>
		<styleUrl>#style_10801</styleUrl>
		<LineString>
			<tessellate>1</tessellate>
			<altitudeMode>absolute</altitudeMode>
			<coordinates>
				0,0,0 0,0,0 
			</coordinates>
		</LineString>
	</Placemark>
	<Placemark>
		<styleUrl>#style_10802</styleUrl>
		<LineString>
			<tessellate>1</tessellate>
			<altitudeMode>absolute</altitudeMode>
			<coordinates>
				0,0,0 0,0,0 
			</coordinates>
		</LineString>
	</Placemark>
	<Placemark>
		<styleUrl>#style_10803</styleUrl>
		<LineString>
			<tessellate>1</tessellate>
			<altitudeMode>absolute</altitudeMode>
			<coordinates>
				0,0,0 0,0,0 
			</coordinates>
		</LineString>
	</Placemark>
	<Placemark>
		<styleUrl>#style_10804</styleUrl>
		<LineString>
			<tessellate>1</tessellate>
			<altitudeMode>absolute</altitudeMode>
			<coordinates>
				0,0,0 0,0,0 
			</coordinates>
		</LineString>
	</Placemark>
	<Placemark>
		<styleUrl>#style_10805</styleUrl>
		<LineString>
			<tessellate>1</tessellate>
			<altitudeMode>absolute</altitudeMode>
			<coordinates>
				0,0,0 0,0,0 
			</coordinates>
		</LineString>
	</Placemark>
	<Placemark>
		<styleUrl>#style_10806</styleUrl>
		<LineString>
			<tessellate>1</tessellate>
			<altitudeMode>absolute</altitudeMode>
			<coordinates>
				0,0,0 0,0,0 
			</coordinates>
		</LineString>
	</Placemark>
	<Placemark>
		<styleUrl>#style_10807</styleUrl>
		<LineString>
			<tessellate>1</tessellate>
			<altitudeMode>absolute</altitudeMode>
			<coordinates>
				0,0,0 0,0,0 
			</coordinates>
		</LineString>
	</Placemark>
	<Placemark>
		<styleUrl>#style_10808</styleUrl>
		<LineString>
			<tessellate>1</tessellate>
			<altitudeMode>absolute</altitudeMode>
			<coordinates>
				0,0,0 0,0,0 
			</coordinates>
		</LineString>
	</Placemark>
	<Placemark>
		<styleUrl>#style_10809</styleUrl>
		<LineString>
			<tessellate>1</tessellate>
			<altitudeMode>absolute</altitudeMode>
			<coordinates>
				0,0,0 0,0,0 
			</coordinates>
		</LineString>
	</Placemark>
	<Placemark>
		<styleUrl>#style_10810</styleUrl>
		<LineString>
			<tessellate>1</tessellate>
			<altitudeMode>absolute</altitudeMode>
			<coordinates>
				0,0,0 0,0,0 
			</coordinates>
		</LineString>
	</Placemark>
	<Placemark>
		<styleUrl>#style_10811</styleUrl>
		<LineString>
			<tessellate>1</tessellate>
			<altitudeMode>absolute</altitudeMode>
			<coordinates>
				0,0,0 0,0,0 
			</coordinates>
		</LineString>
	</Placemark>
	<Placemark>
		<styleUrl>#style_10812</styleUrl>
		<LineString>
			<tessellate>1</tessellate>
			<altitudeMode>absolute</altitudeMode>
			<coordinates>
				0,0,0 0,0,0 
			</coordinates>
		</LineString>
	</Placemark>
	<Placemark>
		<styleUrl>#style_10813</styleUrl>
		<LineString>
			<tessellate>1</tessellate>
			<altitudeMode>absolute</altitudeMode>
			<coordinates>
				0,0,0 0,0,0 
			</coordinates>
		</LineString>
	</Placemark>
	<Placemark>
		<styleUrl>#style_10814</styleUrl>
		<LineString>
			<tessellate>1</tessellate>
			<altitudeMode>absolute</altitudeMode>
			<coordinates>
				0,0,0 0,0,0 
			</coordinates>
		</LineString>
	</Placemark>
	<Placemark>
		<styleUrl>#style_10815</styleUrl>
		<LineString>
			<tessellate>1</tessellate>
			<altitudeMode>absolute</altitudeMode>
			<coordinates>
				0,0,0 0,0,0 
			</coordinates>
		</LineString>
	</Placemark>
	<Placemark>
		<styleUrl>#style_10816</styleUrl>
		<LineString>
			<tessellate>1</tessellate>
			<altitudeMode>absolute</altitudeMode>
			<coordinates>
				0,0,0 0,0,0 
			</coordinates>
		</LineString>
	</Placemark>
	<Placemark>
		<styleUrl>#style_10817</styleUrl>
		<LineString>
			<tessellate>1</tessellate>
			<altitudeMode>absolute</altitudeMode>
			<coordinates>
				0,0,0 0,0,0 
			</coordinates>
		</LineString>
	</Placemark>
	<Placemark>
		<styleUrl>#style_10818</styleUrl>
		<LineString>
			<tessellate>1</tessellate>
			<altitudeMode>absolute</altitudeMode>
			<coordinates>
				0,0,0 0,0,0 
			</coordinates>
		</LineString>
	</Placemark>
	<Placemark>
		<styleUrl>#style_10819</styleUrl>
		<LineString>
			<tessellate>1</tessellate>
			<altitudeMode>absolute</altitudeMode>
			<coordinates>
				0,0,0 0,0,0 
			</coordinates>
		</LineString>
	</Placemark>
	<Placemark>
		<styleUrl>#style_10820</styleUrl>
		<LineString>
			<tessellate>1</tessellate>
			<altitudeMode>absolute</altitudeMode>
			<coordinates>
				0,0,0 0,0,0 
			</coordinates>
		</LineString>
	</Placemark>
	<Placemark>
		<styleUrl>#style_10821</styleUrl>
		<LineString>
			<tessellate>1</tessellate>
			<altitudeMode>absolute</altitudeMode>
			<coordinates>
				0,0,0 0,0,0 
			</coordinates>
		</LineString>
	</Placemark>
	<Placemark>
		<styleUrl>#style_10822</styleUrl>
		<LineString>
			<tessellate>1</tessellate>
			<altitudeMode>absolute</altitudeMode>
			<coordinates>
				0,0,0 0,0,0 
			</coordinates>
		</LineString>
	</Placemark>
	<Placemark>
		<styleUrl>#style_10823</styleUrl>
		<LineString>
			<tessellate>1</tessellate>
			<altitudeMode>absolute</altitudeMode>
			<coordinates>
				0,0,0 0,0,0 
			</coordinates>
		</LineString>
	</Placemark>
	<Placemark>
		<styleUrl>#style_10824</styleUrl>
		<LineString>
			<tessellate>1</tessellate>
			<altitudeMode>absolute</altitudeMode>
			<coordinates>
				0,0,0 0,0,0 
			</coordinates>
		</LineString>
	</Placemark>
	<Placemark>
		<styleUrl>#style_10825</styleUrl>
		<LineString>
			<tessellate>1</tessellate>
			<altitudeMode>absolute</altitudeMode>
			<coordinates>
				0,0,0 0,0,0 
			</coordinates>
		</LineString>
	</Placemark>
	<Placemark>
		<styleUrl>#style_10826</styleUrl>
		<LineString>
			<tessellate>1</tessellate>
			<altitudeMode>absolute</altitudeMode>
			<coordinates>
				0,0,0 0,0,0 
			</coordinates>
		</LineString>
	</Placemark>
	<Placemark>
		<styleUrl>#style_10827</styleUrl>
		<LineString>
			<tessellate>1</tessellate>
			<altitudeMode>absolute</altitudeMode>
			<coordinates>
				0,0,0 0,0,0 
			</coordinates>
		</LineString>
	</Placemark>
	<Placemark>
		<styleUrl>#style_10828</styleUrl>
		<LineString>
			<tessellate>1</tessellate>
			<altitudeMode>absolute</altitudeMode>
			<coordinates>
				0,0,0 0,0,0 
			</coordinates>
		</LineString>
	</Placemark>
	<Placemark>
		<styleUrl>#style_10829</styleUrl>
		<LineString>
			<tessellate>1</tessellate>
			<altitudeMode>absolute</altitudeMode>
			<coordinates>
				0,0,0 0,0,0 
			</coordinates>
		</LineString>
	</Placemark>
	<Placemark>
		<styleUrl>#style_10830</styleUrl>
		<LineString>
			<tessellate>1</tessellate>
			<altitudeMode>absolute</altitudeMode>
			<coordinates>
				0,0,0 0,0,0 
			</coordinates>
		</LineString>
	</Placemark>
	<Placemark>
		<styleUrl>#style_10831</styleUrl>
		<LineString>
			<tessellate>1</tessellate>
			<altitudeMode>absolute</altitudeMode>
			<coordinates>
				0,0,0 0,0,0 
			</coordinates>
		</LineString>
	</Placemark>
	<Placemark>
		<styleUrl>#style_10832</styleUrl>
		<LineString>
			<tessellate>1</tessellate>
			<altitudeMode>absolute</altitudeMode>
			<coordinates>
				0,0,0 0,0,0 
			</coordinates>
		</LineString>
	</Placemark>
	<Placemark>
		<styleUrl>#style_10833</styleUrl>
		<LineString>
			<tessellate>1</tessellate>
			<altitudeMode>absolute</altitudeMode>
			<coordinates>
				0,0,0 0,0,0 
			</coordinates>
		</LineString>
	</Placemark>
	<Placemark>
		<styleUrl>#style_10834</styleUrl>
		<LineString>
			<tessellate>1</tessellate>
			<altitudeMode>absolute</altitudeMode>
			<coordinates>
				0,0,0 0,0,0 
			</coordinates>
		</LineString>
	</Placemark>
	<Placemark>
		<styleUrl>#style_10835</styleUrl>
		<LineString>
			<tessellate>1</tessellate>
			<altitudeMode>absolute</altitudeMode>
			<coordinates>
				0,0,0 0,0,0 
			</coordinates>
		</LineString>
	</Placemark>
	<Placemark>
		<styleUrl>#style_10836</styleUrl>
		<LineString>
			<tessellate>1</tessellate>
			<altitudeMode>absolute</altitudeMode>
			<coordinates>
				0,0,0 0,0,0 
			</coordinates>
		</LineString>
	</Placemark>
	<Placemark>
		<styleUrl>#style_10837</styleUrl>
		<LineString>
			<tessellate>1</tessellate>
			<altitudeMode>absolute</altitudeMode>
			<coordinates>
				0,0,0 0,0,0 
			</coordinates>
		</LineString>
	</Placemark>
	<Placemark>
		<styleUrl>#style_10838</styleUrl>
		<LineString>
			<tessellate>1</tessellate>
			<altitudeMode>absolute</altitudeMode>
			<coordinates>
				0,0,0 0,0,0 
			</coordinates>
		</LineString>
	</Placemark>
	<Placemark>
		<styleUrl>#style_10839</styleUrl>
		<LineString>
			<tessellate>1</tessellate>
			<altitudeMode>absolute</altitudeMode>
			<coordinates>
				0,0,0 0,0,0 
			</coordinates>
		</LineString>
	</Placemark>
	<Placemark>
		<styleUrl>#style_10840</styleUrl>
		<LineString>
			<tessellate>1</tessellate>
			<altitudeMode>absolute</altitudeMode>
			<coordinates>
				0,0,0 0,0,0 
			</coordinates>
		</LineString>
	</Placemark>
	<Placemark>
		<styleUrl>#style_10841</styleUrl>
		<LineString>
			<tessellate>1</tessellate>
			<altitudeMode>absolute</altitudeMode>
			<coordinates>
				0,0,0 0,0,0 
			</coordinates>
		</LineString>
	</Placemark>
	<Placemark>
		<styleUrl>#style_10842</styleUrl>
		<LineString>
			<tessellate>1</tessellate>
			<altitudeMode>absolute</altitudeMode>
			<coordinates>
				0,0,0 0,0,0 
			</coordinates>
		</LineString>
	</Placemark>
	<Placemark>
		<styleUrl>#style_10843</styleUrl>
		<LineString>
			<tessellate>1</tessellate>
			<altitudeMode>absolute</altitudeMode>
			<coordinates>
				0,0,0 0,0,0 
			</coordinates>
		</LineString>
	</Placemark>
	<Placemark>
		<styleUrl>#style_10844</styleUrl>
		<LineString>
			<tessellate>1</tessellate>
			<altitudeMode>absolute</altitudeMode>
			<coordinates>
				0,0,0 0,0,0 
			</coordinates>
		</LineString>
	</Placemark>
	<Placemark>
		<styleUrl>#style_10845</styleUrl>
		<LineString>
			<tessellate>1</tessellate>
			<altitudeMode>absolute</altitudeMode>
			<coordinates>
				0,0,0 0,0,0 
			</coordinates>
		</LineString>
	</Placemark>
	<Placemark>
		<styleUrl>#style_10846</styleUrl>
		<LineString>
			<tessellate>1</tessellate>
			<altitudeMode>absolute</altitudeMode>
			<coordinates>
				0,0,0 0,0,0 
			</coordinates>
		</LineString>
	</Placemark>
	<Placemark>
		<styleUrl>#style_10847</styleUrl>
		<LineString>
			<tessellate>1</tessellate>
			<altitudeMode>absolute</altitudeMode>
			<coordinates>
				0,0,0 0,0,0 
			</coordinates>
		</LineString>
	</Placemark>
	<Placemark>
		<styleUrl>#style_10848</styleUrl>
		<LineString>
			<tessellate>1</tessellate>
			<altitudeMode>absolute</altitudeMode>
			<coordinates>
				0,0,0 0,0,0 
			</coordinates>
		</LineString>
	</Placemark>
	<Placemark>
		<styleUrl>#style_10849</styleUrl>
		<LineString>
			<tessellate>1</tessellate>
			<altitudeMode>absolute</altitudeMode>
			<coordinates>
				0,0,0 0,0,0 
			</coordinates>
		</LineString>
	</Placemark>
	<Placemark>
		<styleUrl>#style_10850</styleUrl>
		<LineString>
			<tessellate>1</tessellate>
			<altitudeMode>absolute</altitudeMode>
			<coordinates>
				0,0,0 0,0,0 
			</coordinates>
		</LineString>
	</Placemark>
	<Placemark>
		<styleUrl>#style_10851</styleUrl>
		<LineString>
			<tessellate>1</tessellate>
			<altitudeMode>absolute</altitudeMode>
			<coordinates>
				0,0,0 0,0,0 
			</coordinates>
		</LineString>
	</Placemark>
	<Placemark>
		<styleUrl>#style_10852</styleUrl>
		<LineString>
			<tessellate>1</tessellate>
			<altitudeMode>absolute</altitudeMode>
			<coordinates>
				0,0,0 0,0,0 
			</coordinates>
		</LineString>
	</Placemark>
	<Placemark>
		<styleUrl>#style_10853</styleUrl>
		<LineString>
			<tessellate>1</tessellate>
			<altitudeMode>absolute</altitudeMode>
			<coordinates>
				0,0,0 0,0,0 
			</coordinates>
		</LineString>
	</Placemark>
	<Placemark>
		<styleUrl>#style_10854</styleUrl>
		<LineString>
			<tessellate>1</tessellate>
			<altitudeMode>absolute</altitudeMode>
			<coordinates>
				0,0,0 0,0,0 
			</coordinates>
		</LineString>
	</Placemark>
	<Placemark>
		<styleUrl>#style_10855</styleUrl>
		<LineString>
			<tessellate>1</tessellate>
			<altitudeMode>absolute</altitudeMode>
			<coordinates>
				0,0,0 0,0,0 
			</coordinates>
		</LineString>
	</Placemark>
	<Placemark>
		<styleUrl>#style_10856</styleUrl>
		<LineString>
			<tessellate>1</tessellate>
			<altitudeMode>absolute</altitudeMode>
			<coordinates>
				0,0,0 0,0,0 
			</coordinates>
		</LineString>
	</Placemark>
	<Placemark>
		<styleUrl>#style_10857</styleUrl>
		<LineString>
			<tessellate>1</tessellate>
			<altitudeMode>absolute</altitudeMode>
			<coordinates>
				0,0,0 0,0,0 
			</coordinates>
		</LineString>
	</Placemark>
	<Placemark>
		<styleUrl>#style_10858</styleUrl>
		<LineString>
			<tessellate>1</tessellate>
			<altitudeMode>absolute</altitudeMode>
			<coordinates>
				0,0,0 0,0,0 
			</coordinates>
		</LineString>
	</Placemark>
	<Placemark>
		<styleUrl>#style_10859</styleUrl>
		<LineString>
			<tessellate>1</tessellate>
			<altitudeMode>absolute</altitudeMode>
			<coordinates>
				0,0,0 0,0,0 
			</coordinates>
		</LineString>
	</Placemark>
	<Placemark>
		<styleUrl>#style_10860</styleUrl>
		<LineString>
			<tessellate>1</tessellate>
			<altitudeMode>absolute</altitudeMode>
			<coordinates>
				0,0,0 0,0,0 
			</coordinates>
		</LineString>
	</Placemark>
	<Placemark>
		<styleUrl>#style_10861</styleUrl>
		<LineString>
			<tessellate>1</tessellate>
			<altitudeMode>absolute</altitudeMode>
			<coordinates>
				0,0,0 0,0,0 
			</coordinates>
		</LineString>
	</Placemark>
	<Placemark>
		<styleUrl>#style_10862</styleUrl>
		<LineString>
			<tessellate>1</tessellate>
			<altitudeMode>absolute</altitudeMode>
			<coordinates>
				0,0,0 0,0,0 
			</coordinates>
		</LineString>
	</Placemark>
	<Placemark>
		<styleUrl>#style_10863</styleUrl>
		<LineString>
			<tessellate>1</tessellate>
			<altitudeMode>absolute</altitudeMode>
			<coordinates>
				0,0,0 0,0,0 
			</coordinates>
		</LineString>
	</Placemark>
	<Placemark>
		<styleUrl>#style_10864</styleUrl>
		<LineString>
			<tessellate>1</tessellate>
			<altitudeMode>absolute</altitudeMode>
			<coordinates>
				0,0,0 0,0,0 
			</coordinates>
		</LineString>
	</Placemark>
	<Placemark>
		<styleUrl>#style_10865</styleUrl>
		<LineString>
			<tessellate>1</tessellate>
			<altitudeMode>absolute</altitudeMode>
			<coordinates>
				0,0,0 0,0,0 
			</coordinates>
		</LineString>
	</Placemark>
	<Placemark>
		<styleUrl>#style_10866</styleUrl>
		<LineString>
			<tessellate>1</tessellate>
			<altitudeMode>absolute</altitudeMode>
			<coordinates>
				0,0,0 0,0,0 
			</coordinates>
		</LineString>
	</Placemark>
	<Placemark>
		<styleUrl>#style_10867</styleUrl>
		<LineString>
			<tessellate>1</tessellate>
			<altitudeMode>absolute</altitudeMode>
			<coordinates>
				0,0,0 0,0,0 
			</coordinates>
		</LineString>
	</Placemark>
	<Placemark>
		<styleUrl>#style_10868</styleUrl>
		<LineString>
			<tessellate>1</tessellate>
			<altitudeMode>absolute</altitudeMode>
			<coordinates>
				0,0,0 0,0,0 
			</coordinates>
		</LineString>
	</Placemark>
	<Placemark>
		<styleUrl>#style_10869</styleUrl>
		<LineString>
			<tessellate>1</tessellate>
			<altitudeMode>absolute</altitudeMode>
			<coordinates>
				0,0,0 0,0,0 
			</coordinates>
		</LineString>
	</Placemark>
	<Placemark>
		<styleUrl>#style_10870</styleUrl>
		<LineString>
			<tessellate>1</tessellate>
			<altitudeMode>absolute</altitudeMode>
			<coordinates>
				0,0,0 0,0,0 
			</coordinates>
		</LineString>
	</Placemark>
	<Placemark>
		<styleUrl>#style_10871</styleUrl>
		<LineString>
			<tessellate>1</tessellate>
			<altitudeMode>absolute</altitudeMode>
			<coordinates>
				0,0,0 0,0,0 
			</coordinates>
		</LineString>
	</Placemark>
	<Placemark>
		<styleUrl>#style_10872</styleUrl>
		<LineString>
			<tessellate>1</tessellate>
			<altitudeMode>absolute</altitudeMode>
			<coordinates>
				0,0,0 0,0,0 
			</coordinates>
		</LineString>
	</Placemark>
	<Placemark>
		<styleUrl>#style_10873</styleUrl>
		<LineString>
			<tessellate>1</tessellate>
			<altitudeMode>absolute</altitudeMode>
			<coordinates>
				0,0,0 0,0,0 
			</coordinates>
		</LineString>
	</Placemark>
	<Placemark>
		<styleUrl>#style_10874</styleUrl>
		<LineString>
			<tessellate>1</tessellate>
			<altitudeMode>absolute</altitudeMode>
			<coordinates>
				0,0,0 0,0,0 
			</coordinates>
		</LineString>
	</Placemark>
	<Placemark>
		<styleUrl>#style_10875</styleUrl>
		<LineString>
			<tessellate>1</tessellate>
			<altitudeMode>absolute</altitudeMode>
			<coordinates>
				0,0,0 0,0,0 
			</coordinates>
		</LineString>
	</Placemark>
	<Placemark>
		<styleUrl>#style_10876</styleUrl>
		<LineString>
			<tessellate>1</tessellate>
			<altitudeMode>absolute</altitudeMode>
			<coordinates>
				0,0,0 0,0,0 
			</coordinates>
		</LineString>
	</Placemark>
	<Placemark>
		<styleUrl>#style_10877</styleUrl>
		<LineString>
			<tessellate>1</tessellate>
			<altitudeMode>absolute</altitudeMode>
			<coordinates>
				0,0,0 0,0,0 
			</coordinates>
		</LineString>
	</Placemark>
	<Placemark>
		<styleUrl>#style_10878</styleUrl>
		<LineString>
			<tessellate>1</tessellate>
			<altitudeMode>absolute</altitudeMode>
			<coordinates>
				0,0,0 0,0,0 
			</coordinates>
		</LineString>
	</Placemark>
	<Placemark>
		<styleUrl>#style_10879</styleUrl>
		<LineString>
			<tessellate>1</tessellate>
			<altitudeMode>absolute</altitudeMode>
			<coordinates>
				0,0,0 0,0,0 
			</coordinates>
		</LineString>
	</Placemark>
	<Placemark>
		<styleUrl>#style_10880</styleUrl>
		<LineString>
			<tessellate>1</tessellate>
			<altitudeMode>absolute</altitudeMode>
			<coordinates>
				0,0,0 0,0,0 
			</coordinates>
		</LineString>
	</Placemark>
	<Placemark>
		<styleUrl>#style_10881</styleUrl>
		<LineString>
			<tessellate>1</tessellate>
			<altitudeMode>absolute</altitudeMode>
			<coordinates>
				0,0,0 0,0,0 
			</coordinates>
		</LineString>
	</Placemark>
	<Placemark>
		<styleUrl>#style_10882</styleUrl>
		<LineString>
			<tessellate>1</tessellate>
			<altitudeMode>absolute</altitudeMode>
			<coordinates>
				0,0,0 0,0,0 
			</coordinates>
		</LineString>
	</Placemark>
	<Placemark>
		<styleUrl>#style_10883</styleUrl>
		<LineString>
			<tessellate>1</tessellate>
			<altitudeMode>absolute</altitudeMode>
			<coordinates>
				0,0,0 0,0,0 
			</coordinates>
		</LineString>
	</Placemark>
	<Placemark>
		<styleUrl>#style_10884</styleUrl>
		<LineString>
			<tessellate>1</tessellate>
			<altitudeMode>absolute</altitudeMode>
			<coordinates>
				0,0,0 0,0,0 
			</coordinates>
		</LineString>
	</Placemark>
	<Placemark>
		<styleUrl>#style_10885</styleUrl>
		<LineString>
			<tessellate>1</tessellate>
			<altitudeMode>absolute</altitudeMode>
			<coordinates>
				0,0,0 0,0,0 
			</coordinates>
		</LineString>
	</Placemark>
	<Placemark>
		<styleUrl>#style_10886</styleUrl>
		<LineString>
			<tessellate>1</tessellate>
			<altitudeMode>absolute</altitudeMode>
			<coordinates>
				0,0,0 0,0,0 
			</coordinates>
		</LineString>
	</Placemark>
	<Placemark>
		<styleUrl>#style_10887</styleUrl>
		<LineString>
			<tessellate>1</tessellate>
			<altitudeMode>absolute</altitudeMode>
			<coordinates>
				0,0,0 0,0,0 
			</coordinates>
		</LineString>
	</Placemark>
	<Placemark>
		<styleUrl>#style_10888</styleUrl>
		<LineString>
			<tessellate>1</tessellate>
			<altitudeMode>absolute</altitudeMode>
			<coordinates>
				0,0,0 0,0,0 
			</coordinates>
		</LineString>
	</Placemark>
	<Placemark>
		<styleUrl>#style_10889</styleUrl>
		<LineString>
			<tessellate>1</tessellate>
			<altitudeMode>absolute</altitudeMode>
			<coordinates>
				0,0,0 0,0,0 
			</coordinates>
		</LineString>
	</Placemark>
	<Placemark>
		<styleUrl>#style_10890</styleUrl>
		<LineString>
			<tessellate>1</tessellate>
			<altitudeMode>absolute</altitudeMode>
			<coordinates>
				0,0,0 0,0,0 
			</coordinates>
		</LineString>
	</Placemark>
	<Placemark>
		<styleUrl>#style_10891</styleUrl>
		<LineString>
			<tessellate>1</tessellate>
			<altitudeMode>absolute</altitudeMode>
			<coordinates>
				0,0,0 0,0,0 
			</coordinates>
		</LineString>
	</Placemark>
	<Placemark>
		<styleUrl>#style_10892</styleUrl>
		<LineString>
			<tessellate>1</tessellate>
			<altitudeMode>absolute</altitudeMode>
			<coordinates>
				0,0,0 0,0,0 
			</coordinates>
		</LineString>
	</Placemark>
	<Placemark>
		<styleUrl>#style_10893</styleUrl>
		<LineString>
			<tessellate>1</tessellate>
			<altitudeMode>absolute</altitudeMode>
			<coordinates>
				0,0,0 0,0,0 
			</coordinates>
		</LineString>
	</Placemark>
	<Placemark>
		<styleUrl>#style_10894</styleUrl>
		<LineString>
			<tessellate>1</tessellate>
			<altitudeMode>absolute</altitudeMode>
			<coordinates>
				0,0,0 0,0,0 
			</coordinates>
		</LineString>
	</Placemark>
	<Placemark>
		<styleUrl>#style_10895</styleUrl>
		<LineString>
			<tessellate>1</tessellate>
			<altitudeMode>absolute</altitudeMode>
			<coordinates>
				0,0,0 0,0,0 
			</coordinates>
		</LineString>
	</Placemark>
	<Placemark>
		<styleUrl>#style_10896</styleUrl>
		<LineString>
			<tessellate>1</tessellate>
			<altitudeMode>absolute</altitudeMode>
			<coordinates>
				0,0,0 0,0,0 
			</coordinates>
		</LineString>
	</Placemark>
	<Placemark>
		<styleUrl>#style_10897</styleUrl>
		<LineString>
			<tessellate>1</tessellate>
			<altitudeMode>absolute</altitudeMode>
			<coordinates>
				0,0,0 0,0,0 
			</coordinates>
		</LineString>
	</Placemark>
	<Placemark>
		<styleUrl>#style_10898</styleUrl>
		<LineString>
			<tessellate>1</tessellate>
			<altitudeMode>absolute</altitudeMode>
			<coordinates>
				0,0,0 0,0,0 
			</coordinates>
		</LineString>
	</Placemark>
	<Placemark>
		<styleUrl>#style_10899</styleUrl>
		<LineString>
			<tessellate>1</tessellate>
			<altitudeMode>absolute</altitudeMode>
			<coordinates>
				0,0,0 0,0,0 
			</coordinates>
		</LineString>
	</Placemark>
	<Placemark>
		<styleUrl>#style_10900</styleUrl>
		<LineString>
			<tessellate>1</tessellate>
			<altitudeMode>absolute</altitudeMode>
			<coordinates>
				0,0,0 0,0,0 
			</coordinates>
		</LineString>
	</Placemark>
	<Placemark>
		<styleUrl>#style_10901</styleUrl>
		<LineString>
			<tessellate>1</tessellate>
			<altitudeMode>absolute</altitudeMode>
			<coordinates>
				0,0,0 0,0,0 
			</coordinates>
		</LineString>
	</Placemark>
	<Placemark>
		<styleUrl>#style_10902</styleUrl>
		<LineString>
			<tessellate>1</tessellate>
			<altitudeMode>absolute</altitudeMode>
			<coordinates>
				0,0,0 0,0,0 
			</coordinates>
		</LineString>
	</Placemark>
	<Placemark>
		<styleUrl>#style_10903</styleUrl>
		<LineString>
			<tessellate>1</tessellate>
			<altitudeMode>absolute</altitudeMode>
			<coordinates>
				0,0,0 0,0,0 
			</coordinates>
		</LineString>
	</Placemark>
	<Placemark>
		<styleUrl>#style_10904</styleUrl>
		<LineString>
			<tessellate>1</tessellate>
			<altitudeMode>absolute</altitudeMode>
			<coordinates>
				0,0,0 0,0,0 
			</coordinates>
		</LineString>
	</Placemark>
	<Placemark>
		<styleUrl>#style_10905</styleUrl>
		<LineString>
			<tessellate>1</tessellate>
			<altitudeMode>absolute</altitudeMode>
			<coordinates>
				0,0,0 0,0,0 
			</coordinates>
		</LineString>
	</Placemark>
	<Placemark>
		<styleUrl>#style_10906</styleUrl>
		<LineString>
			<tessellate>1</tessellate>
			<altitudeMode>absolute</altitudeMode>
			<coordinates>
				0,0,0 0,0,0 
			</coordinates>
		</LineString>
	</Placemark>
	<Placemark>
		<styleUrl>#style_10907</styleUrl>
		<LineString>
			<tessellate>1</tessellate>
			<altitudeMode>absolute</altitudeMode>
			<coordinates>
				0,0,0 0,0,0 
			</coordinates>
		</LineString>
	</Placemark>
	<Placemark>
		<styleUrl>#style_10908</styleUrl>
		<LineString>
			<tessellate>1</tessellate>
			<altitudeMode>absolute</altitudeMode>
			<coordinates>
				0,0,0 0,0,0 
			</coordinates>
		</LineString>
	</Placemark>
	<Placemark>
		<styleUrl>#style_10909</styleUrl>
		<LineString>
			<tessellate>1</tessellate>
			<altitudeMode>absolute</altitudeMode>
			<coordinates>
				0,0,0 0,0,0 
			</coordinates>
		</LineString>
	</Placemark>
	<Placemark>
		<styleUrl>#style_10910</styleUrl>
		<LineString>
			<tessellate>1</tessellate>
			<altitudeMode>absolute</altitudeMode>
			<coordinates>
				0,0,0 0,0,0 
			</coordinates>
		</LineString>
	</Placemark>
	<Placemark>
		<styleUrl>#style_10911</styleUrl>
		<LineString>
			<tessellate>1</tessellate>
			<altitudeMode>absolute</altitudeMode>
			<coordinates>
				0,0,0 0,0,0 
			</coordinates>
		</LineString>
	</Placemark>
	<Placemark>
		<styleUrl>#style_10912</styleUrl>
		<LineString>
			<tessellate>1</tessellate>
			<altitudeMode>absolute</altitudeMode>
			<coordinates>
				0,0,0 0,0,0 
			</coordinates>
		</LineString>
	</Placemark>
	<Placemark>
		<styleUrl>#style_10913</styleUrl>
		<LineString>
			<tessellate>1</tessellate>
			<altitudeMode>absolute</altitudeMode>
			<coordinates>
				0,0,0 0,0,0 
			</coordinates>
		</LineString>
	</Placemark>
	<Placemark>
		<styleUrl>#style_10914</styleUrl>
		<LineString>
			<tessellate>1</tessellate>
			<altitudeMode>absolute</altitudeMode>
			<coordinates>
				0,0,0 0,0,0 
			</coordinates>
		</LineString>
	</Placemark>
	<Placemark>
		<styleUrl>#style_10915</styleUrl>
		<LineString>
			<tessellate>1</tessellate>
			<altitudeMode>absolute</altitudeMode>
			<coordinates>
				0,0,0 0,0,0 
			</coordinates>
		</LineString>
	</Placemark>
	<Placemark>
		<styleUrl>#style_10916</styleUrl>
		<LineString>
			<tessellate>1</tessellate>
			<altitudeMode>absolute</altitudeMode>
			<coordinates>
				0,0,0 0,0,0 
			</coordinates>
		</LineString>
	</Placemark>
	<Placemark>
		<styleUrl>#style_10917</styleUrl>
		<LineString>
			<tessellate>1</tessellate>
			<altitudeMode>absolute</altitudeMode>
			<coordinates>
				0,0,0 0,0,0 
			</coordinates>
		</LineString>
	</Placemark>
	<Placemark>
		<styleUrl>#style_10918</styleUrl>
		<LineString>
			<tessellate>1</tessellate>
			<altitudeMode>absolute</altitudeMode>
			<coordinates>
				0,0,0 0,0,0 
			</coordinates>
		</LineString>
	</Placemark>
	<Placemark>
		<styleUrl>#style_10919</styleUrl>
		<LineString>
			<tessellate>1</tessellate>
			<altitudeMode>absolute</altitudeMode>
			<coordinates>
				0,0,0 0,0,0 
			</coordinates>
		</LineString>
	</Placemark>
	<Placemark>
		<styleUrl>#style_10920</styleUrl>
		<LineString>
			<tessellate>1</tessellate>
			<altitudeMode>absolute</altitudeMode>
			<coordinates>
				0,0,0 0,0,0 
			</coordinates>
		</LineString>
	</Placemark>
	<Placemark>
		<styleUrl>#style_10921</styleUrl>
		<LineString>
			<tessellate>1</tessellate>
			<altitudeMode>absolute</altitudeMode>
			<coordinates>
				0,0,0 0,0,0 
			</coordinates>
		</LineString>
	</Placemark>
	<Placemark>
		<styleUrl>#style_10922</styleUrl>
		<LineString>
			<tessellate>1</tessellate>
			<altitudeMode>absolute</altitudeMode>
			<coordinates>
				0,0,0 0,0,0 
			</coordinates>
		</LineString>
	</Placemark>
	<Placemark>
		<styleUrl>#style_10923</styleUrl>
		<LineString>
			<tessellate>1</tessellate>
			<altitudeMode>absolute</altitudeMode>
			<coordinates>
				0,0,0 0,0,0 
			</coordinates>
		</LineString>
	</Placemark>
	<Placemark>
		<styleUrl>#style_10924</styleUrl>
		<LineString>
			<tessellate>1</tessellate>
			<altitudeMode>absolute</altitudeMode>
			<coordinates>
				0,0,0 0,0,0 
			</coordinates>
		</LineString>
	</Placemark>
	<Placemark>
		<styleUrl>#style_10925</styleUrl>
		<LineString>
			<tessellate>1</tessellate>
			<altitudeMode>absolute</altitudeMode>
			<coordinates>
				0,0,0 0,0,0 
			</coordinates>
		</LineString>
	</Placemark>
	<Placemark>
		<styleUrl>#style_10926</styleUrl>
		<LineString>
			<tessellate>1</tessellate>
			<altitudeMode>absolute</altitudeMode>
			<coordinates>
				0,0,0 0,0,0 
			</coordinates>
		</LineString>
	</Placemark>
	<Placemark>
		<styleUrl>#style_10927</styleUrl>
		<LineString>
			<tessellate>1</tessellate>
			<altitudeMode>absolute</altitudeMode>
			<coordinates>
				0,0,0 0,0,0 
			</coordinates>
		</LineString>
	</Placemark>
	<Placemark>
		<styleUrl>#style_10928</styleUrl>
		<LineString>
			<tessellate>1</tessellate>
			<altitudeMode>absolute</altitudeMode>
			<coordinates>
				0,0,0 0,0,0 
			</coordinates>
		</LineString>
	</Placemark>
	<Placemark>
		<styleUrl>#style_10929</styleUrl>
		<LineString>
			<tessellate>1</tessellate>
			<altitudeMode>absolute</altitudeMode>
			<coordinates>
				0,0,0 0,0,0 
			</coordinates>
		</LineString>
	</Placemark>
	<Placemark>
		<styleUrl>#style_10930</styleUrl>
		<LineString>
			<tessellate>1</tessellate>
			<altitudeMode>absolute</altitudeMode>
			<coordinates>
				0,0,0 0,0,0 
			</coordinates>
		</LineString>
	</Placemark>
	<Placemark>
		<styleUrl>#style_10931</styleUrl>
		<LineString>
			<tessellate>1</tessellate>
			<altitudeMode>absolute</altitudeMode>
			<coordinates>
				0,0,0 0,0,0 
			</coordinates>
		</LineString>
	</Placemark>
	<Placemark>
		<styleUrl>#style_10932</styleUrl>
		<LineString>
			<tessellate>1</tessellate>
			<altitudeMode>absolute</altitudeMode>
			<coordinates>
				0,0,0 0,0,0 
			</coordinates>
		</LineString>
	</Placemark>
	<Placemark>
		<styleUrl>#style_10933</styleUrl>
		<LineString>
			<tessellate>1</tessellate>
			<altitudeMode>absolute</altitudeMode>
			<coordinates>
				0,0,0 0,0,0 
			</coordinates>
		</LineString>
	</Placemark>
	<Placemark>
		<styleUrl>#style_10934</styleUrl>
		<LineString>
			<tessellate>1</tessellate>
			<altitudeMode>absolute</altitudeMode>
			<coordinates>
				0,0,0 0,0,0 
			</coordinates>
		</LineString>
	</Placemark>
	<Placemark>
		<styleUrl>#style_10935</styleUrl>
		<LineString>
			<tessellate>1</tessellate>
			<altitudeMode>absolute</altitudeMode>
			<coordinates>
				0,0,0 0,0,0 
			</coordinates>
		</LineString>
	</Placemark>
	<Placemark>
		<styleUrl>#style_10936</styleUrl>
		<LineString>
			<tessellate>1</tessellate>
			<altitudeMode>absolute</altitudeMode>
			<coordinates>
				0,0,0 0,0,0 
			</coordinates>
		</LineString>
	</Placemark>
	<Placemark>
		<styleUrl>#style_10937</styleUrl>
		<LineString>
			<tessellate>1</tessellate>
			<altitudeMode>absolute</altitudeMode>
			<coordinates>
				0,0,0 0,0,0 
			</coordinates>
		</LineString>
	</Placemark>
	<Placemark>
		<styleUrl>#style_10938</styleUrl>
		<LineString>
			<tessellate>1</tessellate>
			<altitudeMode>absolute</altitudeMode>
			<coordinates>
				0,0,0 0,0,0 
			</coordinates>
		</LineString>
	</Placemark>
	<Placemark>
		<styleUrl>#style_10939</styleUrl>
		<LineString>
			<tessellate>1</tessellate>
			<altitudeMode>absolute</altitudeMode>
			<coordinates>
				0,0,0 0,0,0 
			</coordinates>
		</LineString>
	</Placemark>
	<Placemark>
		<styleUrl>#style_10940</styleUrl>
		<LineString>
			<tessellate>1</tessellate>
			<altitudeMode>absolute</altitudeMode>
			<coordinates>
				0,0,0 0,0,0 
			</coordinates>
		</LineString>
	</Placemark>
	<Placemark>
		<styleUrl>#style_10941</styleUrl>
		<LineString>
			<tessellate>1</tessellate>
			<altitudeMode>absolute</altitudeMode>
			<coordinates>
				0,0,0 0,0,0 
			</coordinates>
		</LineString>
	</Placemark>
	<Placemark>
		<styleUrl>#style_10942</styleUrl>
		<LineString>
			<tessellate>1</tessellate>
			<altitudeMode>absolute</altitudeMode>
			<coordinates>
				0,0,0 0,0,0 
			</coordinates>
		</LineString>
	</Placemark>
	<Placemark>
		<styleUrl>#style_10943</styleUrl>
		<LineString>
			<tessellate>1</tessellate>
			<altitudeMode>absolute</altitudeMode>
			<coordinates>
				0,0,0 0,0,0 
			</coordinates>
		</LineString>
	</Placemark>
	<Placemark>
		<styleUrl>#style_10944</styleUrl>
		<LineString>
			<tessellate>1</tessellate>
			<altitudeMode>absolute</altitudeMode>
			<coordinates>
				0,0,0 0,0,0 
			</coordinates>
		</LineString>
	</Placemark>
	<Placemark>
		<styleUrl>#style_10945</styleUrl>
		<LineString>
			<tessellate>1</tessellate>
			<altitudeMode>absolute</altitudeMode>
			<coordinates>
				0,0,0 0,0,0 
			</coordinates>
		</LineString>
	</Placemark>
	<Placemark>
		<styleUrl>#style_10946</styleUrl>
		<LineString>
			<tessellate>1</tessellate>
			<altitudeMode>absolute</altitudeMode>
			<coordinates>
				0,0,0 0,0,0 
			</coordinates>
		</LineString>
	</Placemark>
	<Placemark>
		<styleUrl>#style_10947</styleUrl>
		<LineString>
			<tessellate>1</tessellate>
			<altitudeMode>absolute</altitudeMode>
			<coordinates>
				0,0,0 0,0,0 
			</coordinates>
		</LineString>
	</Placemark>
	<Placemark>
		<styleUrl>#style_10948</styleUrl>
		<LineString>
			<tessellate>1</tessellate>
			<altitudeMode>absolute</altitudeMode>
			<coordinates>
				0,0,0 0,0,0 
			</coordinates>
		</LineString>
	</Placemark>
	<Placemark>
		<styleUrl>#style_10949</styleUrl>
		<LineString>
			<tessellate>1</tessellate>
			<altitudeMode>absolute</altitudeMode>
			<coordinates>
				0,0,0 0,0,0 
			</coordinates>
		</LineString>
	</Placemark>
	<Placemark>
		<styleUrl>#style_10950</styleUrl>
		<LineString>
			<tessellate>1</tessellate>
			<altitudeMode>absolute</altitudeMode>
			<coordinates>
				0,0,0 0,0,0 
			</coordinates>
		</LineString>
	</Placemark>
	<Placemark>
		<styleUrl>#style_10951</styleUrl>
		<LineString>
			<tessellate>1</tessellate>
			<altitudeMode>absolute</altitudeMode>
			<coordinates>
				0,0,0 0,0,0 
			</coordinates>
		</LineString>
	</Placemark>
	<Placemark>
		<styleUrl>#style_10952</styleUrl>
		<LineString>
			<tessellate>1</tessellate>
			<altitudeMode>absolute</altitudeMode>
			<coordinates>
				0,0,0 0,0,0 
			</coordinates>
		</LineString>
	</Placemark>
	<Placemark>
		<styleUrl>#style_10953</styleUrl>
		<LineString>
			<tessellate>1</tessellate>
			<altitudeMode>absolute</altitudeMode>
			<coordinates>
				0,0,0 0,0,0 
			</coordinates>
		</LineString>
	</Placemark>
	<Placemark>
		<styleUrl>#style_10954</styleUrl>
		<LineString>
			<tessellate>1</tessellate>
			<altitudeMode>absolute</altitudeMode>
			<coordinates>
				0,0,0 0,0,0 
			</coordinates>
		</LineString>
	</Placemark>
	<Placemark>
		<styleUrl>#style_10955</styleUrl>
		<LineString>
			<tessellate>1</tessellate>
			<altitudeMode>absolute</altitudeMode>
			<coordinates>
				0,0,0 0,0,0 
			</coordinates>
		</LineString>
	</Placemark>
	<Placemark>
		<styleUrl>#style_10956</styleUrl>
		<LineString>
			<tessellate>1</tessellate>
			<altitudeMode>absolute</altitudeMode>
			<coordinates>
				0,0,0 0,0,0 
			</coordinates>
		</LineString>
	</Placemark>
	<Placemark>
		<styleUrl>#style_10957</styleUrl>
		<LineString>
			<tessellate>1</tessellate>
			<altitudeMode>absolute</altitudeMode>
			<coordinates>
				0,0,0 0,0,0 
			</coordinates>
		</LineString>
	</Placemark>
	<Placemark>
		<styleUrl>#style_10958</styleUrl>
		<LineString>
			<tessellate>1</tessellate>
			<altitudeMode>absolute</altitudeMode>
			<coordinates>
				0,0,0 0,0,0 
			</coordinates>
		</LineString>
	</Placemark>
	<Placemark>
		<styleUrl>#style_10959</styleUrl>
		<LineString>
			<tessellate>1</tessellate>
			<altitudeMode>absolute</altitudeMode>
			<coordinates>
				0,0,0 0,0,0 
			</coordinates>
		</LineString>
	</Placemark>
	<Placemark>
		<styleUrl>#style_10960</styleUrl>
		<LineString>
			<tessellate>1</tessellate>
			<altitudeMode>absolute</altitudeMode>
			<coordinates>
				0,0,0 0,0,0 
			</coordinates>
		</LineString>
	</Placemark>
	<Placemark>
		<styleUrl>#style_10961</styleUrl>
		<LineString>
			<tessellate>1</tessellate>
			<altitudeMode>absolute</altitudeMode>
			<coordinates>
				0,0,0 0,0,0 
			</coordinates>
		</LineString>
	</Placemark>
	<Placemark>
		<styleUrl>#style_10962</styleUrl>
		<LineString>
			<tessellate>1</tessellate>
			<altitudeMode>absolute</altitudeMode>
			<coordinates>
				0,0,0 0,0,0 
			</coordinates>
		</LineString>
	</Placemark>
	<Placemark>
		<styleUrl>#style_10963</styleUrl>
		<LineString>
			<tessellate>1</tessellate>
			<altitudeMode>absolute</altitudeMode>
			<coordinates>
				0,0,0 0,0,0 
			</coordinates>
		</LineString>
	</Placemark>
	<Placemark>
		<styleUrl>#style_10964</styleUrl>
		<LineString>
			<tessellate>1</tessellate>
			<altitudeMode>absolute</altitudeMode>
			<coordinates>
				0,0,0 0,0,0 
			</coordinates>
		</LineString>
	</Placemark>
	<Placemark>
		<styleUrl>#style_10965</styleUrl>
		<LineString>
			<tessellate>1</tessellate>
			<altitudeMode>absolute</altitudeMode>
			<coordinates>
				0,0,0 0,0,0 
			</coordinates>
		</LineString>
	</Placemark>
	<Placemark>
		<styleUrl>#style_10966</styleUrl>
		<LineString>
			<tessellate>1</tessellate>
			<altitudeMode>absolute</altitudeMode>
			<coordinates>
				0,0,0 0,0,0 
			</coordinates>
		</LineString>
	</Placemark>
	<Placemark>
		<styleUrl>#style_10967</styleUrl>
		<LineString>
			<tessellate>1</tessellate>
			<altitudeMode>absolute</altitudeMode>
			<coordinates>
				0,0,0 0,0,0 
			</coordinates>
		</LineString>
	</Placemark>
	<Placemark>
		<styleUrl>#style_10968</styleUrl>
		<LineString>
			<tessellate>1</tessellate>
			<altitudeMode>absolute</altitudeMode>
			<coordinates>
				0,0,0 0,0,0 
			</coordinates>
		</LineString>
	</Placemark>
	<Placemark>
		<styleUrl>#style_10969</styleUrl>
		<LineString>
			<tessellate>1</tessellate>
			<altitudeMode>absolute</altitudeMode>
			<coordinates>
				0,0,0 0,0,0 
			</coordinates>
		</LineString>
	</Placemark>
	<Placemark>
		<styleUrl>#style_10970</styleUrl>
		<LineString>
			<tessellate>1</tessellate>
			<altitudeMode>absolute</altitudeMode>
			<coordinates>
				0,0,0 0,0,0 
			</coordinates>
		</LineString>
	</Placemark>
	<Placemark>
		<styleUrl>#style_10971</styleUrl>
		<LineString>
			<tessellate>1</tessellate>
			<altitudeMode>absolute</altitudeMode>
			<coordinates>
				0,0,0 0,0,0 
			</coordinates>
		</LineString>
	</Placemark>
	<Placemark>
		<styleUrl>#style_10972</styleUrl>
		<LineString>
			<tessellate>1</tessellate>
			<altitudeMode>absolute</altitudeMode>
			<coordinates>
				0,0,0 0,0,0 
			</coordinates>
		</LineString>
	</Placemark>
	<Placemark>
		<styleUrl>#style_10973</styleUrl>
		<LineString>
			<tessellate>1</tessellate>
			<altitudeMode>absolute</altitudeMode>
			<coordinates>
				0,0,0 0,0,0 
			</coordinates>
		</LineString>
	</Placemark>
	<Placemark>
		<styleUrl>#style_10974</styleUrl>
		<LineString>
			<tessellate>1</tessellate>
			<altitudeMode>absolute</altitudeMode>
			<coordinates>
				0,0,0 0,0,0 
			</coordinates>
		</LineString>
	</Placemark>
	<Placemark>
		<styleUrl>#style_10975</styleUrl>
		<LineString>
			<tessellate>1</tessellate>
			<altitudeMode>absolute</altitudeMode>
			<coordinates>
				0,0,0 0,0,0 
			</coordinates>
		</LineString>
	</Placemark>
	<Placemark>
		<styleUrl>#style_10976</styleUrl>
		<LineString>
			<tessellate>1</tessellate>
			<altitudeMode>absolute</altitudeMode>
			<coordinates>
				0,0,0 0,0,0 
			</coordinates>
		</LineString>
	</Placemark>
	<Placemark>
		<styleUrl>#style_10977</styleUrl>
		<LineString>
			<tessellate>1</tessellate>
			<altitudeMode>absolute</altitudeMode>
			<coordinates>
				0,0,0 0,0,0 
			</coordinates>
		</LineString>
	</Placemark>
	<Placemark>
		<styleUrl>#style_10978</styleUrl>
		<LineString>
			<tessellate>1</tessellate>
			<altitudeMode>absolute</altitudeMode>
			<coordinates>
				0,0,0 0,0,0 
			</coordinates>
		</LineString>
	</Placemark>
	<Placemark>
		<styleUrl>#style_10979</styleUrl>
		<LineString>
			<tessellate>1</tessellate>
			<altitudeMode>absolute</altitudeMode>
			<coordinates>
				0,0,0 0,0,0 
			</coordinates>
		</LineString>
	</Placemark>
	<Placemark>
		<styleUrl>#style_10980</styleUrl>
		<LineString>
			<tessellate>1</tessellate>
			<altitudeMode>absolute</altitudeMode>
			<coordinates>
				0,0,0 0,0,0 
			</coordinates>
		</LineString>
	</Placemark>
	<Placemark>
		<styleUrl>#style_10981</styleUrl>
		<LineString>
			<tessellate>1</tessellate>
			<altitudeMode>absolute</altitudeMode>
			<coordinates>
				0,0,0 0,0,0 
			</coordinates>
		</LineString>
	</Placemark>
	<Placemark>
		<styleUrl>#style_10982</styleUrl>
		<LineString>
			<tessellate>1</tessellate>
			<altitudeMode>absolute</altitudeMode>
			<coordinates>
				0,0,0 0,0,0 
			</coordinates>
		</LineString>
	</Placemark>
	<Placemark>
		<styleUrl>#style_10983</styleUrl>
		<LineString>
			<tessellate>1</tessellate>
			<altitudeMode>absolute</altitudeMode>
			<coordinates>
				0,0,0 0,0,0 
			</coordinates>
		</LineString>
	</Placemark>
	<Placemark>
		<styleUrl>#style_10984</styleUrl>
		<LineString>
			<tessellate>1</tessellate>
			<altitudeMode>absolute</altitudeMode>
			<coordinates>
				0,0,0 0,0,0 
			</coordinates>
		</LineString>
	</Placemark>
	<Placemark>
		<styleUrl>#style_10985</styleUrl>
		<LineString>
			<tessellate>1</tessellate>
			<altitudeMode>absolute</altitudeMode>
			<coordinates>
				0,0,0 0,0,0 
			</coordinates>
		</LineString>
	</Placemark>
	<Placemark>
		<styleUrl>#style_10986</styleUrl>
		<LineString>
			<tessellate>1</tessellate>
			<altitudeMode>absolute</altitudeMode>
			<coordinates>
				0,0,0 0,0,0 
			</coordinates>
		</LineString>
	</Placemark>
	<Placemark>
		<styleUrl>#style_10987</styleUrl>
		<LineString>
			<tessellate>1</tessellate>
			<altitudeMode>absolute</altitudeMode>
			<coordinates>
				0,0,0 0,0,0 
			</coordinates>
		</LineString>
	</Placemark>
	<Placemark>
		<styleUrl>#style_10988</styleUrl>
		<LineString>
			<tessellate>1</tessellate>
			<altitudeMode>absolute</altitudeMode>
			<coordinates>
				0,0,0 0,0,0 
			</coordinates>
		</LineString>
	</Placemark>
	<Placemark>
		<styleUrl>#style_10989</styleUrl>
		<LineString>
			<tessellate>1</tessellate>
			<altitudeMode>absolute</altitudeMode>
			<coordinates>
				0,0,0 0,0,0 
			</coordinates>
		</LineString>
	</Placemark>
	<Placemark>
		<styleUrl>#style_10990</styleUrl>
		<LineString>
			<tessellate>1</tessellate>
			<altitudeMode>absolute</altitudeMode>
			<coordinates>
				0,0,0 0,0,0 
			</coordinates>
		</LineString>
	</Placemark>
	<Placemark>
		<styleUrl>#style_10991</styleUrl>
		<LineString>
			<tessellate>1</tessellate>
			<altitudeMode>absolute</altitudeMode>
			<coordinates>
				0,0,0 0,0,0 
			</coordinates>
		</LineString>
	</Placemark>
	<Placemark>
		<styleUrl>#style_10992</styleUrl>
		<LineString>
			<tessellate>1</tessellate>
			<altitudeMode>absolute</altitudeMode>
			<coordinates>
				0,0,0 0,0,0 
			</coordinates>
		</LineString>
	</Placemark>
	<Placemark>
		<styleUrl>#style_10993</styleUrl>
		<LineString>
			<tessellate>1</tessellate>
			<altitudeMode>absolute</altitudeMode>
			<coordinates>
				0,0,0 0,0,0 
			</coordinates>
		</LineString>
	</Placemark>
	<Placemark>
		<styleUrl>#style_10994</styleUrl>
		<LineString>
			<tessellate>1</tessellate>
			<altitudeMode>absolute</altitudeMode>
			<coordinates>
				0,0,0 0,0,0 
			</coordinates>
		</LineString>
	</Placemark>
	<Placemark>
		<styleUrl>#style_10995</styleUrl>
		<LineString>
			<tessellate>1</tessellate>
			<altitudeMode>absolute</altitudeMode>
			<coordinates>
				0,0,0 0,0,0 
			</coordinates>
		</LineString>
	</Placemark>
	<Placemark>
		<styleUrl>#style_10996</styleUrl>
		<LineString>
			<tessellate>1</tessellate>
			<altitudeMode>absolute</altitudeMode>
			<coordinates>
				0,0,0 0,0,0 
			</coordinates>
		</LineString>
	</Placemark>
	<Placemark>
		<styleUrl>#style_10997</styleUrl>
		<LineString>
			<tessellate>1</tessellate>
			<altitudeMode>absolute</altitudeMode>
			<coordinates>
				0,0,0 0,0,0 
			</coordinates>
		</LineString>
	</Placemark>
	<Placemark>
		<styleUrl>#style_10998</styleUrl>
		<LineString>
			<tessellate>1</tessellate>
			<altitudeMode>absolute</altitudeMode>
			<coordinates>
				0,0,0 0,0,0 
			</coordinates>
		</LineString>
	</Placemark>
	<Placemark>
		<styleUrl>#style_10999</styleUrl>
		<LineString>
			<tessellate>1</tessellate>
			<altitudeMode>absolute</altitudeMode>
			<coordinates>
				0,0,0 0,0,0 
			</coordinates>
		</LineString>
	</Placemark>
</Document>
</kml>
