<?xml version="1.0" encoding="UTF-8"?>
<kml xmlns="http://www.opengis.net/kml/2.2">
<Document>
<name>HL8080 RKSS-WMSA PLAN</name>
<open>0</open>
<Style id="style_2">
  <IconStyle><scale>1.2</scale><Icon><href>https://maps.google.com/mapfiles/kml/paddle/ylw-diamond.png</href></Icon></IconStyle>
</Style>
<Placemark>
  <name>RKSS</name>
  <description><![CDATA[<span style='white-space: nowrap;'>-<b>Airway :</b> <font color='blue'>BULTI2Q</font></span><br><br><span style='white-space: nowrap;'>-<b>Altitude :</b> <font color='blue'>59 ft</font></span><br><br><span style='white-space: nowrap;'>-<b>Weight :</b> <font color='blue'>149810 lbs</font></span><br><br><span style='white-space: nowrap;'>-<b>Fuel :</b> <font color='blue'>46300 lbs</font></span><br><br><span style='white-space: nowrap;'>-<b>OAT :</b> <font color='blue'>24</font></span><br><br><span style='white-space: nowrap;'>-<b>TAS :</b> <font color='blue'>None</font></span><br><br><span style='white-space: nowrap;'>-<b>Time 1 :</b> <font color='blue'>T/O + 00.00</font></span><br><br><span style='white-space: nowrap;'>-<b>Time 2 :</b> <font color='blue'>04:00Z, 08</font></span><br><br><span style='white-space: nowrap;'>-<b>MORA :</b> <font color='blue'>4100 ft</font></span><br><br>]]></description>
  <styleUrl>#style_2</styleUrl>
  <Point>
    <extrude>1</extrude>
    <altitudeMode>absolute</altitudeMode>
    <coordinates>126.796667,37.556667,17.9832</coordinates>
  </Point>
</Placemark>
<Style id="style_3">
  <IconStyle><scale>1.2</scale><Icon><href>https://maps.google.com/mapfiles/kml/paddle/ylw-diamond.png</href></Icon></IconStyle>
</Style>
<Placemark>
  <name>QD040</name>
  <description><![CDATA[<span style='white-space: nowrap;'>-<b>Airway :</b> <font color='blue'>BULTI2Q</font></span><br><br><span style='white-space: nowrap;'>-<b>Altitude :</b> <font color='blue'>2700 ft</font></span><br><br><span style='white-space: nowrap;'>-<b>Weight :</b> <font color='blue'>149203 lbs</font></span><br><br><span style='white-space: nowrap;'>-<b>Fuel :</b> <font color='blue'>45693 lbs</font></span><br><br><span style='white-space: nowrap;'>-<b>OAT :</b> <font color='blue'>22</font></span><br><br><span style='white-space: nowrap;'>-<b>TAS :</b> <font color='blue'>170</font></span><br><br><span style='white-space: nowrap;'>-<b>TAT :</b> <font color='blue'>25</font></span><br><br><span style='white-space: nowrap;'>-<b>Time 1 :</b> <font color='blue'>T/O + 00:03</font></span><br><br><span style='white-space: nowrap;'>-<b>Time 2 :</b> <font color='blue'>04:03Z, 08</font></span><br><br><span style='white-space: nowrap;'>-<b>Wind factor :</b> <font color='blue'>H.W 14KT</font></span><br><br><span style='white-space: nowrap;'>-<b>Shear rate :</b> <font color='blue'>1</font></span><br><br><span style='white-space: nowrap;'>-<b>MORA :</b> <font color='blue'>4100 ft</font></span><br><br>]]></description>
  <styleUrl>#style_3</styleUrl>
  <Point>
    <extrude>1</extrude>
    <altitudeMode>absolute</altitudeMode>
    <coordinates>126.693333,37.635000,822.96</coordinates>
  </Point>
</Placemark>
<Style id="style_4">
  <IconStyle><scale>1.2</scale><Icon><href>https://maps.google.com/mapfiles/kml/paddle/ylw-diamond.png</href></Icon></IconStyle>
</Style>
<Placemark>
  <name>QD050</name>
  <description><![CDATA[<span style='white-space: nowrap;'>-<b>Airway :</b> <font color='blue'>BULTI2Q</font></span><br><br><span style='white-space: nowrap;'>-<b>Altitude :</b> <font color='blue'>5000 ft</font></span><br><br><span style='white-space: nowrap;'>-<b>Weight :</b> <font color='blue'>148971 lbs</font></span><br><br><span style='white-space: nowrap;'>-<b>Fuel :</b> <font color='blue'>45461 lbs</font></span><br><br><span style='white-space: nowrap;'>-<b>OAT :</b> <font color='blue'>17</font></span><br><br><span style='white-space: nowrap;'>-<b>TAS :</b> <font color='blue'>271</font></span><br><br><span style='white-space: nowrap;'>-<b>TAT :</b> <font color='blue'>26</font></span><br><br><span style='white-space: nowrap;'>-<b>Time 1 :</b> <font color='blue'>T/O + 00:04</font></span><br><br><span style='white-space: nowrap;'>-<b>Time 2 :</b> <font color='blue'>04:04Z, 08</font></span><br><br><span style='white-space: nowrap;'>-<b>Wind factor :</b> <font color='blue'>H.W 41KT</font></span><br><br><span style='white-space: nowrap;'>-<b>Shear rate :</b> <font color='blue'>1</font></span><br><br><span style='white-space: nowrap;'>-<b>MORA :</b> <font color='blue'>4100 ft</font></span><br><br>]]></description>
  <styleUrl>#style_4</styleUrl>
  <Point>
    <extrude>1</extrude>
    <altitudeMode>absolute</altitudeMode>
    <coordinates>126.593333,37.561667,1524</coordinates>
  </Point>
</Placemark>
<Style id="style_5">
  <IconStyle><scale>1.2</scale><Icon><href>https://maps.google.com/mapfiles/kml/paddle/ylw-diamond.png</href></Icon></IconStyle>
</Style>
<Placemark>
  <name>QD080</name>
  <description><![CDATA[<span style='white-space: nowrap;'>-<b>Airway :</b> <font color='blue'>BULTI2Q</font></span><br><br><span style='white-space: nowrap;'>-<b>Altitude :</b> <font color='blue'>8000 ft</font></span><br><br><span style='white-space: nowrap;'>-<b>Weight :</b> <font color='blue'>148737 lbs</font></span><br><br><span style='white-space: nowrap;'>-<b>Fuel :</b> <font color='blue'>45227 lbs</font></span><br><br><span style='white-space: nowrap;'>-<b>OAT :</b> <font color='blue'>14</font></span><br><br><span style='white-space: nowrap;'>-<b>TAS :</b> <font color='blue'>279</font></span><br><br><span style='white-space: nowrap;'>-<b>TAT :</b> <font color='blue'>24</font></span><br><br><span style='white-space: nowrap;'>-<b>Time 1 :</b> <font color='blue'>T/O + 00:05</font></span><br><br><span style='white-space: nowrap;'>-<b>Time 2 :</b> <font color='blue'>04:05Z, 08</font></span><br><br><span style='white-space: nowrap;'>-<b>Wind factor :</b> <font color='blue'>H.W 20KT</font></span><br><br><span style='white-space: nowrap;'>-<b>Shear rate :</b> <font color='blue'>2</font></span><br><br><span style='white-space: nowrap;'>-<b>MORA :</b> <font color='blue'>4100 ft</font></span><br><br>]]></description>
  <styleUrl>#style_5</styleUrl>
  <Point>
    <extrude>1</extrude>
    <altitudeMode>absolute</altitudeMode>
    <coordinates>126.590000,37.478333,2438.4</coordinates>
  </Point>
</Placemark>
<Style id="style_6">
  <IconStyle><scale>1.2</scale><Icon><href>https://maps.google.com/mapfiles/kml/paddle/ylw-diamond.png</href></Icon></IconStyle>
</Style>
<Placemark>
  <name>QD090</name>
  <description><![CDATA[<span style='white-space: nowrap;'>-<b>Airway :</b> <font color='blue'>BULTI2Q</font></span><br><br><span style='white-space: nowrap;'>-<b>Altitude :</b> <font color='blue'>9000 ft</font></span><br><br><span style='white-space: nowrap;'>-<b>Weight :</b> <font color='blue'>148565 lbs</font></span><br><br><span style='white-space: nowrap;'>-<b>Fuel :</b> <font color='blue'>45055 lbs</font></span><br><br><span style='white-space: nowrap;'>-<b>OAT :</b> <font color='blue'>11</font></span><br><br><span style='white-space: nowrap;'>-<b>TAS :</b> <font color='blue'>292</font></span><br><br><span style='white-space: nowrap;'>-<b>TAT :</b> <font color='blue'>22</font></span><br><br><span style='white-space: nowrap;'>-<b>Time 1 :</b> <font color='blue'>T/O + 00:06</font></span><br><br><span style='white-space: nowrap;'>-<b>Time 2 :</b> <font color='blue'>04:06Z, 08</font></span><br><br><span style='white-space: nowrap;'>-<b>Wind factor :</b> <font color='blue'>H.W 20KT</font></span><br><br><span style='white-space: nowrap;'>-<b>Shear rate :</b> <font color='blue'>1</font></span><br><br><span style='white-space: nowrap;'>-<b>MORA :</b> <font color='blue'>4100 ft</font></span><br><br>]]></description>
  <styleUrl>#style_6</styleUrl>
  <Point>
    <extrude>1</extrude>
    <altitudeMode>absolute</altitudeMode>
    <coordinates>126.585000,37.371667,2743.2</coordinates>
  </Point>
</Placemark>
<Style id="style_7">
  <IconStyle><scale>1.2</scale><Icon><href>https://maps.google.com/mapfiles/kml/paddle/ylw-diamond.png</href></Icon></IconStyle>
</Style>
<Placemark>
  <name>QD110</name>
  <description><![CDATA[<span style='white-space: nowrap;'>-<b>Airway :</b> <font color='blue'>BULTI2Q</font></span><br><br><span style='white-space: nowrap;'>-<b>Altitude :</b> <font color='blue'>11000 ft</font></span><br><br><span style='white-space: nowrap;'>-<b>Weight :</b> <font color='blue'>148336 lbs</font></span><br><br><span style='white-space: nowrap;'>-<b>Fuel :</b> <font color='blue'>44826 lbs</font></span><br><br><span style='white-space: nowrap;'>-<b>OAT :</b> <font color='blue'>9</font></span><br><br><span style='white-space: nowrap;'>-<b>TAS :</b> <font color='blue'>329</font></span><br><br><span style='white-space: nowrap;'>-<b>TAT :</b> <font color='blue'>23</font></span><br><br><span style='white-space: nowrap;'>-<b>Time 1 :</b> <font color='blue'>T/O + 00:07</font></span><br><br><span style='white-space: nowrap;'>-<b>Time 2 :</b> <font color='blue'>04:07Z, 08</font></span><br><br><span style='white-space: nowrap;'>-<b>Wind factor :</b> <font color='blue'>H.W 5KT</font></span><br><br><span style='white-space: nowrap;'>-<b>Shear rate :</b> <font color='blue'>3</font></span><br><br><span style='white-space: nowrap;'>-<b>MORA :</b> <font color='blue'>4100 ft</font></span><br><br>]]></description>
  <styleUrl>#style_7</styleUrl>
  <Point>
    <extrude>1</extrude>
    <altitudeMode>absolute</altitudeMode>
    <coordinates>126.628333,37.271667,3352.8</coordinates>
  </Point>
</Placemark>
<Style id="style_8">
  <IconStyle><scale>1.2</scale><Icon><href>https://maps.google.com/mapfiles/kml/paddle/ylw-diamond.png</href></Icon></IconStyle>
</Style>
<Placemark>
  <name>QD150</name>
  <description><![CDATA[<span style='white-space: nowrap;'>-<b>Airway :</b> <font color='blue'>BULTI2Q</font></span><br><br><span style='white-space: nowrap;'>-<b>Altitude :</b> <font color='blue'>FL160</font></span><br><br><span style='white-space: nowrap;'>-<b>Weight :</b> <font color='blue'>147858 lbs</font></span><br><br><span style='white-space: nowrap;'>-<b>Fuel :</b> <font color='blue'>44348 lbs</font></span><br><br><span style='white-space: nowrap;'>-<b>OAT :</b> <font color='blue'>3</font></span><br><br><span style='white-space: nowrap;'>-<b>TAS :</b> <font color='blue'>365</font></span><br><br><span style='white-space: nowrap;'>-<b>TAT :</b> <font color='blue'>20</font></span><br><br><span style='white-space: nowrap;'>-<b>Time 1 :</b> <font color='blue'>T/O + 00:10</font></span><br><br><span style='white-space: nowrap;'>-<b>Time 2 :</b> <font color='blue'>04:10Z, 08</font></span><br><br><span style='white-space: nowrap;'>-<b>Wind factor :</b> <font color='blue'>T.W 7kt</font></span><br><br><span style='white-space: nowrap;'>-<b>Shear rate :</b> <font color='blue'>4</font></span><br><br><span style='white-space: nowrap;'>-<b>MORA :</b> <font color='blue'>4100 ft</font></span><br><br>]]></description>
  <styleUrl>#style_8</styleUrl>
  <Point>
    <extrude>1</extrude>
    <altitudeMode>absolute</altitudeMode>
    <coordinates>126.815000,37.045000,4876.8</coordinates>
  </Point>
</Placemark>
<Style id="style_9">
  <IconStyle><scale>1.2</scale><Icon><href>https://maps.google.com/mapfiles/kml/paddle/ylw-diamond.png</href></Icon></IconStyle>
</Style>
<Placemark>
  <name>QD160</name>
  <description><![CDATA[<span style='white-space: nowrap;'>-<b>Airway :</b> <font color='blue'>BULTI2Q</font></span><br><br><span style='white-space: nowrap;'>-<b>Altitude :</b> <font color='blue'>FL160</font></span><br><br><span style='white-space: nowrap;'>-<b>Weight :</b> <font color='blue'>147688 lbs</font></span><br><br><span style='white-space: nowrap;'>-<b>Fuel :</b> <font color='blue'>44178 lbs</font></span><br><br><span style='white-space: nowrap;'>-<b>OAT :</b> <font color='blue'>0</font></span><br><br><span style='white-space: nowrap;'>-<b>TAS :</b> <font color='blue'>451</font></span><br><br><span style='white-space: nowrap;'>-<b>TAT :</b> <font color='blue'>26</font></span><br><br><span style='white-space: nowrap;'>-<b>Time 1 :</b> <font color='blue'>T/O + 00:11</font></span><br><br><span style='white-space: nowrap;'>-<b>Time 2 :</b> <font color='blue'>04:11Z, 08</font></span><br><br><span style='white-space: nowrap;'>-<b>Wind factor :</b> <font color='blue'>H.W 15KT</font></span><br><br><span style='white-space: nowrap;'>-<b>Shear rate :</b> <font color='blue'>3</font></span><br><br><span style='white-space: nowrap;'>-<b>MORA :</b> <font color='blue'>4100 ft</font></span><br><br>]]></description>
  <styleUrl>#style_9</styleUrl>
  <Point>
    <extrude>1</extrude>
    <altitudeMode>absolute</altitudeMode>
    <coordinates>126.820000,36.890000,4876.8</coordinates>
  </Point>
</Placemark>
<Style id="style_10">
  <IconStyle><scale>1.2</scale><Icon><href>https://maps.google.com/mapfiles/kml/paddle/ylw-diamond.png</href></Icon></IconStyle>
</Style>
<Placemark>
  <name>BULTI</name>
  <description><![CDATA[<span style='white-space: nowrap;'>-<b>Airway :</b> <font color='blue'>Y711</font></span><br><br><span style='white-space: nowrap;'>-<b>Altitude :</b> <font color='blue'>FL160</font></span><br><br><span style='white-space: nowrap;'>-<b>Weight :</b> <font color='blue'>147506 lbs</font></span><br><br><span style='white-space: nowrap;'>-<b>Fuel :</b> <font color='blue'>43996 lbs</font></span><br><br><span style='white-space: nowrap;'>-<b>OAT :</b> <font color='blue'>0</font></span><br><br><span style='white-space: nowrap;'>-<b>TAS :</b> <font color='blue'>451</font></span><br><br><span style='white-space: nowrap;'>-<b>TAT :</b> <font color='blue'>26</font></span><br><br><span style='white-space: nowrap;'>-<b>Time 1 :</b> <font color='blue'>T/O + 00:13</font></span><br><br><span style='white-space: nowrap;'>-<b>Time 2 :</b> <font color='blue'>04:13Z, 08</font></span><br><br><span style='white-space: nowrap;'>-<b>Wind factor :</b> <font color='blue'>H.W 15KT</font></span><br><br><span style='white-space: nowrap;'>-<b>Shear rate :</b> <font color='blue'>3</font></span><br><br><span style='white-space: nowrap;'>-<b>MORA :</b> <font color='blue'>3900 ft</font></span><br><br>]]></description>
  <styleUrl>#style_10</styleUrl>
  <Point>
    <extrude>1</extrude>
    <altitudeMode>absolute</altitudeMode>
    <coordinates>126.825000,36.723333,4876.8</coordinates>
  </Point>
</Placemark>
<Style id="style_11">
  <IconStyle><scale>1.2</scale><Icon><href>https://maps.google.com/mapfiles/kml/paddle/ylw-diamond.png</href></Icon></IconStyle>
</Style>
<Placemark>
  <name>MEKIL</name>
  <description><![CDATA[<span style='white-space: nowrap;'>-<b>Airway :</b> <font color='blue'>Y711</font></span><br><br><span style='white-space: nowrap;'>-<b>Altitude :</b> <font color='blue'>FL190</font></span><br><br><span style='white-space: nowrap;'>-<b>Weight :</b> <font color='blue'>147227 lbs</font></span><br><br><span style='white-space: nowrap;'>-<b>Fuel :</b> <font color='blue'>43717 lbs</font></span><br><br><span style='white-space: nowrap;'>-<b>OAT :</b> <font color='blue'>-2</font></span><br><br><span style='white-space: nowrap;'>-<b>TAS :</b> <font color='blue'>374</font></span><br><br><span style='white-space: nowrap;'>-<b>TAT :</b> <font color='blue'>16</font></span><br><br><span style='white-space: nowrap;'>-<b>Time 1 :</b> <font color='blue'>T/O + 00:14</font></span><br><br><span style='white-space: nowrap;'>-<b>Time 2 :</b> <font color='blue'>04:14Z, 08</font></span><br><br><span style='white-space: nowrap;'>-<b>Wind factor :</b> <font color='blue'>H.W 15KT</font></span><br><br><span style='white-space: nowrap;'>-<b>Shear rate :</b> <font color='blue'>3</font></span><br><br><span style='white-space: nowrap;'>-<b>MORA :</b> <font color='blue'>3900 ft</font></span><br><br>]]></description>
  <styleUrl>#style_11</styleUrl>
  <Point>
    <extrude>1</extrude>
    <altitudeMode>absolute</altitudeMode>
    <coordinates>126.831667,36.556667,5791.2</coordinates>
  </Point>
</Placemark>
<Style id="style_12">
  <IconStyle><scale>1.2</scale><Icon><href>https://maps.google.com/mapfiles/kml/paddle/ylw-diamond.png</href></Icon></IconStyle>
</Style>
<Placemark>
  <name>GONAX</name>
  <description><![CDATA[<span style='white-space: nowrap;'>-<b>Airway :</b> <font color='blue'>Y711</font></span><br><br><span style='white-space: nowrap;'>-<b>Altitude :</b> <font color='blue'>FL214</font></span><br><br><span style='white-space: nowrap;'>-<b>Weight :</b> <font color='blue'>146974 lbs</font></span><br><br><span style='white-space: nowrap;'>-<b>Fuel :</b> <font color='blue'>43464 lbs</font></span><br><br><span style='white-space: nowrap;'>-<b>OAT :</b> <font color='blue'>-7</font></span><br><br><span style='white-space: nowrap;'>-<b>TAS :</b> <font color='blue'>390</font></span><br><br><span style='white-space: nowrap;'>-<b>TAT :</b> <font color='blue'>12</font></span><br><br><span style='white-space: nowrap;'>-<b>Time 1 :</b> <font color='blue'>T/O + 00:16</font></span><br><br><span style='white-space: nowrap;'>-<b>Time 2 :</b> <font color='blue'>04:16Z, 08</font></span><br><br><span style='white-space: nowrap;'>-<b>Wind factor :</b> <font color='blue'>H.W 15KT</font></span><br><br><span style='white-space: nowrap;'>-<b>Shear rate :</b> <font color='blue'>1</font></span><br><br><span style='white-space: nowrap;'>-<b>MORA :</b> <font color='blue'>3900 ft</font></span><br><br>]]></description>
  <styleUrl>#style_12</styleUrl>
  <Point>
    <extrude>1</extrude>
    <altitudeMode>absolute</altitudeMode>
    <coordinates>126.838333,36.386667,6522.72</coordinates>
  </Point>
</Placemark>
<Style id="style_13">
  <IconStyle><scale>1.2</scale><Icon><href>https://maps.google.com/mapfiles/kml/paddle/ylw-diamond.png</href></Icon></IconStyle>
</Style>
<Placemark>
  <name>BEDES</name>
  <description><![CDATA[<span style='white-space: nowrap;'>-<b>Airway :</b> <font color='blue'>Y711</font></span><br><br><span style='white-space: nowrap;'>-<b>Altitude :</b> <font color='blue'>FL242</font></span><br><br><span style='white-space: nowrap;'>-<b>Weight :</b> <font color='blue'>146656 lbs</font></span><br><br><span style='white-space: nowrap;'>-<b>Fuel :</b> <font color='blue'>43146 lbs</font></span><br><br><span style='white-space: nowrap;'>-<b>OAT :</b> <font color='blue'>-12</font></span><br><br><span style='white-space: nowrap;'>-<b>TAS :</b> <font color='blue'>407</font></span><br><br><span style='white-space: nowrap;'>-<b>TAT :</b> <font color='blue'>9</font></span><br><br><span style='white-space: nowrap;'>-<b>Time 1 :</b> <font color='blue'>T/O + 00:18</font></span><br><br><span style='white-space: nowrap;'>-<b>Time 2 :</b> <font color='blue'>04:18Z, 08</font></span><br><br><span style='white-space: nowrap;'>-<b>Wind factor :</b> <font color='blue'>H.W 19KT</font></span><br><br><span style='white-space: nowrap;'>-<b>Shear rate :</b> <font color='blue'>2</font></span><br><br><span style='white-space: nowrap;'>-<b>MORA :</b> <font color='blue'>3900 ft</font></span><br><br>]]></description>
  <styleUrl>#style_13</styleUrl>
  <Point>
    <extrude>1</extrude>
    <altitudeMode>absolute</altitudeMode>
    <coordinates>126.811667,36.151667,7376.16</coordinates>
  </Point>
</Placemark>
<Style id="style_14">
  <IconStyle><scale>1.2</scale><Icon><href>https://maps.google.com/mapfiles/kml/paddle/ylw-diamond.png</href></Icon></IconStyle>
</Style>
<Placemark>
  <name>ELPOS</name>
  <description><![CDATA[<span style='white-space: nowrap;'>-<b>Airway :</b> <font color='blue'>Y711</font></span><br><br><span style='white-space: nowrap;'>-<b>Altitude :</b> <font color='blue'>FL268</font></span><br><br><span style='white-space: nowrap;'>-<b>Weight :</b> <font color='blue'>146344 lbs</font></span><br><br><span style='white-space: nowrap;'>-<b>Fuel :</b> <font color='blue'>42834 lbs</font></span><br><br><span style='white-space: nowrap;'>-<b>OAT :</b> <font color='blue'>-17</font></span><br><br><span style='white-space: nowrap;'>-<b>TAS :</b> <font color='blue'>423</font></span><br><br><span style='white-space: nowrap;'>-<b>TAT :</b> <font color='blue'>5</font></span><br><br><span style='white-space: nowrap;'>-<b>Time 1 :</b> <font color='blue'>T/O + 00:20</font></span><br><br><span style='white-space: nowrap;'>-<b>Time 2 :</b> <font color='blue'>04:20Z, 08</font></span><br><br><span style='white-space: nowrap;'>-<b>Wind factor :</b> <font color='blue'>H.W 17KT</font></span><br><br><span style='white-space: nowrap;'>-<b>Shear rate :</b> <font color='blue'>1</font></span><br><br><span style='white-space: nowrap;'>-<b>MORA :</b> <font color='blue'>5200 ft</font></span><br><br>]]></description>
  <styleUrl>#style_14</styleUrl>
  <Point>
    <extrude>1</extrude>
    <altitudeMode>absolute</altitudeMode>
    <coordinates>126.785000,35.903333,8168.64</coordinates>
  </Point>
</Placemark>
<Style id="style_15">
  <IconStyle><scale>1.2</scale><Icon><href>https://maps.google.com/mapfiles/kml/paddle/ylw-diamond.png</href></Icon></IconStyle>
</Style>
<Placemark>
  <name>MANGI</name>
  <description><![CDATA[<span style='white-space: nowrap;'>-<b>Airway :</b> <font color='blue'>Y711</font></span><br><br><span style='white-space: nowrap;'>-<b>Altitude :</b> <font color='blue'>FL303</font></span><br><br><span style='white-space: nowrap;'>-<b>Weight :</b> <font color='blue'>145883 lbs</font></span><br><br><span style='white-space: nowrap;'>-<b>Buffer Weight(+2000 ft) :</b> <font color='blue'>21917 lbs</font></span><br><br><span style='white-space: nowrap;'>-<b>Fuel :</b> <font color='blue'>42373 lbs</font></span><br><br><span style='white-space: nowrap;'>-<b>OAT :</b> <font color='blue'>-24</font></span><br><br><span style='white-space: nowrap;'>-<b>TAS :</b> <font color='blue'>444</font></span><br><br><span style='white-space: nowrap;'>-<b>TAT :</b> <font color='blue'>1</font></span><br><br><span style='white-space: nowrap;'>-<b>Time 1 :</b> <font color='blue'>T/O + 00:23</font></span><br><br><span style='white-space: nowrap;'>-<b>Time 2 :</b> <font color='blue'>04:23Z, 08</font></span><br><br><span style='white-space: nowrap;'>-<b>Wind factor :</b> <font color='blue'>H.W 17KT</font></span><br><br><span style='white-space: nowrap;'>-<b>Shear rate :</b> <font color='blue'>2</font></span><br><br><span style='white-space: nowrap;'>-<b>MORA :</b> <font color='blue'>5200 ft</font></span><br><br>]]></description>
  <styleUrl>#style_15</styleUrl>
  <Point>
    <extrude>1</extrude>
    <altitudeMode>absolute</altitudeMode>
    <coordinates>126.741667,35.503333,9235.44</coordinates>
  </Point>
</Placemark>
<Style id="style_16">
  <IconStyle><scale>1.2</scale><Icon><href>https://maps.google.com/mapfiles/kml/paddle/ylw-diamond.png</href></Icon></IconStyle>
</Style>
<Placemark>
  <name>DALSU</name>
  <description><![CDATA[<span style='white-space: nowrap;'>-<b>Airway :</b> <font color='blue'>Y711</font></span><br><br><span style='white-space: nowrap;'>-<b>Altitude :</b> <font color='blue'>FL332</font></span><br><br><span style='white-space: nowrap;'>-<b>Weight :</b> <font color='blue'>145486 lbs</font></span><br><br><span style='white-space: nowrap;'>-<b>Buffer Weight :</b> <font color='blue'>22314 lbs</font></span><br><br><span style='white-space: nowrap;'>-<b>Buffer Weight(+2000 ft) :</b> <font color='blue'>22314 lbs</font></span><br><br><span style='white-space: nowrap;'>-<b>Fuel :</b> <font color='blue'>41976 lbs</font></span><br><br><span style='white-space: nowrap;'>-<b>OAT :</b> <font color='blue'>-32</font></span><br><br><span style='white-space: nowrap;'>-<b>TAS :</b> <font color='blue'>464</font></span><br><br><span style='white-space: nowrap;'>-<b>TAT :</b> <font color='blue'>-4</font></span><br><br><span style='white-space: nowrap;'>-<b>Time 1 :</b> <font color='blue'>T/O + 00:26</font></span><br><br><span style='white-space: nowrap;'>-<b>Time 2 :</b> <font color='blue'>04:26Z, 08</font></span><br><br><span style='white-space: nowrap;'>-<b>Wind factor :</b> <font color='blue'>H.W 16KT</font></span><br><br><span style='white-space: nowrap;'>-<b>Shear rate :</b> <font color='blue'>2</font></span><br><br><span style='white-space: nowrap;'>-<b>MORA :</b> <font color='blue'>5200 ft</font></span><br><br>]]></description>
  <styleUrl>#style_16</styleUrl>
  <Point>
    <extrude>1</extrude>
    <altitudeMode>absolute</altitudeMode>
    <coordinates>126.701667,35.125000,10119.36</coordinates>
  </Point>
</Placemark>
<Style id="style_17">
  <IconStyle><scale>1.2</scale><Icon><href>https://maps.google.com/mapfiles/kml/shapes/marina.png</href></Icon></IconStyle>
</Style>
<Placemark>
  <name>-TOC-</name>
  <description><![CDATA[<span style='white-space: nowrap;'>-<b>Airway :</b> <font color='blue'>Y711</font></span><br><br><span style='white-space: nowrap;'>-<b>Altitude :</b> <font color='blue'>FL380</font></span><br><br><span style='white-space: nowrap;'>-<b>Weight :</b> <font color='blue'>144908 lbs</font></span><br><br><span style='white-space: nowrap;'>-<b>Buffer Weight :</b> <font color='blue'>10492 lbs</font></span><br><br><span style='white-space: nowrap;'>-<b>Buffer Weight(+2000 ft) :</b> <font color='blue'>-3808 lbs</font></span><br><br><span style='white-space: nowrap;'>-<b>Fuel :</b> <font color='blue'>41398 lbs</font></span><br><br><span style='white-space: nowrap;'>-<b>OAT :</b> <font color='blue'>-41</font></span><br><br><span style='white-space: nowrap;'>-<b>TAS :</b> <font color='blue'>463</font></span><br><br><span style='white-space: nowrap;'>-<b>TAT :</b> <font color='blue'>-13</font></span><br><br><span style='white-space: nowrap;'>-<b>Time 1 :</b> <font color='blue'>T/O + 00:31</font></span><br><br><span style='white-space: nowrap;'>-<b>Time 2 :</b> <font color='blue'>04:31Z, 08</font></span><br><br><span style='white-space: nowrap;'>-<b>Wind factor :</b> <font color='blue'>H.W 16KT</font></span><br><br><span style='white-space: nowrap;'>-<b>Shear rate :</b> <font color='blue'>1</font></span><br><br><span style='white-space: nowrap;'>-<b>MORA :</b> <font color='blue'>5200 ft</font></span><br><br>]]></description>
  <styleUrl>#style_17</styleUrl>
  <Point>
    <extrude>1</extrude>
    <altitudeMode>absolute</altitudeMode>
    <coordinates>126.638333,34.523333,11582.4</coordinates>
  </Point>
</Placemark>
<Style id="style_18">
  <IconStyle><scale>1.2</scale><Icon><href>https://maps.google.com/mapfiles/kml/paddle/ylw-diamond.png</href></Icon></IconStyle>
</Style>
<Placemark>
  <name>NULDI</name>
  <description><![CDATA[<span style='white-space: nowrap;'>-<b>Airway :</b> <font color='blue'>Y711</font></span><br><br><span style='white-space: nowrap;'>-<b>Altitude :</b> <font color='blue'>FL380</font></span><br><br><span style='white-space: nowrap;'>-<b>Weight :</b> <font color='blue'>144835 lbs</font></span><br><br><span style='white-space: nowrap;'>-<b>Buffer Weight :</b> <font color='blue'>10565 lbs</font></span><br><br><span style='white-space: nowrap;'>-<b>Buffer Weight(+2000 ft) :</b> <font color='blue'>-3735 lbs</font></span><br><br><span style='white-space: nowrap;'>-<b>Fuel :</b> <font color='blue'>41325 lbs</font></span><br><br><span style='white-space: nowrap;'>-<b>OAT :</b> <font color='blue'>-47</font></span><br><br><span style='white-space: nowrap;'>-<b>TAS :</b> <font color='blue'>463</font></span><br><br><span style='white-space: nowrap;'>-<b>TAT :</b> <font color='blue'>-18</font></span><br><br><span style='white-space: nowrap;'>-<b>Time 1 :</b> <font color='blue'>T/O + 00:32</font></span><br><br><span style='white-space: nowrap;'>-<b>Time 2 :</b> <font color='blue'>04:32Z, 08</font></span><br><br><span style='white-space: nowrap;'>-<b>Wind factor :</b> <font color='blue'>H.W 15KT</font></span><br><br><span style='white-space: nowrap;'>-<b>Shear rate :</b> <font color='blue'>1</font></span><br><br><span style='white-space: nowrap;'>-<b>MORA :</b> <font color='blue'>5200 ft</font></span><br><br>]]></description>
  <styleUrl>#style_18</styleUrl>
  <Point>
    <extrude>1</extrude>
    <altitudeMode>absolute</altitudeMode>
    <coordinates>126.626667,34.420000,11582.4</coordinates>
  </Point>
</Placemark>
<Style id="style_19">
  <IconStyle><scale>1.2</scale><Icon><href>https://maps.google.com/mapfiles/kml/paddle/ylw-diamond.png</href></Icon></IconStyle>
</Style>
<Placemark>
  <name>DOTOL</name>
  <description><![CDATA[<span style='white-space: nowrap;'>-<b>Airway :</b> <font color='blue'>Y711</font></span><br><br><span style='white-space: nowrap;'>-<b>Altitude :</b> <font color='blue'>FL380</font></span><br><br><span style='white-space: nowrap;'>-<b>Weight :</b> <font color='blue'>144717 lbs</font></span><br><br><span style='white-space: nowrap;'>-<b>Buffer Weight :</b> <font color='blue'>10683 lbs</font></span><br><br><span style='white-space: nowrap;'>-<b>Buffer Weight(+2000 ft) :</b> <font color='blue'>-3617 lbs</font></span><br><br><span style='white-space: nowrap;'>-<b>Fuel :</b> <font color='blue'>41207 lbs</font></span><br><br><span style='white-space: nowrap;'>-<b>OAT :</b> <font color='blue'>-47</font></span><br><br><span style='white-space: nowrap;'>-<b>TAS :</b> <font color='blue'>463</font></span><br><br><span style='white-space: nowrap;'>-<b>TAT :</b> <font color='blue'>-18</font></span><br><br><span style='white-space: nowrap;'>-<b>Time 1 :</b> <font color='blue'>T/O + 00:33</font></span><br><br><span style='white-space: nowrap;'>-<b>Time 2 :</b> <font color='blue'>04:33Z, 08</font></span><br><br><span style='white-space: nowrap;'>-<b>Wind factor :</b> <font color='blue'>H.W 15KT</font></span><br><br><span style='white-space: nowrap;'>-<b>Shear rate :</b> <font color='blue'>1</font></span><br><br><span style='white-space: nowrap;'>-<b>MORA :</b> <font color='blue'>4000 ft</font></span><br><br>]]></description>
  <styleUrl>#style_19</styleUrl>
  <Point>
    <extrude>1</extrude>
    <altitudeMode>absolute</altitudeMode>
    <coordinates>126.610000,34.255000,11582.4</coordinates>
  </Point>
</Placemark>
<Style id="style_20">
  <IconStyle><scale>1.2</scale><Icon><href>https://maps.google.com/mapfiles/kml/paddle/ylw-diamond.png</href></Icon></IconStyle>
</Style>
<Placemark>
  <name>KIDOS</name>
  <description><![CDATA[<span style='white-space: nowrap;'>-<b>Airway :</b> <font color='blue'>Y711</font></span><br><br><span style='white-space: nowrap;'>-<b>Altitude :</b> <font color='blue'>FL380</font></span><br><br><span style='white-space: nowrap;'>-<b>Weight :</b> <font color='blue'>144424 lbs</font></span><br><br><span style='white-space: nowrap;'>-<b>Buffer Weight :</b> <font color='blue'>10976 lbs</font></span><br><br><span style='white-space: nowrap;'>-<b>Buffer Weight(+2000 ft) :</b> <font color='blue'>-3324 lbs</font></span><br><br><span style='white-space: nowrap;'>-<b>Fuel :</b> <font color='blue'>40914 lbs</font></span><br><br><span style='white-space: nowrap;'>-<b>OAT :</b> <font color='blue'>-47</font></span><br><br><span style='white-space: nowrap;'>-<b>TAS :</b> <font color='blue'>463</font></span><br><br><span style='white-space: nowrap;'>-<b>TAT :</b> <font color='blue'>-18</font></span><br><br><span style='white-space: nowrap;'>-<b>Time 1 :</b> <font color='blue'>T/O + 00:36</font></span><br><br><span style='white-space: nowrap;'>-<b>Time 2 :</b> <font color='blue'>04:36Z, 08</font></span><br><br><span style='white-space: nowrap;'>-<b>Wind factor :</b> <font color='blue'>H.W 14KT</font></span><br><br><span style='white-space: nowrap;'>-<b>Shear rate :</b> <font color='blue'>1</font></span><br><br><span style='white-space: nowrap;'>-<b>MORA :</b> <font color='blue'>8700 ft</font></span><br><br>]]></description>
  <styleUrl>#style_20</styleUrl>
  <Point>
    <extrude>1</extrude>
    <altitudeMode>absolute</altitudeMode>
    <coordinates>126.566667,33.841667,11582.4</coordinates>
  </Point>
</Placemark>
<Style id="style_21">
  <IconStyle><scale>1.2</scale><Icon><href>https://maps.google.com/mapfiles/kml/paddle/ylw-diamond.png</href></Icon></IconStyle>
</Style>
<Placemark>
  <name>REMOS</name>
  <description><![CDATA[<span style='white-space: nowrap;'>-<b>Airway :</b> <font color='blue'>Y711</font></span><br><br><span style='white-space: nowrap;'>-<b>Altitude :</b> <font color='blue'>FL380</font></span><br><br><span style='white-space: nowrap;'>-<b>Weight :</b> <font color='blue'>144116 lbs</font></span><br><br><span style='white-space: nowrap;'>-<b>Buffer Weight :</b> <font color='blue'>11284 lbs</font></span><br><br><span style='white-space: nowrap;'>-<b>Buffer Weight(+2000 ft) :</b> <font color='blue'>-3016 lbs</font></span><br><br><span style='white-space: nowrap;'>-<b>Fuel :</b> <font color='blue'>40606 lbs</font></span><br><br><span style='white-space: nowrap;'>-<b>OAT :</b> <font color='blue'>-47</font></span><br><br><span style='white-space: nowrap;'>-<b>TAS :</b> <font color='blue'>463</font></span><br><br><span style='white-space: nowrap;'>-<b>TAT :</b> <font color='blue'>-18</font></span><br><br><span style='white-space: nowrap;'>-<b>Time 1 :</b> <font color='blue'>T/O + 00:40</font></span><br><br><span style='white-space: nowrap;'>-<b>Time 2 :</b> <font color='blue'>04:40Z, 08</font></span><br><br><span style='white-space: nowrap;'>-<b>Wind factor :</b> <font color='blue'>H.W 16KT</font></span><br><br><span style='white-space: nowrap;'>-<b>Shear rate :</b> <font color='blue'>1</font></span><br><br><span style='white-space: nowrap;'>-<b>MORA :</b> <font color='blue'>8700 ft</font></span><br><br>]]></description>
  <styleUrl>#style_21</styleUrl>
  <Point>
    <extrude>1</extrude>
    <altitudeMode>absolute</altitudeMode>
    <coordinates>126.391667,33.435000,11582.4</coordinates>
  </Point>
</Placemark>
<Style id="style_22">
  <IconStyle><scale>1.2</scale><Icon><href>https://maps.google.com/mapfiles/kml/paddle/ylw-diamond.png</href></Icon></IconStyle>
</Style>
<Placemark>
  <name>PANSI</name>
  <description><![CDATA[<span style='white-space: nowrap;'>-<b>Airway :</b> <font color='blue'>Y711</font></span><br><br><span style='white-space: nowrap;'>-<b>Altitude :</b> <font color='blue'>FL380</font></span><br><br><span style='white-space: nowrap;'>-<b>Weight :</b> <font color='blue'>143794 lbs</font></span><br><br><span style='white-space: nowrap;'>-<b>Buffer Weight :</b> <font color='blue'>11606 lbs</font></span><br><br><span style='white-space: nowrap;'>-<b>Buffer Weight(+2000 ft) :</b> <font color='blue'>-2694 lbs</font></span><br><br><span style='white-space: nowrap;'>-<b>Fuel :</b> <font color='blue'>40284 lbs</font></span><br><br><span style='white-space: nowrap;'>-<b>OAT :</b> <font color='blue'>-47</font></span><br><br><span style='white-space: nowrap;'>-<b>TAS :</b> <font color='blue'>463</font></span><br><br><span style='white-space: nowrap;'>-<b>TAT :</b> <font color='blue'>-18</font></span><br><br><span style='white-space: nowrap;'>-<b>Time 1 :</b> <font color='blue'>T/O + 00:43</font></span><br><br><span style='white-space: nowrap;'>-<b>Time 2 :</b> <font color='blue'>04:43Z, 08</font></span><br><br><span style='white-space: nowrap;'>-<b>Wind factor :</b> <font color='blue'>H.W 14KT</font></span><br><br><span style='white-space: nowrap;'>-<b>Shear rate :</b> <font color='blue'>1</font></span><br><br><span style='white-space: nowrap;'>-<b>MORA :</b> <font color='blue'>8700 ft</font></span><br><br>]]></description>
  <styleUrl>#style_22</styleUrl>
  <Point>
    <extrude>1</extrude>
    <altitudeMode>absolute</altitudeMode>
    <coordinates>126.206667,33.003333,11582.4</coordinates>
  </Point>
</Placemark>
<Style id="style_23">
  <IconStyle><scale>1.2</scale><Icon><href>https://maps.google.com/mapfiles/kml/paddle/ylw-diamond.png</href></Icon></IconStyle>
</Style>
<Placemark>
  <name>DOMKO</name>
  <description><![CDATA[<span style='white-space: nowrap;'>-<b>Airway :</b> <font color='blue'>Y711</font></span><br><br><span style='white-space: nowrap;'>-<b>Altitude :</b> <font color='blue'>FL380</font></span><br><br><span style='white-space: nowrap;'>-<b>Weight :</b> <font color='blue'>143404 lbs</font></span><br><br><span style='white-space: nowrap;'>-<b>Buffer Weight :</b> <font color='blue'>11996 lbs</font></span><br><br><span style='white-space: nowrap;'>-<b>Buffer Weight(+2000 ft) :</b> <font color='blue'>-2304 lbs</font></span><br><br><span style='white-space: nowrap;'>-<b>Fuel :</b> <font color='blue'>39894 lbs</font></span><br><br><span style='white-space: nowrap;'>-<b>OAT :</b> <font color='blue'>-47</font></span><br><br><span style='white-space: nowrap;'>-<b>TAS :</b> <font color='blue'>463</font></span><br><br><span style='white-space: nowrap;'>-<b>TAT :</b> <font color='blue'>-18</font></span><br><br><span style='white-space: nowrap;'>-<b>Time 1 :</b> <font color='blue'>T/O + 00:48</font></span><br><br><span style='white-space: nowrap;'>-<b>Time 2 :</b> <font color='blue'>04:48Z, 08</font></span><br><br><span style='white-space: nowrap;'>-<b>Wind factor :</b> <font color='blue'>H.W 12KT</font></span><br><br><span style='white-space: nowrap;'>-<b>Shear rate :</b> <font color='blue'>1</font></span><br><br><span style='white-space: nowrap;'>-<b>MORA :</b> <font color='blue'>8700 ft</font></span><br><br>]]></description>
  <styleUrl>#style_23</styleUrl>
  <Point>
    <extrude>1</extrude>
    <altitudeMode>absolute</altitudeMode>
    <coordinates>125.983333,32.480000,11582.4</coordinates>
  </Point>
</Placemark>
<Style id="style_24">
  <IconStyle><scale>1.2</scale><Icon><href>https://maps.google.com/mapfiles/kml/paddle/ylw-diamond.png</href></Icon></IconStyle>
</Style>
<Placemark>
  <name>PONIK</name>
  <description><![CDATA[<span style='white-space: nowrap;'>-<b>Airway :</b> <font color='blue'>Y711</font></span><br><br><span style='white-space: nowrap;'>-<b>Altitude :</b> <font color='blue'>FL380</font></span><br><br><span style='white-space: nowrap;'>-<b>Weight :</b> <font color='blue'>143053 lbs</font></span><br><br><span style='white-space: nowrap;'>-<b>Buffer Weight :</b> <font color='blue'>12347 lbs</font></span><br><br><span style='white-space: nowrap;'>-<b>Buffer Weight(+2000 ft) :</b> <font color='blue'>-1953 lbs</font></span><br><br><span style='white-space: nowrap;'>-<b>Fuel :</b> <font color='blue'>39543 lbs</font></span><br><br><span style='white-space: nowrap;'>-<b>OAT :</b> <font color='blue'>-47</font></span><br><br><span style='white-space: nowrap;'>-<b>TAS :</b> <font color='blue'>463</font></span><br><br><span style='white-space: nowrap;'>-<b>TAT :</b> <font color='blue'>-18</font></span><br><br><span style='white-space: nowrap;'>-<b>Time 1 :</b> <font color='blue'>T/O + 00:52</font></span><br><br><span style='white-space: nowrap;'>-<b>Time 2 :</b> <font color='blue'>04:52Z, 08</font></span><br><br><span style='white-space: nowrap;'>-<b>Wind factor :</b> <font color='blue'>H.W 10KT</font></span><br><br><span style='white-space: nowrap;'>-<b>Shear rate :</b> <font color='blue'>1</font></span><br><br><span style='white-space: nowrap;'>-<b>MORA :</b> <font color='blue'>1500 ft</font></span><br><br>]]></description>
  <styleUrl>#style_24</styleUrl>
  <Point>
    <extrude>1</extrude>
    <altitudeMode>absolute</altitudeMode>
    <coordinates>125.783333,32.005000,11582.4</coordinates>
  </Point>
</Placemark>
<Style id="style_25">
  <IconStyle><scale>1.2</scale><Icon><href>https://maps.google.com/mapfiles/kml/paddle/ylw-diamond.png</href></Icon></IconStyle>
</Style>
<Placemark>
  <name>IKEDO</name>
  <description><![CDATA[<span style='white-space: nowrap;'>-<b>Airway :</b> <font color='blue'>Y711</font></span><br><br><span style='white-space: nowrap;'>-<b>Altitude :</b> <font color='blue'>FL380</font></span><br><br><span style='white-space: nowrap;'>-<b>Weight :</b> <font color='blue'>142844 lbs</font></span><br><br><span style='white-space: nowrap;'>-<b>Buffer Weight :</b> <font color='blue'>12556 lbs</font></span><br><br><span style='white-space: nowrap;'>-<b>Buffer Weight(+2000 ft) :</b> <font color='blue'>-1744 lbs</font></span><br><br><span style='white-space: nowrap;'>-<b>Fuel :</b> <font color='blue'>39334 lbs</font></span><br><br><span style='white-space: nowrap;'>-<b>OAT :</b> <font color='blue'>-46</font></span><br><br><span style='white-space: nowrap;'>-<b>TAS :</b> <font color='blue'>464</font></span><br><br><span style='white-space: nowrap;'>-<b>TAT :</b> <font color='blue'>-17</font></span><br><br><span style='white-space: nowrap;'>-<b>Time 1 :</b> <font color='blue'>T/O + 00:54</font></span><br><br><span style='white-space: nowrap;'>-<b>Time 2 :</b> <font color='blue'>04:54Z, 08</font></span><br><br><span style='white-space: nowrap;'>-<b>Wind factor :</b> <font color='blue'>H.W 9KT</font></span><br><br><span style='white-space: nowrap;'>-<b>Shear rate :</b> <font color='blue'>1</font></span><br><br><span style='white-space: nowrap;'>-<b>MORA :</b> <font color='blue'>1500 ft</font></span><br><br>]]></description>
  <styleUrl>#style_25</styleUrl>
  <Point>
    <extrude>1</extrude>
    <altitudeMode>absolute</altitudeMode>
    <coordinates>125.663333,31.720000,11582.4</coordinates>
  </Point>
</Placemark>
<Style id="style_26">
  <IconStyle><scale>1.2</scale><Icon><href>https://maps.google.com/mapfiles/kml/paddle/ylw-diamond.png</href></Icon></IconStyle>
</Style>
<Placemark>
  <name>KANKA</name>
  <description><![CDATA[<span style='white-space: nowrap;'>-<b>Airway :</b> <font color='blue'>Y711</font></span><br><br><span style='white-space: nowrap;'>-<b>Altitude :</b> <font color='blue'>FL380</font></span><br><br><span style='white-space: nowrap;'>-<b>Weight :</b> <font color='blue'>142705 lbs</font></span><br><br><span style='white-space: nowrap;'>-<b>Buffer Weight :</b> <font color='blue'>12695 lbs</font></span><br><br><span style='white-space: nowrap;'>-<b>Buffer Weight(+2000 ft) :</b> <font color='blue'>-1605 lbs</font></span><br><br><span style='white-space: nowrap;'>-<b>Fuel :</b> <font color='blue'>39195 lbs</font></span><br><br><span style='white-space: nowrap;'>-<b>OAT :</b> <font color='blue'>-46</font></span><br><br><span style='white-space: nowrap;'>-<b>TAS :</b> <font color='blue'>464</font></span><br><br><span style='white-space: nowrap;'>-<b>TAT :</b> <font color='blue'>-17</font></span><br><br><span style='white-space: nowrap;'>-<b>Time 1 :</b> <font color='blue'>T/O + 00:55</font></span><br><br><span style='white-space: nowrap;'>-<b>Time 2 :</b> <font color='blue'>04:55Z, 08</font></span><br><br><span style='white-space: nowrap;'>-<b>Wind factor :</b> <font color='blue'>H.W 7KT</font></span><br><br><span style='white-space: nowrap;'>-<b>Shear rate :</b> <font color='blue'>1</font></span><br><br><span style='white-space: nowrap;'>-<b>MORA :</b> <font color='blue'>1500 ft</font></span><br><br>]]></description>
  <styleUrl>#style_26</styleUrl>
  <Point>
    <extrude>1</extrude>
    <altitudeMode>absolute</altitudeMode>
    <coordinates>125.585000,31.531667,11582.4</coordinates>
  </Point>
</Placemark>
<Style id="style_27">
  <IconStyle><scale>1.2</scale><Icon><href>https://maps.google.com/mapfiles/kml/paddle/ylw-diamond.png</href></Icon></IconStyle>
</Style>
<Placemark>
  <name>BONSO</name>
  <description><![CDATA[<span style='white-space: nowrap;'>-<b>Airway :</b> <font color='blue'>Y711</font></span><br><br><span style='white-space: nowrap;'>-<b>Altitude :</b> <font color='blue'>FL380</font></span><br><br><span style='white-space: nowrap;'>-<b>Weight :</b> <font color='blue'>141931 lbs</font></span><br><br><span style='white-space: nowrap;'>-<b>Buffer Weight :</b> <font color='blue'>13469 lbs</font></span><br><br><span style='white-space: nowrap;'>-<b>Buffer Weight(+2000 ft) :</b> <font color='blue'>-831 lbs</font></span><br><br><span style='white-space: nowrap;'>-<b>Fuel :</b> <font color='blue'>38421 lbs</font></span><br><br><span style='white-space: nowrap;'>-<b>OAT :</b> <font color='blue'>-46</font></span><br><br><span style='white-space: nowrap;'>-<b>TAS :</b> <font color='blue'>464</font></span><br><br><span style='white-space: nowrap;'>-<b>TAT :</b> <font color='blue'>-17</font></span><br><br><span style='white-space: nowrap;'>-<b>Time 1 :</b> <font color='blue'>T/O + 01:04</font></span><br><br><span style='white-space: nowrap;'>-<b>Time 2 :</b> <font color='blue'>05:04Z, 08</font></span><br><br><span style='white-space: nowrap;'>-<b>Wind factor :</b> <font color='blue'>H.W 2KT</font></span><br><br><span style='white-space: nowrap;'>-<b>Shear rate :</b> <font color='blue'>1</font></span><br><br><span style='white-space: nowrap;'>-<b>MORA :</b> <font color='blue'>1500 ft</font></span><br><br>]]></description>
  <styleUrl>#style_27</styleUrl>
  <Point>
    <extrude>1</extrude>
    <altitudeMode>absolute</altitudeMode>
    <coordinates>125.146667,30.478333,11582.4</coordinates>
  </Point>
</Placemark>
<Style id="style_28">
  <IconStyle><scale>1.2</scale><Icon><href>https://maps.google.com/mapfiles/kml/paddle/ylw-diamond.png</href></Icon></IconStyle>
</Style>
<Placemark>
  <name>MUGUS</name>
  <description><![CDATA[<span style='white-space: nowrap;'>-<b>Airway :</b> <font color='blue'>Y742</font></span><br><br><span style='white-space: nowrap;'>-<b>Altitude :</b> <font color='blue'>FL380</font></span><br><br><span style='white-space: nowrap;'>-<b>Weight :</b> <font color='blue'>141581 lbs</font></span><br><br><span style='white-space: nowrap;'>-<b>Buffer Weight :</b> <font color='blue'>13749 lbs</font></span><br><br><span style='white-space: nowrap;'>-<b>Buffer Weight(+2000 ft) :</b> <font color='blue'>-551 lbs</font></span><br><br><span style='white-space: nowrap;'>-<b>Fuel :</b> <font color='blue'>38071 lbs</font></span><br><br><span style='white-space: nowrap;'>-<b>OAT :</b> <font color='blue'>-46</font></span><br><br><span style='white-space: nowrap;'>-<b>TAS :</b> <font color='blue'>464</font></span><br><br><span style='white-space: nowrap;'>-<b>TAT :</b> <font color='blue'>-17</font></span><br><br><span style='white-space: nowrap;'>-<b>Time 1 :</b> <font color='blue'>T/O + 01:08</font></span><br><br><span style='white-space: nowrap;'>-<b>Time 2 :</b> <font color='blue'>05:08Z, 08</font></span><br><br><span style='white-space: nowrap;'>-<b>Wind factor :</b> <font color='blue'>T.W 2kt</font></span><br><br><span style='white-space: nowrap;'>-<b>Shear rate :</b> <font color='blue'>1</font></span><br><br><span style='white-space: nowrap;'>-<b>MORA :</b> <font color='blue'>1500 ft</font></span><br><br>]]></description>
  <styleUrl>#style_28</styleUrl>
  <Point>
    <extrude>1</extrude>
    <altitudeMode>absolute</altitudeMode>
    <coordinates>124.953333,30.001667,11582.4</coordinates>
  </Point>
</Placemark>
<Style id="style_29">
  <IconStyle><scale>1.2</scale><Icon><href>https://maps.google.com/mapfiles/kml/shapes/marina.png</href></Icon></IconStyle>
</Style>
<Placemark>
  <name>-ETP-1</name>
  <description><![CDATA[<span style='white-space: nowrap;'>-<b>Airway :</b> <font color='blue'>Y742</font></span><br><br><span style='white-space: nowrap;'>-<b>Altitude :</b> <font color='blue'>FL380</font></span><br><br><span style='white-space: nowrap;'>-<b>Weight :</b> <font color='blue'>141429 lbs</font></span><br><br><span style='white-space: nowrap;'>-<b>Buffer Weight :</b> <font color='blue'>13726 lbs</font></span><br><br><span style='white-space: nowrap;'>-<b>Buffer Weight(+2000 ft) :</b> <font color='blue'>-574 lbs</font></span><br><br><span style='white-space: nowrap;'>-<b>Fuel :</b> <font color='blue'>37919 lbs</font></span><br><br><span style='white-space: nowrap;'>-<b>OAT :</b> <font color='blue'>-46</font></span><br><br><span style='white-space: nowrap;'>-<b>TAS :</b> <font color='blue'>464</font></span><br><br><span style='white-space: nowrap;'>-<b>TAT :</b> <font color='blue'>-17</font></span><br><br><span style='white-space: nowrap;'>-<b>Time 1 :</b> <font color='blue'>T/O + 01:10</font></span><br><br><span style='white-space: nowrap;'>-<b>Time 2 :</b> <font color='blue'>05:10Z, 08</font></span><br><br><span style='white-space: nowrap;'>-<b>Wind factor :</b> <font color='blue'>T.W 7kt</font></span><br><br><span style='white-space: nowrap;'>-<b>Shear rate :</b> <font color='blue'>1</font></span><br><br><span style='white-space: nowrap;'>-<b>MORA :</b> <font color='blue'>1500 ft</font></span><br><br>]]></description>
  <styleUrl>#style_29</styleUrl>
  <Point>
    <extrude>1</extrude>
    <altitudeMode>absolute</altitudeMode>
    <coordinates>124.866667,29.796667,11582.4</coordinates>
  </Point>
</Placemark>
<Style id="style_30">
  <IconStyle><scale>1.2</scale><Icon><href>https://maps.google.com/mapfiles/kml/paddle/ylw-diamond.png</href></Icon></IconStyle>
</Style>
<Placemark>
  <name>SUBTA</name>
  <description><![CDATA[<span style='white-space: nowrap;'>-<b>Airway :</b> <font color='blue'>Y742</font></span><br><br><span style='white-space: nowrap;'>-<b>Altitude :</b> <font color='blue'>FL380</font></span><br><br><span style='white-space: nowrap;'>-<b>Weight :</b> <font color='blue'>140803 lbs</font></span><br><br><span style='white-space: nowrap;'>-<b>Buffer Weight :</b> <font color='blue'>14352 lbs</font></span><br><br><span style='white-space: nowrap;'>-<b>Buffer Weight(+2000 ft) :</b> <font color='blue'>52 lbs</font></span><br><br><span style='white-space: nowrap;'>-<b>Fuel :</b> <font color='blue'>37293 lbs</font></span><br><br><span style='white-space: nowrap;'>-<b>OAT :</b> <font color='blue'>-46</font></span><br><br><span style='white-space: nowrap;'>-<b>TAS :</b> <font color='blue'>464</font></span><br><br><span style='white-space: nowrap;'>-<b>TAT :</b> <font color='blue'>-17</font></span><br><br><span style='white-space: nowrap;'>-<b>Time 1 :</b> <font color='blue'>T/O + 01:17</font></span><br><br><span style='white-space: nowrap;'>-<b>Time 2 :</b> <font color='blue'>05:17Z, 08</font></span><br><br><span style='white-space: nowrap;'>-<b>Wind factor :</b> <font color='blue'>T.W 7kt</font></span><br><br><span style='white-space: nowrap;'>-<b>Shear rate :</b> <font color='blue'>1</font></span><br><br><span style='white-space: nowrap;'>-<b>MORA :</b> <font color='blue'>1500 ft</font></span><br><br>]]></description>
  <styleUrl>#style_30</styleUrl>
  <Point>
    <extrude>1</extrude>
    <altitudeMode>absolute</altitudeMode>
    <coordinates>124.510000,28.953333,11582.4</coordinates>
  </Point>
</Placemark>
<Style id="style_31">
  <IconStyle><scale>1.2</scale><Icon><href>https://maps.google.com/mapfiles/kml/paddle/ylw-diamond.png</href></Icon></IconStyle>
</Style>
<Placemark>
  <name>SALMI</name>
  <description><![CDATA[<span style='white-space: nowrap;'>-<b>Airway :</b> <font color='blue'>Q11</font></span><br><br><span style='white-space: nowrap;'>-<b>Altitude :</b> <font color='blue'>FL400</font></span><br><br><span style='white-space: nowrap;'>-<b>Weight :</b> <font color='blue'>140193 lbs</font></span><br><br><span style='white-space: nowrap;'>-<b>Buffer Weight :</b> <font color='blue'>452 lbs</font></span><br><br><span style='white-space: nowrap;'>-<b>Fuel :</b> <font color='blue'>36683 lbs</font></span><br><br><span style='white-space: nowrap;'>-<b>OAT :</b> <font color='blue'>-50</font></span><br><br><span style='white-space: nowrap;'>-<b>TAS :</b> <font color='blue'>457</font></span><br><br><span style='white-space: nowrap;'>-<b>TAT :</b> <font color='blue'>-22</font></span><br><br><span style='white-space: nowrap;'>-<b>Time 1 :</b> <font color='blue'>T/O + 01:23</font></span><br><br><span style='white-space: nowrap;'>-<b>Time 2 :</b> <font color='blue'>05:23Z, 08</font></span><br><br><span style='white-space: nowrap;'>-<b>Wind factor :</b> <font color='blue'>T.W 13kt</font></span><br><br><span style='white-space: nowrap;'>-<b>Shear rate :</b> <font color='blue'>1</font></span><br><br><span style='white-space: nowrap;'>-<b>MORA :</b> <font color='blue'>1000 ft</font></span><br><br>]]></description>
  <styleUrl>#style_31</styleUrl>
  <Point>
    <extrude>1</extrude>
    <altitudeMode>absolute</altitudeMode>
    <coordinates>124.000000,28.315000,12192</coordinates>
  </Point>
</Placemark>
<Style id="style_32">
  <IconStyle><scale>1.2</scale><Icon><href>https://maps.google.com/mapfiles/kml/paddle/ylw-diamond.png</href></Icon></IconStyle>
</Style>
<Placemark>
  <name>WP900</name>
  <description><![CDATA[<span style='white-space: nowrap;'>-<b>Airway :</b> <font color='blue'>Q11</font></span><br><br><span style='white-space: nowrap;'>-<b>Altitude :</b> <font color='blue'>FL400</font></span><br><br><span style='white-space: nowrap;'>-<b>Weight :</b> <font color='blue'>139664 lbs</font></span><br><br><span style='white-space: nowrap;'>-<b>Buffer Weight :</b> <font color='blue'>1156 lbs</font></span><br><br><span style='white-space: nowrap;'>-<b>Fuel :</b> <font color='blue'>36154 lbs</font></span><br><br><span style='white-space: nowrap;'>-<b>OAT :</b> <font color='blue'>-52</font></span><br><br><span style='white-space: nowrap;'>-<b>TAS :</b> <font color='blue'>458</font></span><br><br><span style='white-space: nowrap;'>-<b>TAT :</b> <font color='blue'>-24</font></span><br><br><span style='white-space: nowrap;'>-<b>Time 1 :</b> <font color='blue'>T/O + 01:29</font></span><br><br><span style='white-space: nowrap;'>-<b>Time 2 :</b> <font color='blue'>05:29Z, 08</font></span><br><br><span style='white-space: nowrap;'>-<b>Wind factor :</b> <font color='blue'>T.W 8kt</font></span><br><br><span style='white-space: nowrap;'>-<b>Shear rate :</b> <font color='blue'>2</font></span><br><br><span style='white-space: nowrap;'>-<b>MORA :</b> <font color='blue'>1000 ft</font></span><br><br>]]></description>
  <styleUrl>#style_32</styleUrl>
  <Point>
    <extrude>1</extrude>
    <altitudeMode>absolute</altitudeMode>
    <coordinates>123.666667,27.616667,12192</coordinates>
  </Point>
</Placemark>
<Style id="style_33">
  <IconStyle><scale>1.2</scale><Icon><href>https://maps.google.com/mapfiles/kml/paddle/ylw-diamond.png</href></Icon></IconStyle>
</Style>
<Placemark>
  <name>MUNNA</name>
  <description><![CDATA[<span style='white-space: nowrap;'>-<b>Airway :</b> <font color='blue'>Q11</font></span><br><br><span style='white-space: nowrap;'>-<b>Altitude :</b> <font color='blue'>FL400</font></span><br><br><span style='white-space: nowrap;'>-<b>Weight :</b> <font color='blue'>138962 lbs</font></span><br><br><span style='white-space: nowrap;'>-<b>Buffer Weight :</b> <font color='blue'>1543 lbs</font></span><br><br><span style='white-space: nowrap;'>-<b>Fuel :</b> <font color='blue'>35452 lbs</font></span><br><br><span style='white-space: nowrap;'>-<b>OAT :</b> <font color='blue'>-52</font></span><br><br><span style='white-space: nowrap;'>-<b>TAS :</b> <font color='blue'>458</font></span><br><br><span style='white-space: nowrap;'>-<b>TAT :</b> <font color='blue'>-24</font></span><br><br><span style='white-space: nowrap;'>-<b>Time 1 :</b> <font color='blue'>T/O + 01:37</font></span><br><br><span style='white-space: nowrap;'>-<b>Time 2 :</b> <font color='blue'>05:37Z, 08</font></span><br><br><span style='white-space: nowrap;'>-<b>Wind factor :</b> <font color='blue'>T.W 17kt</font></span><br><br><span style='white-space: nowrap;'>-<b>Shear rate :</b> <font color='blue'>2</font></span><br><br><span style='white-space: nowrap;'>-<b>MORA :</b> <font color='blue'>1000 ft</font></span><br><br>]]></description>
  <styleUrl>#style_33</styleUrl>
  <Point>
    <extrude>1</extrude>
    <altitudeMode>absolute</altitudeMode>
    <coordinates>123.000000,26.788333,12192</coordinates>
  </Point>
</Placemark>
<Style id="style_34">
  <IconStyle><scale>1.2</scale><Icon><href>https://maps.google.com/mapfiles/kml/paddle/ylw-diamond.png</href></Icon></IconStyle>
</Style>
<Placemark>
  <name>SCOOP</name>
  <description><![CDATA[<span style='white-space: nowrap;'>-<b>Airway :</b> <font color='blue'>Q11</font></span><br><br><span style='white-space: nowrap;'>-<b>Altitude :</b> <font color='blue'>FL400</font></span><br><br><span style='white-space: nowrap;'>-<b>Weight :</b> <font color='blue'>138760 lbs</font></span><br><br><span style='white-space: nowrap;'>-<b>Buffer Weight :</b> <font color='blue'>1745 lbs</font></span><br><br><span style='white-space: nowrap;'>-<b>Fuel :</b> <font color='blue'>35250 lbs</font></span><br><br><span style='white-space: nowrap;'>-<b>OAT :</b> <font color='blue'>-52</font></span><br><br><span style='white-space: nowrap;'>-<b>TAS :</b> <font color='blue'>458</font></span><br><br><span style='white-space: nowrap;'>-<b>TAT :</b> <font color='blue'>-24</font></span><br><br><span style='white-space: nowrap;'>-<b>Time 1 :</b> <font color='blue'>T/O + 01:39</font></span><br><br><span style='white-space: nowrap;'>-<b>Time 2 :</b> <font color='blue'>05:39Z, 08</font></span><br><br><span style='white-space: nowrap;'>-<b>Wind factor :</b> <font color='blue'>T.W 17kt</font></span><br><br><span style='white-space: nowrap;'>-<b>Shear rate :</b> <font color='blue'>2</font></span><br><br><span style='white-space: nowrap;'>-<b>MORA :</b> <font color='blue'>1000 ft</font></span><br><br>]]></description>
  <styleUrl>#style_34</styleUrl>
  <Point>
    <extrude>1</extrude>
    <altitudeMode>absolute</altitudeMode>
    <coordinates>122.808333,26.546667,12192</coordinates>
  </Point>
</Placemark>
<Style id="style_35">
  <IconStyle><scale>1.2</scale><Icon><href>https://maps.google.com/mapfiles/kml/paddle/ylw-diamond.png</href></Icon></IconStyle>
</Style>
<Placemark>
  <name>METRO</name>
  <description><![CDATA[<span style='white-space: nowrap;'>-<b>Airway :</b> <font color='blue'>Q11</font></span><br><br><span style='white-space: nowrap;'>-<b>Altitude :</b> <font color='blue'>FL400</font></span><br><br><span style='white-space: nowrap;'>-<b>Weight :</b> <font color='blue'>138440 lbs</font></span><br><br><span style='white-space: nowrap;'>-<b>Buffer Weight :</b> <font color='blue'>2030 lbs</font></span><br><br><span style='white-space: nowrap;'>-<b>Fuel :</b> <font color='blue'>34930 lbs</font></span><br><br><span style='white-space: nowrap;'>-<b>OAT :</b> <font color='blue'>-52</font></span><br><br><span style='white-space: nowrap;'>-<b>TAS :</b> <font color='blue'>458</font></span><br><br><span style='white-space: nowrap;'>-<b>TAT :</b> <font color='blue'>-24</font></span><br><br><span style='white-space: nowrap;'>-<b>Time 1 :</b> <font color='blue'>T/O + 01:43</font></span><br><br><span style='white-space: nowrap;'>-<b>Time 2 :</b> <font color='blue'>05:43Z, 08</font></span><br><br><span style='white-space: nowrap;'>-<b>Wind factor :</b> <font color='blue'>T.W 18kt</font></span><br><br><span style='white-space: nowrap;'>-<b>Shear rate :</b> <font color='blue'>1</font></span><br><br><span style='white-space: nowrap;'>-<b>MORA :</b> <font color='blue'>1000 ft</font></span><br><br>]]></description>
  <styleUrl>#style_35</styleUrl>
  <Point>
    <extrude>1</extrude>
    <altitudeMode>absolute</altitudeMode>
    <coordinates>122.505000,26.161667,12192</coordinates>
  </Point>
</Placemark>
<Style id="style_36">
  <IconStyle><scale>1.2</scale><Icon><href>https://maps.google.com/mapfiles/kml/paddle/ylw-diamond.png</href></Icon></IconStyle>
</Style>
<Placemark>
  <name>DRAKE</name>
  <description><![CDATA[<span style='white-space: nowrap;'>-<b>Airway :</b> <font color='blue'>Q11</font></span><br><br><span style='white-space: nowrap;'>-<b>Altitude :</b> <font color='blue'>FL400</font></span><br><br><span style='white-space: nowrap;'>-<b>Weight :</b> <font color='blue'>137989 lbs</font></span><br><br><span style='white-space: nowrap;'>-<b>Buffer Weight :</b> <font color='blue'>2481 lbs</font></span><br><br><span style='white-space: nowrap;'>-<b>Fuel :</b> <font color='blue'>34479 lbs</font></span><br><br><span style='white-space: nowrap;'>-<b>OAT :</b> <font color='blue'>-52</font></span><br><br><span style='white-space: nowrap;'>-<b>TAS :</b> <font color='blue'>458</font></span><br><br><span style='white-space: nowrap;'>-<b>TAT :</b> <font color='blue'>-24</font></span><br><br><span style='white-space: nowrap;'>-<b>Time 1 :</b> <font color='blue'>T/O + 01:48</font></span><br><br><span style='white-space: nowrap;'>-<b>Time 2 :</b> <font color='blue'>05:48Z, 08</font></span><br><br><span style='white-space: nowrap;'>-<b>Wind factor :</b> <font color='blue'>T.W 18kt</font></span><br><br><span style='white-space: nowrap;'>-<b>Shear rate :</b> <font color='blue'>1</font></span><br><br><span style='white-space: nowrap;'>-<b>MORA :</b> <font color='blue'>2600 ft</font></span><br><br>]]></description>
  <styleUrl>#style_36</styleUrl>
  <Point>
    <extrude>1</extrude>
    <altitudeMode>absolute</altitudeMode>
    <coordinates>122.078333,25.615000,12192</coordinates>
  </Point>
</Placemark>
<Style id="style_37">
  <IconStyle><scale>1.2</scale><Icon><href>https://maps.google.com/mapfiles/kml/paddle/ylw-diamond.png</href></Icon></IconStyle>
</Style>
<Placemark>
  <name>FANPY</name>
  <description><![CDATA[<span style='white-space: nowrap;'>-<b>Airway :</b> <font color='blue'>Q11</font></span><br><br><span style='white-space: nowrap;'>-<b>Altitude :</b> <font color='blue'>FL400</font></span><br><br><span style='white-space: nowrap;'>-<b>Weight :</b> <font color='blue'>137654 lbs</font></span><br><br><span style='white-space: nowrap;'>-<b>Buffer Weight :</b> <font color='blue'>3376 lbs</font></span><br><br><span style='white-space: nowrap;'>-<b>Fuel :</b> <font color='blue'>34144 lbs</font></span><br><br><span style='white-space: nowrap;'>-<b>OAT :</b> <font color='blue'>-52</font></span><br><br><span style='white-space: nowrap;'>-<b>TAS :</b> <font color='blue'>458</font></span><br><br><span style='white-space: nowrap;'>-<b>TAT :</b> <font color='blue'>-24</font></span><br><br><span style='white-space: nowrap;'>-<b>Time 1 :</b> <font color='blue'>T/O + 01:52</font></span><br><br><span style='white-space: nowrap;'>-<b>Time 2 :</b> <font color='blue'>05:52Z, 08</font></span><br><br><span style='white-space: nowrap;'>-<b>Wind factor :</b> <font color='blue'>T.W 2kt</font></span><br><br><span style='white-space: nowrap;'>-<b>Shear rate :</b> <font color='blue'>1</font></span><br><br><span style='white-space: nowrap;'>-<b>MORA :</b> <font color='blue'>2600 ft</font></span><br><br>]]></description>
  <styleUrl>#style_37</styleUrl>
  <Point>
    <extrude>1</extrude>
    <altitudeMode>absolute</altitudeMode>
    <coordinates>122.058333,25.125000,12192</coordinates>
  </Point>
</Placemark>
<Style id="style_38">
  <IconStyle><scale>1.2</scale><Icon><href>https://maps.google.com/mapfiles/kml/paddle/ylw-diamond.png</href></Icon></IconStyle>
</Style>
<Placemark>
  <name>TINHO</name>
  <description><![CDATA[<span style='white-space: nowrap;'>-<b>Airway :</b> <font color='blue'>Q11</font></span><br><br><span style='white-space: nowrap;'>-<b>Altitude :</b> <font color='blue'>FL400</font></span><br><br><span style='white-space: nowrap;'>-<b>Weight :</b> <font color='blue'>137124 lbs</font></span><br><br><span style='white-space: nowrap;'>-<b>Buffer Weight :</b> <font color='blue'>3871 lbs</font></span><br><br><span style='white-space: nowrap;'>-<b>Fuel :</b> <font color='blue'>33614 lbs</font></span><br><br><span style='white-space: nowrap;'>-<b>OAT :</b> <font color='blue'>-52</font></span><br><br><span style='white-space: nowrap;'>-<b>TAS :</b> <font color='blue'>458</font></span><br><br><span style='white-space: nowrap;'>-<b>TAT :</b> <font color='blue'>-24</font></span><br><br><span style='white-space: nowrap;'>-<b>Time 1 :</b> <font color='blue'>T/O + 01:58</font></span><br><br><span style='white-space: nowrap;'>-<b>Time 2 :</b> <font color='blue'>05:58Z, 08</font></span><br><br><span style='white-space: nowrap;'>-<b>Wind factor :</b> <font color='blue'>T.W 3kt</font></span><br><br><span style='white-space: nowrap;'>-<b>Shear rate :</b> <font color='blue'>1</font></span><br><br><span style='white-space: nowrap;'>-<b>MORA :</b> <font color='blue'>2700 ft</font></span><br><br>]]></description>
  <styleUrl>#style_38</styleUrl>
  <Point>
    <extrude>1</extrude>
    <altitudeMode>absolute</altitudeMode>
    <coordinates>122.028333,24.351667,12192</coordinates>
  </Point>
</Placemark>
<Style id="style_39">
  <IconStyle><scale>1.2</scale><Icon><href>https://maps.google.com/mapfiles/kml/paddle/ylw-diamond.png</href></Icon></IconStyle>
</Style>
<Placemark>
  <name>TITUS</name>
  <description><![CDATA[<span style='white-space: nowrap;'>-<b>Airway :</b> <font color='blue'>Q11</font></span><br><br><span style='white-space: nowrap;'>-<b>Altitude :</b> <font color='blue'>FL400</font></span><br><br><span style='white-space: nowrap;'>-<b>Weight :</b> <font color='blue'>136753 lbs</font></span><br><br><span style='white-space: nowrap;'>-<b>Buffer Weight :</b> <font color='blue'>3962 lbs</font></span><br><br><span style='white-space: nowrap;'>-<b>Fuel :</b> <font color='blue'>33243 lbs</font></span><br><br><span style='white-space: nowrap;'>-<b>OAT :</b> <font color='blue'>-52</font></span><br><br><span style='white-space: nowrap;'>-<b>TAS :</b> <font color='blue'>458</font></span><br><br><span style='white-space: nowrap;'>-<b>TAT :</b> <font color='blue'>-24</font></span><br><br><span style='white-space: nowrap;'>-<b>Time 1 :</b> <font color='blue'>T/O + 02:02</font></span><br><br><span style='white-space: nowrap;'>-<b>Time 2 :</b> <font color='blue'>06:02Z, 08</font></span><br><br><span style='white-space: nowrap;'>-<b>Wind factor :</b> <font color='blue'>T.W 11kt</font></span><br><br><span style='white-space: nowrap;'>-<b>Shear rate :</b> <font color='blue'>2</font></span><br><br><span style='white-space: nowrap;'>-<b>MORA :</b> <font color='blue'>15000 ft</font></span><br><br>]]></description>
  <styleUrl>#style_39</styleUrl>
  <Point>
    <extrude>1</extrude>
    <altitudeMode>absolute</altitudeMode>
    <coordinates>121.856667,23.826667,12192</coordinates>
  </Point>
</Placemark>
<Style id="style_40">
  <IconStyle><scale>1.2</scale><Icon><href>https://maps.google.com/mapfiles/kml/paddle/ylw-diamond.png</href></Icon></IconStyle>
</Style>
<Placemark>
  <name>WAGON</name>
  <description><![CDATA[<span style='white-space: nowrap;'>-<b>Airway :</b> <font color='blue'>Q11</font></span><br><br><span style='white-space: nowrap;'>-<b>Altitude :</b> <font color='blue'>FL400</font></span><br><br><span style='white-space: nowrap;'>-<b>Weight :</b> <font color='blue'>136583 lbs</font></span><br><br><span style='white-space: nowrap;'>-<b>Buffer Weight :</b> <font color='blue'>4132 lbs</font></span><br><br><span style='white-space: nowrap;'>-<b>Fuel :</b> <font color='blue'>33073 lbs</font></span><br><br><span style='white-space: nowrap;'>-<b>OAT :</b> <font color='blue'>-52</font></span><br><br><span style='white-space: nowrap;'>-<b>TAS :</b> <font color='blue'>458</font></span><br><br><span style='white-space: nowrap;'>-<b>TAT :</b> <font color='blue'>-24</font></span><br><br><span style='white-space: nowrap;'>-<b>Time 1 :</b> <font color='blue'>T/O + 02:04</font></span><br><br><span style='white-space: nowrap;'>-<b>Time 2 :</b> <font color='blue'>06:04Z, 08</font></span><br><br><span style='white-space: nowrap;'>-<b>Wind factor :</b> <font color='blue'>T.W 11kt</font></span><br><br><span style='white-space: nowrap;'>-<b>Shear rate :</b> <font color='blue'>2</font></span><br><br><span style='white-space: nowrap;'>-<b>MORA :</b> <font color='blue'>15000 ft</font></span><br><br>]]></description>
  <styleUrl>#style_40</styleUrl>
  <Point>
    <extrude>1</extrude>
    <altitudeMode>absolute</altitudeMode>
    <coordinates>121.780000,23.586667,12192</coordinates>
  </Point>
</Placemark>
<Style id="style_41">
  <IconStyle><scale>1.2</scale><Icon><href>https://maps.google.com/mapfiles/kml/paddle/ylw-diamond.png</href></Icon></IconStyle>
</Style>
<Placemark>
  <name>JICHI</name>
  <description><![CDATA[<span style='white-space: nowrap;'>-<b>Airway :</b> <font color='blue'>Q11</font></span><br><br><span style='white-space: nowrap;'>-<b>Altitude :</b> <font color='blue'>FL400</font></span><br><br><span style='white-space: nowrap;'>-<b>Weight :</b> <font color='blue'>136459 lbs</font></span><br><br><span style='white-space: nowrap;'>-<b>Buffer Weight :</b> <font color='blue'>4256 lbs</font></span><br><br><span style='white-space: nowrap;'>-<b>Fuel :</b> <font color='blue'>32949 lbs</font></span><br><br><span style='white-space: nowrap;'>-<b>OAT :</b> <font color='blue'>-52</font></span><br><br><span style='white-space: nowrap;'>-<b>TAS :</b> <font color='blue'>458</font></span><br><br><span style='white-space: nowrap;'>-<b>TAT :</b> <font color='blue'>-24</font></span><br><br><span style='white-space: nowrap;'>-<b>Time 1 :</b> <font color='blue'>T/O + 02:06</font></span><br><br><span style='white-space: nowrap;'>-<b>Time 2 :</b> <font color='blue'>06:06Z, 08</font></span><br><br><span style='white-space: nowrap;'>-<b>Wind factor :</b> <font color='blue'>T.W 11kt</font></span><br><br><span style='white-space: nowrap;'>-<b>Shear rate :</b> <font color='blue'>2</font></span><br><br><span style='white-space: nowrap;'>-<b>MORA :</b> <font color='blue'>15000 ft</font></span><br><br>]]></description>
  <styleUrl>#style_41</styleUrl>
  <Point>
    <extrude>1</extrude>
    <altitudeMode>absolute</altitudeMode>
    <coordinates>121.723333,23.410000,12192</coordinates>
  </Point>
</Placemark>
<Style id="style_42">
  <IconStyle><scale>1.2</scale><Icon><href>https://maps.google.com/mapfiles/kml/paddle/ylw-diamond.png</href></Icon></IconStyle>
</Style>
<Placemark>
  <name>TACLE</name>
  <description><![CDATA[<span style='white-space: nowrap;'>-<b>Airway :</b> <font color='blue'>Q12</font></span><br><br><span style='white-space: nowrap;'>-<b>Altitude :</b> <font color='blue'>FL400</font></span><br><br><span style='white-space: nowrap;'>-<b>Weight :</b> <font color='blue'>136165 lbs</font></span><br><br><span style='white-space: nowrap;'>-<b>Buffer Weight :</b> <font color='blue'>4480 lbs</font></span><br><br><span style='white-space: nowrap;'>-<b>Fuel :</b> <font color='blue'>32655 lbs</font></span><br><br><span style='white-space: nowrap;'>-<b>OAT :</b> <font color='blue'>-52</font></span><br><br><span style='white-space: nowrap;'>-<b>TAS :</b> <font color='blue'>458</font></span><br><br><span style='white-space: nowrap;'>-<b>TAT :</b> <font color='blue'>-24</font></span><br><br><span style='white-space: nowrap;'>-<b>Time 1 :</b> <font color='blue'>T/O + 02:09</font></span><br><br><span style='white-space: nowrap;'>-<b>Time 2 :</b> <font color='blue'>06:09Z, 08</font></span><br><br><span style='white-space: nowrap;'>-<b>Wind factor :</b> <font color='blue'>T.W 13kt</font></span><br><br><span style='white-space: nowrap;'>-<b>Shear rate :</b> <font color='blue'>2</font></span><br><br><span style='white-space: nowrap;'>-<b>MORA :</b> <font color='blue'>15000 ft</font></span><br><br>]]></description>
  <styleUrl>#style_42</styleUrl>
  <Point>
    <extrude>1</extrude>
    <altitudeMode>absolute</altitudeMode>
    <coordinates>121.588333,22.993333,12192</coordinates>
  </Point>
</Placemark>
<Style id="style_43">
  <IconStyle><scale>1.2</scale><Icon><href>https://maps.google.com/mapfiles/kml/paddle/ylw-diamond.png</href></Icon></IconStyle>
</Style>
<Placemark>
  <name>YANMA</name>
  <description><![CDATA[<span style='white-space: nowrap;'>-<b>Airway :</b> <font color='blue'>Q12</font></span><br><br><span style='white-space: nowrap;'>-<b>Altitude :</b> <font color='blue'>FL400</font></span><br><br><span style='white-space: nowrap;'>-<b>Weight :</b> <font color='blue'>135936 lbs</font></span><br><br><span style='white-space: nowrap;'>-<b>Buffer Weight :</b> <font color='blue'>4464 lbs</font></span><br><br><span style='white-space: nowrap;'>-<b>Fuel :</b> <font color='blue'>32426 lbs</font></span><br><br><span style='white-space: nowrap;'>-<b>OAT :</b> <font color='blue'>-52</font></span><br><br><span style='white-space: nowrap;'>-<b>TAS :</b> <font color='blue'>458</font></span><br><br><span style='white-space: nowrap;'>-<b>TAT :</b> <font color='blue'>-24</font></span><br><br><span style='white-space: nowrap;'>-<b>Time 1 :</b> <font color='blue'>T/O + 02:12</font></span><br><br><span style='white-space: nowrap;'>-<b>Time 2 :</b> <font color='blue'>06:12Z, 08</font></span><br><br><span style='white-space: nowrap;'>-<b>Wind factor :</b> <font color='blue'>T.W 20kt</font></span><br><br><span style='white-space: nowrap;'>-<b>Shear rate :</b> <font color='blue'>1</font></span><br><br><span style='white-space: nowrap;'>-<b>MORA :</b> <font color='blue'>11100 ft</font></span><br><br>]]></description>
  <styleUrl>#style_43</styleUrl>
  <Point>
    <extrude>1</extrude>
    <altitudeMode>absolute</altitudeMode>
    <coordinates>121.376667,22.713333,12192</coordinates>
  </Point>
</Placemark>
<Style id="style_44">
  <IconStyle><scale>1.2</scale><Icon><href>https://maps.google.com/mapfiles/kml/paddle/ylw-diamond.png</href></Icon></IconStyle>
</Style>
<Placemark>
  <name>ZUBAT</name>
  <description><![CDATA[<span style='white-space: nowrap;'>-<b>Airway :</b> <font color='blue'>Q12</font></span><br><br><span style='white-space: nowrap;'>-<b>Altitude :</b> <font color='blue'>FL400</font></span><br><br><span style='white-space: nowrap;'>-<b>Weight :</b> <font color='blue'>135126 lbs</font></span><br><br><span style='white-space: nowrap;'>-<b>Buffer Weight :</b> <font color='blue'>5204 lbs</font></span><br><br><span style='white-space: nowrap;'>-<b>Fuel :</b> <font color='blue'>31616 lbs</font></span><br><br><span style='white-space: nowrap;'>-<b>OAT :</b> <font color='blue'>-52</font></span><br><br><span style='white-space: nowrap;'>-<b>TAS :</b> <font color='blue'>458</font></span><br><br><span style='white-space: nowrap;'>-<b>TAT :</b> <font color='blue'>-24</font></span><br><br><span style='white-space: nowrap;'>-<b>Time 1 :</b> <font color='blue'>T/O + 02:21</font></span><br><br><span style='white-space: nowrap;'>-<b>Time 2 :</b> <font color='blue'>06:21Z, 08</font></span><br><br><span style='white-space: nowrap;'>-<b>Wind factor :</b> <font color='blue'>T.W 22kt</font></span><br><br><span style='white-space: nowrap;'>-<b>Shear rate :</b> <font color='blue'>2</font></span><br><br><span style='white-space: nowrap;'>-<b>MORA :</b> <font color='blue'>12500 ft</font></span><br><br>]]></description>
  <styleUrl>#style_44</styleUrl>
  <Point>
    <extrude>1</extrude>
    <altitudeMode>absolute</altitudeMode>
    <coordinates>120.558333,21.783333,12192</coordinates>
  </Point>
</Placemark>
<Style id="style_45">
  <IconStyle><scale>1.2</scale><Icon><href>https://maps.google.com/mapfiles/kml/paddle/ylw-diamond.png</href></Icon></IconStyle>
</Style>
<Placemark>
  <name>KABAM</name>
  <description><![CDATA[<span style='white-space: nowrap;'>-<b>Airway :</b> <font color='blue'>N892</font></span><br><br><span style='white-space: nowrap;'>-<b>Altitude :</b> <font color='blue'>FL400</font></span><br><br><span style='white-space: nowrap;'>-<b>Weight :</b> <font color='blue'>134444 lbs</font></span><br><br><span style='white-space: nowrap;'>-<b>Buffer Weight :</b> <font color='blue'>5956 lbs</font></span><br><br><span style='white-space: nowrap;'>-<b>Fuel :</b> <font color='blue'>30934 lbs</font></span><br><br><span style='white-space: nowrap;'>-<b>OAT :</b> <font color='blue'>-53</font></span><br><br><span style='white-space: nowrap;'>-<b>TAS :</b> <font color='blue'>457</font></span><br><br><span style='white-space: nowrap;'>-<b>TAT :</b> <font color='blue'>-25</font></span><br><br><span style='white-space: nowrap;'>-<b>Time 1 :</b> <font color='blue'>T/O + 02:29</font></span><br><br><span style='white-space: nowrap;'>-<b>Time 2 :</b> <font color='blue'>06:29Z, 08</font></span><br><br><span style='white-space: nowrap;'>-<b>Wind factor :</b> <font color='blue'>T.W 20kt</font></span><br><br><span style='white-space: nowrap;'>-<b>Shear rate :</b> <font color='blue'>2</font></span><br><br><span style='white-space: nowrap;'>-<b>MORA :</b> <font color='blue'>2400 ft</font></span><br><br>]]></description>
  <styleUrl>#style_45</styleUrl>
  <Point>
    <extrude>1</extrude>
    <altitudeMode>absolute</altitudeMode>
    <coordinates>119.880000,21.000000,12192</coordinates>
  </Point>
</Placemark>
<Style id="style_46">
  <IconStyle><scale>1.2</scale><Icon><href>https://maps.google.com/mapfiles/kml/shapes/marina.png</href></Icon></IconStyle>
</Style>
<Placemark>
  <name>-ETP-2</name>
  <description><![CDATA[<span style='white-space: nowrap;'>-<b>Airway :</b> <font color='blue'>N892</font></span><br><br><span style='white-space: nowrap;'>-<b>Altitude :</b> <font color='blue'>FL400</font></span><br><br><span style='white-space: nowrap;'>-<b>Weight :</b> <font color='blue'>133848 lbs</font></span><br><br><span style='white-space: nowrap;'>-<b>Buffer Weight :</b> <font color='blue'>6307 lbs</font></span><br><br><span style='white-space: nowrap;'>-<b>Fuel :</b> <font color='blue'>30338 lbs</font></span><br><br><span style='white-space: nowrap;'>-<b>OAT :</b> <font color='blue'>-53</font></span><br><br><span style='white-space: nowrap;'>-<b>TAS :</b> <font color='blue'>457</font></span><br><br><span style='white-space: nowrap;'>-<b>TAT :</b> <font color='blue'>-25</font></span><br><br><span style='white-space: nowrap;'>-<b>Time 1 :</b> <font color='blue'>T/O + 02:36</font></span><br><br><span style='white-space: nowrap;'>-<b>Time 2 :</b> <font color='blue'>06:36Z, 08</font></span><br><br><span style='white-space: nowrap;'>-<b>Wind factor :</b> <font color='blue'>T.W 27kt</font></span><br><br><span style='white-space: nowrap;'>-<b>Shear rate :</b> <font color='blue'>1</font></span><br><br><span style='white-space: nowrap;'>-<b>MORA :</b> <font color='blue'>1000 ft</font></span><br><br>]]></description>
  <styleUrl>#style_46</styleUrl>
  <Point>
    <extrude>1</extrude>
    <altitudeMode>absolute</altitudeMode>
    <coordinates>119.213333,20.375000,12192</coordinates>
  </Point>
</Placemark>
<Style id="style_47">
  <IconStyle><scale>1.2</scale><Icon><href>https://maps.google.com/mapfiles/kml/paddle/ylw-diamond.png</href></Icon></IconStyle>
</Style>
<Placemark>
  <name>MIKIN</name>
  <description><![CDATA[<span style='white-space: nowrap;'>-<b>Airway :</b> <font color='blue'>N892</font></span><br><br><span style='white-space: nowrap;'>-<b>Altitude :</b> <font color='blue'>FL400</font></span><br><br><span style='white-space: nowrap;'>-<b>Weight :</b> <font color='blue'>132857 lbs</font></span><br><br><span style='white-space: nowrap;'>-<b>Buffer Weight :</b> <font color='blue'>7298 lbs</font></span><br><br><span style='white-space: nowrap;'>-<b>Fuel :</b> <font color='blue'>29347 lbs</font></span><br><br><span style='white-space: nowrap;'>-<b>OAT :</b> <font color='blue'>-53</font></span><br><br><span style='white-space: nowrap;'>-<b>TAS :</b> <font color='blue'>457</font></span><br><br><span style='white-space: nowrap;'>-<b>TAT :</b> <font color='blue'>-25</font></span><br><br><span style='white-space: nowrap;'>-<b>Time 1 :</b> <font color='blue'>T/O + 02:48</font></span><br><br><span style='white-space: nowrap;'>-<b>Time 2 :</b> <font color='blue'>06:48Z, 08</font></span><br><br><span style='white-space: nowrap;'>-<b>Wind factor :</b> <font color='blue'>T.W 27kt</font></span><br><br><span style='white-space: nowrap;'>-<b>Shear rate :</b> <font color='blue'>1</font></span><br><br><span style='white-space: nowrap;'>-<b>MORA :</b> <font color='blue'>1000 ft</font></span><br><br>]]></description>
  <styleUrl>#style_47</styleUrl>
  <Point>
    <extrude>1</extrude>
    <altitudeMode>absolute</altitudeMode>
    <coordinates>118.110000,19.335000,12192</coordinates>
  </Point>
</Placemark>
<Style id="style_48">
  <IconStyle><scale>1.2</scale><Icon><href>https://maps.google.com/mapfiles/kml/paddle/ylw-diamond.png</href></Icon></IconStyle>
</Style>
<Placemark>
  <name>MUMOT</name>
  <description><![CDATA[<span style='white-space: nowrap;'>-<b>Airway :</b> <font color='blue'>N892</font></span><br><br><span style='white-space: nowrap;'>-<b>Altitude :</b> <font color='blue'>FL400</font></span><br><br><span style='white-space: nowrap;'>-<b>Weight :</b> <font color='blue'>132568 lbs</font></span><br><br><span style='white-space: nowrap;'>-<b>Buffer Weight :</b> <font color='blue'>7517 lbs</font></span><br><br><span style='white-space: nowrap;'>-<b>Fuel :</b> <font color='blue'>29058 lbs</font></span><br><br><span style='white-space: nowrap;'>-<b>OAT :</b> <font color='blue'>-53</font></span><br><br><span style='white-space: nowrap;'>-<b>TAS :</b> <font color='blue'>456</font></span><br><br><span style='white-space: nowrap;'>-<b>TAT :</b> <font color='blue'>-26</font></span><br><br><span style='white-space: nowrap;'>-<b>Time 1 :</b> <font color='blue'>T/O + 02:52</font></span><br><br><span style='white-space: nowrap;'>-<b>Time 2 :</b> <font color='blue'>06:52Z, 08</font></span><br><br><span style='white-space: nowrap;'>-<b>Wind factor :</b> <font color='blue'>T.W 29kt</font></span><br><br><span style='white-space: nowrap;'>-<b>Shear rate :</b> <font color='blue'>1</font></span><br><br><span style='white-space: nowrap;'>-<b>MORA :</b> <font color='blue'>1500 ft</font></span><br><br>]]></description>
  <styleUrl>#style_48</styleUrl>
  <Point>
    <extrude>1</extrude>
    <altitudeMode>absolute</altitudeMode>
    <coordinates>117.790000,19.028333,12192</coordinates>
  </Point>
</Placemark>
<Style id="style_49">
  <IconStyle><scale>1.2</scale><Icon><href>https://maps.google.com/mapfiles/kml/paddle/ylw-diamond.png</href></Icon></IconStyle>
</Style>
<Placemark>
  <name>DALRA</name>
  <description><![CDATA[<span style='white-space: nowrap;'>-<b>Airway :</b> <font color='blue'>N892</font></span><br><br><span style='white-space: nowrap;'>-<b>Altitude :</b> <font color='blue'>FL400</font></span><br><br><span style='white-space: nowrap;'>-<b>Weight :</b> <font color='blue'>131399 lbs</font></span><br><br><span style='white-space: nowrap;'>-<b>Buffer Weight :</b> <font color='blue'>8686 lbs</font></span><br><br><span style='white-space: nowrap;'>-<b>Fuel :</b> <font color='blue'>27889 lbs</font></span><br><br><span style='white-space: nowrap;'>-<b>OAT :</b> <font color='blue'>-54</font></span><br><br><span style='white-space: nowrap;'>-<b>TAS :</b> <font color='blue'>456</font></span><br><br><span style='white-space: nowrap;'>-<b>TAT :</b> <font color='blue'>-26</font></span><br><br><span style='white-space: nowrap;'>-<b>Time 1 :</b> <font color='blue'>T/O + 03:06</font></span><br><br><span style='white-space: nowrap;'>-<b>Time 2 :</b> <font color='blue'>07:06Z, 08</font></span><br><br><span style='white-space: nowrap;'>-<b>Wind factor :</b> <font color='blue'>T.W 29kt</font></span><br><br><span style='white-space: nowrap;'>-<b>Shear rate :</b> <font color='blue'>1</font></span><br><br><span style='white-space: nowrap;'>-<b>MORA :</b> <font color='blue'>1500 ft</font></span><br><br>]]></description>
  <styleUrl>#style_49</styleUrl>
  <Point>
    <extrude>1</extrude>
    <altitudeMode>absolute</altitudeMode>
    <coordinates>116.501667,17.778333,12192</coordinates>
  </Point>
</Placemark>
<Style id="style_50">
  <IconStyle><scale>1.2</scale><Icon><href>https://maps.google.com/mapfiles/kml/shapes/marina.png</href></Icon></IconStyle>
</Style>
<Placemark>
  <name>-ETP-3</name>
  <description><![CDATA[<span style='white-space: nowrap;'>-<b>Airway :</b> <font color='blue'>N892</font></span><br><br><span style='white-space: nowrap;'>-<b>Altitude :</b> <font color='blue'>FL400</font></span><br><br><span style='white-space: nowrap;'>-<b>Weight :</b> <font color='blue'>129216 lbs</font></span><br><br><span style='white-space: nowrap;'>-<b>Buffer Weight :</b> <font color='blue'>11079 lbs</font></span><br><br><span style='white-space: nowrap;'>-<b>Fuel :</b> <font color='blue'>25706 lbs</font></span><br><br><span style='white-space: nowrap;'>-<b>OAT :</b> <font color='blue'>-54</font></span><br><br><span style='white-space: nowrap;'>-<b>TAS :</b> <font color='blue'>455</font></span><br><br><span style='white-space: nowrap;'>-<b>TAT :</b> <font color='blue'>-27</font></span><br><br><span style='white-space: nowrap;'>-<b>Time 1 :</b> <font color='blue'>T/O + 03:33</font></span><br><br><span style='white-space: nowrap;'>-<b>Time 2 :</b> <font color='blue'>07:33Z, 08</font></span><br><br><span style='white-space: nowrap;'>-<b>Wind factor :</b> <font color='blue'>T.W 23kt</font></span><br><br><span style='white-space: nowrap;'>-<b>Shear rate :</b> <font color='blue'>1</font></span><br><br><span style='white-space: nowrap;'>-<b>MORA :</b> <font color='blue'>1500 ft</font></span><br><br>]]></description>
  <styleUrl>#style_50</styleUrl>
  <Point>
    <extrude>1</extrude>
    <altitudeMode>absolute</altitudeMode>
    <coordinates>114.085000,15.345000,12192</coordinates>
  </Point>
</Placemark>
<Style id="style_51">
  <IconStyle><scale>1.2</scale><Icon><href>https://maps.google.com/mapfiles/kml/paddle/ylw-diamond.png</href></Icon></IconStyle>
</Style>
<Placemark>
  <name>MIGUG</name>
  <description><![CDATA[<span style='white-space: nowrap;'>-<b>Airway :</b> <font color='blue'>N892</font></span><br><br><span style='white-space: nowrap;'>-<b>Altitude :</b> <font color='blue'>FL400</font></span><br><br><span style='white-space: nowrap;'>-<b>Weight :</b> <font color='blue'>129145 lbs</font></span><br><br><span style='white-space: nowrap;'>-<b>Buffer Weight :</b> <font color='blue'>11080 lbs</font></span><br><br><span style='white-space: nowrap;'>-<b>Fuel :</b> <font color='blue'>25635 lbs</font></span><br><br><span style='white-space: nowrap;'>-<b>OAT :</b> <font color='blue'>-54</font></span><br><br><span style='white-space: nowrap;'>-<b>TAS :</b> <font color='blue'>455</font></span><br><br><span style='white-space: nowrap;'>-<b>TAT :</b> <font color='blue'>-27</font></span><br><br><span style='white-space: nowrap;'>-<b>Time 1 :</b> <font color='blue'>T/O + 03:34</font></span><br><br><span style='white-space: nowrap;'>-<b>Time 2 :</b> <font color='blue'>07:34Z, 08</font></span><br><br><span style='white-space: nowrap;'>-<b>Wind factor :</b> <font color='blue'>T.W 25kt</font></span><br><br><span style='white-space: nowrap;'>-<b>Shear rate :</b> <font color='blue'>1</font></span><br><br><span style='white-space: nowrap;'>-<b>MORA :</b> <font color='blue'>1500 ft</font></span><br><br>]]></description>
  <styleUrl>#style_51</styleUrl>
  <Point>
    <extrude>1</extrude>
    <altitudeMode>absolute</altitudeMode>
    <coordinates>114.000000,15.273333,12192</coordinates>
  </Point>
</Placemark>
<Style id="style_52">
  <IconStyle><scale>1.2</scale><Icon><href>https://maps.google.com/mapfiles/kml/paddle/ylw-diamond.png</href></Icon></IconStyle>
</Style>
<Placemark>
  <name>MONBO</name>
  <description><![CDATA[<span style='white-space: nowrap;'>-<b>Airway :</b> <font color='blue'>N892</font></span><br><br><span style='white-space: nowrap;'>-<b>Altitude :</b> <font color='blue'>FL400</font></span><br><br><span style='white-space: nowrap;'>-<b>Weight :</b> <font color='blue'>128550 lbs</font></span><br><br><span style='white-space: nowrap;'>-<b>Buffer Weight :</b> <font color='blue'>11780 lbs</font></span><br><br><span style='white-space: nowrap;'>-<b>Fuel :</b> <font color='blue'>25040 lbs</font></span><br><br><span style='white-space: nowrap;'>-<b>OAT :</b> <font color='blue'>-55</font></span><br><br><span style='white-space: nowrap;'>-<b>TAS :</b> <font color='blue'>455</font></span><br><br><span style='white-space: nowrap;'>-<b>TAT :</b> <font color='blue'>-27</font></span><br><br><span style='white-space: nowrap;'>-<b>Time 1 :</b> <font color='blue'>T/O + 03:41</font></span><br><br><span style='white-space: nowrap;'>-<b>Time 2 :</b> <font color='blue'>07:41Z, 08</font></span><br><br><span style='white-space: nowrap;'>-<b>Wind factor :</b> <font color='blue'>T.W 22kt</font></span><br><br><span style='white-space: nowrap;'>-<b>Shear rate :</b> <font color='blue'>2</font></span><br><br><span style='white-space: nowrap;'>-<b>MORA :</b> <font color='blue'>1000 ft</font></span><br><br>]]></description>
  <styleUrl>#style_52</styleUrl>
  <Point>
    <extrude>1</extrude>
    <altitudeMode>absolute</altitudeMode>
    <coordinates>113.428333,14.500000,12192</coordinates>
  </Point>
</Placemark>
<Style id="style_53">
  <IconStyle><scale>1.2</scale><Icon><href>https://maps.google.com/mapfiles/kml/paddle/ylw-diamond.png</href></Icon></IconStyle>
</Style>
<Placemark>
  <name>MESOX</name>
  <description><![CDATA[<span style='white-space: nowrap;'>-<b>Airway :</b> <font color='blue'>N892</font></span><br><br><span style='white-space: nowrap;'>-<b>Altitude :</b> <font color='blue'>FL400</font></span><br><br><span style='white-space: nowrap;'>-<b>Weight :</b> <font color='blue'>128156 lbs</font></span><br><br><span style='white-space: nowrap;'>-<b>Buffer Weight :</b> <font color='blue'>12139 lbs</font></span><br><br><span style='white-space: nowrap;'>-<b>Fuel :</b> <font color='blue'>24646 lbs</font></span><br><br><span style='white-space: nowrap;'>-<b>OAT :</b> <font color='blue'>-55</font></span><br><br><span style='white-space: nowrap;'>-<b>TAS :</b> <font color='blue'>455</font></span><br><br><span style='white-space: nowrap;'>-<b>TAT :</b> <font color='blue'>-27</font></span><br><br><span style='white-space: nowrap;'>-<b>Time 1 :</b> <font color='blue'>T/O + 03:46</font></span><br><br><span style='white-space: nowrap;'>-<b>Time 2 :</b> <font color='blue'>07:46Z, 08</font></span><br><br><span style='white-space: nowrap;'>-<b>Wind factor :</b> <font color='blue'>T.W 23kt</font></span><br><br><span style='white-space: nowrap;'>-<b>Shear rate :</b> <font color='blue'>1</font></span><br><br><span style='white-space: nowrap;'>-<b>MORA :</b> <font color='blue'>1000 ft</font></span><br><br>]]></description>
  <styleUrl>#style_53</styleUrl>
  <Point>
    <extrude>1</extrude>
    <altitudeMode>absolute</altitudeMode>
    <coordinates>113.045000,13.980000,12192</coordinates>
  </Point>
</Placemark>
<Style id="style_54">
  <IconStyle><scale>1.2</scale><Icon><href>https://maps.google.com/mapfiles/kml/paddle/ylw-diamond.png</href></Icon></IconStyle>
</Style>
<Placemark>
  <name>MUGAN</name>
  <description><![CDATA[<span style='white-space: nowrap;'>-<b>Airway :</b> <font color='blue'>N892</font></span><br><br><span style='white-space: nowrap;'>-<b>Altitude :</b> <font color='blue'>FL400</font></span><br><br><span style='white-space: nowrap;'>-<b>Weight :</b> <font color='blue'>126959 lbs</font></span><br><br><span style='white-space: nowrap;'>-<b>Buffer Weight :</b> <font color='blue'>13161 lbs</font></span><br><br><span style='white-space: nowrap;'>-<b>Fuel :</b> <font color='blue'>23449 lbs</font></span><br><br><span style='white-space: nowrap;'>-<b>OAT :</b> <font color='blue'>-55</font></span><br><br><span style='white-space: nowrap;'>-<b>TAS :</b> <font color='blue'>455</font></span><br><br><span style='white-space: nowrap;'>-<b>TAT :</b> <font color='blue'>-27</font></span><br><br><span style='white-space: nowrap;'>-<b>Time 1 :</b> <font color='blue'>T/O + 04:01</font></span><br><br><span style='white-space: nowrap;'>-<b>Time 2 :</b> <font color='blue'>08:01Z, 08</font></span><br><br><span style='white-space: nowrap;'>-<b>Wind factor :</b> <font color='blue'>T.W 28kt</font></span><br><br><span style='white-space: nowrap;'>-<b>Shear rate :</b> <font color='blue'>1</font></span><br><br><span style='white-space: nowrap;'>-<b>MORA :</b> <font color='blue'>1000 ft</font></span><br><br>]]></description>
  <styleUrl>#style_54</styleUrl>
  <Point>
    <extrude>1</extrude>
    <altitudeMode>absolute</altitudeMode>
    <coordinates>111.871667,12.366667,12192</coordinates>
  </Point>
</Placemark>
<Style id="style_55">
  <IconStyle><scale>1.2</scale><Icon><href>https://maps.google.com/mapfiles/kml/paddle/ylw-diamond.png</href></Icon></IconStyle>
</Style>
<Placemark>
  <name>MIMUX</name>
  <description><![CDATA[<span style='white-space: nowrap;'>-<b>Airway :</b> <font color='blue'>N892</font></span><br><br><span style='white-space: nowrap;'>-<b>Altitude :</b> <font color='blue'>FL400</font></span><br><br><span style='white-space: nowrap;'>-<b>Weight :</b> <font color='blue'>126183 lbs</font></span><br><br><span style='white-space: nowrap;'>-<b>Buffer Weight :</b> <font color='blue'>14077 lbs</font></span><br><br><span style='white-space: nowrap;'>-<b>Fuel :</b> <font color='blue'>22673 lbs</font></span><br><br><span style='white-space: nowrap;'>-<b>OAT :</b> <font color='blue'>-55</font></span><br><br><span style='white-space: nowrap;'>-<b>TAS :</b> <font color='blue'>455</font></span><br><br><span style='white-space: nowrap;'>-<b>TAT :</b> <font color='blue'>-27</font></span><br><br><span style='white-space: nowrap;'>-<b>Time 1 :</b> <font color='blue'>T/O + 04:11</font></span><br><br><span style='white-space: nowrap;'>-<b>Time 2 :</b> <font color='blue'>08:11Z, 08</font></span><br><br><span style='white-space: nowrap;'>-<b>Wind factor :</b> <font color='blue'>T.W 24kt</font></span><br><br><span style='white-space: nowrap;'>-<b>Shear rate :</b> <font color='blue'>2</font></span><br><br><span style='white-space: nowrap;'>-<b>MORA :</b> <font color='blue'>1000 ft</font></span><br><br>]]></description>
  <styleUrl>#style_55</styleUrl>
  <Point>
    <extrude>1</extrude>
    <altitudeMode>absolute</altitudeMode>
    <coordinates>111.103333,11.305000,12192</coordinates>
  </Point>
</Placemark>
<Style id="style_56">
  <IconStyle><scale>1.2</scale><Icon><href>https://maps.google.com/mapfiles/kml/paddle/ylw-diamond.png</href></Icon></IconStyle>
</Style>
<Placemark>
  <name>MAPNO</name>
  <description><![CDATA[<span style='white-space: nowrap;'>-<b>Airway :</b> <font color='blue'>N892</font></span><br><br><span style='white-space: nowrap;'>-<b>Altitude :</b> <font color='blue'>FL400</font></span><br><br><span style='white-space: nowrap;'>-<b>Weight :</b> <font color='blue'>125392 lbs</font></span><br><br><span style='white-space: nowrap;'>-<b>Buffer Weight :</b> <font color='blue'>14973 lbs</font></span><br><br><span style='white-space: nowrap;'>-<b>Fuel :</b> <font color='blue'>21882 lbs</font></span><br><br><span style='white-space: nowrap;'>-<b>OAT :</b> <font color='blue'>-55</font></span><br><br><span style='white-space: nowrap;'>-<b>TAS :</b> <font color='blue'>454</font></span><br><br><span style='white-space: nowrap;'>-<b>TAT :</b> <font color='blue'>-28</font></span><br><br><span style='white-space: nowrap;'>-<b>Time 1 :</b> <font color='blue'>T/O + 04:21</font></span><br><br><span style='white-space: nowrap;'>-<b>Time 2 :</b> <font color='blue'>08:21Z, 08</font></span><br><br><span style='white-space: nowrap;'>-<b>Wind factor :</b> <font color='blue'>T.W 21kt</font></span><br><br><span style='white-space: nowrap;'>-<b>Shear rate :</b> <font color='blue'>1</font></span><br><br><span style='white-space: nowrap;'>-<b>MORA :</b> <font color='blue'>1000 ft</font></span><br><br>]]></description>
  <styleUrl>#style_56</styleUrl>
  <Point>
    <extrude>1</extrude>
    <altitudeMode>absolute</altitudeMode>
    <coordinates>110.335000,10.218333,12192</coordinates>
  </Point>
</Placemark>
<Style id="style_57">
  <IconStyle><scale>1.2</scale><Icon><href>https://maps.google.com/mapfiles/kml/paddle/ylw-diamond.png</href></Icon></IconStyle>
</Style>
<Placemark>
  <name>OSIXA</name>
  <description><![CDATA[<span style='white-space: nowrap;'>-<b>Airway :</b> <font color='blue'>N892</font></span><br><br><span style='white-space: nowrap;'>-<b>Altitude :</b> <font color='blue'>FL400</font></span><br><br><span style='white-space: nowrap;'>-<b>Weight :</b> <font color='blue'>124888 lbs</font></span><br><br><span style='white-space: nowrap;'>-<b>Buffer Weight :</b> <font color='blue'>15512 lbs</font></span><br><br><span style='white-space: nowrap;'>-<b>Fuel :</b> <font color='blue'>21378 lbs</font></span><br><br><span style='white-space: nowrap;'>-<b>OAT :</b> <font color='blue'>-55</font></span><br><br><span style='white-space: nowrap;'>-<b>TAS :</b> <font color='blue'>454</font></span><br><br><span style='white-space: nowrap;'>-<b>TAT :</b> <font color='blue'>-28</font></span><br><br><span style='white-space: nowrap;'>-<b>Time 1 :</b> <font color='blue'>T/O + 04:28</font></span><br><br><span style='white-space: nowrap;'>-<b>Time 2 :</b> <font color='blue'>08:28Z, 08</font></span><br><br><span style='white-space: nowrap;'>-<b>Wind factor :</b> <font color='blue'>T.W 20kt</font></span><br><br><span style='white-space: nowrap;'>-<b>Shear rate :</b> <font color='blue'>1</font></span><br><br><span style='white-space: nowrap;'>-<b>MORA :</b> <font color='blue'>1500 ft</font></span><br><br>]]></description>
  <styleUrl>#style_57</styleUrl>
  <Point>
    <extrude>1</extrude>
    <altitudeMode>absolute</altitudeMode>
    <coordinates>109.843333,9.521667,12192</coordinates>
  </Point>
</Placemark>
<Style id="style_58">
  <IconStyle><scale>1.2</scale><Icon><href>https://maps.google.com/mapfiles/kml/paddle/ylw-diamond.png</href></Icon></IconStyle>
</Style>
<Placemark>
  <name>MOXON</name>
  <description><![CDATA[<span style='white-space: nowrap;'>-<b>Airway :</b> <font color='blue'>N892</font></span><br><br><span style='white-space: nowrap;'>-<b>Altitude :</b> <font color='blue'>FL400</font></span><br><br><span style='white-space: nowrap;'>-<b>Weight :</b> <font color='blue'>124386 lbs</font></span><br><br><span style='white-space: nowrap;'>-<b>Buffer Weight :</b> <font color='blue'>16084 lbs</font></span><br><br><span style='white-space: nowrap;'>-<b>Fuel :</b> <font color='blue'>20876 lbs</font></span><br><br><span style='white-space: nowrap;'>-<b>OAT :</b> <font color='blue'>-55</font></span><br><br><span style='white-space: nowrap;'>-<b>TAS :</b> <font color='blue'>454</font></span><br><br><span style='white-space: nowrap;'>-<b>TAT :</b> <font color='blue'>-28</font></span><br><br><span style='white-space: nowrap;'>-<b>Time 1 :</b> <font color='blue'>T/O + 04:34</font></span><br><br><span style='white-space: nowrap;'>-<b>Time 2 :</b> <font color='blue'>08:34Z, 08</font></span><br><br><span style='white-space: nowrap;'>-<b>Wind factor :</b> <font color='blue'>T.W 18kt</font></span><br><br><span style='white-space: nowrap;'>-<b>Shear rate :</b> <font color='blue'>1</font></span><br><br><span style='white-space: nowrap;'>-<b>MORA :</b> <font color='blue'>1700 ft</font></span><br><br>]]></description>
  <styleUrl>#style_58</styleUrl>
  <Point>
    <extrude>1</extrude>
    <altitudeMode>absolute</altitudeMode>
    <coordinates>109.355000,8.825000,12192</coordinates>
  </Point>
</Placemark>
<Style id="style_59">
  <IconStyle><scale>1.2</scale><Icon><href>https://maps.google.com/mapfiles/kml/paddle/ylw-diamond.png</href></Icon></IconStyle>
</Style>
<Placemark>
  <name>MELAS</name>
  <description><![CDATA[<span style='white-space: nowrap;'>-<b>Airway :</b> <font color='blue'>N892</font></span><br><br><span style='white-space: nowrap;'>-<b>Altitude :</b> <font color='blue'>FL400</font></span><br><br><span style='white-space: nowrap;'>-<b>Weight :</b> <font color='blue'>123156 lbs</font></span><br><br><span style='white-space: nowrap;'>-<b>Buffer Weight :</b> <font color='blue'>17174 lbs</font></span><br><br><span style='white-space: nowrap;'>-<b>Fuel :</b> <font color='blue'>19646 lbs</font></span><br><br><span style='white-space: nowrap;'>-<b>OAT :</b> <font color='blue'>-56</font></span><br><br><span style='white-space: nowrap;'>-<b>TAS :</b> <font color='blue'>454</font></span><br><br><span style='white-space: nowrap;'>-<b>TAT :</b> <font color='blue'>-28</font></span><br><br><span style='white-space: nowrap;'>-<b>Time 1 :</b> <font color='blue'>T/O + 04:50</font></span><br><br><span style='white-space: nowrap;'>-<b>Time 2 :</b> <font color='blue'>08:50Z, 08</font></span><br><br><span style='white-space: nowrap;'>-<b>Wind factor :</b> <font color='blue'>T.W 22kt</font></span><br><br><span style='white-space: nowrap;'>-<b>Shear rate :</b> <font color='blue'>4</font></span><br><br><span style='white-space: nowrap;'>-<b>MORA :</b> <font color='blue'>1700 ft</font></span><br><br>]]></description>
  <styleUrl>#style_59</styleUrl>
  <Point>
    <extrude>1</extrude>
    <altitudeMode>absolute</altitudeMode>
    <coordinates>108.153333,7.088333,12192</coordinates>
  </Point>
</Placemark>
<Style id="style_60">
  <IconStyle><scale>1.2</scale><Icon><href>https://maps.google.com/mapfiles/kml/shapes/marina.png</href></Icon></IconStyle>
</Style>
<Placemark>
  <name>-ETP-4</name>
  <description><![CDATA[<span style='white-space: nowrap;'>-<b>Airway :</b> <font color='blue'>N892</font></span><br><br><span style='white-space: nowrap;'>-<b>Altitude :</b> <font color='blue'>FL400</font></span><br><br><span style='white-space: nowrap;'>-<b>Weight :</b> <font color='blue'>122278 lbs</font></span><br><br><span style='white-space: nowrap;'>-<b>Buffer Weight :</b> <font color='blue'>18122 lbs</font></span><br><br><span style='white-space: nowrap;'>-<b>Fuel :</b> <font color='blue'>18768 lbs</font></span><br><br><span style='white-space: nowrap;'>-<b>OAT :</b> <font color='blue'>-56</font></span><br><br><span style='white-space: nowrap;'>-<b>TAS :</b> <font color='blue'>453</font></span><br><br><span style='white-space: nowrap;'>-<b>TAT :</b> <font color='blue'>-29</font></span><br><br><span style='white-space: nowrap;'>-<b>Time 1 :</b> <font color='blue'>T/O + 05:02</font></span><br><br><span style='white-space: nowrap;'>-<b>Time 2 :</b> <font color='blue'>09:02Z, 08</font></span><br><br><span style='white-space: nowrap;'>-<b>Wind factor :</b> <font color='blue'>T.W 20kt</font></span><br><br><span style='white-space: nowrap;'>-<b>Shear rate :</b> <font color='blue'>1</font></span><br><br><span style='white-space: nowrap;'>-<b>MORA :</b> <font color='blue'>1000 ft</font></span><br><br>]]></description>
  <styleUrl>#style_60</styleUrl>
  <Point>
    <extrude>1</extrude>
    <altitudeMode>absolute</altitudeMode>
    <coordinates>107.283333,5.828333,12192</coordinates>
  </Point>
</Placemark>
<Style id="style_61">
  <IconStyle><scale>1.2</scale><Icon><href>https://maps.google.com/mapfiles/kml/paddle/ylw-diamond.png</href></Icon></IconStyle>
</Style>
<Placemark>
  <name>MABLI</name>
  <description><![CDATA[<span style='white-space: nowrap;'>-<b>Airway :</b> <font color='blue'>L635</font></span><br><br><span style='white-space: nowrap;'>-<b>Altitude :</b> <font color='blue'>FL400</font></span><br><br><span style='white-space: nowrap;'>-<b>Weight :</b> <font color='blue'>121202 lbs</font></span><br><br><span style='white-space: nowrap;'>-<b>Buffer Weight :</b> <font color='blue'>19198 lbs</font></span><br><br><span style='white-space: nowrap;'>-<b>Fuel :</b> <font color='blue'>17692 lbs</font></span><br><br><span style='white-space: nowrap;'>-<b>OAT :</b> <font color='blue'>-56</font></span><br><br><span style='white-space: nowrap;'>-<b>TAS :</b> <font color='blue'>453</font></span><br><br><span style='white-space: nowrap;'>-<b>TAT :</b> <font color='blue'>-29</font></span><br><br><span style='white-space: nowrap;'>-<b>Time 1 :</b> <font color='blue'>T/O + 05:16</font></span><br><br><span style='white-space: nowrap;'>-<b>Time 2 :</b> <font color='blue'>09:16Z, 08</font></span><br><br><span style='white-space: nowrap;'>-<b>Wind factor :</b> <font color='blue'>T.W 20kt</font></span><br><br><span style='white-space: nowrap;'>-<b>Shear rate :</b> <font color='blue'>1</font></span><br><br><span style='white-space: nowrap;'>-<b>MORA :</b> <font color='blue'>1000 ft</font></span><br><br>]]></description>
  <styleUrl>#style_61</styleUrl>
  <Point>
    <extrude>1</extrude>
    <altitudeMode>absolute</altitudeMode>
    <coordinates>106.213333,4.288333,12192</coordinates>
  </Point>
</Placemark>
<Style id="style_62">
  <IconStyle><scale>1.2</scale><Icon><href>https://maps.google.com/mapfiles/kml/paddle/ylw-diamond.png</href></Icon></IconStyle>
</Style>
<Placemark>
  <name>SUSAR</name>
  <description><![CDATA[<span style='white-space: nowrap;'>-<b>Airway :</b> <font color='blue'>L635</font></span><br><br><span style='white-space: nowrap;'>-<b>Altitude :</b> <font color='blue'>FL400</font></span><br><br><span style='white-space: nowrap;'>-<b>Weight :</b> <font color='blue'>120652 lbs</font></span><br><br><span style='white-space: nowrap;'>-<b>Buffer Weight :</b> <font color='blue'>19783 lbs</font></span><br><br><span style='white-space: nowrap;'>-<b>Fuel :</b> <font color='blue'>17142 lbs</font></span><br><br><span style='white-space: nowrap;'>-<b>OAT :</b> <font color='blue'>-56</font></span><br><br><span style='white-space: nowrap;'>-<b>TAS :</b> <font color='blue'>453</font></span><br><br><span style='white-space: nowrap;'>-<b>TAT :</b> <font color='blue'>-29</font></span><br><br><span style='white-space: nowrap;'>-<b>Time 1 :</b> <font color='blue'>T/O + 05:24</font></span><br><br><span style='white-space: nowrap;'>-<b>Time 2 :</b> <font color='blue'>09:24Z, 08</font></span><br><br><span style='white-space: nowrap;'>-<b>Wind factor :</b> <font color='blue'>T.W 19kt</font></span><br><br><span style='white-space: nowrap;'>-<b>Shear rate :</b> <font color='blue'>1</font></span><br><br><span style='white-space: nowrap;'>-<b>MORA :</b> <font color='blue'>3200 ft</font></span><br><br>]]></description>
  <styleUrl>#style_62</styleUrl>
  <Point>
    <extrude>1</extrude>
    <altitudeMode>absolute</altitudeMode>
    <coordinates>105.263333,3.980000,12192</coordinates>
  </Point>
</Placemark>
<Style id="style_63">
  <IconStyle><scale>1.2</scale><Icon><href>https://maps.google.com/mapfiles/kml/paddle/ylw-diamond.png</href></Icon></IconStyle>
</Style>
<Placemark>
  <name>DUBSA</name>
  <description><![CDATA[<span style='white-space: nowrap;'>-<b>Airway :</b> <font color='blue'>L635</font></span><br><br><span style='white-space: nowrap;'>-<b>Altitude :</b> <font color='blue'>FL400</font></span><br><br><span style='white-space: nowrap;'>-<b>Weight :</b> <font color='blue'>120363 lbs</font></span><br><br><span style='white-space: nowrap;'>-<b>Buffer Weight :</b> <font color='blue'>20107 lbs</font></span><br><br><span style='white-space: nowrap;'>-<b>Fuel :</b> <font color='blue'>16853 lbs</font></span><br><br><span style='white-space: nowrap;'>-<b>OAT :</b> <font color='blue'>-56</font></span><br><br><span style='white-space: nowrap;'>-<b>TAS :</b> <font color='blue'>453</font></span><br><br><span style='white-space: nowrap;'>-<b>TAT :</b> <font color='blue'>-29</font></span><br><br><span style='white-space: nowrap;'>-<b>Time 1 :</b> <font color='blue'>T/O + 05:28</font></span><br><br><span style='white-space: nowrap;'>-<b>Time 2 :</b> <font color='blue'>09:28Z, 08</font></span><br><br><span style='white-space: nowrap;'>-<b>Wind factor :</b> <font color='blue'>T.W 18kt</font></span><br><br><span style='white-space: nowrap;'>-<b>Shear rate :</b> <font color='blue'>1</font></span><br><br><span style='white-space: nowrap;'>-<b>MORA :</b> <font color='blue'>3200 ft</font></span><br><br>]]></description>
  <styleUrl>#style_63</styleUrl>
  <Point>
    <extrude>1</extrude>
    <altitudeMode>absolute</altitudeMode>
    <coordinates>104.761667,3.816667,12192</coordinates>
  </Point>
</Placemark>
<Style id="style_64">
  <IconStyle><scale>1.2</scale><Icon><href>https://maps.google.com/mapfiles/kml/paddle/ylw-diamond.png</href></Icon></IconStyle>
</Style>
<Placemark>
  <name>UGPEK</name>
  <description><![CDATA[<span style='white-space: nowrap;'>-<b>Airway :</b> <font color='blue'>L635</font></span><br><br><span style='white-space: nowrap;'>-<b>Altitude :</b> <font color='blue'>FL400</font></span><br><br><span style='white-space: nowrap;'>-<b>Weight :</b> <font color='blue'>120001 lbs</font></span><br><br><span style='white-space: nowrap;'>-<b>Buffer Weight :</b> <font color='blue'>20504 lbs</font></span><br><br><span style='white-space: nowrap;'>-<b>Fuel :</b> <font color='blue'>16491 lbs</font></span><br><br><span style='white-space: nowrap;'>-<b>OAT :</b> <font color='blue'>-56</font></span><br><br><span style='white-space: nowrap;'>-<b>TAS :</b> <font color='blue'>453</font></span><br><br><span style='white-space: nowrap;'>-<b>TAT :</b> <font color='blue'>-29</font></span><br><br><span style='white-space: nowrap;'>-<b>Time 1 :</b> <font color='blue'>T/O + 05:32</font></span><br><br><span style='white-space: nowrap;'>-<b>Time 2 :</b> <font color='blue'>09:32Z, 08</font></span><br><br><span style='white-space: nowrap;'>-<b>Wind factor :</b> <font color='blue'>T.W 17kt</font></span><br><br><span style='white-space: nowrap;'>-<b>Shear rate :</b> <font color='blue'>2</font></span><br><br><span style='white-space: nowrap;'>-<b>MORA :</b> <font color='blue'>1000 ft</font></span><br><br>]]></description>
  <styleUrl>#style_64</styleUrl>
  <Point>
    <extrude>1</extrude>
    <altitudeMode>absolute</altitudeMode>
    <coordinates>104.131667,3.613333,12192</coordinates>
  </Point>
</Placemark>
<Style id="style_65">
  <IconStyle><scale>1.2</scale><Icon><href>https://maps.google.com/mapfiles/kml/paddle/ylw-diamond.png</href></Icon></IconStyle>
</Style>
<Placemark>
  <name>DOVOL</name>
  <description><![CDATA[<span style='white-space: nowrap;'>-<b>Airway :</b> <font color='blue'>L635</font></span><br><br><span style='white-space: nowrap;'>-<b>Altitude :</b> <font color='blue'>FL400</font></span><br><br><span style='white-space: nowrap;'>-<b>Weight :</b> <font color='blue'>119825 lbs</font></span><br><br><span style='white-space: nowrap;'>-<b>Buffer Weight :</b> <font color='blue'>20715 lbs</font></span><br><br><span style='white-space: nowrap;'>-<b>Fuel :</b> <font color='blue'>16315 lbs</font></span><br><br><span style='white-space: nowrap;'>-<b>OAT :</b> <font color='blue'>-56</font></span><br><br><span style='white-space: nowrap;'>-<b>TAS :</b> <font color='blue'>453</font></span><br><br><span style='white-space: nowrap;'>-<b>TAT :</b> <font color='blue'>-29</font></span><br><br><span style='white-space: nowrap;'>-<b>Time 1 :</b> <font color='blue'>T/O + 05:35</font></span><br><br><span style='white-space: nowrap;'>-<b>Time 2 :</b> <font color='blue'>09:35Z, 08</font></span><br><br><span style='white-space: nowrap;'>-<b>Wind factor :</b> <font color='blue'>T.W 16kt</font></span><br><br><span style='white-space: nowrap;'>-<b>Shear rate :</b> <font color='blue'>3</font></span><br><br><span style='white-space: nowrap;'>-<b>MORA :</b> <font color='blue'>4500 ft</font></span><br><br>]]></description>
  <styleUrl>#style_65</styleUrl>
  <Point>
    <extrude>1</extrude>
    <altitudeMode>absolute</altitudeMode>
    <coordinates>103.823333,3.513333,12192</coordinates>
  </Point>
</Placemark>
<Style id="style_66">
  <IconStyle><scale>1.2</scale><Icon><href>https://maps.google.com/mapfiles/kml/paddle/ylw-diamond.png</href></Icon></IconStyle>
</Style>
<Placemark>
  <name>VPK</name>
  <description><![CDATA[<span style='white-space: nowrap;'>-<b>Airway :</b> <font color='blue'>G582</font></span><br><br><span style='white-space: nowrap;'>-<b>Altitude :</b> <font color='blue'>FL400</font></span><br><br><span style='white-space: nowrap;'>-<b>Weight :</b> <font color='blue'>119596 lbs</font></span><br><br><span style='white-space: nowrap;'>-<b>Buffer Weight :</b> <font color='blue'>20979 lbs</font></span><br><br><span style='white-space: nowrap;'>-<b>Fuel :</b> <font color='blue'>16086 lbs</font></span><br><br><span style='white-space: nowrap;'>-<b>OAT :</b> <font color='blue'>-56</font></span><br><br><span style='white-space: nowrap;'>-<b>TAS :</b> <font color='blue'>453</font></span><br><br><span style='white-space: nowrap;'>-<b>TAT :</b> <font color='blue'>-29</font></span><br><br><span style='white-space: nowrap;'>-<b>Time 1 :</b> <font color='blue'>T/O + 05:38</font></span><br><br><span style='white-space: nowrap;'>-<b>Time 2 :</b> <font color='blue'>09:38Z, 08</font></span><br><br><span style='white-space: nowrap;'>-<b>Wind factor :</b> <font color='blue'>T.W 15kt</font></span><br><br><span style='white-space: nowrap;'>-<b>Shear rate :</b> <font color='blue'>3</font></span><br><br><span style='white-space: nowrap;'>-<b>MORA :</b> <font color='blue'>4500 ft</font></span><br><br>]]></description>
  <styleUrl>#style_66</styleUrl>
  <Point>
    <extrude>1</extrude>
    <altitudeMode>absolute</altitudeMode>
    <coordinates>103.421667,3.388333,12192</coordinates>
  </Point>
</Placemark>
<Style id="style_67">
  <IconStyle><scale>1.2</scale><Icon><href>https://maps.google.com/mapfiles/kml/shapes/marina.png</href></Icon></IconStyle>
</Style>
<Placemark>
  <name>-TOD-</name>
  <description><![CDATA[<span style='white-space: nowrap;'>-<b>Airway :</b> <font color='blue'>G582</font></span><br><br><span style='white-space: nowrap;'>-<b>Altitude :</b> <font color='blue'>FL400</font></span><br><br><span style='white-space: nowrap;'>-<b>Weight :</b> <font color='blue'>119431 lbs</font></span><br><br><span style='white-space: nowrap;'>-<b>Buffer Weight :</b> <font color='blue'>21179 lbs</font></span><br><br><span style='white-space: nowrap;'>-<b>Fuel :</b> <font color='blue'>15921 lbs</font></span><br><br><span style='white-space: nowrap;'>-<b>OAT :</b> <font color='blue'>-56</font></span><br><br><span style='white-space: nowrap;'>-<b>TAS :</b> <font color='blue'>453</font></span><br><br><span style='white-space: nowrap;'>-<b>TAT :</b> <font color='blue'>-29</font></span><br><br><span style='white-space: nowrap;'>-<b>Time 1 :</b> <font color='blue'>T/O + 05:40</font></span><br><br><span style='white-space: nowrap;'>-<b>Time 2 :</b> <font color='blue'>09:40Z, 08</font></span><br><br><span style='white-space: nowrap;'>-<b>Wind factor :</b> <font color='blue'>T.W 14kt</font></span><br><br><span style='white-space: nowrap;'>-<b>Shear rate :</b> <font color='blue'>3</font></span><br><br><span style='white-space: nowrap;'>-<b>MORA :</b> <font color='blue'>9200 ft</font></span><br><br>]]></description>
  <styleUrl>#style_67</styleUrl>
  <Point>
    <extrude>1</extrude>
    <altitudeMode>absolute</altitudeMode>
    <coordinates>103.115000,3.376667,12192</coordinates>
  </Point>
</Placemark>
<Style id="style_68">
  <IconStyle><scale>1.2</scale><Icon><href>https://maps.google.com/mapfiles/kml/paddle/ylw-diamond.png</href></Icon></IconStyle>
</Style>
<Placemark>
  <name>ADNUT</name>
  <description><![CDATA[<span style='white-space: nowrap;'>-<b>Airway :</b> <font color='blue'>G582</font></span><br><br><span style='white-space: nowrap;'>-<b>Altitude :</b> <font color='blue'>FL287</font></span><br><br><span style='white-space: nowrap;'>-<b>Weight :</b> <font color='blue'>119307 lbs</font></span><br><br><span style='white-space: nowrap;'>-<b>Fuel :</b> <font color='blue'>15797 lbs</font></span><br><br><span style='white-space: nowrap;'>-<b>OAT :</b> <font color='blue'>-44</font></span><br><br><span style='white-space: nowrap;'>-<b>TAS :</b> <font color='blue'>450</font></span><br><br><span style='white-space: nowrap;'>-<b>TAT :</b> <font color='blue'>-17</font></span><br><br><span style='white-space: nowrap;'>-<b>Time 1 :</b> <font color='blue'>T/O + 05:44</font></span><br><br><span style='white-space: nowrap;'>-<b>Time 2 :</b> <font color='blue'>09:44Z, 08</font></span><br><br><span style='white-space: nowrap;'>-<b>Wind factor :</b> <font color='blue'>T.W 13kt</font></span><br><br><span style='white-space: nowrap;'>-<b>Shear rate :</b> <font color='blue'>2</font></span><br><br><span style='white-space: nowrap;'>-<b>MORA :</b> <font color='blue'>9200 ft</font></span><br><br>]]></description>
  <styleUrl>#style_68</styleUrl>
  <Point>
    <extrude>1</extrude>
    <altitudeMode>absolute</altitudeMode>
    <coordinates>102.626667,3.360000,8747.76</coordinates>
  </Point>
</Placemark>
<Style id="style_69">
  <IconStyle><scale>1.2</scale><Icon><href>https://maps.google.com/mapfiles/kml/paddle/ylw-diamond.png</href></Icon></IconStyle>
</Style>
<Placemark>
  <name>PIBOS</name>
  <description><![CDATA[<span style='white-space: nowrap;'>-<b>Airway :</b> <font color='blue'>CE1</font></span><br><br><span style='white-space: nowrap;'>-<b>Altitude :</b> <font color='blue'>FL163</font></span><br><br><span style='white-space: nowrap;'>-<b>Weight :</b> <font color='blue'>119121 lbs</font></span><br><br><span style='white-space: nowrap;'>-<b>Fuel :</b> <font color='blue'>15611 lbs</font></span><br><br><span style='white-space: nowrap;'>-<b>OAT :</b> <font color='blue'>-14</font></span><br><br><span style='white-space: nowrap;'>-<b>TAS :</b> <font color='blue'>426</font></span><br><br><span style='white-space: nowrap;'>-<b>TAT :</b> <font color='blue'>9</font></span><br><br><span style='white-space: nowrap;'>-<b>Time 1 :</b> <font color='blue'>T/O + 05:48</font></span><br><br><span style='white-space: nowrap;'>-<b>Time 2 :</b> <font color='blue'>09:48Z, 08</font></span><br><br><span style='white-space: nowrap;'>-<b>Wind factor :</b> <font color='blue'>T.W 11kt</font></span><br><br><span style='white-space: nowrap;'>-<b>Shear rate :</b> <font color='blue'>4</font></span><br><br><span style='white-space: nowrap;'>-<b>MORA :</b> <font color='blue'>9200 ft</font></span><br><br>]]></description>
  <styleUrl>#style_69</styleUrl>
  <Point>
    <extrude>1</extrude>
    <altitudeMode>absolute</altitudeMode>
    <coordinates>102.055000,3.351667,4968.24</coordinates>
  </Point>
</Placemark>
<Style id="style_70">
  <IconStyle><scale>1.2</scale><Icon><href>https://maps.google.com/mapfiles/kml/paddle/ylw-diamond.png</href></Icon></IconStyle>
</Style>
<Placemark>
  <name>VB29A</name>
  <description><![CDATA[<span style='white-space: nowrap;'>-<b>Airway :</b> <font color='blue'>CE1</font></span><br><br><span style='white-space: nowrap;'>-<b>Altitude :</b> <font color='blue'>FL140</font></span><br><br><span style='white-space: nowrap;'>-<b>Weight :</b> <font color='blue'>119068 lbs</font></span><br><br><span style='white-space: nowrap;'>-<b>Fuel :</b> <font color='blue'>15558 lbs</font></span><br><br><span style='white-space: nowrap;'>-<b>OAT :</b> <font color='blue'>1</font></span><br><br><span style='white-space: nowrap;'>-<b>TAS :</b> <font color='blue'>389</font></span><br><br><span style='white-space: nowrap;'>-<b>TAT :</b> <font color='blue'>20</font></span><br><br><span style='white-space: nowrap;'>-<b>Time 1 :</b> <font color='blue'>T/O + 05:49</font></span><br><br><span style='white-space: nowrap;'>-<b>Time 2 :</b> <font color='blue'>09:49Z, 08</font></span><br><br><span style='white-space: nowrap;'>-<b>Wind factor :</b> <font color='blue'>T.W 10kt</font></span><br><br><span style='white-space: nowrap;'>-<b>Shear rate :</b> <font color='blue'>3</font></span><br><br><span style='white-space: nowrap;'>-<b>MORA :</b> <font color='blue'>9200 ft</font></span><br><br>]]></description>
  <styleUrl>#style_70</styleUrl>
  <Point>
    <extrude>1</extrude>
    <altitudeMode>absolute</altitudeMode>
    <coordinates>101.943333,3.346667,4267.2</coordinates>
  </Point>
</Placemark>
<Style id="style_71">
  <IconStyle><scale>1.2</scale><Icon><href>https://maps.google.com/mapfiles/kml/paddle/ylw-diamond.png</href></Icon></IconStyle>
</Style>
<Placemark>
  <name>VBA15</name>
  <description><![CDATA[<span style='white-space: nowrap;'>-<b>Airway :</b> <font color='blue'>CE1</font></span><br><br><span style='white-space: nowrap;'>-<b>Altitude :</b> <font color='blue'>9200 ft</font></span><br><br><span style='white-space: nowrap;'>-<b>Weight :</b> <font color='blue'>118949 lbs</font></span><br><br><span style='white-space: nowrap;'>-<b>Fuel :</b> <font color='blue'>15439 lbs</font></span><br><br><span style='white-space: nowrap;'>-<b>OAT :</b> <font color='blue'>7</font></span><br><br><span style='white-space: nowrap;'>-<b>TAS :</b> <font color='blue'>367</font></span><br><br><span style='white-space: nowrap;'>-<b>TAT :</b> <font color='blue'>24</font></span><br><br><span style='white-space: nowrap;'>-<b>Time 1 :</b> <font color='blue'>T/O + 05:52</font></span><br><br><span style='white-space: nowrap;'>-<b>Time 2 :</b> <font color='blue'>09:52Z, 08</font></span><br><br><span style='white-space: nowrap;'>-<b>Wind factor :</b> <font color='blue'>T.W 10kt</font></span><br><br><span style='white-space: nowrap;'>-<b>Shear rate :</b> <font color='blue'>1</font></span><br><br><span style='white-space: nowrap;'>-<b>MORA :</b> <font color='blue'>8600 ft</font></span><br><br>]]></description>
  <styleUrl>#style_71</styleUrl>
  <Point>
    <extrude>1</extrude>
    <altitudeMode>absolute</altitudeMode>
    <coordinates>101.710000,3.336667,2804.16</coordinates>
  </Point>
</Placemark>
<Style id="style_72">
  <IconStyle><scale>1.2</scale><Icon><href>https://maps.google.com/mapfiles/kml/paddle/ylw-diamond.png</href></Icon></IconStyle>
</Style>
<Placemark>
  <name>VBA11</name>
  <description><![CDATA[<span style='white-space: nowrap;'>-<b>Airway :</b> <font color='blue'>CE1</font></span><br><br><span style='white-space: nowrap;'>-<b>Altitude :</b> <font color='blue'>8400 ft</font></span><br><br><span style='white-space: nowrap;'>-<b>Weight :</b> <font color='blue'>118913 lbs</font></span><br><br><span style='white-space: nowrap;'>-<b>Fuel :</b> <font color='blue'>15403 lbs</font></span><br><br><span style='white-space: nowrap;'>-<b>OAT :</b> <font color='blue'>11</font></span><br><br><span style='white-space: nowrap;'>-<b>TAS :</b> <font color='blue'>315</font></span><br><br><span style='white-space: nowrap;'>-<b>TAT :</b> <font color='blue'>23</font></span><br><br><span style='white-space: nowrap;'>-<b>Time 1 :</b> <font color='blue'>T/O + 05:52</font></span><br><br><span style='white-space: nowrap;'>-<b>Time 2 :</b> <font color='blue'>09:52Z, 08</font></span><br><br><span style='white-space: nowrap;'>-<b>Wind factor :</b> <font color='blue'>T.W 9kt</font></span><br><br><span style='white-space: nowrap;'>-<b>Shear rate :</b> <font color='blue'>1</font></span><br><br><span style='white-space: nowrap;'>-<b>MORA :</b> <font color='blue'>8600 ft</font></span><br><br>]]></description>
  <styleUrl>#style_72</styleUrl>
  <Point>
    <extrude>1</extrude>
    <altitudeMode>absolute</altitudeMode>
    <coordinates>101.643333,3.333333,2560.32</coordinates>
  </Point>
</Placemark>
<Style id="style_73">
  <IconStyle><scale>1.2</scale><Icon><href>https://maps.google.com/mapfiles/kml/paddle/ylw-diamond.png</href></Icon></IconStyle>
</Style>
<Placemark>
  <name>VBA04</name>
  <description><![CDATA[<span style='white-space: nowrap;'>-<b>Airway :</b> <font color='blue'>CE1</font></span><br><br><span style='white-space: nowrap;'>-<b>Altitude :</b> <font color='blue'>6500 ft</font></span><br><br><span style='white-space: nowrap;'>-<b>Weight :</b> <font color='blue'>118848 lbs</font></span><br><br><span style='white-space: nowrap;'>-<b>Fuel :</b> <font color='blue'>15338 lbs</font></span><br><br><span style='white-space: nowrap;'>-<b>OAT :</b> <font color='blue'>13</font></span><br><br><span style='white-space: nowrap;'>-<b>TAS :</b> <font color='blue'>293</font></span><br><br><span style='white-space: nowrap;'>-<b>TAT :</b> <font color='blue'>24</font></span><br><br><span style='white-space: nowrap;'>-<b>Time 1 :</b> <font color='blue'>T/O + 05:54</font></span><br><br><span style='white-space: nowrap;'>-<b>Time 2 :</b> <font color='blue'>09:54Z, 08</font></span><br><br><span style='white-space: nowrap;'>-<b>Wind factor :</b> <font color='blue'>T.W 9kt</font></span><br><br><span style='white-space: nowrap;'>-<b>Shear rate :</b> <font color='blue'>1</font></span><br><br><span style='white-space: nowrap;'>-<b>MORA :</b> <font color='blue'>8600 ft</font></span><br><br>]]></description>
  <styleUrl>#style_73</styleUrl>
  <Point>
    <extrude>1</extrude>
    <altitudeMode>absolute</altitudeMode>
    <coordinates>101.526667,3.328333,1981.2</coordinates>
  </Point>
</Placemark>
<Style id="style_74">
  <IconStyle><scale>1.2</scale><Icon><href>https://maps.google.com/mapfiles/kml/paddle/ylw-diamond.png</href></Icon></IconStyle>
</Style>
<Placemark>
  <name>D088B</name>
  <description><![CDATA[<span style='white-space: nowrap;'>-<b>Airway :</b> <font color='blue'>CE1</font></span><br><br><span style='white-space: nowrap;'>-<b>Altitude :</b> <font color='blue'>5600 ft</font></span><br><br><span style='white-space: nowrap;'>-<b>Weight :</b> <font color='blue'>118827 lbs</font></span><br><br><span style='white-space: nowrap;'>-<b>Fuel :</b> <font color='blue'>15317 lbs</font></span><br><br><span style='white-space: nowrap;'>-<b>OAT :</b> <font color='blue'>16</font></span><br><br><span style='white-space: nowrap;'>-<b>TAS :</b> <font color='blue'>283</font></span><br><br><span style='white-space: nowrap;'>-<b>TAT :</b> <font color='blue'>26</font></span><br><br><span style='white-space: nowrap;'>-<b>Time 1 :</b> <font color='blue'>T/O + 05:54</font></span><br><br><span style='white-space: nowrap;'>-<b>Time 2 :</b> <font color='blue'>09:54Z, 08</font></span><br><br><span style='white-space: nowrap;'>-<b>Wind factor :</b> <font color='blue'>T.W 9kt</font></span><br><br><span style='white-space: nowrap;'>-<b>Shear rate :</b> <font color='blue'>1</font></span><br><br><span style='white-space: nowrap;'>-<b>MORA :</b> <font color='blue'>8600 ft</font></span><br><br>]]></description>
  <styleUrl>#style_74</styleUrl>
  <Point>
    <extrude>1</extrude>
    <altitudeMode>absolute</altitudeMode>
    <coordinates>101.486667,3.326667,1706.88</coordinates>
  </Point>
</Placemark>
<Style id="style_75">
  <IconStyle><scale>1.2</scale><Icon><href>https://maps.google.com/mapfiles/kml/paddle/ylw-diamond.png</href></Icon></IconStyle>
</Style>
<Placemark>
  <name>CE</name>
  <description><![CDATA[<span style='white-space: nowrap;'>-<b>Airway :</b> <font color='blue'>CE1</font></span><br><br><span style='white-space: nowrap;'>-<b>Altitude :</b> <font color='blue'>4500 ft</font></span><br><br><span style='white-space: nowrap;'>-<b>Weight :</b> <font color='blue'>118803 lbs</font></span><br><br><span style='white-space: nowrap;'>-<b>Fuel :</b> <font color='blue'>15293 lbs</font></span><br><br><span style='white-space: nowrap;'>-<b>OAT :</b> <font color='blue'>19</font></span><br><br><span style='white-space: nowrap;'>-<b>TAS :</b> <font color='blue'>279</font></span><br><br><span style='white-space: nowrap;'>-<b>TAT :</b> <font color='blue'>28</font></span><br><br><span style='white-space: nowrap;'>-<b>Time 1 :</b> <font color='blue'>T/O + 05:55</font></span><br><br><span style='white-space: nowrap;'>-<b>Time 2 :</b> <font color='blue'>09:55Z, 08</font></span><br><br><span style='white-space: nowrap;'>-<b>Wind factor :</b> <font color='blue'>T.W 9kt</font></span><br><br><span style='white-space: nowrap;'>-<b>Shear rate :</b> <font color='blue'>2</font></span><br><br><span style='white-space: nowrap;'>-<b>MORA :</b> <font color='blue'>8600 ft</font></span><br><br>]]></description>
  <styleUrl>#style_75</styleUrl>
  <Point>
    <extrude>1</extrude>
    <altitudeMode>absolute</altitudeMode>
    <coordinates>101.451667,3.295000,1371.6</coordinates>
  </Point>
</Placemark>
<Style id="style_76">
  <IconStyle><scale>1.2</scale><Icon><href>https://maps.google.com/mapfiles/kml/paddle/ylw-diamond.png</href></Icon></IconStyle>
</Style>
<Placemark>
  <name>WMSA</name>
  <description><![CDATA[<span style='white-space: nowrap;'>-<b>Altitude :</b> <font color='blue'>89 ft</font></span><br><br><span style='white-space: nowrap;'>-<b>Weight :</b> <font color='blue'>118695 lbs</font></span><br><br><span style='white-space: nowrap;'>-<b>Fuel :</b> <font color='blue'>15185 lbs</font></span><br><br><span style='white-space: nowrap;'>-<b>OAT :</b> <font color='blue'>24</font></span><br><br><span style='white-space: nowrap;'>-<b>TAS :</b> <font color='blue'>268</font></span><br><br><span style='white-space: nowrap;'>-<b>TAT :</b> <font color='blue'>33</font></span><br><br><span style='white-space: nowrap;'>-<b>Time 1 :</b> <font color='blue'>T/O + 05:57</font></span><br><br><span style='white-space: nowrap;'>-<b>Time 2 :</b> <font color='blue'>09:57Z, 08</font></span><br><br><span style='white-space: nowrap;'>-<b>Wind factor :</b> <font color='blue'>T.W 1kt</font></span><br><br><span style='white-space: nowrap;'>-<b>Shear rate :</b> <font color='blue'>2</font></span><br><br><span style='white-space: nowrap;'>-<b>MORA :</b> <font color='blue'>8600 ft</font></span><br><br>]]></description>
  <styleUrl>#style_76</styleUrl>
  <Point>
    <extrude>1</extrude>
    <altitudeMode>absolute</altitudeMode>
    <coordinates>101.550000,3.131667,27.1272</coordinates>
  </Point>
</Placemark>
<Style id="style_10002">
  <LineStyle><color>ff00ffff</color><width>3</width></LineStyle>
</Style>
<Placemark>
  <styleUrl>#style_10002</styleUrl>
  <LineString>
    <tessellate>1</tessellate>
    <altitudeMode>absolute</altitudeMode>
    <coordinates>
      126.796667,37.556667,17.9832
      126.693333,37.635000,822.96
    </coordinates>
  </LineString>
</Placemark>
<Style id="style_10003">
  <LineStyle><color>ff00ffff</color><width>3</width></LineStyle>
</Style>
<Placemark>
  <styleUrl>#style_10003</styleUrl>
  <LineString>
    <tessellate>1</tessellate>
    <altitudeMode>absolute</altitudeMode>
    <coordinates>
      126.693333,37.635000,822.96
      126.593333,37.561667,1524
    </coordinates>
  </LineString>
</Placemark>
<Style id="style_10004">
  <LineStyle><color>ff00ffff</color><width>3</width></LineStyle>
</Style>
<Placemark>
  <styleUrl>#style_10004</styleUrl>
  <LineString>
    <tessellate>1</tessellate>
    <altitudeMode>absolute</altitudeMode>
    <coordinates>
      126.593333,37.561667,1524
      126.590000,37.478333,2438.4
    </coordinates>
  </LineString>
</Placemark>
<Style id="style_10005">
  <LineStyle><color>ff00ffff</color><width>3</width></LineStyle>
</Style>
<Placemark>
  <styleUrl>#style_10005</styleUrl>
  <LineString>
    <tessellate>1</tessellate>
    <altitudeMode>absolute</altitudeMode>
    <coordinates>
      126.590000,37.478333,2438.4
      126.585000,37.371667,2743.2
    </coordinates>
  </LineString>
</Placemark>
<Style id="style_10006">
  <LineStyle><color>ff00ffff</color><width>3</width></LineStyle>
</Style>
<Placemark>
  <styleUrl>#style_10006</styleUrl>
  <LineString>
    <tessellate>1</tessellate>
    <altitudeMode>absolute</altitudeMode>
    <coordinates>
      126.585000,37.371667,2743.2
      126.628333,37.271667,3352.8
    </coordinates>
  </LineString>
</Placemark>
<Style id="style_10007">
  <LineStyle><color>ff00ffff</color><width>3</width></LineStyle>
</Style>
<Placemark>
  <styleUrl>#style_10007</styleUrl>
  <LineString>
    <tessellate>1</tessellate>
    <altitudeMode>absolute</altitudeMode>
    <coordinates>
      126.628333,37.271667,3352.8
      126.815000,37.045000,4876.8
    </coordinates>
  </LineString>
</Placemark>
<Style id="style_10008">
  <LineStyle><color>ff00ffff</color><width>3</width></LineStyle>
</Style>
<Placemark>
  <styleUrl>#style_10008</styleUrl>
  <LineString>
    <tessellate>1</tessellate>
    <altitudeMode>absolute</altitudeMode>
    <coordinates>
      126.815000,37.045000,4876.8
      126.820000,36.890000,4876.8
    </coordinates>
  </LineString>
</Placemark>
<Style id="style_10009">
  <LineStyle><color>ff00ffff</color><width>3</width></LineStyle>
</Style>
<Placemark>
  <styleUrl>#style_10009</styleUrl>
  <LineString>
    <tessellate>1</tessellate>
    <altitudeMode>absolute</altitudeMode>
    <coordinates>
      126.820000,36.890000,4876.8
      126.825000,36.723333,4876.8
    </coordinates>
  </LineString>
</Placemark>
<Style id="style_10010">
  <LineStyle><color>ff00ffff</color><width>3</width></LineStyle>
</Style>
<Placemark>
  <styleUrl>#style_10010</styleUrl>
  <LineString>
    <tessellate>1</tessellate>
    <altitudeMode>absolute</altitudeMode>
    <coordinates>
      126.825000,36.723333,4876.8
      126.831667,36.556667,5791.2
    </coordinates>
  </LineString>
</Placemark>
<Style id="style_10011">
  <LineStyle><color>ff00ffff</color><width>3</width></LineStyle>
</Style>
<Placemark>
  <styleUrl>#style_10011</styleUrl>
  <LineString>
    <tessellate>1</tessellate>
    <altitudeMode>absolute</altitudeMode>
    <coordinates>
      126.831667,36.556667,5791.2
      126.838333,36.386667,6522.72
    </coordinates>
  </LineString>
</Placemark>
<Style id="style_10012">
  <LineStyle><color>ff00ffff</color><width>3</width></LineStyle>
</Style>
<Placemark>
  <styleUrl>#style_10012</styleUrl>
  <LineString>
    <tessellate>1</tessellate>
    <altitudeMode>absolute</altitudeMode>
    <coordinates>
      126.838333,36.386667,6522.72
      126.811667,36.151667,7376.16
    </coordinates>
  </LineString>
</Placemark>
<Style id="style_10013">
  <LineStyle><color>ff00ffff</color><width>3</width></LineStyle>
</Style>
<Placemark>
  <styleUrl>#style_10013</styleUrl>
  <LineString>
    <tessellate>1</tessellate>
    <altitudeMode>absolute</altitudeMode>
    <coordinates>
      126.811667,36.151667,7376.16
      126.785000,35.903333,8168.64
    </coordinates>
  </LineString>
</Placemark>
<Style id="style_10014">
  <LineStyle><color>ff00ffff</color><width>3</width></LineStyle>
</Style>
<Placemark>
  <styleUrl>#style_10014</styleUrl>
  <LineString>
    <tessellate>1</tessellate>
    <altitudeMode>absolute</altitudeMode>
    <coordinates>
      126.785000,35.903333,8168.64
      126.741667,35.503333,9235.44
    </coordinates>
  </LineString>
</Placemark>
<Style id="style_10015">
  <LineStyle><color>ff00ffff</color><width>3</width></LineStyle>
</Style>
<Placemark>
  <styleUrl>#style_10015</styleUrl>
  <LineString>
    <tessellate>1</tessellate>
    <altitudeMode>absolute</altitudeMode>
    <coordinates>
      126.741667,35.503333,9235.44
      126.701667,35.125000,10119.36
    </coordinates>
  </LineString>
</Placemark>
<Style id="style_10016">
  <LineStyle><color>ff00ffff</color><width>3</width></LineStyle>
</Style>
<Placemark>
  <styleUrl>#style_10016</styleUrl>
  <LineString>
    <tessellate>1</tessellate>
    <altitudeMode>absolute</altitudeMode>
    <coordinates>
      126.701667,35.125000,10119.36
      126.638333,34.523333,11582.4
    </coordinates>
  </LineString>
</Placemark>
<Style id="style_10017">
  <LineStyle><color>ff00ffff</color><width>3</width></LineStyle>
</Style>
<Placemark>
  <styleUrl>#style_10017</styleUrl>
  <LineString>
    <tessellate>1</tessellate>
    <altitudeMode>absolute</altitudeMode>
    <coordinates>
      126.638333,34.523333,11582.4
      126.626667,34.420000,11582.4
    </coordinates>
  </LineString>
</Placemark>
<Style id="style_10018">
  <LineStyle><color>ff00ffff</color><width>3</width></LineStyle>
</Style>
<Placemark>
  <styleUrl>#style_10018</styleUrl>
  <LineString>
    <tessellate>1</tessellate>
    <altitudeMode>absolute</altitudeMode>
    <coordinates>
      126.626667,34.420000,11582.4
      126.610000,34.255000,11582.4
    </coordinates>
  </LineString>
</Placemark>
<Style id="style_10019">
  <LineStyle><color>ff00ffff</color><width>3</width></LineStyle>
</Style>
<Placemark>
  <styleUrl>#style_10019</styleUrl>
  <LineString>
    <tessellate>1</tessellate>
    <altitudeMode>absolute</altitudeMode>
    <coordinates>
      126.610000,34.255000,11582.4
      126.566667,33.841667,11582.4
    </coordinates>
  </LineString>
</Placemark>
<Style id="style_10020">
  <LineStyle><color>ff00ffff</color><width>3</width></LineStyle>
</Style>
<Placemark>
  <styleUrl>#style_10020</styleUrl>
  <LineString>
    <tessellate>1</tessellate>
    <altitudeMode>absolute</altitudeMode>
    <coordinates>
      126.566667,33.841667,11582.4
      126.391667,33.435000,11582.4
    </coordinates>
  </LineString>
</Placemark>
<Style id="style_10021">
  <LineStyle><color>ff00ffff</color><width>3</width></LineStyle>
</Style>
<Placemark>
  <styleUrl>#style_10021</styleUrl>
  <LineString>
    <tessellate>1</tessellate>
    <altitudeMode>absolute</altitudeMode>
    <coordinates>
      126.391667,33.435000,11582.4
      126.206667,33.003333,11582.4
    </coordinates>
  </LineString>
</Placemark>
<Style id="style_10022">
  <LineStyle><color>ff00ffff</color><width>3</width></LineStyle>
</Style>
<Placemark>
  <styleUrl>#style_10022</styleUrl>
  <LineString>
    <tessellate>1</tessellate>
    <altitudeMode>absolute</altitudeMode>
    <coordinates>
      126.206667,33.003333,11582.4
      125.983333,32.480000,11582.4
    </coordinates>
  </LineString>
</Placemark>
<Style id="style_10023">
  <LineStyle><color>ff00ffff</color><width>3</width></LineStyle>
</Style>
<Placemark>
  <styleUrl>#style_10023</styleUrl>
  <LineString>
    <tessellate>1</tessellate>
    <altitudeMode>absolute</altitudeMode>
    <coordinates>
      125.983333,32.480000,11582.4
      125.783333,32.005000,11582.4
    </coordinates>
  </LineString>
</Placemark>
<Style id="style_10024">
  <LineStyle><color>ff00ffff</color><width>3</width></LineStyle>
</Style>
<Placemark>
  <styleUrl>#style_10024</styleUrl>
  <LineString>
    <tessellate>1</tessellate>
    <altitudeMode>absolute</altitudeMode>
    <coordinates>
      125.783333,32.005000,11582.4
      125.663333,31.720000,11582.4
    </coordinates>
  </LineString>
</Placemark>
<Style id="style_10025">
  <LineStyle><color>ff00ffff</color><width>3</width></LineStyle>
</Style>
<Placemark>
  <styleUrl>#style_10025</styleUrl>
  <LineString>
    <tessellate>1</tessellate>
    <altitudeMode>absolute</altitudeMode>
    <coordinates>
      125.663333,31.720000,11582.4
      125.585000,31.531667,11582.4
    </coordinates>
  </LineString>
</Placemark>
<Style id="style_10026">
  <LineStyle><color>ff00ffff</color><width>3</width></LineStyle>
</Style>
<Placemark>
  <styleUrl>#style_10026</styleUrl>
  <LineString>
    <tessellate>1</tessellate>
    <altitudeMode>absolute</altitudeMode>
    <coordinates>
      125.585000,31.531667,11582.4
      125.146667,30.478333,11582.4
    </coordinates>
  </LineString>
</Placemark>
<Style id="style_10027">
  <LineStyle><color>ff00ffff</color><width>3</width></LineStyle>
</Style>
<Placemark>
  <styleUrl>#style_10027</styleUrl>
  <LineString>
    <tessellate>1</tessellate>
    <altitudeMode>absolute</altitudeMode>
    <coordinates>
      125.146667,30.478333,11582.4
      124.953333,30.001667,11582.4
    </coordinates>
  </LineString>
</Placemark>
<Style id="style_10028">
  <LineStyle><color>ff00ffff</color><width>3</width></LineStyle>
</Style>
<Placemark>
  <styleUrl>#style_10028</styleUrl>
  <LineString>
    <tessellate>1</tessellate>
    <altitudeMode>absolute</altitudeMode>
    <coordinates>
      124.953333,30.001667,11582.4
      124.866667,29.796667,11582.4
    </coordinates>
  </LineString>
</Placemark>
<Style id="style_10029">
  <LineStyle><color>ff00ffff</color><width>3</width></LineStyle>
</Style>
<Placemark>
  <styleUrl>#style_10029</styleUrl>
  <LineString>
    <tessellate>1</tessellate>
    <altitudeMode>absolute</altitudeMode>
    <coordinates>
      124.866667,29.796667,11582.4
      124.510000,28.953333,11582.4
    </coordinates>
  </LineString>
</Placemark>
<Style id="style_10030">
  <LineStyle><color>ff00ffff</color><width>3</width></LineStyle>
</Style>
<Placemark>
  <styleUrl>#style_10030</styleUrl>
  <LineString>
    <tessellate>1</tessellate>
    <altitudeMode>absolute</altitudeMode>
    <coordinates>
      124.510000,28.953333,11582.4
      124.000000,28.315000,12192
    </coordinates>
  </LineString>
</Placemark>
<Style id="style_10031">
  <LineStyle><color>ff00ffff</color><width>3</width></LineStyle>
</Style>
<Placemark>
  <styleUrl>#style_10031</styleUrl>
  <LineString>
    <tessellate>1</tessellate>
    <altitudeMode>absolute</altitudeMode>
    <coordinates>
      124.000000,28.315000,12192
      123.666667,27.616667,12192
    </coordinates>
  </LineString>
</Placemark>
<Style id="style_10032">
  <LineStyle><color>ff00ffff</color><width>3</width></LineStyle>
</Style>
<Placemark>
  <styleUrl>#style_10032</styleUrl>
  <LineString>
    <tessellate>1</tessellate>
    <altitudeMode>absolute</altitudeMode>
    <coordinates>
      123.666667,27.616667,12192
      123.000000,26.788333,12192
    </coordinates>
  </LineString>
</Placemark>
<Style id="style_10033">
  <LineStyle><color>ff00ffff</color><width>3</width></LineStyle>
</Style>
<Placemark>
  <styleUrl>#style_10033</styleUrl>
  <LineString>
    <tessellate>1</tessellate>
    <altitudeMode>absolute</altitudeMode>
    <coordinates>
      123.000000,26.788333,12192
      122.808333,26.546667,12192
    </coordinates>
  </LineString>
</Placemark>
<Style id="style_10034">
  <LineStyle><color>ff00ffff</color><width>3</width></LineStyle>
</Style>
<Placemark>
  <styleUrl>#style_10034</styleUrl>
  <LineString>
    <tessellate>1</tessellate>
    <altitudeMode>absolute</altitudeMode>
    <coordinates>
      122.808333,26.546667,12192
      122.505000,26.161667,12192
    </coordinates>
  </LineString>
</Placemark>
<Style id="style_10035">
  <LineStyle><color>ff00ffff</color><width>3</width></LineStyle>
</Style>
<Placemark>
  <styleUrl>#style_10035</styleUrl>
  <LineString>
    <tessellate>1</tessellate>
    <altitudeMode>absolute</altitudeMode>
    <coordinates>
      122.505000,26.161667,12192
      122.078333,25.615000,12192
    </coordinates>
  </LineString>
</Placemark>
<Style id="style_10036">
  <LineStyle><color>ff00ffff</color><width>3</width></LineStyle>
</Style>
<Placemark>
  <styleUrl>#style_10036</styleUrl>
  <LineString>
    <tessellate>1</tessellate>
    <altitudeMode>absolute</altitudeMode>
    <coordinates>
      122.078333,25.615000,12192
      122.058333,25.125000,12192
    </coordinates>
  </LineString>
</Placemark>
<Style id="style_10037">
  <LineStyle><color>ff00ffff</color><width>3</width></LineStyle>
</Style>
<Placemark>
  <styleUrl>#style_10037</styleUrl>
  <LineString>
    <tessellate>1</tessellate>
    <altitudeMode>absolute</altitudeMode>
    <coordinates>
      122.058333,25.125000,12192
      122.028333,24.351667,12192
    </coordinates>
  </LineString>
</Placemark>
<Style id="style_10038">
  <LineStyle><color>ff00ffff</color><width>3</width></LineStyle>
</Style>
<Placemark>
  <styleUrl>#style_10038</styleUrl>
  <LineString>
    <tessellate>1</tessellate>
    <altitudeMode>absolute</altitudeMode>
    <coordinates>
      122.028333,24.351667,12192
      121.856667,23.826667,12192
    </coordinates>
  </LineString>
</Placemark>
<Style id="style_10039">
  <LineStyle><color>ff00ffff</color><width>3</width></LineStyle>
</Style>
<Placemark>
  <styleUrl>#style_10039</styleUrl>
  <LineString>
    <tessellate>1</tessellate>
    <altitudeMode>absolute</altitudeMode>
    <coordinates>
      121.856667,23.826667,12192
      121.780000,23.586667,12192
    </coordinates>
  </LineString>
</Placemark>
<Style id="style_10040">
  <LineStyle><color>ff00ffff</color><width>3</width></LineStyle>
</Style>
<Placemark>
  <styleUrl>#style_10040</styleUrl>
  <LineString>
    <tessellate>1</tessellate>
    <altitudeMode>absolute</altitudeMode>
    <coordinates>
      121.780000,23.586667,12192
      121.723333,23.410000,12192
    </coordinates>
  </LineString>
</Placemark>
<Style id="style_10041">
  <LineStyle><color>ff00ffff</color><width>3</width></LineStyle>
</Style>
<Placemark>
  <styleUrl>#style_10041</styleUrl>
  <LineString>
    <tessellate>1</tessellate>
    <altitudeMode>absolute</altitudeMode>
    <coordinates>
      121.723333,23.410000,12192
      121.588333,22.993333,12192
    </coordinates>
  </LineString>
</Placemark>
<Style id="style_10042">
  <LineStyle><color>ff00ffff</color><width>3</width></LineStyle>
</Style>
<Placemark>
  <styleUrl>#style_10042</styleUrl>
  <LineString>
    <tessellate>1</tessellate>
    <altitudeMode>absolute</altitudeMode>
    <coordinates>
      121.588333,22.993333,12192
      121.376667,22.713333,12192
    </coordinates>
  </LineString>
</Placemark>
<Style id="style_10043">
  <LineStyle><color>ff00ffff</color><width>3</width></LineStyle>
</Style>
<Placemark>
  <styleUrl>#style_10043</styleUrl>
  <LineString>
    <tessellate>1</tessellate>
    <altitudeMode>absolute</altitudeMode>
    <coordinates>
      121.376667,22.713333,12192
      120.558333,21.783333,12192
    </coordinates>
  </LineString>
</Placemark>
<Style id="style_10044">
  <LineStyle><color>ff00ffff</color><width>3</width></LineStyle>
</Style>
<Placemark>
  <styleUrl>#style_10044</styleUrl>
  <LineString>
    <tessellate>1</tessellate>
    <altitudeMode>absolute</altitudeMode>
    <coordinates>
      120.558333,21.783333,12192
      119.880000,21.000000,12192
    </coordinates>
  </LineString>
</Placemark>
<Style id="style_10045">
  <LineStyle><color>ff00ffff</color><width>3</width></LineStyle>
</Style>
<Placemark>
  <styleUrl>#style_10045</styleUrl>
  <LineString>
    <tessellate>1</tessellate>
    <altitudeMode>absolute</altitudeMode>
    <coordinates>
      119.880000,21.000000,12192
      119.213333,20.375000,12192
    </coordinates>
  </LineString>
</Placemark>
<Style id="style_10046">
  <LineStyle><color>ff00ffff</color><width>3</width></LineStyle>
</Style>
<Placemark>
  <styleUrl>#style_10046</styleUrl>
  <LineString>
    <tessellate>1</tessellate>
    <altitudeMode>absolute</altitudeMode>
    <coordinates>
      119.213333,20.375000,12192
      118.110000,19.335000,12192
    </coordinates>
  </LineString>
</Placemark>
<Style id="style_10047">
  <LineStyle><color>ff00ffff</color><width>3</width></LineStyle>
</Style>
<Placemark>
  <styleUrl>#style_10047</styleUrl>
  <LineString>
    <tessellate>1</tessellate>
    <altitudeMode>absolute</altitudeMode>
    <coordinates>
      118.110000,19.335000,12192
      117.790000,19.028333,12192
    </coordinates>
  </LineString>
</Placemark>
<Style id="style_10048">
  <LineStyle><color>ff00ffff</color><width>3</width></LineStyle>
</Style>
<Placemark>
  <styleUrl>#style_10048</styleUrl>
  <LineString>
    <tessellate>1</tessellate>
    <altitudeMode>absolute</altitudeMode>
    <coordinates>
      117.790000,19.028333,12192
      116.501667,17.778333,12192
    </coordinates>
  </LineString>
</Placemark>
<Style id="style_10049">
  <LineStyle><color>ff00ffff</color><width>3</width></LineStyle>
</Style>
<Placemark>
  <styleUrl>#style_10049</styleUrl>
  <LineString>
    <tessellate>1</tessellate>
    <altitudeMode>absolute</altitudeMode>
    <coordinates>
      116.501667,17.778333,12192
      114.085000,15.345000,12192
    </coordinates>
  </LineString>
</Placemark>
<Style id="style_10050">
  <LineStyle><color>ff00ffff</color><width>3</width></LineStyle>
</Style>
<Placemark>
  <styleUrl>#style_10050</styleUrl>
  <LineString>
    <tessellate>1</tessellate>
    <altitudeMode>absolute</altitudeMode>
    <coordinates>
      114.085000,15.345000,12192
      114.000000,15.273333,12192
    </coordinates>
  </LineString>
</Placemark>
<Style id="style_10051">
  <LineStyle><color>ff00ffff</color><width>3</width></LineStyle>
</Style>
<Placemark>
  <styleUrl>#style_10051</styleUrl>
  <LineString>
    <tessellate>1</tessellate>
    <altitudeMode>absolute</altitudeMode>
    <coordinates>
      114.000000,15.273333,12192
      113.428333,14.500000,12192
    </coordinates>
  </LineString>
</Placemark>
<Style id="style_10052">
  <LineStyle><color>ff00ffff</color><width>3</width></LineStyle>
</Style>
<Placemark>
  <styleUrl>#style_10052</styleUrl>
  <LineString>
    <tessellate>1</tessellate>
    <altitudeMode>absolute</altitudeMode>
    <coordinates>
      113.428333,14.500000,12192
      113.045000,13.980000,12192
    </coordinates>
  </LineString>
</Placemark>
<Style id="style_10053">
  <LineStyle><color>ff00ffff</color><width>3</width></LineStyle>
</Style>
<Placemark>
  <styleUrl>#style_10053</styleUrl>
  <LineString>
    <tessellate>1</tessellate>
    <altitudeMode>absolute</altitudeMode>
    <coordinates>
      113.045000,13.980000,12192
      111.871667,12.366667,12192
    </coordinates>
  </LineString>
</Placemark>
<Style id="style_10054">
  <LineStyle><color>ff00ffff</color><width>3</width></LineStyle>
</Style>
<Placemark>
  <styleUrl>#style_10054</styleUrl>
  <LineString>
    <tessellate>1</tessellate>
    <altitudeMode>absolute</altitudeMode>
    <coordinates>
      111.871667,12.366667,12192
      111.103333,11.305000,12192
    </coordinates>
  </LineString>
</Placemark>
<Style id="style_10055">
  <LineStyle><color>ff00ffff</color><width>3</width></LineStyle>
</Style>
<Placemark>
  <styleUrl>#style_10055</styleUrl>
  <LineString>
    <tessellate>1</tessellate>
    <altitudeMode>absolute</altitudeMode>
    <coordinates>
      111.103333,11.305000,12192
      110.335000,10.218333,12192
    </coordinates>
  </LineString>
</Placemark>
<Style id="style_10056">
  <LineStyle><color>ff00ffff</color><width>3</width></LineStyle>
</Style>
<Placemark>
  <styleUrl>#style_10056</styleUrl>
  <LineString>
    <tessellate>1</tessellate>
    <altitudeMode>absolute</altitudeMode>
    <coordinates>
      110.335000,10.218333,12192
      109.843333,9.521667,12192
    </coordinates>
  </LineString>
</Placemark>
<Style id="style_10057">
  <LineStyle><color>ff00ffff</color><width>3</width></LineStyle>
</Style>
<Placemark>
  <styleUrl>#style_10057</styleUrl>
  <LineString>
    <tessellate>1</tessellate>
    <altitudeMode>absolute</altitudeMode>
    <coordinates>
      109.843333,9.521667,12192
      109.355000,8.825000,12192
    </coordinates>
  </LineString>
</Placemark>
<Style id="style_10058">
  <LineStyle><color>ff00ffff</color><width>3</width></LineStyle>
</Style>
<Placemark>
  <styleUrl>#style_10058</styleUrl>
  <LineString>
    <tessellate>1</tessellate>
    <altitudeMode>absolute</altitudeMode>
    <coordinates>
      109.355000,8.825000,12192
      108.153333,7.088333,12192
    </coordinates>
  </LineString>
</Placemark>
<Style id="style_10059">
  <LineStyle><color>ff00ffff</color><width>3</width></LineStyle>
</Style>
<Placemark>
  <styleUrl>#style_10059</styleUrl>
  <LineString>
    <tessellate>1</tessellate>
    <altitudeMode>absolute</altitudeMode>
    <coordinates>
      108.153333,7.088333,12192
      107.283333,5.828333,12192
    </coordinates>
  </LineString>
</Placemark>
<Style id="style_10060">
  <LineStyle><color>ff00ffff</color><width>3</width></LineStyle>
</Style>
<Placemark>
  <styleUrl>#style_10060</styleUrl>
  <LineString>
    <tessellate>1</tessellate>
    <altitudeMode>absolute</altitudeMode>
    <coordinates>
      107.283333,5.828333,12192
      106.213333,4.288333,12192
    </coordinates>
  </LineString>
</Placemark>
<Style id="style_10061">
  <LineStyle><color>ff00ffff</color><width>3</width></LineStyle>
</Style>
<Placemark>
  <styleUrl>#style_10061</styleUrl>
  <LineString>
    <tessellate>1</tessellate>
    <altitudeMode>absolute</altitudeMode>
    <coordinates>
      106.213333,4.288333,12192
      105.263333,3.980000,12192
    </coordinates>
  </LineString>
</Placemark>
<Style id="style_10062">
  <LineStyle><color>ff00ffff</color><width>3</width></LineStyle>
</Style>
<Placemark>
  <styleUrl>#style_10062</styleUrl>
  <LineString>
    <tessellate>1</tessellate>
    <altitudeMode>absolute</altitudeMode>
    <coordinates>
      105.263333,3.980000,12192
      104.761667,3.816667,12192
    </coordinates>
  </LineString>
</Placemark>
<Style id="style_10063">
  <LineStyle><color>ff00ffff</color><width>3</width></LineStyle>
</Style>
<Placemark>
  <styleUrl>#style_10063</styleUrl>
  <LineString>
    <tessellate>1</tessellate>
    <altitudeMode>absolute</altitudeMode>
    <coordinates>
      104.761667,3.816667,12192
      104.131667,3.613333,12192
    </coordinates>
  </LineString>
</Placemark>
<Style id="style_10064">
  <LineStyle><color>ff00ffff</color><width>3</width></LineStyle>
</Style>
<Placemark>
  <styleUrl>#style_10064</styleUrl>
  <LineString>
    <tessellate>1</tessellate>
    <altitudeMode>absolute</altitudeMode>
    <coordinates>
      104.131667,3.613333,12192
      103.823333,3.513333,12192
    </coordinates>
  </LineString>
</Placemark>
<Style id="style_10065">
  <LineStyle><color>ff00ffff</color><width>3</width></LineStyle>
</Style>
<Placemark>
  <styleUrl>#style_10065</styleUrl>
  <LineString>
    <tessellate>1</tessellate>
    <altitudeMode>absolute</altitudeMode>
    <coordinates>
      103.823333,3.513333,12192
      103.421667,3.388333,12192
    </coordinates>
  </LineString>
</Placemark>
<Style id="style_10066">
  <LineStyle><color>ff00ffff</color><width>3</width></LineStyle>
</Style>
<Placemark>
  <styleUrl>#style_10066</styleUrl>
  <LineString>
    <tessellate>1</tessellate>
    <altitudeMode>absolute</altitudeMode>
    <coordinates>
      103.421667,3.388333,12192
      103.115000,3.376667,12192
    </coordinates>
  </LineString>
</Placemark>
<Style id="style_10067">
  <LineStyle><color>ff00ffff</color><width>3</width></LineStyle>
</Style>
<Placemark>
  <styleUrl>#style_10067</styleUrl>
  <LineString>
    <tessellate>1</tessellate>
    <altitudeMode>absolute</altitudeMode>
    <coordinates>
      103.115000,3.376667,12192
      102.626667,3.360000,8747.76
    </coordinates>
  </LineString>
</Placemark>
<Style id="style_10068">
  <LineStyle><color>ff00ffff</color><width>3</width></LineStyle>
</Style>
<Placemark>
  <styleUrl>#style_10068</styleUrl>
  <LineString>
    <tessellate>1</tessellate>
    <altitudeMode>absolute</altitudeMode>
    <coordinates>
      102.626667,3.360000,8747.76
      102.055000,3.351667,4968.24
    </coordinates>
  </LineString>
</Placemark>
<Style id="style_10069">
  <LineStyle><color>ff00ffff</color><width>3</width></LineStyle>
</Style>
<Placemark>
  <styleUrl>#style_10069</styleUrl>
  <LineString>
    <tessellate>1</tessellate>
    <altitudeMode>absolute</altitudeMode>
    <coordinates>
      102.055000,3.351667,4968.24
      101.943333,3.346667,4267.2
    </coordinates>
  </LineString>
</Placemark>
<Style id="style_10070">
  <LineStyle><color>ff00ffff</color><width>3</width></LineStyle>
</Style>
<Placemark>
  <styleUrl>#style_10070</styleUrl>
  <LineString>
    <tessellate>1</tessellate>
    <altitudeMode>absolute</altitudeMode>
    <coordinates>
      101.943333,3.346667,4267.2
      101.710000,3.336667,2804.16
    </coordinates>
  </LineString>
</Placemark>
<Style id="style_10071">
  <LineStyle><color>ff00ffff</color><width>3</width></LineStyle>
</Style>
<Placemark>
  <styleUrl>#style_10071</styleUrl>
  <LineString>
    <tessellate>1</tessellate>
    <altitudeMode>absolute</altitudeMode>
    <coordinates>
      101.710000,3.336667,2804.16
      101.643333,3.333333,2560.32
    </coordinates>
  </LineString>
</Placemark>
<Style id="style_10072">
  <LineStyle><color>ff00ffff</color><width>3</width></LineStyle>
</Style>
<Placemark>
  <styleUrl>#style_10072</styleUrl>
  <LineString>
    <tessellate>1</tessellate>
    <altitudeMode>absolute</altitudeMode>
    <coordinates>
      101.643333,3.333333,2560.32
      101.526667,3.328333,1981.2
    </coordinates>
  </LineString>
</Placemark>
<Style id="style_10073">
  <LineStyle><color>ff00ffff</color><width>3</width></LineStyle>
</Style>
<Placemark>
  <styleUrl>#style_10073</styleUrl>
  <LineString>
    <tessellate>1</tessellate>
    <altitudeMode>absolute</altitudeMode>
    <coordinates>
      101.526667,3.328333,1981.2
      101.486667,3.326667,1706.88
    </coordinates>
  </LineString>
</Placemark>
<Style id="style_10074">
  <LineStyle><color>ff00ffff</color><width>3</width></LineStyle>
</Style>
<Placemark>
  <styleUrl>#style_10074</styleUrl>
  <LineString>
    <tessellate>1</tessellate>
    <altitudeMode>absolute</altitudeMode>
    <coordinates>
      101.486667,3.326667,1706.88
      101.451667,3.295000,1371.6
    </coordinates>
  </LineString>
</Placemark>
<Style id="style_10075">
  <LineStyle><color>ff00ffff</color><width>3</width></LineStyle>
</Style>
<Placemark>
  <styleUrl>#style_10075</styleUrl>
  <LineString>
    <tessellate>1</tessellate>
    <altitudeMode>absolute</altitudeMode>
    <coordinates>
      101.451667,3.295000,1371.6
      101.550000,3.131667,27.1272
    </coordinates>
  </LineString>
</Placemark>
<Style id="style_10076">
  <LineStyle><color>ff00ffff</color><width>3</width></LineStyle>
</Style>
<Placemark>
  <styleUrl>#style_10076</styleUrl>
  <LineString>
    <tessellate>1</tessellate>
    <altitudeMode>absolute</altitudeMode>
    <coordinates>
      101.550000,3.131667,27.1272
      0,0,0
    </coordinates>
  </LineString>
</Placemark>
<Style id="style_10077">
  <LineStyle><color>ffffffff</color><width>2</width></LineStyle>
</Style>
<Placemark>
  <styleUrl>#style_10077</styleUrl>
  <LineString>
    <tessellate>1</tessellate>
    <altitudeMode>absolute</altitudeMode>
    <coordinates>
      0,0,0
      0,0,0
    </coordinates>
  </LineString>
</Placemark>
<Style id="style_10078">
  <LineStyle><color>ffffffff</color><width>2</width></LineStyle>
</Style>
<Placemark>
  <styleUrl>#style_10078</styleUrl>
  <LineString>
    <tessellate>1</tessellate>
    <altitudeMode>absolute</altitudeMode>
    <coordinates>
      0,0,0
      0,0,0
    </coordinates>
  </LineString>
</Placemark>
<Style id="style_10079">
  <LineStyle><color>ffffffff</color><width>2</width></LineStyle>
</Style>
<Placemark>
  <styleUrl>#style_10079</styleUrl>
  <LineString>
    <tessellate>1</tessellate>
    <altitudeMode>absolute</altitudeMode>
    <coordinates>
      0,0,0
      0,0,0
    </coordinates>
  </LineString>
</Placemark>
<Style id="style_10080">
  <LineStyle><color>ffffffff</color><width>2</width></LineStyle>
</Style>
<Placemark>
  <styleUrl>#style_10080</styleUrl>
  <LineString>
    <tessellate>1</tessellate>
    <altitudeMode>absolute</altitudeMode>
    <coordinates>
      0,0,0
      0,0,0
    </coordinates>
  </LineString>
</Placemark>
<Style id="style_10081">
  <LineStyle><color>ffffffff</color><width>2</width></LineStyle>
</Style>
<Placemark>
  <styleUrl>#style_10081</styleUrl>
  <LineString>
    <tessellate>1</tessellate>
    <altitudeMode>absolute</altitudeMode>
    <coordinates>
      0,0,0
      0,0,0
    </coordinates>
  </LineString>
</Placemark>
<Style id="style_10082">
  <LineStyle><color>ffffffff</color><width>2</width></LineStyle>
</Style>
<Placemark>
  <styleUrl>#style_10082</styleUrl>
  <LineString>
    <tessellate>1</tessellate>
    <altitudeMode>absolute</altitudeMode>
    <coordinates>
      0,0,0
      0,0,0
    </coordinates>
  </LineString>
</Placemark>
<Style id="style_10083">
  <LineStyle><color>ffffffff</color><width>2</width></LineStyle>
</Style>
<Placemark>
  <styleUrl>#style_10083</styleUrl>
  <LineString>
    <tessellate>1</tessellate>
    <altitudeMode>absolute</altitudeMode>
    <coordinates>
      0,0,0
      0,0,0
    </coordinates>
  </LineString>
</Placemark>
<Style id="style_10084">
  <LineStyle><color>ffffffff</color><width>2</width></LineStyle>
</Style>
<Placemark>
  <styleUrl>#style_10084</styleUrl>
  <LineString>
    <tessellate>1</tessellate>
    <altitudeMode>absolute</altitudeMode>
    <coordinates>
      0,0,0
      0,0,0
    </coordinates>
  </LineString>
</Placemark>
<Style id="style_10085">
  <LineStyle><color>ffffffff</color><width>2</width></LineStyle>
</Style>
<Placemark>
  <styleUrl>#style_10085</styleUrl>
  <LineString>
    <tessellate>1</tessellate>
    <altitudeMode>absolute</altitudeMode>
    <coordinates>
      0,0,0
      0,0,0
    </coordinates>
  </LineString>
</Placemark>
<Style id="style_10086">
  <LineStyle><color>ffffffff</color><width>2</width></LineStyle>
</Style>
<Placemark>
  <styleUrl>#style_10086</styleUrl>
  <LineString>
    <tessellate>1</tessellate>
    <altitudeMode>absolute</altitudeMode>
    <coordinates>
      0,0,0
      0,0,0
    </coordinates>
  </LineString>
</Placemark>
<Style id="style_10087">
  <LineStyle><color>ffffffff</color><width>2</width></LineStyle>
</Style>
<Placemark>
  <styleUrl>#style_10087</styleUrl>
  <LineString>
    <tessellate>1</tessellate>
    <altitudeMode>absolute</altitudeMode>
    <coordinates>
      0,0,0
      0,0,0
    </coordinates>
  </LineString>
</Placemark>
<Style id="style_10088">
  <LineStyle><color>ffffffff</color><width>2</width></LineStyle>
</Style>
<Placemark>
  <styleUrl>#style_10088</styleUrl>
  <LineString>
    <tessellate>1</tessellate>
    <altitudeMode>absolute</altitudeMode>
    <coordinates>
      0,0,0
      0,0,0
    </coordinates>
  </LineString>
</Placemark>
<Style id="style_10089">
  <LineStyle><color>ffffffff</color><width>2</width></LineStyle>
</Style>
<Placemark>
  <styleUrl>#style_10089</styleUrl>
  <LineString>
    <tessellate>1</tessellate>
    <altitudeMode>absolute</altitudeMode>
    <coordinates>
      0,0,0
      0,0,0
    </coordinates>
  </LineString>
</Placemark>
<Style id="style_10090">
  <LineStyle><color>ffffffff</color><width>2</width></LineStyle>
</Style>
<Placemark>
  <styleUrl>#style_10090</styleUrl>
  <LineString>
    <tessellate>1</tessellate>
    <altitudeMode>absolute</altitudeMode>
    <coordinates>
      0,0,0
      0,0,0
    </coordinates>
  </LineString>
</Placemark>
<Style id="style_10091">
  <LineStyle><color>ffffffff</color><width>2</width></LineStyle>
</Style>
<Placemark>
  <styleUrl>#style_10091</styleUrl>
  <LineString>
    <tessellate>1</tessellate>
    <altitudeMode>absolute</altitudeMode>
    <coordinates>
      0,0,0
      0,0,0
    </coordinates>
  </LineString>
</Placemark>
<Style id="style_10092">
  <LineStyle><color>ffffffff</color><width>2</width></LineStyle>
</Style>
<Placemark>
  <styleUrl>#style_10092</styleUrl>
  <LineString>
    <tessellate>1</tessellate>
    <altitudeMode>absolute</altitudeMode>
    <coordinates>
      0,0,0
      0,0,0
    </coordinates>
  </LineString>
</Placemark>
<Style id="style_10093">
  <LineStyle><color>ffffffff</color><width>2</width></LineStyle>
</Style>
<Placemark>
  <styleUrl>#style_10093</styleUrl>
  <LineString>
    <tessellate>1</tessellate>
    <altitudeMode>absolute</altitudeMode>
    <coordinates>
      0,0,0
      0,0,0
    </coordinates>
  </LineString>
</Placemark>
<Style id="style_10094">
  <LineStyle><color>ffffffff</color><width>2</width></LineStyle>
</Style>
<Placemark>
  <styleUrl>#style_10094</styleUrl>
  <LineString>
    <tessellate>1</tessellate>
    <altitudeMode>absolute</altitudeMode>
    <coordinates>
      0,0,0
      0,0,0
    </coordinates>
  </LineString>
</Placemark>
<Style id="style_10095">
  <LineStyle><color>ffffffff</color><width>2</width></LineStyle>
</Style>
<Placemark>
  <styleUrl>#style_10095</styleUrl>
  <LineString>
    <tessellate>1</tessellate>
    <altitudeMode>absolute</altitudeMode>
    <coordinates>
      0,0,0
      0,0,0
    </coordinates>
  </LineString>
</Placemark>
<Style id="style_10096">
  <LineStyle><color>ffffffff</color><width>2</width></LineStyle>
</Style>
<Placemark>
  <styleUrl>#style_10096</styleUrl>
  <LineString>
    <tessellate>1</tessellate>
    <altitudeMode>absolute</altitudeMode>
    <coordinates>
      0,0,0
      0,0,0
    </coordinates>
  </LineString>
</Placemark>
<Style id="style_10097">
  <LineStyle><color>ffffffff</color><width>2</width></LineStyle>
</Style>
<Placemark>
  <styleUrl>#style_10097</styleUrl>
  <LineString>
    <tessellate>1</tessellate>
    <altitudeMode>absolute</altitudeMode>
    <coordinates>
      0,0,0
      0,0,0
    </coordinates>
  </LineString>
</Placemark>
<Style id="style_10098">
  <LineStyle><color>ffffffff</color><width>2</width></LineStyle>
</Style>
<Placemark>
  <styleUrl>#style_10098</styleUrl>
  <LineString>
    <tessellate>1</tessellate>
    <altitudeMode>absolute</altitudeMode>
    <coordinates>
      0,0,0
      0,0,0
    </coordinates>
  </LineString>
</Placemark>
<Style id="style_10099">
  <LineStyle><color>ffffffff</color><width>2</width></LineStyle>
</Style>
<Placemark>
  <styleUrl>#style_10099</styleUrl>
  <LineString>
    <tessellate>1</tessellate>
    <altitudeMode>absolute</altitudeMode>
    <coordinates>
      0,0,0
      0,0,0
    </coordinates>
  </LineString>
</Placemark>
<Style id="style_10100">
  <LineStyle><color>ffffffff</color><width>2</width></LineStyle>
</Style>
<Placemark>
  <styleUrl>#style_10100</styleUrl>
  <LineString>
    <tessellate>1</tessellate>
    <altitudeMode>absolute</altitudeMode>
    <coordinates>
      0,0,0
      0,0,0
    </coordinates>
  </LineString>
</Placemark>
<Style id="style_10101">
  <LineStyle><color>ffffffff</color><width>2</width></LineStyle>
</Style>
<Placemark>
  <styleUrl>#style_10101</styleUrl>
  <LineString>
    <tessellate>1</tessellate>
    <altitudeMode>absolute</altitudeMode>
    <coordinates>
      0,0,0
      0,0,0
    </coordinates>
  </LineString>
</Placemark>
<Style id="style_10102">
  <LineStyle><color>ffffffff</color><width>2</width></LineStyle>
</Style>
<Placemark>
  <styleUrl>#style_10102</styleUrl>
  <LineString>
    <tessellate>1</tessellate>
    <altitudeMode>absolute</altitudeMode>
    <coordinates>
      0,0,0
      0,0,0
    </coordinates>
  </LineString>
</Placemark>
<Style id="style_10103">
  <LineStyle><color>ffffffff</color><width>2</width></LineStyle>
</Style>
<Placemark>
  <styleUrl>#style_10103</styleUrl>
  <LineString>
    <tessellate>1</tessellate>
    <altitudeMode>absolute</altitudeMode>
    <coordinates>
      0,0,0
      0,0,0
    </coordinates>
  </LineString>
</Placemark>
<Style id="style_10104">
  <LineStyle><color>ffffffff</color><width>2</width></LineStyle>
</Style>
<Placemark>
  <styleUrl>#style_10104</styleUrl>
  <LineString>
    <tessellate>1</tessellate>
    <altitudeMode>absolute</altitudeMode>
    <coordinates>
      0,0,0
      0,0,0
    </coordinates>
  </LineString>
</Placemark>
<Style id="style_10105">
  <LineStyle><color>ffffffff</color><width>2</width></LineStyle>
</Style>
<Placemark>
  <styleUrl>#style_10105</styleUrl>
  <LineString>
    <tessellate>1</tessellate>
    <altitudeMode>absolute</altitudeMode>
    <coordinates>
      0,0,0
      0,0,0
    </coordinates>
  </LineString>
</Placemark>
<Style id="style_10106">
  <LineStyle><color>ffffffff</color><width>2</width></LineStyle>
</Style>
<Placemark>
  <styleUrl>#style_10106</styleUrl>
  <LineString>
    <tessellate>1</tessellate>
    <altitudeMode>absolute</altitudeMode>
    <coordinates>
      0,0,0
      0,0,0
    </coordinates>
  </LineString>
</Placemark>
<Style id="style_10107">
  <LineStyle><color>ffffffff</color><width>2</width></LineStyle>
</Style>
<Placemark>
  <styleUrl>#style_10107</styleUrl>
  <LineString>
    <tessellate>1</tessellate>
    <altitudeMode>absolute</altitudeMode>
    <coordinates>
      0,0,0
      0,0,0
    </coordinates>
  </LineString>
</Placemark>
<Style id="style_10108">
  <LineStyle><color>ffffffff</color><width>2</width></LineStyle>
</Style>
<Placemark>
  <styleUrl>#style_10108</styleUrl>
  <LineString>
    <tessellate>1</tessellate>
    <altitudeMode>absolute</altitudeMode>
    <coordinates>
      0,0,0
      0,0,0
    </coordinates>
  </LineString>
</Placemark>
<Style id="style_10109">
  <LineStyle><color>ffffffff</color><width>2</width></LineStyle>
</Style>
<Placemark>
  <styleUrl>#style_10109</styleUrl>
  <LineString>
    <tessellate>1</tessellate>
    <altitudeMode>absolute</altitudeMode>
    <coordinates>
      0,0,0
      0,0,0
    </coordinates>
  </LineString>
</Placemark>
<Style id="style_10110">
  <LineStyle><color>ffffffff</color><width>2</width></LineStyle>
</Style>
<Placemark>
  <styleUrl>#style_10110</styleUrl>
  <LineString>
    <tessellate>1</tessellate>
    <altitudeMode>absolute</altitudeMode>
    <coordinates>
      0,0,0
      0,0,0
    </coordinates>
  </LineString>
</Placemark>
<Style id="style_10111">
  <LineStyle><color>ffffffff</color><width>2</width></LineStyle>
</Style>
<Placemark>
  <styleUrl>#style_10111</styleUrl>
  <LineString>
    <tessellate>1</tessellate>
    <altitudeMode>absolute</altitudeMode>
    <coordinates>
      0,0,0
      0,0,0
    </coordinates>
  </LineString>
</Placemark>
<Style id="style_10112">
  <LineStyle><color>ffffffff</color><width>2</width></LineStyle>
</Style>
<Placemark>
  <styleUrl>#style_10112</styleUrl>
  <LineString>
    <tessellate>1</tessellate>
    <altitudeMode>absolute</altitudeMode>
    <coordinates>
      0,0,0
      0,0,0
    </coordinates>
  </LineString>
</Placemark>
<Style id="style_10113">
  <LineStyle><color>ffffffff</color><width>2</width></LineStyle>
</Style>
<Placemark>
  <styleUrl>#style_10113</styleUrl>
  <LineString>
    <tessellate>1</tessellate>
    <altitudeMode>absolute</altitudeMode>
    <coordinates>
      0,0,0
      0,0,0
    </coordinates>
  </LineString>
</Placemark>
<Style id="style_10114">
  <LineStyle><color>ffffffff</color><width>2</width></LineStyle>
</Style>
<Placemark>
  <styleUrl>#style_10114</styleUrl>
  <LineString>
    <tessellate>1</tessellate>
    <altitudeMode>absolute</altitudeMode>
    <coordinates>
      0,0,0
      0,0,0
    </coordinates>
  </LineString>
</Placemark>
<Style id="style_10115">
  <LineStyle><color>ffffffff</color><width>2</width></LineStyle>
</Style>
<Placemark>
  <styleUrl>#style_10115</styleUrl>
  <LineString>
    <tessellate>1</tessellate>
    <altitudeMode>absolute</altitudeMode>
    <coordinates>
      0,0,0
      0,0,0
    </coordinates>
  </LineString>
</Placemark>
<Style id="style_10116">
  <LineStyle><color>ffffffff</color><width>2</width></LineStyle>
</Style>
<Placemark>
  <styleUrl>#style_10116</styleUrl>
  <LineString>
    <tessellate>1</tessellate>
    <altitudeMode>absolute</altitudeMode>
    <coordinates>
      0,0,0
      0,0,0
    </coordinates>
  </LineString>
</Placemark>
<Style id="style_10117">
  <LineStyle><color>ffffffff</color><width>2</width></LineStyle>
</Style>
<Placemark>
  <styleUrl>#style_10117</styleUrl>
  <LineString>
    <tessellate>1</tessellate>
    <altitudeMode>absolute</altitudeMode>
    <coordinates>
      0,0,0
      0,0,0
    </coordinates>
  </LineString>
</Placemark>
<Style id="style_10118">
  <LineStyle><color>ffffffff</color><width>2</width></LineStyle>
</Style>
<Placemark>
  <styleUrl>#style_10118</styleUrl>
  <LineString>
    <tessellate>1</tessellate>
    <altitudeMode>absolute</altitudeMode>
    <coordinates>
      0,0,0
      0,0,0
    </coordinates>
  </LineString>
</Placemark>
<Style id="style_10119">
  <LineStyle><color>ffffffff</color><width>2</width></LineStyle>
</Style>
<Placemark>
  <styleUrl>#style_10119</styleUrl>
  <LineString>
    <tessellate>1</tessellate>
    <altitudeMode>absolute</altitudeMode>
    <coordinates>
      0,0,0
      0,0,0
    </coordinates>
  </LineString>
</Placemark>
<Style id="style_10120">
  <LineStyle><color>ffffffff</color><width>2</width></LineStyle>
</Style>
<Placemark>
  <styleUrl>#style_10120</styleUrl>
  <LineString>
    <tessellate>1</tessellate>
    <altitudeMode>absolute</altitudeMode>
    <coordinates>
      0,0,0
      0,0,0
    </coordinates>
  </LineString>
</Placemark>
<Style id="style_10121">
  <LineStyle><color>ffffffff</color><width>2</width></LineStyle>
</Style>
<Placemark>
  <styleUrl>#style_10121</styleUrl>
  <LineString>
    <tessellate>1</tessellate>
    <altitudeMode>absolute</altitudeMode>
    <coordinates>
      0,0,0
      0,0,0
    </coordinates>
  </LineString>
</Placemark>
<Style id="style_10122">
  <LineStyle><color>ffffffff</color><width>2</width></LineStyle>
</Style>
<Placemark>
  <styleUrl>#style_10122</styleUrl>
  <LineString>
    <tessellate>1</tessellate>
    <altitudeMode>absolute</altitudeMode>
    <coordinates>
      0,0,0
      0,0,0
    </coordinates>
  </LineString>
</Placemark>
<Style id="style_10123">
  <LineStyle><color>ffffffff</color><width>2</width></LineStyle>
</Style>
<Placemark>
  <styleUrl>#style_10123</styleUrl>
  <LineString>
    <tessellate>1</tessellate>
    <altitudeMode>absolute</altitudeMode>
    <coordinates>
      0,0,0
      0,0,0
    </coordinates>
  </LineString>
</Placemark>
<Style id="style_10124">
  <LineStyle><color>ffffffff</color><width>2</width></LineStyle>
</Style>
<Placemark>
  <styleUrl>#style_10124</styleUrl>
  <LineString>
    <tessellate>1</tessellate>
    <altitudeMode>absolute</altitudeMode>
    <coordinates>
      0,0,0
      0,0,0
    </coordinates>
  </LineString>
</Placemark>
<Style id="style_10125">
  <LineStyle><color>ffffffff</color><width>2</width></LineStyle>
</Style>
<Placemark>
  <styleUrl>#style_10125</styleUrl>
  <LineString>
    <tessellate>1</tessellate>
    <altitudeMode>absolute</altitudeMode>
    <coordinates>
      0,0,0
      0,0,0
    </coordinates>
  </LineString>
</Placemark>
<Style id="style_10126">
  <LineStyle><color>ffffffff</color><width>2</width></LineStyle>
</Style>
<Placemark>
  <styleUrl>#style_10126</styleUrl>
  <LineString>
    <tessellate>1</tessellate>
    <altitudeMode>absolute</altitudeMode>
    <coordinates>
      0,0,0
      0,0,0
    </coordinates>
  </LineString>
</Placemark>
<Style id="style_10127">
  <LineStyle><color>ffffffff</color><width>2</width></LineStyle>
</Style>
<Placemark>
  <styleUrl>#style_10127</styleUrl>
  <LineString>
    <tessellate>1</tessellate>
    <altitudeMode>absolute</altitudeMode>
    <coordinates>
      0,0,0
      0,0,0
    </coordinates>
  </LineString>
</Placemark>
<Style id="style_10128">
  <LineStyle><color>ffffffff</color><width>2</width></LineStyle>
</Style>
<Placemark>
  <styleUrl>#style_10128</styleUrl>
  <LineString>
    <tessellate>1</tessellate>
    <altitudeMode>absolute</altitudeMode>
    <coordinates>
      0,0,0
      0,0,0
    </coordinates>
  </LineString>
</Placemark>
<Style id="style_10129">
  <LineStyle><color>ffffffff</color><width>2</width></LineStyle>
</Style>
<Placemark>
  <styleUrl>#style_10129</styleUrl>
  <LineString>
    <tessellate>1</tessellate>
    <altitudeMode>absolute</altitudeMode>
    <coordinates>
      0,0,0
      0,0,0
    </coordinates>
  </LineString>
</Placemark>
<Style id="style_10130">
  <LineStyle><color>ffffffff</color><width>2</width></LineStyle>
</Style>
<Placemark>
  <styleUrl>#style_10130</styleUrl>
  <LineString>
    <tessellate>1</tessellate>
    <altitudeMode>absolute</altitudeMode>
    <coordinates>
      0,0,0
      0,0,0
    </coordinates>
  </LineString>
</Placemark>
<Style id="style_10131">
  <LineStyle><color>ffffffff</color><width>2</width></LineStyle>
</Style>
<Placemark>
  <styleUrl>#style_10131</styleUrl>
  <LineString>
    <tessellate>1</tessellate>
    <altitudeMode>absolute</altitudeMode>
    <coordinates>
      0,0,0
      0,0,0
    </coordinates>
  </LineString>
</Placemark>
<Style id="style_10132">
  <LineStyle><color>ffffffff</color><width>2</width></LineStyle>
</Style>
<Placemark>
  <styleUrl>#style_10132</styleUrl>
  <LineString>
    <tessellate>1</tessellate>
    <altitudeMode>absolute</altitudeMode>
    <coordinates>
      0,0,0
      0,0,0
    </coordinates>
  </LineString>
</Placemark>
<Style id="style_10133">
  <LineStyle><color>ffffffff</color><width>2</width></LineStyle>
</Style>
<Placemark>
  <styleUrl>#style_10133</styleUrl>
  <LineString>
    <tessellate>1</tessellate>
    <altitudeMode>absolute</altitudeMode>
    <coordinates>
      0,0,0
      0,0,0
    </coordinates>
  </LineString>
</Placemark>
<Style id="style_10134">
  <LineStyle><color>ffffffff</color><width>2</width></LineStyle>
</Style>
<Placemark>
  <styleUrl>#style_10134</styleUrl>
  <LineString>
    <tessellate>1</tessellate>
    <altitudeMode>absolute</altitudeMode>
    <coordinates>
      0,0,0
      0,0,0
    </coordinates>
  </LineString>
</Placemark>
<Style id="style_10135">
  <LineStyle><color>ffffffff</color><width>2</width></LineStyle>
</Style>
<Placemark>
  <styleUrl>#style_10135</styleUrl>
  <LineString>
    <tessellate>1</tessellate>
    <altitudeMode>absolute</altitudeMode>
    <coordinates>
      0,0,0
      0,0,0
    </coordinates>
  </LineString>
</Placemark>
<Style id="style_10136">
  <LineStyle><color>ffffffff</color><width>2</width></LineStyle>
</Style>
<Placemark>
  <styleUrl>#style_10136</styleUrl>
  <LineString>
    <tessellate>1</tessellate>
    <altitudeMode>absolute</altitudeMode>
    <coordinates>
      0,0,0
      0,0,0
    </coordinates>
  </LineString>
</Placemark>
<Style id="style_10137">
  <LineStyle><color>ffffffff</color><width>2</width></LineStyle>
</Style>
<Placemark>
  <styleUrl>#style_10137</styleUrl>
  <LineString>
    <tessellate>1</tessellate>
    <altitudeMode>absolute</altitudeMode>
    <coordinates>
      0,0,0
      0,0,0
    </coordinates>
  </LineString>
</Placemark>
<Style id="style_10138">
  <LineStyle><color>ffffffff</color><width>2</width></LineStyle>
</Style>
<Placemark>
  <styleUrl>#style_10138</styleUrl>
  <LineString>
    <tessellate>1</tessellate>
    <altitudeMode>absolute</altitudeMode>
    <coordinates>
      0,0,0
      0,0,0
    </coordinates>
  </LineString>
</Placemark>
<Style id="style_10139">
  <LineStyle><color>ffffffff</color><width>2</width></LineStyle>
</Style>
<Placemark>
  <styleUrl>#style_10139</styleUrl>
  <LineString>
    <tessellate>1</tessellate>
    <altitudeMode>absolute</altitudeMode>
    <coordinates>
      0,0,0
      0,0,0
    </coordinates>
  </LineString>
</Placemark>
<Style id="style_10140">
  <LineStyle><color>ffffffff</color><width>2</width></LineStyle>
</Style>
<Placemark>
  <styleUrl>#style_10140</styleUrl>
  <LineString>
    <tessellate>1</tessellate>
    <altitudeMode>absolute</altitudeMode>
    <coordinates>
      0,0,0
      0,0,0
    </coordinates>
  </LineString>
</Placemark>
<Style id="style_10141">
  <LineStyle><color>ffffffff</color><width>2</width></LineStyle>
</Style>
<Placemark>
  <styleUrl>#style_10141</styleUrl>
  <LineString>
    <tessellate>1</tessellate>
    <altitudeMode>absolute</altitudeMode>
    <coordinates>
      0,0,0
      0,0,0
    </coordinates>
  </LineString>
</Placemark>
<Style id="style_10142">
  <LineStyle><color>ffffffff</color><width>2</width></LineStyle>
</Style>
<Placemark>
  <styleUrl>#style_10142</styleUrl>
  <LineString>
    <tessellate>1</tessellate>
    <altitudeMode>absolute</altitudeMode>
    <coordinates>
      0,0,0
      0,0,0
    </coordinates>
  </LineString>
</Placemark>
<Style id="style_10143">
  <LineStyle><color>ffffffff</color><width>2</width></LineStyle>
</Style>
<Placemark>
  <styleUrl>#style_10143</styleUrl>
  <LineString>
    <tessellate>1</tessellate>
    <altitudeMode>absolute</altitudeMode>
    <coordinates>
      0,0,0
      0,0,0
    </coordinates>
  </LineString>
</Placemark>
<Style id="style_10144">
  <LineStyle><color>ffffffff</color><width>2</width></LineStyle>
</Style>
<Placemark>
  <styleUrl>#style_10144</styleUrl>
  <LineString>
    <tessellate>1</tessellate>
    <altitudeMode>absolute</altitudeMode>
    <coordinates>
      0,0,0
      0,0,0
    </coordinates>
  </LineString>
</Placemark>
<Style id="style_10145">
  <LineStyle><color>ffffffff</color><width>2</width></LineStyle>
</Style>
<Placemark>
  <styleUrl>#style_10145</styleUrl>
  <LineString>
    <tessellate>1</tessellate>
    <altitudeMode>absolute</altitudeMode>
    <coordinates>
      0,0,0
      0,0,0
    </coordinates>
  </LineString>
</Placemark>
<Style id="style_10146">
  <LineStyle><color>ffffffff</color><width>2</width></LineStyle>
</Style>
<Placemark>
  <styleUrl>#style_10146</styleUrl>
  <LineString>
    <tessellate>1</tessellate>
    <altitudeMode>absolute</altitudeMode>
    <coordinates>
      0,0,0
      0,0,0
    </coordinates>
  </LineString>
</Placemark>
<Style id="style_10147">
  <LineStyle><color>ffffffff</color><width>2</width></LineStyle>
</Style>
<Placemark>
  <styleUrl>#style_10147</styleUrl>
  <LineString>
    <tessellate>1</tessellate>
    <altitudeMode>absolute</altitudeMode>
    <coordinates>
      0,0,0
      0,0,0
    </coordinates>
  </LineString>
</Placemark>
<Style id="style_10148">
  <LineStyle><color>ffffffff</color><width>2</width></LineStyle>
</Style>
<Placemark>
  <styleUrl>#style_10148</styleUrl>
  <LineString>
    <tessellate>1</tessellate>
    <altitudeMode>absolute</altitudeMode>
    <coordinates>
      0,0,0
      0,0,0
    </coordinates>
  </LineString>
</Placemark>
<Style id="style_10149">
  <LineStyle><color>ffffffff</color><width>2</width></LineStyle>
</Style>
<Placemark>
  <styleUrl>#style_10149</styleUrl>
  <LineString>
    <tessellate>1</tessellate>
    <altitudeMode>absolute</altitudeMode>
    <coordinates>
      0,0,0
      0,0,0
    </coordinates>
  </LineString>
</Placemark>
<Style id="style_10150">
  <LineStyle><color>ffffffff</color><width>2</width></LineStyle>
</Style>
<Placemark>
  <styleUrl>#style_10150</styleUrl>
  <LineString>
    <tessellate>1</tessellate>
    <altitudeMode>absolute</altitudeMode>
    <coordinates>
      0,0,0
      0,0,0
    </coordinates>
  </LineString>
</Placemark>
<Style id="style_10151">
  <LineStyle><color>ffffffff</color><width>2</width></LineStyle>
</Style>
<Placemark>
  <styleUrl>#style_10151</styleUrl>
  <LineString>
    <tessellate>1</tessellate>
    <altitudeMode>absolute</altitudeMode>
    <coordinates>
      0,0,0
      0,0,0
    </coordinates>
  </LineString>
</Placemark>
<Style id="style_10152">
  <LineStyle><color>ffffffff</color><width>2</width></LineStyle>
</Style>
<Placemark>
  <styleUrl>#style_10152</styleUrl>
  <LineString>
    <tessellate>1</tessellate>
    <altitudeMode>absolute</altitudeMode>
    <coordinates>
      0,0,0
      0,0,0
    </coordinates>
  </LineString>
</Placemark>
<Style id="style_10153">
  <LineStyle><color>ffffffff</color><width>2</width></LineStyle>
</Style>
<Placemark>
  <styleUrl>#style_10153</styleUrl>
  <LineString>
    <tessellate>1</tessellate>
    <altitudeMode>absolute</altitudeMode>
    <coordinates>
      0,0,0
      0,0,0
    </coordinates>
  </LineString>
</Placemark>
<Style id="style_10154">
  <LineStyle><color>ffffffff</color><width>2</width></LineStyle>
</Style>
<Placemark>
  <styleUrl>#style_10154</styleUrl>
  <LineString>
    <tessellate>1</tessellate>
    <altitudeMode>absolute</altitudeMode>
    <coordinates>
      0,0,0
      0,0,0
    </coordinates>
  </LineString>
</Placemark>
<Style id="style_10155">
  <LineStyle><color>ffffffff</color><width>2</width></LineStyle>
</Style>
<Placemark>
  <styleUrl>#style_10155</styleUrl>
  <LineString>
    <tessellate>1</tessellate>
    <altitudeMode>absolute</altitudeMode>
    <coordinates>
      0,0,0
      0,0,0
    </coordinates>
  </LineString>
</Placemark>
<Style id="style_10156">
  <LineStyle><color>ffffffff</color><width>2</width></LineStyle>
</Style>
<Placemark>
  <styleUrl>#style_10156</styleUrl>
  <LineString>
    <tessellate>1</tessellate>
    <altitudeMode>absolute</altitudeMode>
    <coordinates>
      0,0,0
      0,0,0
    </coordinates>
  </LineString>
</Placemark>
<Style id="style_10157">
  <LineStyle><color>ffffffff</color><width>2</width></LineStyle>
</Style>
<Placemark>
  <styleUrl>#style_10157</styleUrl>
  <LineString>
    <tessellate>1</tessellate>
    <altitudeMode>absolute</altitudeMode>
    <coordinates>
      0,0,0
      0,0,0
    </coordinates>
  </LineString>
</Placemark>
<Style id="style_10158">
  <LineStyle><color>ffffffff</color><width>2</width></LineStyle>
</Style>
<Placemark>
  <styleUrl>#style_10158</styleUrl>
  <LineString>
    <tessellate>1</tessellate>
    <altitudeMode>absolute</altitudeMode>
    <coordinates>
      0,0,0
      0,0,0
    </coordinates>
  </LineString>
</Placemark>
<Style id="style_10159">
  <LineStyle><color>ffffffff</color><width>2</width></LineStyle>
</Style>
<Placemark>
  <styleUrl>#style_10159</styleUrl>
  <LineString>
    <tessellate>1</tessellate>
    <altitudeMode>absolute</altitudeMode>
    <coordinates>
      0,0,0
      0,0,0
    </coordinates>
  </LineString>
</Placemark>
<Style id="style_10160">
  <LineStyle><color>ffffffff</color><width>2</width></LineStyle>
</Style>
<Placemark>
  <styleUrl>#style_10160</styleUrl>
  <LineString>
    <tessellate>1</tessellate>
    <altitudeMode>absolute</altitudeMode>
    <coordinates>
      0,0,0
      0,0,0
    </coordinates>
  </LineString>
</Placemark>
<Style id="style_10161">
  <LineStyle><color>ffffffff</color><width>2</width></LineStyle>
</Style>
<Placemark>
  <styleUrl>#style_10161</styleUrl>
  <LineString>
    <tessellate>1</tessellate>
    <altitudeMode>absolute</altitudeMode>
    <coordinates>
      0,0,0
      0,0,0
    </coordinates>
  </LineString>
</Placemark>
<Style id="style_10162">
  <LineStyle><color>ffffffff</color><width>2</width></LineStyle>
</Style>
<Placemark>
  <styleUrl>#style_10162</styleUrl>
  <LineString>
    <tessellate>1</tessellate>
    <altitudeMode>absolute</altitudeMode>
    <coordinates>
      0,0,0
      0,0,0
    </coordinates>
  </LineString>
</Placemark>
<Style id="style_10163">
  <LineStyle><color>ffffffff</color><width>2</width></LineStyle>
</Style>
<Placemark>
  <styleUrl>#style_10163</styleUrl>
  <LineString>
    <tessellate>1</tessellate>
    <altitudeMode>absolute</altitudeMode>
    <coordinates>
      0,0,0
      0,0,0
    </coordinates>
  </LineString>
</Placemark>
<Style id="style_10164">
  <LineStyle><color>ffffffff</color><width>2</width></LineStyle>
</Style>
<Placemark>
  <styleUrl>#style_10164</styleUrl>
  <LineString>
    <tessellate>1</tessellate>
    <altitudeMode>absolute</altitudeMode>
    <coordinates>
      0,0,0
      0,0,0
    </coordinates>
  </LineString>
</Placemark>
<Style id="style_10165">
  <LineStyle><color>ffffffff</color><width>2</width></LineStyle>
</Style>
<Placemark>
  <styleUrl>#style_10165</styleUrl>
  <LineString>
    <tessellate>1</tessellate>
    <altitudeMode>absolute</altitudeMode>
    <coordinates>
      0,0,0
      0,0,0
    </coordinates>
  </LineString>
</Placemark>
<Style id="style_10166">
  <LineStyle><color>ffffffff</color><width>2</width></LineStyle>
</Style>
<Placemark>
  <styleUrl>#style_10166</styleUrl>
  <LineString>
    <tessellate>1</tessellate>
    <altitudeMode>absolute</altitudeMode>
    <coordinates>
      0,0,0
      0,0,0
    </coordinates>
  </LineString>
</Placemark>
<Style id="style_10167">
  <LineStyle><color>ffffffff</color><width>2</width></LineStyle>
</Style>
<Placemark>
  <styleUrl>#style_10167</styleUrl>
  <LineString>
    <tessellate>1</tessellate>
    <altitudeMode>absolute</altitudeMode>
    <coordinates>
      0,0,0
      0,0,0
    </coordinates>
  </LineString>
</Placemark>
<Style id="style_10168">
  <LineStyle><color>ffffffff</color><width>2</width></LineStyle>
</Style>
<Placemark>
  <styleUrl>#style_10168</styleUrl>
  <LineString>
    <tessellate>1</tessellate>
    <altitudeMode>absolute</altitudeMode>
    <coordinates>
      0,0,0
      0,0,0
    </coordinates>
  </LineString>
</Placemark>
<Style id="style_10169">
  <LineStyle><color>ffffffff</color><width>2</width></LineStyle>
</Style>
<Placemark>
  <styleUrl>#style_10169</styleUrl>
  <LineString>
    <tessellate>1</tessellate>
    <altitudeMode>absolute</altitudeMode>
    <coordinates>
      0,0,0
      0,0,0
    </coordinates>
  </LineString>
</Placemark>
<Style id="style_10170">
  <LineStyle><color>ffffffff</color><width>2</width></LineStyle>
</Style>
<Placemark>
  <styleUrl>#style_10170</styleUrl>
  <LineString>
    <tessellate>1</tessellate>
    <altitudeMode>absolute</altitudeMode>
    <coordinates>
      0,0,0
      0,0,0
    </coordinates>
  </LineString>
</Placemark>
<Style id="style_10171">
  <LineStyle><color>ffffffff</color><width>2</width></LineStyle>
</Style>
<Placemark>
  <styleUrl>#style_10171</styleUrl>
  <LineString>
    <tessellate>1</tessellate>
    <altitudeMode>absolute</altitudeMode>
    <coordinates>
      0,0,0
      0,0,0
    </coordinates>
  </LineString>
</Placemark>
<Style id="style_10172">
  <LineStyle><color>ffffffff</color><width>2</width></LineStyle>
</Style>
<Placemark>
  <styleUrl>#style_10172</styleUrl>
  <LineString>
    <tessellate>1</tessellate>
    <altitudeMode>absolute</altitudeMode>
    <coordinates>
      0,0,0
      0,0,0
    </coordinates>
  </LineString>
</Placemark>
<Style id="style_10173">
  <LineStyle><color>ffffffff</color><width>2</width></LineStyle>
</Style>
<Placemark>
  <styleUrl>#style_10173</styleUrl>
  <LineString>
    <tessellate>1</tessellate>
    <altitudeMode>absolute</altitudeMode>
    <coordinates>
      0,0,0
      0,0,0
    </coordinates>
  </LineString>
</Placemark>
<Style id="style_10174">
  <LineStyle><color>ffffffff</color><width>2</width></LineStyle>
</Style>
<Placemark>
  <styleUrl>#style_10174</styleUrl>
  <LineString>
    <tessellate>1</tessellate>
    <altitudeMode>absolute</altitudeMode>
    <coordinates>
      0,0,0
      0,0,0
    </coordinates>
  </LineString>
</Placemark>
<Style id="style_10175">
  <LineStyle><color>ffffffff</color><width>2</width></LineStyle>
</Style>
<Placemark>
  <styleUrl>#style_10175</styleUrl>
  <LineString>
    <tessellate>1</tessellate>
    <altitudeMode>absolute</altitudeMode>
    <coordinates>
      0,0,0
      0,0,0
    </coordinates>
  </LineString>
</Placemark>
<Style id="style_10176">
  <LineStyle><color>ffffffff</color><width>2</width></LineStyle>
</Style>
<Placemark>
  <styleUrl>#style_10176</styleUrl>
  <LineString>
    <tessellate>1</tessellate>
    <altitudeMode>absolute</altitudeMode>
    <coordinates>
      0,0,0
      0,0,0
    </coordinates>
  </LineString>
</Placemark>
<Style id="style_10177">
  <LineStyle><color>ffffffff</color><width>2</width></LineStyle>
</Style>
<Placemark>
  <styleUrl>#style_10177</styleUrl>
  <LineString>
    <tessellate>1</tessellate>
    <altitudeMode>absolute</altitudeMode>
    <coordinates>
      0,0,0
      0,0,0
    </coordinates>
  </LineString>
</Placemark>
<Style id="style_10178">
  <LineStyle><color>ffffffff</color><width>2</width></LineStyle>
</Style>
<Placemark>
  <styleUrl>#style_10178</styleUrl>
  <LineString>
    <tessellate>1</tessellate>
    <altitudeMode>absolute</altitudeMode>
    <coordinates>
      0,0,0
      0,0,0
    </coordinates>
  </LineString>
</Placemark>
<Style id="style_10179">
  <LineStyle><color>ffffffff</color><width>2</width></LineStyle>
</Style>
<Placemark>
  <styleUrl>#style_10179</styleUrl>
  <LineString>
    <tessellate>1</tessellate>
    <altitudeMode>absolute</altitudeMode>
    <coordinates>
      0,0,0
      0,0,0
    </coordinates>
  </LineString>
</Placemark>
<Style id="style_10180">
  <LineStyle><color>ffffffff</color><width>2</width></LineStyle>
</Style>
<Placemark>
  <styleUrl>#style_10180</styleUrl>
  <LineString>
    <tessellate>1</tessellate>
    <altitudeMode>absolute</altitudeMode>
    <coordinates>
      0,0,0
      0,0,0
    </coordinates>
  </LineString>
</Placemark>
<Style id="style_10181">
  <LineStyle><color>ffffffff</color><width>2</width></LineStyle>
</Style>
<Placemark>
  <styleUrl>#style_10181</styleUrl>
  <LineString>
    <tessellate>1</tessellate>
    <altitudeMode>absolute</altitudeMode>
    <coordinates>
      0,0,0
      0,0,0
    </coordinates>
  </LineString>
</Placemark>
<Style id="style_10182">
  <LineStyle><color>ffffffff</color><width>2</width></LineStyle>
</Style>
<Placemark>
  <styleUrl>#style_10182</styleUrl>
  <LineString>
    <tessellate>1</tessellate>
    <altitudeMode>absolute</altitudeMode>
    <coordinates>
      0,0,0
      0,0,0
    </coordinates>
  </LineString>
</Placemark>
<Style id="style_10183">
  <LineStyle><color>ffffffff</color><width>2</width></LineStyle>
</Style>
<Placemark>
  <styleUrl>#style_10183</styleUrl>
  <LineString>
    <tessellate>1</tessellate>
    <altitudeMode>absolute</altitudeMode>
    <coordinates>
      0,0,0
      0,0,0
    </coordinates>
  </LineString>
</Placemark>
<Style id="style_10184">
  <LineStyle><color>ffffffff</color><width>2</width></LineStyle>
</Style>
<Placemark>
  <styleUrl>#style_10184</styleUrl>
  <LineString>
    <tessellate>1</tessellate>
    <altitudeMode>absolute</altitudeMode>
    <coordinates>
      0,0,0
      0,0,0
    </coordinates>
  </LineString>
</Placemark>
<Style id="style_10185">
  <LineStyle><color>ffffffff</color><width>2</width></LineStyle>
</Style>
<Placemark>
  <styleUrl>#style_10185</styleUrl>
  <LineString>
    <tessellate>1</tessellate>
    <altitudeMode>absolute</altitudeMode>
    <coordinates>
      0,0,0
      0,0,0
    </coordinates>
  </LineString>
</Placemark>
<Style id="style_10186">
  <LineStyle><color>ffffffff</color><width>2</width></LineStyle>
</Style>
<Placemark>
  <styleUrl>#style_10186</styleUrl>
  <LineString>
    <tessellate>1</tessellate>
    <altitudeMode>absolute</altitudeMode>
    <coordinates>
      0,0,0
      0,0,0
    </coordinates>
  </LineString>
</Placemark>
<Style id="style_10187">
  <LineStyle><color>ffffffff</color><width>2</width></LineStyle>
</Style>
<Placemark>
  <styleUrl>#style_10187</styleUrl>
  <LineString>
    <tessellate>1</tessellate>
    <altitudeMode>absolute</altitudeMode>
    <coordinates>
      0,0,0
      0,0,0
    </coordinates>
  </LineString>
</Placemark>
<Style id="style_10188">
  <LineStyle><color>ffffffff</color><width>2</width></LineStyle>
</Style>
<Placemark>
  <styleUrl>#style_10188</styleUrl>
  <LineString>
    <tessellate>1</tessellate>
    <altitudeMode>absolute</altitudeMode>
    <coordinates>
      0,0,0
      0,0,0
    </coordinates>
  </LineString>
</Placemark>
<Style id="style_10189">
  <LineStyle><color>ffffffff</color><width>2</width></LineStyle>
</Style>
<Placemark>
  <styleUrl>#style_10189</styleUrl>
  <LineString>
    <tessellate>1</tessellate>
    <altitudeMode>absolute</altitudeMode>
    <coordinates>
      0,0,0
      0,0,0
    </coordinates>
  </LineString>
</Placemark>
<Style id="style_10190">
  <LineStyle><color>ffffffff</color><width>2</width></LineStyle>
</Style>
<Placemark>
  <styleUrl>#style_10190</styleUrl>
  <LineString>
    <tessellate>1</tessellate>
    <altitudeMode>absolute</altitudeMode>
    <coordinates>
      0,0,0
      0,0,0
    </coordinates>
  </LineString>
</Placemark>
<Style id="style_10191">
  <LineStyle><color>ffffffff</color><width>2</width></LineStyle>
</Style>
<Placemark>
  <styleUrl>#style_10191</styleUrl>
  <LineString>
    <tessellate>1</tessellate>
    <altitudeMode>absolute</altitudeMode>
    <coordinates>
      0,0,0
      0,0,0
    </coordinates>
  </LineString>
</Placemark>
<Style id="style_10192">
  <LineStyle><color>ffffffff</color><width>2</width></LineStyle>
</Style>
<Placemark>
  <styleUrl>#style_10192</styleUrl>
  <LineString>
    <tessellate>1</tessellate>
    <altitudeMode>absolute</altitudeMode>
    <coordinates>
      0,0,0
      0,0,0
    </coordinates>
  </LineString>
</Placemark>
<Style id="style_10193">
  <LineStyle><color>ffffffff</color><width>2</width></LineStyle>
</Style>
<Placemark>
  <styleUrl>#style_10193</styleUrl>
  <LineString>
    <tessellate>1</tessellate>
    <altitudeMode>absolute</altitudeMode>
    <coordinates>
      0,0,0
      0,0,0
    </coordinates>
  </LineString>
</Placemark>
<Style id="style_10194">
  <LineStyle><color>ffffffff</color><width>2</width></LineStyle>
</Style>
<Placemark>
  <styleUrl>#style_10194</styleUrl>
  <LineString>
    <tessellate>1</tessellate>
    <altitudeMode>absolute</altitudeMode>
    <coordinates>
      0,0,0
      0,0,0
    </coordinates>
  </LineString>
</Placemark>
<Style id="style_10195">
  <LineStyle><color>ffffffff</color><width>2</width></LineStyle>
</Style>
<Placemark>
  <styleUrl>#style_10195</styleUrl>
  <LineString>
    <tessellate>1</tessellate>
    <altitudeMode>absolute</altitudeMode>
    <coordinates>
      0,0,0
      0,0,0
    </coordinates>
  </LineString>
</Placemark>
<Style id="style_10196">
  <LineStyle><color>ffffffff</color><width>2</width></LineStyle>
</Style>
<Placemark>
  <styleUrl>#style_10196</styleUrl>
  <LineString>
    <tessellate>1</tessellate>
    <altitudeMode>absolute</altitudeMode>
    <coordinates>
      0,0,0
      0,0,0
    </coordinates>
  </LineString>
</Placemark>
<Style id="style_10197">
  <LineStyle><color>ffffffff</color><width>2</width></LineStyle>
</Style>
<Placemark>
  <styleUrl>#style_10197</styleUrl>
  <LineString>
    <tessellate>1</tessellate>
    <altitudeMode>absolute</altitudeMode>
    <coordinates>
      0,0,0
      0,0,0
    </coordinates>
  </LineString>
</Placemark>
<Style id="style_10198">
  <LineStyle><color>ffffffff</color><width>2</width></LineStyle>
</Style>
<Placemark>
  <styleUrl>#style_10198</styleUrl>
  <LineString>
    <tessellate>1</tessellate>
    <altitudeMode>absolute</altitudeMode>
    <coordinates>
      0,0,0
      0,0,0
    </coordinates>
  </LineString>
</Placemark>
<Style id="style_10199">
  <LineStyle><color>ffffffff</color><width>2</width></LineStyle>
</Style>
<Placemark>
  <styleUrl>#style_10199</styleUrl>
  <LineString>
    <tessellate>1</tessellate>
    <altitudeMode>absolute</altitudeMode>
    <coordinates>
      0,0,0
      0,0,0
    </coordinates>
  </LineString>
</Placemark>
<Style id="style_10200">
  <LineStyle><color>ffffffff</color><width>2</width></LineStyle>
</Style>
<Placemark>
  <styleUrl>#style_10200</styleUrl>
  <LineString>
    <tessellate>1</tessellate>
    <altitudeMode>absolute</altitudeMode>
    <coordinates>
      0,0,0
      0,0,0
    </coordinates>
  </LineString>
</Placemark>
<Style id="style_10201">
  <LineStyle><color>ffffffff</color><width>2</width></LineStyle>
</Style>
<Placemark>
  <styleUrl>#style_10201</styleUrl>
  <LineString>
    <tessellate>1</tessellate>
    <altitudeMode>absolute</altitudeMode>
    <coordinates>
      0,0,0
      0,0,0
    </coordinates>
  </LineString>
</Placemark>
<Style id="style_10202">
  <LineStyle><color>ffffffff</color><width>2</width></LineStyle>
</Style>
<Placemark>
  <styleUrl>#style_10202</styleUrl>
  <LineString>
    <tessellate>1</tessellate>
    <altitudeMode>absolute</altitudeMode>
    <coordinates>
      0,0,0
      0,0,0
    </coordinates>
  </LineString>
</Placemark>
<Style id="style_10203">
  <LineStyle><color>ffffffff</color><width>2</width></LineStyle>
</Style>
<Placemark>
  <styleUrl>#style_10203</styleUrl>
  <LineString>
    <tessellate>1</tessellate>
    <altitudeMode>absolute</altitudeMode>
    <coordinates>
      0,0,0
      0,0,0
    </coordinates>
  </LineString>
</Placemark>
<Style id="style_10204">
  <LineStyle><color>ffffffff</color><width>2</width></LineStyle>
</Style>
<Placemark>
  <styleUrl>#style_10204</styleUrl>
  <LineString>
    <tessellate>1</tessellate>
    <altitudeMode>absolute</altitudeMode>
    <coordinates>
      0,0,0
      0,0,0
    </coordinates>
  </LineString>
</Placemark>
<Style id="style_10205">
  <LineStyle><color>ffffffff</color><width>2</width></LineStyle>
</Style>
<Placemark>
  <styleUrl>#style_10205</styleUrl>
  <LineString>
    <tessellate>1</tessellate>
    <altitudeMode>absolute</altitudeMode>
    <coordinates>
      0,0,0
      0,0,0
    </coordinates>
  </LineString>
</Placemark>
<Style id="style_10206">
  <LineStyle><color>ffffffff</color><width>2</width></LineStyle>
</Style>
<Placemark>
  <styleUrl>#style_10206</styleUrl>
  <LineString>
    <tessellate>1</tessellate>
    <altitudeMode>absolute</altitudeMode>
    <coordinates>
      0,0,0
      0,0,0
    </coordinates>
  </LineString>
</Placemark>
<Style id="style_10207">
  <LineStyle><color>ffffffff</color><width>2</width></LineStyle>
</Style>
<Placemark>
  <styleUrl>#style_10207</styleUrl>
  <LineString>
    <tessellate>1</tessellate>
    <altitudeMode>absolute</altitudeMode>
    <coordinates>
      0,0,0
      0,0,0
    </coordinates>
  </LineString>
</Placemark>
<Style id="style_10208">
  <LineStyle><color>ffffffff</color><width>2</width></LineStyle>
</Style>
<Placemark>
  <styleUrl>#style_10208</styleUrl>
  <LineString>
    <tessellate>1</tessellate>
    <altitudeMode>absolute</altitudeMode>
    <coordinates>
      0,0,0
      0,0,0
    </coordinates>
  </LineString>
</Placemark>
<Style id="style_10209">
  <LineStyle><color>ffffffff</color><width>2</width></LineStyle>
</Style>
<Placemark>
  <styleUrl>#style_10209</styleUrl>
  <LineString>
    <tessellate>1</tessellate>
    <altitudeMode>absolute</altitudeMode>
    <coordinates>
      0,0,0
      0,0,0
    </coordinates>
  </LineString>
</Placemark>
<Style id="style_10210">
  <LineStyle><color>ffffffff</color><width>2</width></LineStyle>
</Style>
<Placemark>
  <styleUrl>#style_10210</styleUrl>
  <LineString>
    <tessellate>1</tessellate>
    <altitudeMode>absolute</altitudeMode>
    <coordinates>
      0,0,0
      0,0,0
    </coordinates>
  </LineString>
</Placemark>
<Style id="style_10211">
  <LineStyle><color>ffffffff</color><width>2</width></LineStyle>
</Style>
<Placemark>
  <styleUrl>#style_10211</styleUrl>
  <LineString>
    <tessellate>1</tessellate>
    <altitudeMode>absolute</altitudeMode>
    <coordinates>
      0,0,0
      0,0,0
    </coordinates>
  </LineString>
</Placemark>
<Style id="style_10212">
  <LineStyle><color>ffffffff</color><width>2</width></LineStyle>
</Style>
<Placemark>
  <styleUrl>#style_10212</styleUrl>
  <LineString>
    <tessellate>1</tessellate>
    <altitudeMode>absolute</altitudeMode>
    <coordinates>
      0,0,0
      0,0,0
    </coordinates>
  </LineString>
</Placemark>
<Style id="style_10213">
  <LineStyle><color>ffffffff</color><width>2</width></LineStyle>
</Style>
<Placemark>
  <styleUrl>#style_10213</styleUrl>
  <LineString>
    <tessellate>1</tessellate>
    <altitudeMode>absolute</altitudeMode>
    <coordinates>
      0,0,0
      0,0,0
    </coordinates>
  </LineString>
</Placemark>
<Style id="style_10214">
  <LineStyle><color>ffffffff</color><width>2</width></LineStyle>
</Style>
<Placemark>
  <styleUrl>#style_10214</styleUrl>
  <LineString>
    <tessellate>1</tessellate>
    <altitudeMode>absolute</altitudeMode>
    <coordinates>
      0,0,0
      0,0,0
    </coordinates>
  </LineString>
</Placemark>
<Style id="style_10215">
  <LineStyle><color>ffffffff</color><width>2</width></LineStyle>
</Style>
<Placemark>
  <styleUrl>#style_10215</styleUrl>
  <LineString>
    <tessellate>1</tessellate>
    <altitudeMode>absolute</altitudeMode>
    <coordinates>
      0,0,0
      0,0,0
    </coordinates>
  </LineString>
</Placemark>
<Style id="style_10216">
  <LineStyle><color>ffffffff</color><width>2</width></LineStyle>
</Style>
<Placemark>
  <styleUrl>#style_10216</styleUrl>
  <LineString>
    <tessellate>1</tessellate>
    <altitudeMode>absolute</altitudeMode>
    <coordinates>
      0,0,0
      0,0,0
    </coordinates>
  </LineString>
</Placemark>
<Style id="style_10217">
  <LineStyle><color>ffffffff</color><width>2</width></LineStyle>
</Style>
<Placemark>
  <styleUrl>#style_10217</styleUrl>
  <LineString>
    <tessellate>1</tessellate>
    <altitudeMode>absolute</altitudeMode>
    <coordinates>
      0,0,0
      0,0,0
    </coordinates>
  </LineString>
</Placemark>
<Style id="style_10218">
  <LineStyle><color>ffffffff</color><width>2</width></LineStyle>
</Style>
<Placemark>
  <styleUrl>#style_10218</styleUrl>
  <LineString>
    <tessellate>1</tessellate>
    <altitudeMode>absolute</altitudeMode>
    <coordinates>
      0,0,0
      0,0,0
    </coordinates>
  </LineString>
</Placemark>
<Style id="style_10219">
  <LineStyle><color>ffffffff</color><width>2</width></LineStyle>
</Style>
<Placemark>
  <styleUrl>#style_10219</styleUrl>
  <LineString>
    <tessellate>1</tessellate>
    <altitudeMode>absolute</altitudeMode>
    <coordinates>
      0,0,0
      0,0,0
    </coordinates>
  </LineString>
</Placemark>
<Style id="style_10220">
  <LineStyle><color>ffffffff</color><width>2</width></LineStyle>
</Style>
<Placemark>
  <styleUrl>#style_10220</styleUrl>
  <LineString>
    <tessellate>1</tessellate>
    <altitudeMode>absolute</altitudeMode>
    <coordinates>
      0,0,0
      0,0,0
    </coordinates>
  </LineString>
</Placemark>
<Style id="style_10221">
  <LineStyle><color>ffffffff</color><width>2</width></LineStyle>
</Style>
<Placemark>
  <styleUrl>#style_10221</styleUrl>
  <LineString>
    <tessellate>1</tessellate>
    <altitudeMode>absolute</altitudeMode>
    <coordinates>
      0,0,0
      0,0,0
    </coordinates>
  </LineString>
</Placemark>
<Style id="style_10222">
  <LineStyle><color>ffffffff</color><width>2</width></LineStyle>
</Style>
<Placemark>
  <styleUrl>#style_10222</styleUrl>
  <LineString>
    <tessellate>1</tessellate>
    <altitudeMode>absolute</altitudeMode>
    <coordinates>
      0,0,0
      0,0,0
    </coordinates>
  </LineString>
</Placemark>
<Style id="style_10223">
  <LineStyle><color>ffffffff</color><width>2</width></LineStyle>
</Style>
<Placemark>
  <styleUrl>#style_10223</styleUrl>
  <LineString>
    <tessellate>1</tessellate>
    <altitudeMode>absolute</altitudeMode>
    <coordinates>
      0,0,0
      0,0,0
    </coordinates>
  </LineString>
</Placemark>
<Style id="style_10224">
  <LineStyle><color>ffffffff</color><width>2</width></LineStyle>
</Style>
<Placemark>
  <styleUrl>#style_10224</styleUrl>
  <LineString>
    <tessellate>1</tessellate>
    <altitudeMode>absolute</altitudeMode>
    <coordinates>
      0,0,0
      0,0,0
    </coordinates>
  </LineString>
</Placemark>
<Style id="style_10225">
  <LineStyle><color>ffffffff</color><width>2</width></LineStyle>
</Style>
<Placemark>
  <styleUrl>#style_10225</styleUrl>
  <LineString>
    <tessellate>1</tessellate>
    <altitudeMode>absolute</altitudeMode>
    <coordinates>
      0,0,0
      0,0,0
    </coordinates>
  </LineString>
</Placemark>
<Style id="style_10226">
  <LineStyle><color>ffffffff</color><width>2</width></LineStyle>
</Style>
<Placemark>
  <styleUrl>#style_10226</styleUrl>
  <LineString>
    <tessellate>1</tessellate>
    <altitudeMode>absolute</altitudeMode>
    <coordinates>
      0,0,0
      0,0,0
    </coordinates>
  </LineString>
</Placemark>
<Style id="style_10227">
  <LineStyle><color>ffffffff</color><width>2</width></LineStyle>
</Style>
<Placemark>
  <styleUrl>#style_10227</styleUrl>
  <LineString>
    <tessellate>1</tessellate>
    <altitudeMode>absolute</altitudeMode>
    <coordinates>
      0,0,0
      0,0,0
    </coordinates>
  </LineString>
</Placemark>
<Style id="style_10228">
  <LineStyle><color>ffffffff</color><width>2</width></LineStyle>
</Style>
<Placemark>
  <styleUrl>#style_10228</styleUrl>
  <LineString>
    <tessellate>1</tessellate>
    <altitudeMode>absolute</altitudeMode>
    <coordinates>
      0,0,0
      0,0,0
    </coordinates>
  </LineString>
</Placemark>
<Style id="style_10229">
  <LineStyle><color>ffffffff</color><width>2</width></LineStyle>
</Style>
<Placemark>
  <styleUrl>#style_10229</styleUrl>
  <LineString>
    <tessellate>1</tessellate>
    <altitudeMode>absolute</altitudeMode>
    <coordinates>
      0,0,0
      0,0,0
    </coordinates>
  </LineString>
</Placemark>
<Style id="style_10230">
  <LineStyle><color>ffffffff</color><width>2</width></LineStyle>
</Style>
<Placemark>
  <styleUrl>#style_10230</styleUrl>
  <LineString>
    <tessellate>1</tessellate>
    <altitudeMode>absolute</altitudeMode>
    <coordinates>
      0,0,0
      0,0,0
    </coordinates>
  </LineString>
</Placemark>
<Style id="style_10231">
  <LineStyle><color>ffffffff</color><width>2</width></LineStyle>
</Style>
<Placemark>
  <styleUrl>#style_10231</styleUrl>
  <LineString>
    <tessellate>1</tessellate>
    <altitudeMode>absolute</altitudeMode>
    <coordinates>
      0,0,0
      0,0,0
    </coordinates>
  </LineString>
</Placemark>
<Style id="style_10232">
  <LineStyle><color>ffffffff</color><width>2</width></LineStyle>
</Style>
<Placemark>
  <styleUrl>#style_10232</styleUrl>
  <LineString>
    <tessellate>1</tessellate>
    <altitudeMode>absolute</altitudeMode>
    <coordinates>
      0,0,0
      0,0,0
    </coordinates>
  </LineString>
</Placemark>
<Style id="style_10233">
  <LineStyle><color>ffffffff</color><width>2</width></LineStyle>
</Style>
<Placemark>
  <styleUrl>#style_10233</styleUrl>
  <LineString>
    <tessellate>1</tessellate>
    <altitudeMode>absolute</altitudeMode>
    <coordinates>
      0,0,0
      0,0,0
    </coordinates>
  </LineString>
</Placemark>
<Style id="style_10234">
  <LineStyle><color>ffffffff</color><width>2</width></LineStyle>
</Style>
<Placemark>
  <styleUrl>#style_10234</styleUrl>
  <LineString>
    <tessellate>1</tessellate>
    <altitudeMode>absolute</altitudeMode>
    <coordinates>
      0,0,0
      0,0,0
    </coordinates>
  </LineString>
</Placemark>
<Style id="style_10235">
  <LineStyle><color>ffffffff</color><width>2</width></LineStyle>
</Style>
<Placemark>
  <styleUrl>#style_10235</styleUrl>
  <LineString>
    <tessellate>1</tessellate>
    <altitudeMode>absolute</altitudeMode>
    <coordinates>
      0,0,0
      0,0,0
    </coordinates>
  </LineString>
</Placemark>
<Style id="style_10236">
  <LineStyle><color>ffffffff</color><width>2</width></LineStyle>
</Style>
<Placemark>
  <styleUrl>#style_10236</styleUrl>
  <LineString>
    <tessellate>1</tessellate>
    <altitudeMode>absolute</altitudeMode>
    <coordinates>
      0,0,0
      0,0,0
    </coordinates>
  </LineString>
</Placemark>
<Style id="style_10237">
  <LineStyle><color>ffffffff</color><width>2</width></LineStyle>
</Style>
<Placemark>
  <styleUrl>#style_10237</styleUrl>
  <LineString>
    <tessellate>1</tessellate>
    <altitudeMode>absolute</altitudeMode>
    <coordinates>
      0,0,0
      0,0,0
    </coordinates>
  </LineString>
</Placemark>
<Style id="style_10238">
  <LineStyle><color>ffffffff</color><width>2</width></LineStyle>
</Style>
<Placemark>
  <styleUrl>#style_10238</styleUrl>
  <LineString>
    <tessellate>1</tessellate>
    <altitudeMode>absolute</altitudeMode>
    <coordinates>
      0,0,0
      0,0,0
    </coordinates>
  </LineString>
</Placemark>
<Style id="style_10239">
  <LineStyle><color>ffffffff</color><width>2</width></LineStyle>
</Style>
<Placemark>
  <styleUrl>#style_10239</styleUrl>
  <LineString>
    <tessellate>1</tessellate>
    <altitudeMode>absolute</altitudeMode>
    <coordinates>
      0,0,0
      0,0,0
    </coordinates>
  </LineString>
</Placemark>
<Style id="style_10240">
  <LineStyle><color>ffffffff</color><width>2</width></LineStyle>
</Style>
<Placemark>
  <styleUrl>#style_10240</styleUrl>
  <LineString>
    <tessellate>1</tessellate>
    <altitudeMode>absolute</altitudeMode>
    <coordinates>
      0,0,0
      0,0,0
    </coordinates>
  </LineString>
</Placemark>
<Style id="style_10241">
  <LineStyle><color>ffffffff</color><width>2</width></LineStyle>
</Style>
<Placemark>
  <styleUrl>#style_10241</styleUrl>
  <LineString>
    <tessellate>1</tessellate>
    <altitudeMode>absolute</altitudeMode>
    <coordinates>
      0,0,0
      0,0,0
    </coordinates>
  </LineString>
</Placemark>
<Style id="style_10242">
  <LineStyle><color>ffffffff</color><width>2</width></LineStyle>
</Style>
<Placemark>
  <styleUrl>#style_10242</styleUrl>
  <LineString>
    <tessellate>1</tessellate>
    <altitudeMode>absolute</altitudeMode>
    <coordinates>
      0,0,0
      0,0,0
    </coordinates>
  </LineString>
</Placemark>
<Style id="style_10243">
  <LineStyle><color>ffffffff</color><width>2</width></LineStyle>
</Style>
<Placemark>
  <styleUrl>#style_10243</styleUrl>
  <LineString>
    <tessellate>1</tessellate>
    <altitudeMode>absolute</altitudeMode>
    <coordinates>
      0,0,0
      0,0,0
    </coordinates>
  </LineString>
</Placemark>
<Style id="style_10244">
  <LineStyle><color>ffffffff</color><width>2</width></LineStyle>
</Style>
<Placemark>
  <styleUrl>#style_10244</styleUrl>
  <LineString>
    <tessellate>1</tessellate>
    <altitudeMode>absolute</altitudeMode>
    <coordinates>
      0,0,0
      0,0,0
    </coordinates>
  </LineString>
</Placemark>
<Style id="style_10245">
  <LineStyle><color>ffffffff</color><width>2</width></LineStyle>
</Style>
<Placemark>
  <styleUrl>#style_10245</styleUrl>
  <LineString>
    <tessellate>1</tessellate>
    <altitudeMode>absolute</altitudeMode>
    <coordinates>
      0,0,0
      0,0,0
    </coordinates>
  </LineString>
</Placemark>
<Style id="style_10246">
  <LineStyle><color>ffffffff</color><width>2</width></LineStyle>
</Style>
<Placemark>
  <styleUrl>#style_10246</styleUrl>
  <LineString>
    <tessellate>1</tessellate>
    <altitudeMode>absolute</altitudeMode>
    <coordinates>
      0,0,0
      0,0,0
    </coordinates>
  </LineString>
</Placemark>
<Style id="style_10247">
  <LineStyle><color>ffffffff</color><width>2</width></LineStyle>
</Style>
<Placemark>
  <styleUrl>#style_10247</styleUrl>
  <LineString>
    <tessellate>1</tessellate>
    <altitudeMode>absolute</altitudeMode>
    <coordinates>
      0,0,0
      0,0,0
    </coordinates>
  </LineString>
</Placemark>
<Style id="style_10248">
  <LineStyle><color>ffffffff</color><width>2</width></LineStyle>
</Style>
<Placemark>
  <styleUrl>#style_10248</styleUrl>
  <LineString>
    <tessellate>1</tessellate>
    <altitudeMode>absolute</altitudeMode>
    <coordinates>
      0,0,0
      0,0,0
    </coordinates>
  </LineString>
</Placemark>
<Style id="style_10249">
  <LineStyle><color>ffffffff</color><width>2</width></LineStyle>
</Style>
<Placemark>
  <styleUrl>#style_10249</styleUrl>
  <LineString>
    <tessellate>1</tessellate>
    <altitudeMode>absolute</altitudeMode>
    <coordinates>
      0,0,0
      0,0,0
    </coordinates>
  </LineString>
</Placemark>
<Style id="style_10250">
  <LineStyle><color>ffffffff</color><width>2</width></LineStyle>
</Style>
<Placemark>
  <styleUrl>#style_10250</styleUrl>
  <LineString>
    <tessellate>1</tessellate>
    <altitudeMode>absolute</altitudeMode>
    <coordinates>
      0,0,0
      0,0,0
    </coordinates>
  </LineString>
</Placemark>
<Style id="style_10251">
  <LineStyle><color>ffffffff</color><width>2</width></LineStyle>
</Style>
<Placemark>
  <styleUrl>#style_10251</styleUrl>
  <LineString>
    <tessellate>1</tessellate>
    <altitudeMode>absolute</altitudeMode>
    <coordinates>
      0,0,0
      0,0,0
    </coordinates>
  </LineString>
</Placemark>
<Style id="style_10252">
  <LineStyle><color>ffffffff</color><width>2</width></LineStyle>
</Style>
<Placemark>
  <styleUrl>#style_10252</styleUrl>
  <LineString>
    <tessellate>1</tessellate>
    <altitudeMode>absolute</altitudeMode>
    <coordinates>
      0,0,0
      0,0,0
    </coordinates>
  </LineString>
</Placemark>
<Style id="style_10253">
  <LineStyle><color>ffffffff</color><width>2</width></LineStyle>
</Style>
<Placemark>
  <styleUrl>#style_10253</styleUrl>
  <LineString>
    <tessellate>1</tessellate>
    <altitudeMode>absolute</altitudeMode>
    <coordinates>
      0,0,0
      0,0,0
    </coordinates>
  </LineString>
</Placemark>
<Style id="style_10254">
  <LineStyle><color>ffffffff</color><width>2</width></LineStyle>
</Style>
<Placemark>
  <styleUrl>#style_10254</styleUrl>
  <LineString>
    <tessellate>1</tessellate>
    <altitudeMode>absolute</altitudeMode>
    <coordinates>
      0,0,0
      0,0,0
    </coordinates>
  </LineString>
</Placemark>
<Style id="style_10255">
  <LineStyle><color>ffffffff</color><width>2</width></LineStyle>
</Style>
<Placemark>
  <styleUrl>#style_10255</styleUrl>
  <LineString>
    <tessellate>1</tessellate>
    <altitudeMode>absolute</altitudeMode>
    <coordinates>
      0,0,0
      0,0,0
    </coordinates>
  </LineString>
</Placemark>
<Style id="style_10256">
  <LineStyle><color>ffffffff</color><width>2</width></LineStyle>
</Style>
<Placemark>
  <styleUrl>#style_10256</styleUrl>
  <LineString>
    <tessellate>1</tessellate>
    <altitudeMode>absolute</altitudeMode>
    <coordinates>
      0,0,0
      0,0,0
    </coordinates>
  </LineString>
</Placemark>
<Style id="style_10257">
  <LineStyle><color>ffffffff</color><width>2</width></LineStyle>
</Style>
<Placemark>
  <styleUrl>#style_10257</styleUrl>
  <LineString>
    <tessellate>1</tessellate>
    <altitudeMode>absolute</altitudeMode>
    <coordinates>
      0,0,0
      0,0,0
    </coordinates>
  </LineString>
</Placemark>
<Style id="style_10258">
  <LineStyle><color>ffffffff</color><width>2</width></LineStyle>
</Style>
<Placemark>
  <styleUrl>#style_10258</styleUrl>
  <LineString>
    <tessellate>1</tessellate>
    <altitudeMode>absolute</altitudeMode>
    <coordinates>
      0,0,0
      0,0,0
    </coordinates>
  </LineString>
</Placemark>
<Style id="style_10259">
  <LineStyle><color>ffffffff</color><width>2</width></LineStyle>
</Style>
<Placemark>
  <styleUrl>#style_10259</styleUrl>
  <LineString>
    <tessellate>1</tessellate>
    <altitudeMode>absolute</altitudeMode>
    <coordinates>
      0,0,0
      0,0,0
    </coordinates>
  </LineString>
</Placemark>
<Style id="style_10260">
  <LineStyle><color>ffffffff</color><width>2</width></LineStyle>
</Style>
<Placemark>
  <styleUrl>#style_10260</styleUrl>
  <LineString>
    <tessellate>1</tessellate>
    <altitudeMode>absolute</altitudeMode>
    <coordinates>
      0,0,0
      0,0,0
    </coordinates>
  </LineString>
</Placemark>
<Style id="style_10261">
  <LineStyle><color>ffffffff</color><width>2</width></LineStyle>
</Style>
<Placemark>
  <styleUrl>#style_10261</styleUrl>
  <LineString>
    <tessellate>1</tessellate>
    <altitudeMode>absolute</altitudeMode>
    <coordinates>
      0,0,0
      0,0,0
    </coordinates>
  </LineString>
</Placemark>
<Style id="style_10262">
  <LineStyle><color>ffffffff</color><width>2</width></LineStyle>
</Style>
<Placemark>
  <styleUrl>#style_10262</styleUrl>
  <LineString>
    <tessellate>1</tessellate>
    <altitudeMode>absolute</altitudeMode>
    <coordinates>
      0,0,0
      0,0,0
    </coordinates>
  </LineString>
</Placemark>
<Style id="style_10263">
  <LineStyle><color>ffffffff</color><width>2</width></LineStyle>
</Style>
<Placemark>
  <styleUrl>#style_10263</styleUrl>
  <LineString>
    <tessellate>1</tessellate>
    <altitudeMode>absolute</altitudeMode>
    <coordinates>
      0,0,0
      0,0,0
    </coordinates>
  </LineString>
</Placemark>
<Style id="style_10264">
  <LineStyle><color>ffffffff</color><width>2</width></LineStyle>
</Style>
<Placemark>
  <styleUrl>#style_10264</styleUrl>
  <LineString>
    <tessellate>1</tessellate>
    <altitudeMode>absolute</altitudeMode>
    <coordinates>
      0,0,0
      0,0,0
    </coordinates>
  </LineString>
</Placemark>
<Style id="style_10265">
  <LineStyle><color>ffffffff</color><width>2</width></LineStyle>
</Style>
<Placemark>
  <styleUrl>#style_10265</styleUrl>
  <LineString>
    <tessellate>1</tessellate>
    <altitudeMode>absolute</altitudeMode>
    <coordinates>
      0,0,0
      0,0,0
    </coordinates>
  </LineString>
</Placemark>
<Style id="style_10266">
  <LineStyle><color>ffffffff</color><width>2</width></LineStyle>
</Style>
<Placemark>
  <styleUrl>#style_10266</styleUrl>
  <LineString>
    <tessellate>1</tessellate>
    <altitudeMode>absolute</altitudeMode>
    <coordinates>
      0,0,0
      0,0,0
    </coordinates>
  </LineString>
</Placemark>
<Style id="style_10267">
  <LineStyle><color>ffffffff</color><width>2</width></LineStyle>
</Style>
<Placemark>
  <styleUrl>#style_10267</styleUrl>
  <LineString>
    <tessellate>1</tessellate>
    <altitudeMode>absolute</altitudeMode>
    <coordinates>
      0,0,0
      0,0,0
    </coordinates>
  </LineString>
</Placemark>
<Style id="style_10268">
  <LineStyle><color>ffffffff</color><width>2</width></LineStyle>
</Style>
<Placemark>
  <styleUrl>#style_10268</styleUrl>
  <LineString>
    <tessellate>1</tessellate>
    <altitudeMode>absolute</altitudeMode>
    <coordinates>
      0,0,0
      0,0,0
    </coordinates>
  </LineString>
</Placemark>
<Style id="style_10269">
  <LineStyle><color>ffffffff</color><width>2</width></LineStyle>
</Style>
<Placemark>
  <styleUrl>#style_10269</styleUrl>
  <LineString>
    <tessellate>1</tessellate>
    <altitudeMode>absolute</altitudeMode>
    <coordinates>
      0,0,0
      0,0,0
    </coordinates>
  </LineString>
</Placemark>
<Style id="style_10270">
  <LineStyle><color>ffffffff</color><width>2</width></LineStyle>
</Style>
<Placemark>
  <styleUrl>#style_10270</styleUrl>
  <LineString>
    <tessellate>1</tessellate>
    <altitudeMode>absolute</altitudeMode>
    <coordinates>
      0,0,0
      0,0,0
    </coordinates>
  </LineString>
</Placemark>
<Style id="style_10271">
  <LineStyle><color>ffffffff</color><width>2</width></LineStyle>
</Style>
<Placemark>
  <styleUrl>#style_10271</styleUrl>
  <LineString>
    <tessellate>1</tessellate>
    <altitudeMode>absolute</altitudeMode>
    <coordinates>
      0,0,0
      0,0,0
    </coordinates>
  </LineString>
</Placemark>
<Style id="style_10272">
  <LineStyle><color>ffffffff</color><width>2</width></LineStyle>
</Style>
<Placemark>
  <styleUrl>#style_10272</styleUrl>
  <LineString>
    <tessellate>1</tessellate>
    <altitudeMode>absolute</altitudeMode>
    <coordinates>
      0,0,0
      0,0,0
    </coordinates>
  </LineString>
</Placemark>
<Style id="style_10273">
  <LineStyle><color>ffffffff</color><width>2</width></LineStyle>
</Style>
<Placemark>
  <styleUrl>#style_10273</styleUrl>
  <LineString>
    <tessellate>1</tessellate>
    <altitudeMode>absolute</altitudeMode>
    <coordinates>
      0,0,0
      0,0,0
    </coordinates>
  </LineString>
</Placemark>
<Style id="style_10274">
  <LineStyle><color>ffffffff</color><width>2</width></LineStyle>
</Style>
<Placemark>
  <styleUrl>#style_10274</styleUrl>
  <LineString>
    <tessellate>1</tessellate>
    <altitudeMode>absolute</altitudeMode>
    <coordinates>
      0,0,0
      0,0,0
    </coordinates>
  </LineString>
</Placemark>
<Style id="style_10275">
  <LineStyle><color>ffffffff</color><width>2</width></LineStyle>
</Style>
<Placemark>
  <styleUrl>#style_10275</styleUrl>
  <LineString>
    <tessellate>1</tessellate>
    <altitudeMode>absolute</altitudeMode>
    <coordinates>
      0,0,0
      0,0,0
    </coordinates>
  </LineString>
</Placemark>
<Style id="style_10276">
  <LineStyle><color>ffffffff</color><width>2</width></LineStyle>
</Style>
<Placemark>
  <styleUrl>#style_10276</styleUrl>
  <LineString>
    <tessellate>1</tessellate>
    <altitudeMode>absolute</altitudeMode>
    <coordinates>
      0,0,0
      0,0,0
    </coordinates>
  </LineString>
</Placemark>
<Style id="style_10277">
  <LineStyle><color>ffffffff</color><width>2</width></LineStyle>
</Style>
<Placemark>
  <styleUrl>#style_10277</styleUrl>
  <LineString>
    <tessellate>1</tessellate>
    <altitudeMode>absolute</altitudeMode>
    <coordinates>
      0,0,0
      0,0,0
    </coordinates>
  </LineString>
</Placemark>
<Style id="style_10278">
  <LineStyle><color>ffffffff</color><width>2</width></LineStyle>
</Style>
<Placemark>
  <styleUrl>#style_10278</styleUrl>
  <LineString>
    <tessellate>1</tessellate>
    <altitudeMode>absolute</altitudeMode>
    <coordinates>
      0,0,0
      0,0,0
    </coordinates>
  </LineString>
</Placemark>
<Style id="style_10279">
  <LineStyle><color>ffffffff</color><width>2</width></LineStyle>
</Style>
<Placemark>
  <styleUrl>#style_10279</styleUrl>
  <LineString>
    <tessellate>1</tessellate>
    <altitudeMode>absolute</altitudeMode>
    <coordinates>
      0,0,0
      0,0,0
    </coordinates>
  </LineString>
</Placemark>
<Style id="style_10280">
  <LineStyle><color>ffffffff</color><width>2</width></LineStyle>
</Style>
<Placemark>
  <styleUrl>#style_10280</styleUrl>
  <LineString>
    <tessellate>1</tessellate>
    <altitudeMode>absolute</altitudeMode>
    <coordinates>
      0,0,0
      0,0,0
    </coordinates>
  </LineString>
</Placemark>
<Style id="style_10281">
  <LineStyle><color>ffffffff</color><width>2</width></LineStyle>
</Style>
<Placemark>
  <styleUrl>#style_10281</styleUrl>
  <LineString>
    <tessellate>1</tessellate>
    <altitudeMode>absolute</altitudeMode>
    <coordinates>
      0,0,0
      0,0,0
    </coordinates>
  </LineString>
</Placemark>
<Style id="style_10282">
  <LineStyle><color>ffffffff</color><width>2</width></LineStyle>
</Style>
<Placemark>
  <styleUrl>#style_10282</styleUrl>
  <LineString>
    <tessellate>1</tessellate>
    <altitudeMode>absolute</altitudeMode>
    <coordinates>
      0,0,0
      0,0,0
    </coordinates>
  </LineString>
</Placemark>
<Style id="style_10283">
  <LineStyle><color>ffffffff</color><width>2</width></LineStyle>
</Style>
<Placemark>
  <styleUrl>#style_10283</styleUrl>
  <LineString>
    <tessellate>1</tessellate>
    <altitudeMode>absolute</altitudeMode>
    <coordinates>
      0,0,0
      0,0,0
    </coordinates>
  </LineString>
</Placemark>
<Style id="style_10284">
  <LineStyle><color>ffffffff</color><width>2</width></LineStyle>
</Style>
<Placemark>
  <styleUrl>#style_10284</styleUrl>
  <LineString>
    <tessellate>1</tessellate>
    <altitudeMode>absolute</altitudeMode>
    <coordinates>
      0,0,0
      0,0,0
    </coordinates>
  </LineString>
</Placemark>
<Style id="style_10285">
  <LineStyle><color>ffffffff</color><width>2</width></LineStyle>
</Style>
<Placemark>
  <styleUrl>#style_10285</styleUrl>
  <LineString>
    <tessellate>1</tessellate>
    <altitudeMode>absolute</altitudeMode>
    <coordinates>
      0,0,0
      0,0,0
    </coordinates>
  </LineString>
</Placemark>
<Style id="style_10286">
  <LineStyle><color>ffffffff</color><width>2</width></LineStyle>
</Style>
<Placemark>
  <styleUrl>#style_10286</styleUrl>
  <LineString>
    <tessellate>1</tessellate>
    <altitudeMode>absolute</altitudeMode>
    <coordinates>
      0,0,0
      0,0,0
    </coordinates>
  </LineString>
</Placemark>
<Style id="style_10287">
  <LineStyle><color>ffffffff</color><width>2</width></LineStyle>
</Style>
<Placemark>
  <styleUrl>#style_10287</styleUrl>
  <LineString>
    <tessellate>1</tessellate>
    <altitudeMode>absolute</altitudeMode>
    <coordinates>
      0,0,0
      0,0,0
    </coordinates>
  </LineString>
</Placemark>
<Style id="style_10288">
  <LineStyle><color>ffffffff</color><width>2</width></LineStyle>
</Style>
<Placemark>
  <styleUrl>#style_10288</styleUrl>
  <LineString>
    <tessellate>1</tessellate>
    <altitudeMode>absolute</altitudeMode>
    <coordinates>
      0,0,0
      0,0,0
    </coordinates>
  </LineString>
</Placemark>
<Style id="style_10289">
  <LineStyle><color>ffffffff</color><width>2</width></LineStyle>
</Style>
<Placemark>
  <styleUrl>#style_10289</styleUrl>
  <LineString>
    <tessellate>1</tessellate>
    <altitudeMode>absolute</altitudeMode>
    <coordinates>
      0,0,0
      0,0,0
    </coordinates>
  </LineString>
</Placemark>
<Style id="style_10290">
  <LineStyle><color>ffffffff</color><width>2</width></LineStyle>
</Style>
<Placemark>
  <styleUrl>#style_10290</styleUrl>
  <LineString>
    <tessellate>1</tessellate>
    <altitudeMode>absolute</altitudeMode>
    <coordinates>
      0,0,0
      0,0,0
    </coordinates>
  </LineString>
</Placemark>
<Style id="style_10291">
  <LineStyle><color>ffffffff</color><width>2</width></LineStyle>
</Style>
<Placemark>
  <styleUrl>#style_10291</styleUrl>
  <LineString>
    <tessellate>1</tessellate>
    <altitudeMode>absolute</altitudeMode>
    <coordinates>
      0,0,0
      0,0,0
    </coordinates>
  </LineString>
</Placemark>
<Style id="style_10292">
  <LineStyle><color>ffffffff</color><width>2</width></LineStyle>
</Style>
<Placemark>
  <styleUrl>#style_10292</styleUrl>
  <LineString>
    <tessellate>1</tessellate>
    <altitudeMode>absolute</altitudeMode>
    <coordinates>
      0,0,0
      0,0,0
    </coordinates>
  </LineString>
</Placemark>
<Style id="style_10293">
  <LineStyle><color>ffffffff</color><width>2</width></LineStyle>
</Style>
<Placemark>
  <styleUrl>#style_10293</styleUrl>
  <LineString>
    <tessellate>1</tessellate>
    <altitudeMode>absolute</altitudeMode>
    <coordinates>
      0,0,0
      0,0,0
    </coordinates>
  </LineString>
</Placemark>
<Style id="style_10294">
  <LineStyle><color>ffffffff</color><width>2</width></LineStyle>
</Style>
<Placemark>
  <styleUrl>#style_10294</styleUrl>
  <LineString>
    <tessellate>1</tessellate>
    <altitudeMode>absolute</altitudeMode>
    <coordinates>
      0,0,0
      0,0,0
    </coordinates>
  </LineString>
</Placemark>
<Style id="style_10295">
  <LineStyle><color>ffffffff</color><width>2</width></LineStyle>
</Style>
<Placemark>
  <styleUrl>#style_10295</styleUrl>
  <LineString>
    <tessellate>1</tessellate>
    <altitudeMode>absolute</altitudeMode>
    <coordinates>
      0,0,0
      0,0,0
    </coordinates>
  </LineString>
</Placemark>
<Style id="style_10296">
  <LineStyle><color>ffffffff</color><width>2</width></LineStyle>
</Style>
<Placemark>
  <styleUrl>#style_10296</styleUrl>
  <LineString>
    <tessellate>1</tessellate>
    <altitudeMode>absolute</altitudeMode>
    <coordinates>
      0,0,0
      0,0,0
    </coordinates>
  </LineString>
</Placemark>
<Style id="style_10297">
  <LineStyle><color>ffffffff</color><width>2</width></LineStyle>
</Style>
<Placemark>
  <styleUrl>#style_10297</styleUrl>
  <LineString>
    <tessellate>1</tessellate>
    <altitudeMode>absolute</altitudeMode>
    <coordinates>
      0,0,0
      0,0,0
    </coordinates>
  </LineString>
</Placemark>
<Style id="style_10298">
  <LineStyle><color>ffffffff</color><width>2</width></LineStyle>
</Style>
<Placemark>
  <styleUrl>#style_10298</styleUrl>
  <LineString>
    <tessellate>1</tessellate>
    <altitudeMode>absolute</altitudeMode>
    <coordinates>
      0,0,0
      0,0,0
    </coordinates>
  </LineString>
</Placemark>
<Style id="style_10299">
  <LineStyle><color>ffffffff</color><width>2</width></LineStyle>
</Style>
<Placemark>
  <styleUrl>#style_10299</styleUrl>
  <LineString>
    <tessellate>1</tessellate>
    <altitudeMode>absolute</altitudeMode>
    <coordinates>
      0,0,0
      0,0,0
    </coordinates>
  </LineString>
</Placemark>
<Style id="style_10300">
  <LineStyle><color>ffffffff</color><width>2</width></LineStyle>
</Style>
<Placemark>
  <styleUrl>#style_10300</styleUrl>
  <LineString>
    <tessellate>1</tessellate>
    <altitudeMode>absolute</altitudeMode>
    <coordinates>
      0,0,0
      0,0,0
    </coordinates>
  </LineString>
</Placemark>
<Style id="style_10301">
  <LineStyle><color>ffffffff</color><width>2</width></LineStyle>
</Style>
<Placemark>
  <styleUrl>#style_10301</styleUrl>
  <LineString>
    <tessellate>1</tessellate>
    <altitudeMode>absolute</altitudeMode>
    <coordinates>
      0,0,0
      0,0,0
    </coordinates>
  </LineString>
</Placemark>
<Style id="style_10302">
  <LineStyle><color>ffffffff</color><width>2</width></LineStyle>
</Style>
<Placemark>
  <styleUrl>#style_10302</styleUrl>
  <LineString>
    <tessellate>1</tessellate>
    <altitudeMode>absolute</altitudeMode>
    <coordinates>
      0,0,0
      0,0,0
    </coordinates>
  </LineString>
</Placemark>
<Style id="style_10303">
  <LineStyle><color>ffffffff</color><width>2</width></LineStyle>
</Style>
<Placemark>
  <styleUrl>#style_10303</styleUrl>
  <LineString>
    <tessellate>1</tessellate>
    <altitudeMode>absolute</altitudeMode>
    <coordinates>
      0,0,0
      0,0,0
    </coordinates>
  </LineString>
</Placemark>
<Style id="style_10304">
  <LineStyle><color>ffffffff</color><width>2</width></LineStyle>
</Style>
<Placemark>
  <styleUrl>#style_10304</styleUrl>
  <LineString>
    <tessellate>1</tessellate>
    <altitudeMode>absolute</altitudeMode>
    <coordinates>
      0,0,0
      0,0,0
    </coordinates>
  </LineString>
</Placemark>
<Style id="style_10305">
  <LineStyle><color>ffffffff</color><width>2</width></LineStyle>
</Style>
<Placemark>
  <styleUrl>#style_10305</styleUrl>
  <LineString>
    <tessellate>1</tessellate>
    <altitudeMode>absolute</altitudeMode>
    <coordinates>
      0,0,0
      0,0,0
    </coordinates>
  </LineString>
</Placemark>
<Style id="style_10306">
  <LineStyle><color>ffffffff</color><width>2</width></LineStyle>
</Style>
<Placemark>
  <styleUrl>#style_10306</styleUrl>
  <LineString>
    <tessellate>1</tessellate>
    <altitudeMode>absolute</altitudeMode>
    <coordinates>
      0,0,0
      0,0,0
    </coordinates>
  </LineString>
</Placemark>
<Style id="style_10307">
  <LineStyle><color>ffffffff</color><width>2</width></LineStyle>
</Style>
<Placemark>
  <styleUrl>#style_10307</styleUrl>
  <LineString>
    <tessellate>1</tessellate>
    <altitudeMode>absolute</altitudeMode>
    <coordinates>
      0,0,0
      0,0,0
    </coordinates>
  </LineString>
</Placemark>
<Style id="style_10308">
  <LineStyle><color>ffffffff</color><width>2</width></LineStyle>
</Style>
<Placemark>
  <styleUrl>#style_10308</styleUrl>
  <LineString>
    <tessellate>1</tessellate>
    <altitudeMode>absolute</altitudeMode>
    <coordinates>
      0,0,0
      0,0,0
    </coordinates>
  </LineString>
</Placemark>
<Style id="style_10309">
  <LineStyle><color>ffffffff</color><width>2</width></LineStyle>
</Style>
<Placemark>
  <styleUrl>#style_10309</styleUrl>
  <LineString>
    <tessellate>1</tessellate>
    <altitudeMode>absolute</altitudeMode>
    <coordinates>
      0,0,0
      0,0,0
    </coordinates>
  </LineString>
</Placemark>
<Style id="style_10310">
  <LineStyle><color>ffffffff</color><width>2</width></LineStyle>
</Style>
<Placemark>
  <styleUrl>#style_10310</styleUrl>
  <LineString>
    <tessellate>1</tessellate>
    <altitudeMode>absolute</altitudeMode>
    <coordinates>
      0,0,0
      0,0,0
    </coordinates>
  </LineString>
</Placemark>
<Style id="style_10311">
  <LineStyle><color>ffffffff</color><width>2</width></LineStyle>
</Style>
<Placemark>
  <styleUrl>#style_10311</styleUrl>
  <LineString>
    <tessellate>1</tessellate>
    <altitudeMode>absolute</altitudeMode>
    <coordinates>
      0,0,0
      0,0,0
    </coordinates>
  </LineString>
</Placemark>
<Style id="style_10312">
  <LineStyle><color>ffffffff</color><width>2</width></LineStyle>
</Style>
<Placemark>
  <styleUrl>#style_10312</styleUrl>
  <LineString>
    <tessellate>1</tessellate>
    <altitudeMode>absolute</altitudeMode>
    <coordinates>
      0,0,0
      0,0,0
    </coordinates>
  </LineString>
</Placemark>
<Style id="style_10313">
  <LineStyle><color>ffffffff</color><width>2</width></LineStyle>
</Style>
<Placemark>
  <styleUrl>#style_10313</styleUrl>
  <LineString>
    <tessellate>1</tessellate>
    <altitudeMode>absolute</altitudeMode>
    <coordinates>
      0,0,0
      0,0,0
    </coordinates>
  </LineString>
</Placemark>
<Style id="style_10314">
  <LineStyle><color>ffffffff</color><width>2</width></LineStyle>
</Style>
<Placemark>
  <styleUrl>#style_10314</styleUrl>
  <LineString>
    <tessellate>1</tessellate>
    <altitudeMode>absolute</altitudeMode>
    <coordinates>
      0,0,0
      0,0,0
    </coordinates>
  </LineString>
</Placemark>
<Style id="style_10315">
  <LineStyle><color>ffffffff</color><width>2</width></LineStyle>
</Style>
<Placemark>
  <styleUrl>#style_10315</styleUrl>
  <LineString>
    <tessellate>1</tessellate>
    <altitudeMode>absolute</altitudeMode>
    <coordinates>
      0,0,0
      0,0,0
    </coordinates>
  </LineString>
</Placemark>
<Style id="style_10316">
  <LineStyle><color>ffffffff</color><width>2</width></LineStyle>
</Style>
<Placemark>
  <styleUrl>#style_10316</styleUrl>
  <LineString>
    <tessellate>1</tessellate>
    <altitudeMode>absolute</altitudeMode>
    <coordinates>
      0,0,0
      0,0,0
    </coordinates>
  </LineString>
</Placemark>
<Style id="style_10317">
  <LineStyle><color>ffffffff</color><width>2</width></LineStyle>
</Style>
<Placemark>
  <styleUrl>#style_10317</styleUrl>
  <LineString>
    <tessellate>1</tessellate>
    <altitudeMode>absolute</altitudeMode>
    <coordinates>
      0,0,0
      0,0,0
    </coordinates>
  </LineString>
</Placemark>
<Style id="style_10318">
  <LineStyle><color>ffffffff</color><width>2</width></LineStyle>
</Style>
<Placemark>
  <styleUrl>#style_10318</styleUrl>
  <LineString>
    <tessellate>1</tessellate>
    <altitudeMode>absolute</altitudeMode>
    <coordinates>
      0,0,0
      0,0,0
    </coordinates>
  </LineString>
</Placemark>
<Style id="style_10319">
  <LineStyle><color>ffffffff</color><width>2</width></LineStyle>
</Style>
<Placemark>
  <styleUrl>#style_10319</styleUrl>
  <LineString>
    <tessellate>1</tessellate>
    <altitudeMode>absolute</altitudeMode>
    <coordinates>
      0,0,0
      0,0,0
    </coordinates>
  </LineString>
</Placemark>
<Style id="style_10320">
  <LineStyle><color>ffffffff</color><width>2</width></LineStyle>
</Style>
<Placemark>
  <styleUrl>#style_10320</styleUrl>
  <LineString>
    <tessellate>1</tessellate>
    <altitudeMode>absolute</altitudeMode>
    <coordinates>
      0,0,0
      0,0,0
    </coordinates>
  </LineString>
</Placemark>
<Style id="style_10321">
  <LineStyle><color>ffffffff</color><width>2</width></LineStyle>
</Style>
<Placemark>
  <styleUrl>#style_10321</styleUrl>
  <LineString>
    <tessellate>1</tessellate>
    <altitudeMode>absolute</altitudeMode>
    <coordinates>
      0,0,0
      0,0,0
    </coordinates>
  </LineString>
</Placemark>
<Style id="style_10322">
  <LineStyle><color>ffffffff</color><width>2</width></LineStyle>
</Style>
<Placemark>
  <styleUrl>#style_10322</styleUrl>
  <LineString>
    <tessellate>1</tessellate>
    <altitudeMode>absolute</altitudeMode>
    <coordinates>
      0,0,0
      0,0,0
    </coordinates>
  </LineString>
</Placemark>
<Style id="style_10323">
  <LineStyle><color>ffffffff</color><width>2</width></LineStyle>
</Style>
<Placemark>
  <styleUrl>#style_10323</styleUrl>
  <LineString>
    <tessellate>1</tessellate>
    <altitudeMode>absolute</altitudeMode>
    <coordinates>
      0,0,0
      0,0,0
    </coordinates>
  </LineString>
</Placemark>
<Style id="style_10324">
  <LineStyle><color>ffffffff</color><width>2</width></LineStyle>
</Style>
<Placemark>
  <styleUrl>#style_10324</styleUrl>
  <LineString>
    <tessellate>1</tessellate>
    <altitudeMode>absolute</altitudeMode>
    <coordinates>
      0,0,0
      0,0,0
    </coordinates>
  </LineString>
</Placemark>
<Style id="style_10325">
  <LineStyle><color>ffffffff</color><width>2</width></LineStyle>
</Style>
<Placemark>
  <styleUrl>#style_10325</styleUrl>
  <LineString>
    <tessellate>1</tessellate>
    <altitudeMode>absolute</altitudeMode>
    <coordinates>
      0,0,0
      0,0,0
    </coordinates>
  </LineString>
</Placemark>
<Style id="style_10326">
  <LineStyle><color>ffffffff</color><width>2</width></LineStyle>
</Style>
<Placemark>
  <styleUrl>#style_10326</styleUrl>
  <LineString>
    <tessellate>1</tessellate>
    <altitudeMode>absolute</altitudeMode>
    <coordinates>
      0,0,0
      0,0,0
    </coordinates>
  </LineString>
</Placemark>
<Style id="style_10327">
  <LineStyle><color>ffffffff</color><width>2</width></LineStyle>
</Style>
<Placemark>
  <styleUrl>#style_10327</styleUrl>
  <LineString>
    <tessellate>1</tessellate>
    <altitudeMode>absolute</altitudeMode>
    <coordinates>
      0,0,0
      0,0,0
    </coordinates>
  </LineString>
</Placemark>
<Style id="style_10328">
  <LineStyle><color>ffffffff</color><width>2</width></LineStyle>
</Style>
<Placemark>
  <styleUrl>#style_10328</styleUrl>
  <LineString>
    <tessellate>1</tessellate>
    <altitudeMode>absolute</altitudeMode>
    <coordinates>
      0,0,0
      0,0,0
    </coordinates>
  </LineString>
</Placemark>
<Style id="style_10329">
  <LineStyle><color>ffffffff</color><width>2</width></LineStyle>
</Style>
<Placemark>
  <styleUrl>#style_10329</styleUrl>
  <LineString>
    <tessellate>1</tessellate>
    <altitudeMode>absolute</altitudeMode>
    <coordinates>
      0,0,0
      0,0,0
    </coordinates>
  </LineString>
</Placemark>
<Style id="style_10330">
  <LineStyle><color>ffffffff</color><width>2</width></LineStyle>
</Style>
<Placemark>
  <styleUrl>#style_10330</styleUrl>
  <LineString>
    <tessellate>1</tessellate>
    <altitudeMode>absolute</altitudeMode>
    <coordinates>
      0,0,0
      0,0,0
    </coordinates>
  </LineString>
</Placemark>
<Style id="style_10331">
  <LineStyle><color>ffffffff</color><width>2</width></LineStyle>
</Style>
<Placemark>
  <styleUrl>#style_10331</styleUrl>
  <LineString>
    <tessellate>1</tessellate>
    <altitudeMode>absolute</altitudeMode>
    <coordinates>
      0,0,0
      0,0,0
    </coordinates>
  </LineString>
</Placemark>
<Style id="style_10332">
  <LineStyle><color>ffffffff</color><width>2</width></LineStyle>
</Style>
<Placemark>
  <styleUrl>#style_10332</styleUrl>
  <LineString>
    <tessellate>1</tessellate>
    <altitudeMode>absolute</altitudeMode>
    <coordinates>
      0,0,0
      0,0,0
    </coordinates>
  </LineString>
</Placemark>
<Style id="style_10333">
  <LineStyle><color>ffffffff</color><width>2</width></LineStyle>
</Style>
<Placemark>
  <styleUrl>#style_10333</styleUrl>
  <LineString>
    <tessellate>1</tessellate>
    <altitudeMode>absolute</altitudeMode>
    <coordinates>
      0,0,0
      0,0,0
    </coordinates>
  </LineString>
</Placemark>
<Style id="style_10334">
  <LineStyle><color>ffffffff</color><width>2</width></LineStyle>
</Style>
<Placemark>
  <styleUrl>#style_10334</styleUrl>
  <LineString>
    <tessellate>1</tessellate>
    <altitudeMode>absolute</altitudeMode>
    <coordinates>
      0,0,0
      0,0,0
    </coordinates>
  </LineString>
</Placemark>
<Style id="style_10335">
  <LineStyle><color>ffffffff</color><width>2</width></LineStyle>
</Style>
<Placemark>
  <styleUrl>#style_10335</styleUrl>
  <LineString>
    <tessellate>1</tessellate>
    <altitudeMode>absolute</altitudeMode>
    <coordinates>
      0,0,0
      0,0,0
    </coordinates>
  </LineString>
</Placemark>
<Style id="style_10336">
  <LineStyle><color>ffffffff</color><width>2</width></LineStyle>
</Style>
<Placemark>
  <styleUrl>#style_10336</styleUrl>
  <LineString>
    <tessellate>1</tessellate>
    <altitudeMode>absolute</altitudeMode>
    <coordinates>
      0,0,0
      0,0,0
    </coordinates>
  </LineString>
</Placemark>
<Style id="style_10337">
  <LineStyle><color>ffffffff</color><width>2</width></LineStyle>
</Style>
<Placemark>
  <styleUrl>#style_10337</styleUrl>
  <LineString>
    <tessellate>1</tessellate>
    <altitudeMode>absolute</altitudeMode>
    <coordinates>
      0,0,0
      0,0,0
    </coordinates>
  </LineString>
</Placemark>
<Style id="style_10338">
  <LineStyle><color>ffffffff</color><width>2</width></LineStyle>
</Style>
<Placemark>
  <styleUrl>#style_10338</styleUrl>
  <LineString>
    <tessellate>1</tessellate>
    <altitudeMode>absolute</altitudeMode>
    <coordinates>
      0,0,0
      0,0,0
    </coordinates>
  </LineString>
</Placemark>
<Style id="style_10339">
  <LineStyle><color>ffffffff</color><width>2</width></LineStyle>
</Style>
<Placemark>
  <styleUrl>#style_10339</styleUrl>
  <LineString>
    <tessellate>1</tessellate>
    <altitudeMode>absolute</altitudeMode>
    <coordinates>
      0,0,0
      0,0,0
    </coordinates>
  </LineString>
</Placemark>
<Style id="style_10340">
  <LineStyle><color>ffffffff</color><width>2</width></LineStyle>
</Style>
<Placemark>
  <styleUrl>#style_10340</styleUrl>
  <LineString>
    <tessellate>1</tessellate>
    <altitudeMode>absolute</altitudeMode>
    <coordinates>
      0,0,0
      0,0,0
    </coordinates>
  </LineString>
</Placemark>
<Style id="style_10341">
  <LineStyle><color>ffffffff</color><width>2</width></LineStyle>
</Style>
<Placemark>
  <styleUrl>#style_10341</styleUrl>
  <LineString>
    <tessellate>1</tessellate>
    <altitudeMode>absolute</altitudeMode>
    <coordinates>
      0,0,0
      0,0,0
    </coordinates>
  </LineString>
</Placemark>
<Style id="style_10342">
  <LineStyle><color>ffffffff</color><width>2</width></LineStyle>
</Style>
<Placemark>
  <styleUrl>#style_10342</styleUrl>
  <LineString>
    <tessellate>1</tessellate>
    <altitudeMode>absolute</altitudeMode>
    <coordinates>
      0,0,0
      0,0,0
    </coordinates>
  </LineString>
</Placemark>
<Style id="style_10343">
  <LineStyle><color>ffffffff</color><width>2</width></LineStyle>
</Style>
<Placemark>
  <styleUrl>#style_10343</styleUrl>
  <LineString>
    <tessellate>1</tessellate>
    <altitudeMode>absolute</altitudeMode>
    <coordinates>
      0,0,0
      0,0,0
    </coordinates>
  </LineString>
</Placemark>
<Style id="style_10344">
  <LineStyle><color>ffffffff</color><width>2</width></LineStyle>
</Style>
<Placemark>
  <styleUrl>#style_10344</styleUrl>
  <LineString>
    <tessellate>1</tessellate>
    <altitudeMode>absolute</altitudeMode>
    <coordinates>
      0,0,0
      0,0,0
    </coordinates>
  </LineString>
</Placemark>
<Style id="style_10345">
  <LineStyle><color>ffffffff</color><width>2</width></LineStyle>
</Style>
<Placemark>
  <styleUrl>#style_10345</styleUrl>
  <LineString>
    <tessellate>1</tessellate>
    <altitudeMode>absolute</altitudeMode>
    <coordinates>
      0,0,0
      0,0,0
    </coordinates>
  </LineString>
</Placemark>
<Style id="style_10346">
  <LineStyle><color>ffffffff</color><width>2</width></LineStyle>
</Style>
<Placemark>
  <styleUrl>#style_10346</styleUrl>
  <LineString>
    <tessellate>1</tessellate>
    <altitudeMode>absolute</altitudeMode>
    <coordinates>
      0,0,0
      0,0,0
    </coordinates>
  </LineString>
</Placemark>
<Style id="style_10347">
  <LineStyle><color>ffffffff</color><width>2</width></LineStyle>
</Style>
<Placemark>
  <styleUrl>#style_10347</styleUrl>
  <LineString>
    <tessellate>1</tessellate>
    <altitudeMode>absolute</altitudeMode>
    <coordinates>
      0,0,0
      0,0,0
    </coordinates>
  </LineString>
</Placemark>
<Style id="style_10348">
  <LineStyle><color>ffffffff</color><width>2</width></LineStyle>
</Style>
<Placemark>
  <styleUrl>#style_10348</styleUrl>
  <LineString>
    <tessellate>1</tessellate>
    <altitudeMode>absolute</altitudeMode>
    <coordinates>
      0,0,0
      0,0,0
    </coordinates>
  </LineString>
</Placemark>
<Style id="style_10349">
  <LineStyle><color>ffffffff</color><width>2</width></LineStyle>
</Style>
<Placemark>
  <styleUrl>#style_10349</styleUrl>
  <LineString>
    <tessellate>1</tessellate>
    <altitudeMode>absolute</altitudeMode>
    <coordinates>
      0,0,0
      0,0,0
    </coordinates>
  </LineString>
</Placemark>
<Style id="style_10350">
  <LineStyle><color>ffffffff</color><width>2</width></LineStyle>
</Style>
<Placemark>
  <styleUrl>#style_10350</styleUrl>
  <LineString>
    <tessellate>1</tessellate>
    <altitudeMode>absolute</altitudeMode>
    <coordinates>
      0,0,0
      0,0,0
    </coordinates>
  </LineString>
</Placemark>
<Style id="style_10351">
  <LineStyle><color>ffffffff</color><width>2</width></LineStyle>
</Style>
<Placemark>
  <styleUrl>#style_10351</styleUrl>
  <LineString>
    <tessellate>1</tessellate>
    <altitudeMode>absolute</altitudeMode>
    <coordinates>
      0,0,0
      0,0,0
    </coordinates>
  </LineString>
</Placemark>
<Style id="style_10352">
  <LineStyle><color>ffffffff</color><width>2</width></LineStyle>
</Style>
<Placemark>
  <styleUrl>#style_10352</styleUrl>
  <LineString>
    <tessellate>1</tessellate>
    <altitudeMode>absolute</altitudeMode>
    <coordinates>
      0,0,0
      0,0,0
    </coordinates>
  </LineString>
</Placemark>
<Style id="style_10353">
  <LineStyle><color>ffffffff</color><width>2</width></LineStyle>
</Style>
<Placemark>
  <styleUrl>#style_10353</styleUrl>
  <LineString>
    <tessellate>1</tessellate>
    <altitudeMode>absolute</altitudeMode>
    <coordinates>
      0,0,0
      0,0,0
    </coordinates>
  </LineString>
</Placemark>
<Style id="style_10354">
  <LineStyle><color>ffffffff</color><width>2</width></LineStyle>
</Style>
<Placemark>
  <styleUrl>#style_10354</styleUrl>
  <LineString>
    <tessellate>1</tessellate>
    <altitudeMode>absolute</altitudeMode>
    <coordinates>
      0,0,0
      0,0,0
    </coordinates>
  </LineString>
</Placemark>
<Style id="style_10355">
  <LineStyle><color>ffffffff</color><width>2</width></LineStyle>
</Style>
<Placemark>
  <styleUrl>#style_10355</styleUrl>
  <LineString>
    <tessellate>1</tessellate>
    <altitudeMode>absolute</altitudeMode>
    <coordinates>
      0,0,0
      0,0,0
    </coordinates>
  </LineString>
</Placemark>
<Style id="style_10356">
  <LineStyle><color>ffffffff</color><width>2</width></LineStyle>
</Style>
<Placemark>
  <styleUrl>#style_10356</styleUrl>
  <LineString>
    <tessellate>1</tessellate>
    <altitudeMode>absolute</altitudeMode>
    <coordinates>
      0,0,0
      0,0,0
    </coordinates>
  </LineString>
</Placemark>
<Style id="style_10357">
  <LineStyle><color>ffffffff</color><width>2</width></LineStyle>
</Style>
<Placemark>
  <styleUrl>#style_10357</styleUrl>
  <LineString>
    <tessellate>1</tessellate>
    <altitudeMode>absolute</altitudeMode>
    <coordinates>
      0,0,0
      0,0,0
    </coordinates>
  </LineString>
</Placemark>
<Style id="style_10358">
  <LineStyle><color>ffffffff</color><width>2</width></LineStyle>
</Style>
<Placemark>
  <styleUrl>#style_10358</styleUrl>
  <LineString>
    <tessellate>1</tessellate>
    <altitudeMode>absolute</altitudeMode>
    <coordinates>
      0,0,0
      0,0,0
    </coordinates>
  </LineString>
</Placemark>
<Style id="style_10359">
  <LineStyle><color>ffffffff</color><width>2</width></LineStyle>
</Style>
<Placemark>
  <styleUrl>#style_10359</styleUrl>
  <LineString>
    <tessellate>1</tessellate>
    <altitudeMode>absolute</altitudeMode>
    <coordinates>
      0,0,0
      0,0,0
    </coordinates>
  </LineString>
</Placemark>
<Style id="style_10360">
  <LineStyle><color>ffffffff</color><width>2</width></LineStyle>
</Style>
<Placemark>
  <styleUrl>#style_10360</styleUrl>
  <LineString>
    <tessellate>1</tessellate>
    <altitudeMode>absolute</altitudeMode>
    <coordinates>
      0,0,0
      0,0,0
    </coordinates>
  </LineString>
</Placemark>
<Style id="style_10361">
  <LineStyle><color>ffffffff</color><width>2</width></LineStyle>
</Style>
<Placemark>
  <styleUrl>#style_10361</styleUrl>
  <LineString>
    <tessellate>1</tessellate>
    <altitudeMode>absolute</altitudeMode>
    <coordinates>
      0,0,0
      0,0,0
    </coordinates>
  </LineString>
</Placemark>
<Style id="style_10362">
  <LineStyle><color>ffffffff</color><width>2</width></LineStyle>
</Style>
<Placemark>
  <styleUrl>#style_10362</styleUrl>
  <LineString>
    <tessellate>1</tessellate>
    <altitudeMode>absolute</altitudeMode>
    <coordinates>
      0,0,0
      0,0,0
    </coordinates>
  </LineString>
</Placemark>
<Style id="style_10363">
  <LineStyle><color>ffffffff</color><width>2</width></LineStyle>
</Style>
<Placemark>
  <styleUrl>#style_10363</styleUrl>
  <LineString>
    <tessellate>1</tessellate>
    <altitudeMode>absolute</altitudeMode>
    <coordinates>
      0,0,0
      0,0,0
    </coordinates>
  </LineString>
</Placemark>
<Style id="style_10364">
  <LineStyle><color>ffffffff</color><width>2</width></LineStyle>
</Style>
<Placemark>
  <styleUrl>#style_10364</styleUrl>
  <LineString>
    <tessellate>1</tessellate>
    <altitudeMode>absolute</altitudeMode>
    <coordinates>
      0,0,0
      0,0,0
    </coordinates>
  </LineString>
</Placemark>
<Style id="style_10365">
  <LineStyle><color>ffffffff</color><width>2</width></LineStyle>
</Style>
<Placemark>
  <styleUrl>#style_10365</styleUrl>
  <LineString>
    <tessellate>1</tessellate>
    <altitudeMode>absolute</altitudeMode>
    <coordinates>
      0,0,0
      0,0,0
    </coordinates>
  </LineString>
</Placemark>
<Style id="style_10366">
  <LineStyle><color>ffffffff</color><width>2</width></LineStyle>
</Style>
<Placemark>
  <styleUrl>#style_10366</styleUrl>
  <LineString>
    <tessellate>1</tessellate>
    <altitudeMode>absolute</altitudeMode>
    <coordinates>
      0,0,0
      0,0,0
    </coordinates>
  </LineString>
</Placemark>
<Style id="style_10367">
  <LineStyle><color>ffffffff</color><width>2</width></LineStyle>
</Style>
<Placemark>
  <styleUrl>#style_10367</styleUrl>
  <LineString>
    <tessellate>1</tessellate>
    <altitudeMode>absolute</altitudeMode>
    <coordinates>
      0,0,0
      0,0,0
    </coordinates>
  </LineString>
</Placemark>
<Style id="style_10368">
  <LineStyle><color>ffffffff</color><width>2</width></LineStyle>
</Style>
<Placemark>
  <styleUrl>#style_10368</styleUrl>
  <LineString>
    <tessellate>1</tessellate>
    <altitudeMode>absolute</altitudeMode>
    <coordinates>
      0,0,0
      0,0,0
    </coordinates>
  </LineString>
</Placemark>
<Style id="style_10369">
  <LineStyle><color>ffffffff</color><width>2</width></LineStyle>
</Style>
<Placemark>
  <styleUrl>#style_10369</styleUrl>
  <LineString>
    <tessellate>1</tessellate>
    <altitudeMode>absolute</altitudeMode>
    <coordinates>
      0,0,0
      0,0,0
    </coordinates>
  </LineString>
</Placemark>
<Style id="style_10370">
  <LineStyle><color>ffffffff</color><width>2</width></LineStyle>
</Style>
<Placemark>
  <styleUrl>#style_10370</styleUrl>
  <LineString>
    <tessellate>1</tessellate>
    <altitudeMode>absolute</altitudeMode>
    <coordinates>
      0,0,0
      0,0,0
    </coordinates>
  </LineString>
</Placemark>
<Style id="style_10371">
  <LineStyle><color>ffffffff</color><width>2</width></LineStyle>
</Style>
<Placemark>
  <styleUrl>#style_10371</styleUrl>
  <LineString>
    <tessellate>1</tessellate>
    <altitudeMode>absolute</altitudeMode>
    <coordinates>
      0,0,0
      0,0,0
    </coordinates>
  </LineString>
</Placemark>
<Style id="style_10372">
  <LineStyle><color>ffffffff</color><width>2</width></LineStyle>
</Style>
<Placemark>
  <styleUrl>#style_10372</styleUrl>
  <LineString>
    <tessellate>1</tessellate>
    <altitudeMode>absolute</altitudeMode>
    <coordinates>
      0,0,0
      0,0,0
    </coordinates>
  </LineString>
</Placemark>
<Style id="style_10373">
  <LineStyle><color>ffffffff</color><width>2</width></LineStyle>
</Style>
<Placemark>
  <styleUrl>#style_10373</styleUrl>
  <LineString>
    <tessellate>1</tessellate>
    <altitudeMode>absolute</altitudeMode>
    <coordinates>
      0,0,0
      0,0,0
    </coordinates>
  </LineString>
</Placemark>
<Style id="style_10374">
  <LineStyle><color>ffffffff</color><width>2</width></LineStyle>
</Style>
<Placemark>
  <styleUrl>#style_10374</styleUrl>
  <LineString>
    <tessellate>1</tessellate>
    <altitudeMode>absolute</altitudeMode>
    <coordinates>
      0,0,0
      0,0,0
    </coordinates>
  </LineString>
</Placemark>
<Style id="style_10375">
  <LineStyle><color>ffffffff</color><width>2</width></LineStyle>
</Style>
<Placemark>
  <styleUrl>#style_10375</styleUrl>
  <LineString>
    <tessellate>1</tessellate>
    <altitudeMode>absolute</altitudeMode>
    <coordinates>
      0,0,0
      0,0,0
    </coordinates>
  </LineString>
</Placemark>
<Style id="style_10376">
  <LineStyle><color>ffffffff</color><width>2</width></LineStyle>
</Style>
<Placemark>
  <styleUrl>#style_10376</styleUrl>
  <LineString>
    <tessellate>1</tessellate>
    <altitudeMode>absolute</altitudeMode>
    <coordinates>
      0,0,0
      0,0,0
    </coordinates>
  </LineString>
</Placemark>
<Style id="style_10377">
  <LineStyle><color>ffffffff</color><width>2</width></LineStyle>
</Style>
<Placemark>
  <styleUrl>#style_10377</styleUrl>
  <LineString>
    <tessellate>1</tessellate>
    <altitudeMode>absolute</altitudeMode>
    <coordinates>
      0,0,0
      0,0,0
    </coordinates>
  </LineString>
</Placemark>
<Style id="style_10378">
  <LineStyle><color>ffffffff</color><width>2</width></LineStyle>
</Style>
<Placemark>
  <styleUrl>#style_10378</styleUrl>
  <LineString>
    <tessellate>1</tessellate>
    <altitudeMode>absolute</altitudeMode>
    <coordinates>
      0,0,0
      0,0,0
    </coordinates>
  </LineString>
</Placemark>
<Style id="style_10379">
  <LineStyle><color>ffffffff</color><width>2</width></LineStyle>
</Style>
<Placemark>
  <styleUrl>#style_10379</styleUrl>
  <LineString>
    <tessellate>1</tessellate>
    <altitudeMode>absolute</altitudeMode>
    <coordinates>
      0,0,0
      0,0,0
    </coordinates>
  </LineString>
</Placemark>
<Style id="style_10380">
  <LineStyle><color>ffffffff</color><width>2</width></LineStyle>
</Style>
<Placemark>
  <styleUrl>#style_10380</styleUrl>
  <LineString>
    <tessellate>1</tessellate>
    <altitudeMode>absolute</altitudeMode>
    <coordinates>
      0,0,0
      0,0,0
    </coordinates>
  </LineString>
</Placemark>
<Style id="style_10381">
  <LineStyle><color>ffffffff</color><width>2</width></LineStyle>
</Style>
<Placemark>
  <styleUrl>#style_10381</styleUrl>
  <LineString>
    <tessellate>1</tessellate>
    <altitudeMode>absolute</altitudeMode>
    <coordinates>
      0,0,0
      0,0,0
    </coordinates>
  </LineString>
</Placemark>
<Style id="style_10382">
  <LineStyle><color>ffffffff</color><width>2</width></LineStyle>
</Style>
<Placemark>
  <styleUrl>#style_10382</styleUrl>
  <LineString>
    <tessellate>1</tessellate>
    <altitudeMode>absolute</altitudeMode>
    <coordinates>
      0,0,0
      0,0,0
    </coordinates>
  </LineString>
</Placemark>
<Style id="style_10383">
  <LineStyle><color>ffffffff</color><width>2</width></LineStyle>
</Style>
<Placemark>
  <styleUrl>#style_10383</styleUrl>
  <LineString>
    <tessellate>1</tessellate>
    <altitudeMode>absolute</altitudeMode>
    <coordinates>
      0,0,0
      0,0,0
    </coordinates>
  </LineString>
</Placemark>
<Style id="style_10384">
  <LineStyle><color>ffffffff</color><width>2</width></LineStyle>
</Style>
<Placemark>
  <styleUrl>#style_10384</styleUrl>
  <LineString>
    <tessellate>1</tessellate>
    <altitudeMode>absolute</altitudeMode>
    <coordinates>
      0,0,0
      0,0,0
    </coordinates>
  </LineString>
</Placemark>
<Style id="style_10385">
  <LineStyle><color>ffffffff</color><width>2</width></LineStyle>
</Style>
<Placemark>
  <styleUrl>#style_10385</styleUrl>
  <LineString>
    <tessellate>1</tessellate>
    <altitudeMode>absolute</altitudeMode>
    <coordinates>
      0,0,0
      0,0,0
    </coordinates>
  </LineString>
</Placemark>
<Style id="style_10386">
  <LineStyle><color>ffffffff</color><width>2</width></LineStyle>
</Style>
<Placemark>
  <styleUrl>#style_10386</styleUrl>
  <LineString>
    <tessellate>1</tessellate>
    <altitudeMode>absolute</altitudeMode>
    <coordinates>
      0,0,0
      0,0,0
    </coordinates>
  </LineString>
</Placemark>
<Style id="style_10387">
  <LineStyle><color>ffffffff</color><width>2</width></LineStyle>
</Style>
<Placemark>
  <styleUrl>#style_10387</styleUrl>
  <LineString>
    <tessellate>1</tessellate>
    <altitudeMode>absolute</altitudeMode>
    <coordinates>
      0,0,0
      0,0,0
    </coordinates>
  </LineString>
</Placemark>
<Style id="style_10388">
  <LineStyle><color>ffffffff</color><width>2</width></LineStyle>
</Style>
<Placemark>
  <styleUrl>#style_10388</styleUrl>
  <LineString>
    <tessellate>1</tessellate>
    <altitudeMode>absolute</altitudeMode>
    <coordinates>
      0,0,0
      0,0,0
    </coordinates>
  </LineString>
</Placemark>
<Style id="style_10389">
  <LineStyle><color>ffffffff</color><width>2</width></LineStyle>
</Style>
<Placemark>
  <styleUrl>#style_10389</styleUrl>
  <LineString>
    <tessellate>1</tessellate>
    <altitudeMode>absolute</altitudeMode>
    <coordinates>
      0,0,0
      0,0,0
    </coordinates>
  </LineString>
</Placemark>
<Style id="style_10390">
  <LineStyle><color>ffffffff</color><width>2</width></LineStyle>
</Style>
<Placemark>
  <styleUrl>#style_10390</styleUrl>
  <LineString>
    <tessellate>1</tessellate>
    <altitudeMode>absolute</altitudeMode>
    <coordinates>
      0,0,0
      0,0,0
    </coordinates>
  </LineString>
</Placemark>
<Style id="style_10391">
  <LineStyle><color>ffffffff</color><width>2</width></LineStyle>
</Style>
<Placemark>
  <styleUrl>#style_10391</styleUrl>
  <LineString>
    <tessellate>1</tessellate>
    <altitudeMode>absolute</altitudeMode>
    <coordinates>
      0,0,0
      0,0,0
    </coordinates>
  </LineString>
</Placemark>
<Style id="style_10392">
  <LineStyle><color>ffffffff</color><width>2</width></LineStyle>
</Style>
<Placemark>
  <styleUrl>#style_10392</styleUrl>
  <LineString>
    <tessellate>1</tessellate>
    <altitudeMode>absolute</altitudeMode>
    <coordinates>
      0,0,0
      0,0,0
    </coordinates>
  </LineString>
</Placemark>
<Style id="style_10393">
  <LineStyle><color>ffffffff</color><width>2</width></LineStyle>
</Style>
<Placemark>
  <styleUrl>#style_10393</styleUrl>
  <LineString>
    <tessellate>1</tessellate>
    <altitudeMode>absolute</altitudeMode>
    <coordinates>
      0,0,0
      0,0,0
    </coordinates>
  </LineString>
</Placemark>
<Style id="style_10394">
  <LineStyle><color>ffffffff</color><width>2</width></LineStyle>
</Style>
<Placemark>
  <styleUrl>#style_10394</styleUrl>
  <LineString>
    <tessellate>1</tessellate>
    <altitudeMode>absolute</altitudeMode>
    <coordinates>
      0,0,0
      0,0,0
    </coordinates>
  </LineString>
</Placemark>
<Style id="style_10395">
  <LineStyle><color>ffffffff</color><width>2</width></LineStyle>
</Style>
<Placemark>
  <styleUrl>#style_10395</styleUrl>
  <LineString>
    <tessellate>1</tessellate>
    <altitudeMode>absolute</altitudeMode>
    <coordinates>
      0,0,0
      0,0,0
    </coordinates>
  </LineString>
</Placemark>
<Style id="style_10396">
  <LineStyle><color>ffffffff</color><width>2</width></LineStyle>
</Style>
<Placemark>
  <styleUrl>#style_10396</styleUrl>
  <LineString>
    <tessellate>1</tessellate>
    <altitudeMode>absolute</altitudeMode>
    <coordinates>
      0,0,0
      0,0,0
    </coordinates>
  </LineString>
</Placemark>
<Style id="style_10397">
  <LineStyle><color>ffffffff</color><width>2</width></LineStyle>
</Style>
<Placemark>
  <styleUrl>#style_10397</styleUrl>
  <LineString>
    <tessellate>1</tessellate>
    <altitudeMode>absolute</altitudeMode>
    <coordinates>
      0,0,0
      0,0,0
    </coordinates>
  </LineString>
</Placemark>
<Style id="style_10398">
  <LineStyle><color>ffffffff</color><width>2</width></LineStyle>
</Style>
<Placemark>
  <styleUrl>#style_10398</styleUrl>
  <LineString>
    <tessellate>1</tessellate>
    <altitudeMode>absolute</altitudeMode>
    <coordinates>
      0,0,0
      0,0,0
    </coordinates>
  </LineString>
</Placemark>
<Style id="style_10399">
  <LineStyle><color>ffffffff</color><width>2</width></LineStyle>
</Style>
<Placemark>
  <styleUrl>#style_10399</styleUrl>
  <LineString>
    <tessellate>1</tessellate>
    <altitudeMode>absolute</altitudeMode>
    <coordinates>
      0,0,0
      0,0,0
    </coordinates>
  </LineString>
</Placemark>
<Style id="style_10400">
  <LineStyle><color>ffffffff</color><width>2</width></LineStyle>
</Style>
<Placemark>
  <styleUrl>#style_10400</styleUrl>
  <LineString>
    <tessellate>1</tessellate>
    <altitudeMode>absolute</altitudeMode>
    <coordinates>
      0,0,0
      0,0,0
    </coordinates>
  </LineString>
</Placemark>
<Style id="style_10401">
  <LineStyle><color>ffffffff</color><width>2</width></LineStyle>
</Style>
<Placemark>
  <styleUrl>#style_10401</styleUrl>
  <LineString>
    <tessellate>1</tessellate>
    <altitudeMode>absolute</altitudeMode>
    <coordinates>
      0,0,0
      0,0,0
    </coordinates>
  </LineString>
</Placemark>
<Style id="style_10402">
  <LineStyle><color>ffffffff</color><width>2</width></LineStyle>
</Style>
<Placemark>
  <styleUrl>#style_10402</styleUrl>
  <LineString>
    <tessellate>1</tessellate>
    <altitudeMode>absolute</altitudeMode>
    <coordinates>
      0,0,0
      0,0,0
    </coordinates>
  </LineString>
</Placemark>
<Style id="style_10403">
  <LineStyle><color>ffffffff</color><width>2</width></LineStyle>
</Style>
<Placemark>
  <styleUrl>#style_10403</styleUrl>
  <LineString>
    <tessellate>1</tessellate>
    <altitudeMode>absolute</altitudeMode>
    <coordinates>
      0,0,0
      0,0,0
    </coordinates>
  </LineString>
</Placemark>
<Style id="style_10404">
  <LineStyle><color>ffffffff</color><width>2</width></LineStyle>
</Style>
<Placemark>
  <styleUrl>#style_10404</styleUrl>
  <LineString>
    <tessellate>1</tessellate>
    <altitudeMode>absolute</altitudeMode>
    <coordinates>
      0,0,0
      0,0,0
    </coordinates>
  </LineString>
</Placemark>
<Style id="style_10405">
  <LineStyle><color>ffffffff</color><width>2</width></LineStyle>
</Style>
<Placemark>
  <styleUrl>#style_10405</styleUrl>
  <LineString>
    <tessellate>1</tessellate>
    <altitudeMode>absolute</altitudeMode>
    <coordinates>
      0,0,0
      0,0,0
    </coordinates>
  </LineString>
</Placemark>
<Style id="style_10406">
  <LineStyle><color>ffffffff</color><width>2</width></LineStyle>
</Style>
<Placemark>
  <styleUrl>#style_10406</styleUrl>
  <LineString>
    <tessellate>1</tessellate>
    <altitudeMode>absolute</altitudeMode>
    <coordinates>
      0,0,0
      0,0,0
    </coordinates>
  </LineString>
</Placemark>
<Style id="style_10407">
  <LineStyle><color>ffffffff</color><width>2</width></LineStyle>
</Style>
<Placemark>
  <styleUrl>#style_10407</styleUrl>
  <LineString>
    <tessellate>1</tessellate>
    <altitudeMode>absolute</altitudeMode>
    <coordinates>
      0,0,0
      0,0,0
    </coordinates>
  </LineString>
</Placemark>
<Style id="style_10408">
  <LineStyle><color>ffffffff</color><width>2</width></LineStyle>
</Style>
<Placemark>
  <styleUrl>#style_10408</styleUrl>
  <LineString>
    <tessellate>1</tessellate>
    <altitudeMode>absolute</altitudeMode>
    <coordinates>
      0,0,0
      0,0,0
    </coordinates>
  </LineString>
</Placemark>
<Style id="style_10409">
  <LineStyle><color>ffffffff</color><width>2</width></LineStyle>
</Style>
<Placemark>
  <styleUrl>#style_10409</styleUrl>
  <LineString>
    <tessellate>1</tessellate>
    <altitudeMode>absolute</altitudeMode>
    <coordinates>
      0,0,0
      0,0,0
    </coordinates>
  </LineString>
</Placemark>
<Style id="style_10410">
  <LineStyle><color>ffffffff</color><width>2</width></LineStyle>
</Style>
<Placemark>
  <styleUrl>#style_10410</styleUrl>
  <LineString>
    <tessellate>1</tessellate>
    <altitudeMode>absolute</altitudeMode>
    <coordinates>
      0,0,0
      0,0,0
    </coordinates>
  </LineString>
</Placemark>
<Style id="style_10411">
  <LineStyle><color>ffffffff</color><width>2</width></LineStyle>
</Style>
<Placemark>
  <styleUrl>#style_10411</styleUrl>
  <LineString>
    <tessellate>1</tessellate>
    <altitudeMode>absolute</altitudeMode>
    <coordinates>
      0,0,0
      0,0,0
    </coordinates>
  </LineString>
</Placemark>
<Style id="style_10412">
  <LineStyle><color>ffffffff</color><width>2</width></LineStyle>
</Style>
<Placemark>
  <styleUrl>#style_10412</styleUrl>
  <LineString>
    <tessellate>1</tessellate>
    <altitudeMode>absolute</altitudeMode>
    <coordinates>
      0,0,0
      0,0,0
    </coordinates>
  </LineString>
</Placemark>
<Style id="style_10413">
  <LineStyle><color>ffffffff</color><width>2</width></LineStyle>
</Style>
<Placemark>
  <styleUrl>#style_10413</styleUrl>
  <LineString>
    <tessellate>1</tessellate>
    <altitudeMode>absolute</altitudeMode>
    <coordinates>
      0,0,0
      0,0,0
    </coordinates>
  </LineString>
</Placemark>
<Style id="style_10414">
  <LineStyle><color>ffffffff</color><width>2</width></LineStyle>
</Style>
<Placemark>
  <styleUrl>#style_10414</styleUrl>
  <LineString>
    <tessellate>1</tessellate>
    <altitudeMode>absolute</altitudeMode>
    <coordinates>
      0,0,0
      0,0,0
    </coordinates>
  </LineString>
</Placemark>
<Style id="style_10415">
  <LineStyle><color>ffffffff</color><width>2</width></LineStyle>
</Style>
<Placemark>
  <styleUrl>#style_10415</styleUrl>
  <LineString>
    <tessellate>1</tessellate>
    <altitudeMode>absolute</altitudeMode>
    <coordinates>
      0,0,0
      0,0,0
    </coordinates>
  </LineString>
</Placemark>
<Style id="style_10416">
  <LineStyle><color>ffffffff</color><width>2</width></LineStyle>
</Style>
<Placemark>
  <styleUrl>#style_10416</styleUrl>
  <LineString>
    <tessellate>1</tessellate>
    <altitudeMode>absolute</altitudeMode>
    <coordinates>
      0,0,0
      0,0,0
    </coordinates>
  </LineString>
</Placemark>
<Style id="style_10417">
  <LineStyle><color>ffffffff</color><width>2</width></LineStyle>
</Style>
<Placemark>
  <styleUrl>#style_10417</styleUrl>
  <LineString>
    <tessellate>1</tessellate>
    <altitudeMode>absolute</altitudeMode>
    <coordinates>
      0,0,0
      0,0,0
    </coordinates>
  </LineString>
</Placemark>
<Style id="style_10418">
  <LineStyle><color>ffffffff</color><width>2</width></LineStyle>
</Style>
<Placemark>
  <styleUrl>#style_10418</styleUrl>
  <LineString>
    <tessellate>1</tessellate>
    <altitudeMode>absolute</altitudeMode>
    <coordinates>
      0,0,0
      0,0,0
    </coordinates>
  </LineString>
</Placemark>
<Style id="style_10419">
  <LineStyle><color>ffffffff</color><width>2</width></LineStyle>
</Style>
<Placemark>
  <styleUrl>#style_10419</styleUrl>
  <LineString>
    <tessellate>1</tessellate>
    <altitudeMode>absolute</altitudeMode>
    <coordinates>
      0,0,0
      0,0,0
    </coordinates>
  </LineString>
</Placemark>
<Style id="style_10420">
  <LineStyle><color>ffffffff</color><width>2</width></LineStyle>
</Style>
<Placemark>
  <styleUrl>#style_10420</styleUrl>
  <LineString>
    <tessellate>1</tessellate>
    <altitudeMode>absolute</altitudeMode>
    <coordinates>
      0,0,0
      0,0,0
    </coordinates>
  </LineString>
</Placemark>
<Style id="style_10421">
  <LineStyle><color>ffffffff</color><width>2</width></LineStyle>
</Style>
<Placemark>
  <styleUrl>#style_10421</styleUrl>
  <LineString>
    <tessellate>1</tessellate>
    <altitudeMode>absolute</altitudeMode>
    <coordinates>
      0,0,0
      0,0,0
    </coordinates>
  </LineString>
</Placemark>
<Style id="style_10422">
  <LineStyle><color>ffffffff</color><width>2</width></LineStyle>
</Style>
<Placemark>
  <styleUrl>#style_10422</styleUrl>
  <LineString>
    <tessellate>1</tessellate>
    <altitudeMode>absolute</altitudeMode>
    <coordinates>
      0,0,0
      0,0,0
    </coordinates>
  </LineString>
</Placemark>
<Style id="style_10423">
  <LineStyle><color>ffffffff</color><width>2</width></LineStyle>
</Style>
<Placemark>
  <styleUrl>#style_10423</styleUrl>
  <LineString>
    <tessellate>1</tessellate>
    <altitudeMode>absolute</altitudeMode>
    <coordinates>
      0,0,0
      0,0,0
    </coordinates>
  </LineString>
</Placemark>
<Style id="style_10424">
  <LineStyle><color>ffffffff</color><width>2</width></LineStyle>
</Style>
<Placemark>
  <styleUrl>#style_10424</styleUrl>
  <LineString>
    <tessellate>1</tessellate>
    <altitudeMode>absolute</altitudeMode>
    <coordinates>
      0,0,0
      0,0,0
    </coordinates>
  </LineString>
</Placemark>
<Style id="style_10425">
  <LineStyle><color>ffffffff</color><width>2</width></LineStyle>
</Style>
<Placemark>
  <styleUrl>#style_10425</styleUrl>
  <LineString>
    <tessellate>1</tessellate>
    <altitudeMode>absolute</altitudeMode>
    <coordinates>
      0,0,0
      0,0,0
    </coordinates>
  </LineString>
</Placemark>
<Style id="style_10426">
  <LineStyle><color>ffffffff</color><width>2</width></LineStyle>
</Style>
<Placemark>
  <styleUrl>#style_10426</styleUrl>
  <LineString>
    <tessellate>1</tessellate>
    <altitudeMode>absolute</altitudeMode>
    <coordinates>
      0,0,0
      0,0,0
    </coordinates>
  </LineString>
</Placemark>
<Style id="style_10427">
  <LineStyle><color>ffffffff</color><width>2</width></LineStyle>
</Style>
<Placemark>
  <styleUrl>#style_10427</styleUrl>
  <LineString>
    <tessellate>1</tessellate>
    <altitudeMode>absolute</altitudeMode>
    <coordinates>
      0,0,0
      0,0,0
    </coordinates>
  </LineString>
</Placemark>
<Style id="style_10428">
  <LineStyle><color>ffffffff</color><width>2</width></LineStyle>
</Style>
<Placemark>
  <styleUrl>#style_10428</styleUrl>
  <LineString>
    <tessellate>1</tessellate>
    <altitudeMode>absolute</altitudeMode>
    <coordinates>
      0,0,0
      0,0,0
    </coordinates>
  </LineString>
</Placemark>
<Style id="style_10429">
  <LineStyle><color>ffffffff</color><width>2</width></LineStyle>
</Style>
<Placemark>
  <styleUrl>#style_10429</styleUrl>
  <LineString>
    <tessellate>1</tessellate>
    <altitudeMode>absolute</altitudeMode>
    <coordinates>
      0,0,0
      0,0,0
    </coordinates>
  </LineString>
</Placemark>
<Style id="style_10430">
  <LineStyle><color>ffffffff</color><width>2</width></LineStyle>
</Style>
<Placemark>
  <styleUrl>#style_10430</styleUrl>
  <LineString>
    <tessellate>1</tessellate>
    <altitudeMode>absolute</altitudeMode>
    <coordinates>
      0,0,0
      0,0,0
    </coordinates>
  </LineString>
</Placemark>
<Style id="style_10431">
  <LineStyle><color>ffffffff</color><width>2</width></LineStyle>
</Style>
<Placemark>
  <styleUrl>#style_10431</styleUrl>
  <LineString>
    <tessellate>1</tessellate>
    <altitudeMode>absolute</altitudeMode>
    <coordinates>
      0,0,0
      0,0,0
    </coordinates>
  </LineString>
</Placemark>
<Style id="style_10432">
  <LineStyle><color>ffffffff</color><width>2</width></LineStyle>
</Style>
<Placemark>
  <styleUrl>#style_10432</styleUrl>
  <LineString>
    <tessellate>1</tessellate>
    <altitudeMode>absolute</altitudeMode>
    <coordinates>
      0,0,0
      0,0,0
    </coordinates>
  </LineString>
</Placemark>
<Style id="style_10433">
  <LineStyle><color>ffffffff</color><width>2</width></LineStyle>
</Style>
<Placemark>
  <styleUrl>#style_10433</styleUrl>
  <LineString>
    <tessellate>1</tessellate>
    <altitudeMode>absolute</altitudeMode>
    <coordinates>
      0,0,0
      0,0,0
    </coordinates>
  </LineString>
</Placemark>
<Style id="style_10434">
  <LineStyle><color>ffffffff</color><width>2</width></LineStyle>
</Style>
<Placemark>
  <styleUrl>#style_10434</styleUrl>
  <LineString>
    <tessellate>1</tessellate>
    <altitudeMode>absolute</altitudeMode>
    <coordinates>
      0,0,0
      0,0,0
    </coordinates>
  </LineString>
</Placemark>
<Style id="style_10435">
  <LineStyle><color>ffffffff</color><width>2</width></LineStyle>
</Style>
<Placemark>
  <styleUrl>#style_10435</styleUrl>
  <LineString>
    <tessellate>1</tessellate>
    <altitudeMode>absolute</altitudeMode>
    <coordinates>
      0,0,0
      0,0,0
    </coordinates>
  </LineString>
</Placemark>
<Style id="style_10436">
  <LineStyle><color>ffffffff</color><width>2</width></LineStyle>
</Style>
<Placemark>
  <styleUrl>#style_10436</styleUrl>
  <LineString>
    <tessellate>1</tessellate>
    <altitudeMode>absolute</altitudeMode>
    <coordinates>
      0,0,0
      0,0,0
    </coordinates>
  </LineString>
</Placemark>
<Style id="style_10437">
  <LineStyle><color>ffffffff</color><width>2</width></LineStyle>
</Style>
<Placemark>
  <styleUrl>#style_10437</styleUrl>
  <LineString>
    <tessellate>1</tessellate>
    <altitudeMode>absolute</altitudeMode>
    <coordinates>
      0,0,0
      0,0,0
    </coordinates>
  </LineString>
</Placemark>
<Style id="style_10438">
  <LineStyle><color>ffffffff</color><width>2</width></LineStyle>
</Style>
<Placemark>
  <styleUrl>#style_10438</styleUrl>
  <LineString>
    <tessellate>1</tessellate>
    <altitudeMode>absolute</altitudeMode>
    <coordinates>
      0,0,0
      0,0,0
    </coordinates>
  </LineString>
</Placemark>
<Style id="style_10439">
  <LineStyle><color>ffffffff</color><width>2</width></LineStyle>
</Style>
<Placemark>
  <styleUrl>#style_10439</styleUrl>
  <LineString>
    <tessellate>1</tessellate>
    <altitudeMode>absolute</altitudeMode>
    <coordinates>
      0,0,0
      0,0,0
    </coordinates>
  </LineString>
</Placemark>
<Style id="style_10440">
  <LineStyle><color>ffffffff</color><width>2</width></LineStyle>
</Style>
<Placemark>
  <styleUrl>#style_10440</styleUrl>
  <LineString>
    <tessellate>1</tessellate>
    <altitudeMode>absolute</altitudeMode>
    <coordinates>
      0,0,0
      0,0,0
    </coordinates>
  </LineString>
</Placemark>
<Style id="style_10441">
  <LineStyle><color>ffffffff</color><width>2</width></LineStyle>
</Style>
<Placemark>
  <styleUrl>#style_10441</styleUrl>
  <LineString>
    <tessellate>1</tessellate>
    <altitudeMode>absolute</altitudeMode>
    <coordinates>
      0,0,0
      0,0,0
    </coordinates>
  </LineString>
</Placemark>
<Style id="style_10442">
  <LineStyle><color>ffffffff</color><width>2</width></LineStyle>
</Style>
<Placemark>
  <styleUrl>#style_10442</styleUrl>
  <LineString>
    <tessellate>1</tessellate>
    <altitudeMode>absolute</altitudeMode>
    <coordinates>
      0,0,0
      0,0,0
    </coordinates>
  </LineString>
</Placemark>
<Style id="style_10443">
  <LineStyle><color>ffffffff</color><width>2</width></LineStyle>
</Style>
<Placemark>
  <styleUrl>#style_10443</styleUrl>
  <LineString>
    <tessellate>1</tessellate>
    <altitudeMode>absolute</altitudeMode>
    <coordinates>
      0,0,0
      0,0,0
    </coordinates>
  </LineString>
</Placemark>
<Style id="style_10444">
  <LineStyle><color>ffffffff</color><width>2</width></LineStyle>
</Style>
<Placemark>
  <styleUrl>#style_10444</styleUrl>
  <LineString>
    <tessellate>1</tessellate>
    <altitudeMode>absolute</altitudeMode>
    <coordinates>
      0,0,0
      0,0,0
    </coordinates>
  </LineString>
</Placemark>
<Style id="style_10445">
  <LineStyle><color>ffffffff</color><width>2</width></LineStyle>
</Style>
<Placemark>
  <styleUrl>#style_10445</styleUrl>
  <LineString>
    <tessellate>1</tessellate>
    <altitudeMode>absolute</altitudeMode>
    <coordinates>
      0,0,0
      0,0,0
    </coordinates>
  </LineString>
</Placemark>
<Style id="style_10446">
  <LineStyle><color>ffffffff</color><width>2</width></LineStyle>
</Style>
<Placemark>
  <styleUrl>#style_10446</styleUrl>
  <LineString>
    <tessellate>1</tessellate>
    <altitudeMode>absolute</altitudeMode>
    <coordinates>
      0,0,0
      0,0,0
    </coordinates>
  </LineString>
</Placemark>
<Style id="style_10447">
  <LineStyle><color>ffffffff</color><width>2</width></LineStyle>
</Style>
<Placemark>
  <styleUrl>#style_10447</styleUrl>
  <LineString>
    <tessellate>1</tessellate>
    <altitudeMode>absolute</altitudeMode>
    <coordinates>
      0,0,0
      0,0,0
    </coordinates>
  </LineString>
</Placemark>
<Style id="style_10448">
  <LineStyle><color>ffffffff</color><width>2</width></LineStyle>
</Style>
<Placemark>
  <styleUrl>#style_10448</styleUrl>
  <LineString>
    <tessellate>1</tessellate>
    <altitudeMode>absolute</altitudeMode>
    <coordinates>
      0,0,0
      0,0,0
    </coordinates>
  </LineString>
</Placemark>
<Style id="style_10449">
  <LineStyle><color>ffffffff</color><width>2</width></LineStyle>
</Style>
<Placemark>
  <styleUrl>#style_10449</styleUrl>
  <LineString>
    <tessellate>1</tessellate>
    <altitudeMode>absolute</altitudeMode>
    <coordinates>
      0,0,0
      0,0,0
    </coordinates>
  </LineString>
</Placemark>
<Style id="style_10450">
  <LineStyle><color>ffffffff</color><width>2</width></LineStyle>
</Style>
<Placemark>
  <styleUrl>#style_10450</styleUrl>
  <LineString>
    <tessellate>1</tessellate>
    <altitudeMode>absolute</altitudeMode>
    <coordinates>
      0,0,0
      0,0,0
    </coordinates>
  </LineString>
</Placemark>
<Style id="style_10451">
  <LineStyle><color>ffffffff</color><width>2</width></LineStyle>
</Style>
<Placemark>
  <styleUrl>#style_10451</styleUrl>
  <LineString>
    <tessellate>1</tessellate>
    <altitudeMode>absolute</altitudeMode>
    <coordinates>
      0,0,0
      0,0,0
    </coordinates>
  </LineString>
</Placemark>
<Style id="style_10452">
  <LineStyle><color>ffffffff</color><width>2</width></LineStyle>
</Style>
<Placemark>
  <styleUrl>#style_10452</styleUrl>
  <LineString>
    <tessellate>1</tessellate>
    <altitudeMode>absolute</altitudeMode>
    <coordinates>
      0,0,0
      0,0,0
    </coordinates>
  </LineString>
</Placemark>
<Style id="style_10453">
  <LineStyle><color>ffffffff</color><width>2</width></LineStyle>
</Style>
<Placemark>
  <styleUrl>#style_10453</styleUrl>
  <LineString>
    <tessellate>1</tessellate>
    <altitudeMode>absolute</altitudeMode>
    <coordinates>
      0,0,0
      0,0,0
    </coordinates>
  </LineString>
</Placemark>
<Style id="style_10454">
  <LineStyle><color>ffffffff</color><width>2</width></LineStyle>
</Style>
<Placemark>
  <styleUrl>#style_10454</styleUrl>
  <LineString>
    <tessellate>1</tessellate>
    <altitudeMode>absolute</altitudeMode>
    <coordinates>
      0,0,0
      0,0,0
    </coordinates>
  </LineString>
</Placemark>
<Style id="style_10455">
  <LineStyle><color>ffffffff</color><width>2</width></LineStyle>
</Style>
<Placemark>
  <styleUrl>#style_10455</styleUrl>
  <LineString>
    <tessellate>1</tessellate>
    <altitudeMode>absolute</altitudeMode>
    <coordinates>
      0,0,0
      0,0,0
    </coordinates>
  </LineString>
</Placemark>
<Style id="style_10456">
  <LineStyle><color>ffffffff</color><width>2</width></LineStyle>
</Style>
<Placemark>
  <styleUrl>#style_10456</styleUrl>
  <LineString>
    <tessellate>1</tessellate>
    <altitudeMode>absolute</altitudeMode>
    <coordinates>
      0,0,0
      0,0,0
    </coordinates>
  </LineString>
</Placemark>
<Style id="style_10457">
  <LineStyle><color>ffffffff</color><width>2</width></LineStyle>
</Style>
<Placemark>
  <styleUrl>#style_10457</styleUrl>
  <LineString>
    <tessellate>1</tessellate>
    <altitudeMode>absolute</altitudeMode>
    <coordinates>
      0,0,0
      0,0,0
    </coordinates>
  </LineString>
</Placemark>
<Style id="style_10458">
  <LineStyle><color>ffffffff</color><width>2</width></LineStyle>
</Style>
<Placemark>
  <styleUrl>#style_10458</styleUrl>
  <LineString>
    <tessellate>1</tessellate>
    <altitudeMode>absolute</altitudeMode>
    <coordinates>
      0,0,0
      0,0,0
    </coordinates>
  </LineString>
</Placemark>
<Style id="style_10459">
  <LineStyle><color>ffffffff</color><width>2</width></LineStyle>
</Style>
<Placemark>
  <styleUrl>#style_10459</styleUrl>
  <LineString>
    <tessellate>1</tessellate>
    <altitudeMode>absolute</altitudeMode>
    <coordinates>
      0,0,0
      0,0,0
    </coordinates>
  </LineString>
</Placemark>
<Style id="style_10460">
  <LineStyle><color>ffffffff</color><width>2</width></LineStyle>
</Style>
<Placemark>
  <styleUrl>#style_10460</styleUrl>
  <LineString>
    <tessellate>1</tessellate>
    <altitudeMode>absolute</altitudeMode>
    <coordinates>
      0,0,0
      0,0,0
    </coordinates>
  </LineString>
</Placemark>
<Style id="style_10461">
  <LineStyle><color>ffffffff</color><width>2</width></LineStyle>
</Style>
<Placemark>
  <styleUrl>#style_10461</styleUrl>
  <LineString>
    <tessellate>1</tessellate>
    <altitudeMode>absolute</altitudeMode>
    <coordinates>
      0,0,0
      0,0,0
    </coordinates>
  </LineString>
</Placemark>
<Style id="style_10462">
  <LineStyle><color>ffffffff</color><width>2</width></LineStyle>
</Style>
<Placemark>
  <styleUrl>#style_10462</styleUrl>
  <LineString>
    <tessellate>1</tessellate>
    <altitudeMode>absolute</altitudeMode>
    <coordinates>
      0,0,0
      0,0,0
    </coordinates>
  </LineString>
</Placemark>
<Style id="style_10463">
  <LineStyle><color>ffffffff</color><width>2</width></LineStyle>
</Style>
<Placemark>
  <styleUrl>#style_10463</styleUrl>
  <LineString>
    <tessellate>1</tessellate>
    <altitudeMode>absolute</altitudeMode>
    <coordinates>
      0,0,0
      0,0,0
    </coordinates>
  </LineString>
</Placemark>
<Style id="style_10464">
  <LineStyle><color>ffffffff</color><width>2</width></LineStyle>
</Style>
<Placemark>
  <styleUrl>#style_10464</styleUrl>
  <LineString>
    <tessellate>1</tessellate>
    <altitudeMode>absolute</altitudeMode>
    <coordinates>
      0,0,0
      0,0,0
    </coordinates>
  </LineString>
</Placemark>
<Style id="style_10465">
  <LineStyle><color>ffffffff</color><width>2</width></LineStyle>
</Style>
<Placemark>
  <styleUrl>#style_10465</styleUrl>
  <LineString>
    <tessellate>1</tessellate>
    <altitudeMode>absolute</altitudeMode>
    <coordinates>
      0,0,0
      0,0,0
    </coordinates>
  </LineString>
</Placemark>
<Style id="style_10466">
  <LineStyle><color>ffffffff</color><width>2</width></LineStyle>
</Style>
<Placemark>
  <styleUrl>#style_10466</styleUrl>
  <LineString>
    <tessellate>1</tessellate>
    <altitudeMode>absolute</altitudeMode>
    <coordinates>
      0,0,0
      0,0,0
    </coordinates>
  </LineString>
</Placemark>
<Style id="style_10467">
  <LineStyle><color>ffffffff</color><width>2</width></LineStyle>
</Style>
<Placemark>
  <styleUrl>#style_10467</styleUrl>
  <LineString>
    <tessellate>1</tessellate>
    <altitudeMode>absolute</altitudeMode>
    <coordinates>
      0,0,0
      0,0,0
    </coordinates>
  </LineString>
</Placemark>
<Style id="style_10468">
  <LineStyle><color>ffffffff</color><width>2</width></LineStyle>
</Style>
<Placemark>
  <styleUrl>#style_10468</styleUrl>
  <LineString>
    <tessellate>1</tessellate>
    <altitudeMode>absolute</altitudeMode>
    <coordinates>
      0,0,0
      0,0,0
    </coordinates>
  </LineString>
</Placemark>
<Style id="style_10469">
  <LineStyle><color>ffffffff</color><width>2</width></LineStyle>
</Style>
<Placemark>
  <styleUrl>#style_10469</styleUrl>
  <LineString>
    <tessellate>1</tessellate>
    <altitudeMode>absolute</altitudeMode>
    <coordinates>
      0,0,0
      0,0,0
    </coordinates>
  </LineString>
</Placemark>
<Style id="style_10470">
  <LineStyle><color>ffffffff</color><width>2</width></LineStyle>
</Style>
<Placemark>
  <styleUrl>#style_10470</styleUrl>
  <LineString>
    <tessellate>1</tessellate>
    <altitudeMode>absolute</altitudeMode>
    <coordinates>
      0,0,0
      0,0,0
    </coordinates>
  </LineString>
</Placemark>
<Style id="style_10471">
  <LineStyle><color>ffffffff</color><width>2</width></LineStyle>
</Style>
<Placemark>
  <styleUrl>#style_10471</styleUrl>
  <LineString>
    <tessellate>1</tessellate>
    <altitudeMode>absolute</altitudeMode>
    <coordinates>
      0,0,0
      0,0,0
    </coordinates>
  </LineString>
</Placemark>
<Style id="style_10472">
  <LineStyle><color>ffffffff</color><width>2</width></LineStyle>
</Style>
<Placemark>
  <styleUrl>#style_10472</styleUrl>
  <LineString>
    <tessellate>1</tessellate>
    <altitudeMode>absolute</altitudeMode>
    <coordinates>
      0,0,0
      0,0,0
    </coordinates>
  </LineString>
</Placemark>
<Style id="style_10473">
  <LineStyle><color>ffffffff</color><width>2</width></LineStyle>
</Style>
<Placemark>
  <styleUrl>#style_10473</styleUrl>
  <LineString>
    <tessellate>1</tessellate>
    <altitudeMode>absolute</altitudeMode>
    <coordinates>
      0,0,0
      0,0,0
    </coordinates>
  </LineString>
</Placemark>
<Style id="style_10474">
  <LineStyle><color>ffffffff</color><width>2</width></LineStyle>
</Style>
<Placemark>
  <styleUrl>#style_10474</styleUrl>
  <LineString>
    <tessellate>1</tessellate>
    <altitudeMode>absolute</altitudeMode>
    <coordinates>
      0,0,0
      0,0,0
    </coordinates>
  </LineString>
</Placemark>
<Style id="style_10475">
  <LineStyle><color>ffffffff</color><width>2</width></LineStyle>
</Style>
<Placemark>
  <styleUrl>#style_10475</styleUrl>
  <LineString>
    <tessellate>1</tessellate>
    <altitudeMode>absolute</altitudeMode>
    <coordinates>
      0,0,0
      0,0,0
    </coordinates>
  </LineString>
</Placemark>
<Style id="style_10476">
  <LineStyle><color>ffffffff</color><width>2</width></LineStyle>
</Style>
<Placemark>
  <styleUrl>#style_10476</styleUrl>
  <LineString>
    <tessellate>1</tessellate>
    <altitudeMode>absolute</altitudeMode>
    <coordinates>
      0,0,0
      0,0,0
    </coordinates>
  </LineString>
</Placemark>
<Style id="style_10477">
  <LineStyle><color>ffffffff</color><width>2</width></LineStyle>
</Style>
<Placemark>
  <styleUrl>#style_10477</styleUrl>
  <LineString>
    <tessellate>1</tessellate>
    <altitudeMode>absolute</altitudeMode>
    <coordinates>
      0,0,0
      0,0,0
    </coordinates>
  </LineString>
</Placemark>
<Style id="style_10478">
  <LineStyle><color>ffffffff</color><width>2</width></LineStyle>
</Style>
<Placemark>
  <styleUrl>#style_10478</styleUrl>
  <LineString>
    <tessellate>1</tessellate>
    <altitudeMode>absolute</altitudeMode>
    <coordinates>
      0,0,0
      0,0,0
    </coordinates>
  </LineString>
</Placemark>
<Style id="style_10479">
  <LineStyle><color>ffffffff</color><width>2</width></LineStyle>
</Style>
<Placemark>
  <styleUrl>#style_10479</styleUrl>
  <LineString>
    <tessellate>1</tessellate>
    <altitudeMode>absolute</altitudeMode>
    <coordinates>
      0,0,0
      0,0,0
    </coordinates>
  </LineString>
</Placemark>
<Style id="style_10480">
  <LineStyle><color>ffffffff</color><width>2</width></LineStyle>
</Style>
<Placemark>
  <styleUrl>#style_10480</styleUrl>
  <LineString>
    <tessellate>1</tessellate>
    <altitudeMode>absolute</altitudeMode>
    <coordinates>
      0,0,0
      0,0,0
    </coordinates>
  </LineString>
</Placemark>
<Style id="style_10481">
  <LineStyle><color>ffffffff</color><width>2</width></LineStyle>
</Style>
<Placemark>
  <styleUrl>#style_10481</styleUrl>
  <LineString>
    <tessellate>1</tessellate>
    <altitudeMode>absolute</altitudeMode>
    <coordinates>
      0,0,0
      0,0,0
    </coordinates>
  </LineString>
</Placemark>
<Style id="style_10482">
  <LineStyle><color>ffffffff</color><width>2</width></LineStyle>
</Style>
<Placemark>
  <styleUrl>#style_10482</styleUrl>
  <LineString>
    <tessellate>1</tessellate>
    <altitudeMode>absolute</altitudeMode>
    <coordinates>
      0,0,0
      0,0,0
    </coordinates>
  </LineString>
</Placemark>
<Style id="style_10483">
  <LineStyle><color>ffffffff</color><width>2</width></LineStyle>
</Style>
<Placemark>
  <styleUrl>#style_10483</styleUrl>
  <LineString>
    <tessellate>1</tessellate>
    <altitudeMode>absolute</altitudeMode>
    <coordinates>
      0,0,0
      0,0,0
    </coordinates>
  </LineString>
</Placemark>
<Style id="style_10484">
  <LineStyle><color>ffffffff</color><width>2</width></LineStyle>
</Style>
<Placemark>
  <styleUrl>#style_10484</styleUrl>
  <LineString>
    <tessellate>1</tessellate>
    <altitudeMode>absolute</altitudeMode>
    <coordinates>
      0,0,0
      0,0,0
    </coordinates>
  </LineString>
</Placemark>
<Style id="style_10485">
  <LineStyle><color>ffffffff</color><width>2</width></LineStyle>
</Style>
<Placemark>
  <styleUrl>#style_10485</styleUrl>
  <LineString>
    <tessellate>1</tessellate>
    <altitudeMode>absolute</altitudeMode>
    <coordinates>
      0,0,0
      0,0,0
    </coordinates>
  </LineString>
</Placemark>
<Style id="style_10486">
  <LineStyle><color>ffffffff</color><width>2</width></LineStyle>
</Style>
<Placemark>
  <styleUrl>#style_10486</styleUrl>
  <LineString>
    <tessellate>1</tessellate>
    <altitudeMode>absolute</altitudeMode>
    <coordinates>
      0,0,0
      0,0,0
    </coordinates>
  </LineString>
</Placemark>
<Style id="style_10487">
  <LineStyle><color>ffffffff</color><width>2</width></LineStyle>
</Style>
<Placemark>
  <styleUrl>#style_10487</styleUrl>
  <LineString>
    <tessellate>1</tessellate>
    <altitudeMode>absolute</altitudeMode>
    <coordinates>
      0,0,0
      0,0,0
    </coordinates>
  </LineString>
</Placemark>
<Style id="style_10488">
  <LineStyle><color>ffffffff</color><width>2</width></LineStyle>
</Style>
<Placemark>
  <styleUrl>#style_10488</styleUrl>
  <LineString>
    <tessellate>1</tessellate>
    <altitudeMode>absolute</altitudeMode>
    <coordinates>
      0,0,0
      0,0,0
    </coordinates>
  </LineString>
</Placemark>
<Style id="style_10489">
  <LineStyle><color>ffffffff</color><width>2</width></LineStyle>
</Style>
<Placemark>
  <styleUrl>#style_10489</styleUrl>
  <LineString>
    <tessellate>1</tessellate>
    <altitudeMode>absolute</altitudeMode>
    <coordinates>
      0,0,0
      0,0,0
    </coordinates>
  </LineString>
</Placemark>
<Style id="style_10490">
  <LineStyle><color>ffffffff</color><width>2</width></LineStyle>
</Style>
<Placemark>
  <styleUrl>#style_10490</styleUrl>
  <LineString>
    <tessellate>1</tessellate>
    <altitudeMode>absolute</altitudeMode>
    <coordinates>
      0,0,0
      0,0,0
    </coordinates>
  </LineString>
</Placemark>
<Style id="style_10491">
  <LineStyle><color>ffffffff</color><width>2</width></LineStyle>
</Style>
<Placemark>
  <styleUrl>#style_10491</styleUrl>
  <LineString>
    <tessellate>1</tessellate>
    <altitudeMode>absolute</altitudeMode>
    <coordinates>
      0,0,0
      0,0,0
    </coordinates>
  </LineString>
</Placemark>
<Style id="style_10492">
  <LineStyle><color>ffffffff</color><width>2</width></LineStyle>
</Style>
<Placemark>
  <styleUrl>#style_10492</styleUrl>
  <LineString>
    <tessellate>1</tessellate>
    <altitudeMode>absolute</altitudeMode>
    <coordinates>
      0,0,0
      0,0,0
    </coordinates>
  </LineString>
</Placemark>
<Style id="style_10493">
  <LineStyle><color>ffffffff</color><width>2</width></LineStyle>
</Style>
<Placemark>
  <styleUrl>#style_10493</styleUrl>
  <LineString>
    <tessellate>1</tessellate>
    <altitudeMode>absolute</altitudeMode>
    <coordinates>
      0,0,0
      0,0,0
    </coordinates>
  </LineString>
</Placemark>
<Style id="style_10494">
  <LineStyle><color>ffffffff</color><width>2</width></LineStyle>
</Style>
<Placemark>
  <styleUrl>#style_10494</styleUrl>
  <LineString>
    <tessellate>1</tessellate>
    <altitudeMode>absolute</altitudeMode>
    <coordinates>
      0,0,0
      0,0,0
    </coordinates>
  </LineString>
</Placemark>
<Style id="style_10495">
  <LineStyle><color>ffffffff</color><width>2</width></LineStyle>
</Style>
<Placemark>
  <styleUrl>#style_10495</styleUrl>
  <LineString>
    <tessellate>1</tessellate>
    <altitudeMode>absolute</altitudeMode>
    <coordinates>
      0,0,0
      0,0,0
    </coordinates>
  </LineString>
</Placemark>
<Style id="style_10496">
  <LineStyle><color>ffffffff</color><width>2</width></LineStyle>
</Style>
<Placemark>
  <styleUrl>#style_10496</styleUrl>
  <LineString>
    <tessellate>1</tessellate>
    <altitudeMode>absolute</altitudeMode>
    <coordinates>
      0,0,0
      0,0,0
    </coordinates>
  </LineString>
</Placemark>
<Style id="style_10497">
  <LineStyle><color>ffffffff</color><width>2</width></LineStyle>
</Style>
<Placemark>
  <styleUrl>#style_10497</styleUrl>
  <LineString>
    <tessellate>1</tessellate>
    <altitudeMode>absolute</altitudeMode>
    <coordinates>
      0,0,0
      0,0,0
    </coordinates>
  </LineString>
</Placemark>
<Style id="style_10498">
  <LineStyle><color>ffffffff</color><width>2</width></LineStyle>
</Style>
<Placemark>
  <styleUrl>#style_10498</styleUrl>
  <LineString>
    <tessellate>1</tessellate>
    <altitudeMode>absolute</altitudeMode>
    <coordinates>
      0,0,0
      0,0,0
    </coordinates>
  </LineString>
</Placemark>
<Style id="style_10499">
  <LineStyle><color>ffffffff</color><width>2</width></LineStyle>
</Style>
<Placemark>
  <styleUrl>#style_10499</styleUrl>
  <LineString>
    <tessellate>1</tessellate>
    <altitudeMode>absolute</altitudeMode>
    <coordinates>
      0,0,0
      0,0,0
    </coordinates>
  </LineString>
</Placemark>
<Style id="style_10500">
  <LineStyle><color>ffffffff</color><width>2</width></LineStyle>
</Style>
<Placemark>
  <styleUrl>#style_10500</styleUrl>
  <LineString>
    <tessellate>1</tessellate>
    <altitudeMode>absolute</altitudeMode>
    <coordinates>
      0,0,0
      0,0,0
    </coordinates>
  </LineString>
</Placemark>
<Style id="style_10501">
  <LineStyle><color>ffffffff</color><width>2</width></LineStyle>
</Style>
<Placemark>
  <styleUrl>#style_10501</styleUrl>
  <LineString>
    <tessellate>1</tessellate>
    <altitudeMode>absolute</altitudeMode>
    <coordinates>
      0,0,0
      0,0,0
    </coordinates>
  </LineString>
</Placemark>
<Style id="style_10502">
  <LineStyle><color>ffffffff</color><width>2</width></LineStyle>
</Style>
<Placemark>
  <styleUrl>#style_10502</styleUrl>
  <LineString>
    <tessellate>1</tessellate>
    <altitudeMode>absolute</altitudeMode>
    <coordinates>
      0,0,0
      0,0,0
    </coordinates>
  </LineString>
</Placemark>
<Style id="style_10503">
  <LineStyle><color>ffffffff</color><width>2</width></LineStyle>
</Style>
<Placemark>
  <styleUrl>#style_10503</styleUrl>
  <LineString>
    <tessellate>1</tessellate>
    <altitudeMode>absolute</altitudeMode>
    <coordinates>
      0,0,0
      0,0,0
    </coordinates>
  </LineString>
</Placemark>
<Style id="style_10504">
  <LineStyle><color>ffffffff</color><width>2</width></LineStyle>
</Style>
<Placemark>
  <styleUrl>#style_10504</styleUrl>
  <LineString>
    <tessellate>1</tessellate>
    <altitudeMode>absolute</altitudeMode>
    <coordinates>
      0,0,0
      0,0,0
    </coordinates>
  </LineString>
</Placemark>
<Style id="style_10505">
  <LineStyle><color>ffffffff</color><width>2</width></LineStyle>
</Style>
<Placemark>
  <styleUrl>#style_10505</styleUrl>
  <LineString>
    <tessellate>1</tessellate>
    <altitudeMode>absolute</altitudeMode>
    <coordinates>
      0,0,0
      0,0,0
    </coordinates>
  </LineString>
</Placemark>
<Style id="style_10506">
  <LineStyle><color>ffffffff</color><width>2</width></LineStyle>
</Style>
<Placemark>
  <styleUrl>#style_10506</styleUrl>
  <LineString>
    <tessellate>1</tessellate>
    <altitudeMode>absolute</altitudeMode>
    <coordinates>
      0,0,0
      0,0,0
    </coordinates>
  </LineString>
</Placemark>
<Style id="style_10507">
  <LineStyle><color>ffffffff</color><width>2</width></LineStyle>
</Style>
<Placemark>
  <styleUrl>#style_10507</styleUrl>
  <LineString>
    <tessellate>1</tessellate>
    <altitudeMode>absolute</altitudeMode>
    <coordinates>
      0,0,0
      0,0,0
    </coordinates>
  </LineString>
</Placemark>
<Style id="style_10508">
  <LineStyle><color>ffffffff</color><width>2</width></LineStyle>
</Style>
<Placemark>
  <styleUrl>#style_10508</styleUrl>
  <LineString>
    <tessellate>1</tessellate>
    <altitudeMode>absolute</altitudeMode>
    <coordinates>
      0,0,0
      0,0,0
    </coordinates>
  </LineString>
</Placemark>
<Style id="style_10509">
  <LineStyle><color>ffffffff</color><width>2</width></LineStyle>
</Style>
<Placemark>
  <styleUrl>#style_10509</styleUrl>
  <LineString>
    <tessellate>1</tessellate>
    <altitudeMode>absolute</altitudeMode>
    <coordinates>
      0,0,0
      0,0,0
    </coordinates>
  </LineString>
</Placemark>
<Style id="style_10510">
  <LineStyle><color>ffffffff</color><width>2</width></LineStyle>
</Style>
<Placemark>
  <styleUrl>#style_10510</styleUrl>
  <LineString>
    <tessellate>1</tessellate>
    <altitudeMode>absolute</altitudeMode>
    <coordinates>
      0,0,0
      0,0,0
    </coordinates>
  </LineString>
</Placemark>
<Style id="style_10511">
  <LineStyle><color>ffffffff</color><width>2</width></LineStyle>
</Style>
<Placemark>
  <styleUrl>#style_10511</styleUrl>
  <LineString>
    <tessellate>1</tessellate>
    <altitudeMode>absolute</altitudeMode>
    <coordinates>
      0,0,0
      0,0,0
    </coordinates>
  </LineString>
</Placemark>
<Style id="style_10512">
  <LineStyle><color>ffffffff</color><width>2</width></LineStyle>
</Style>
<Placemark>
  <styleUrl>#style_10512</styleUrl>
  <LineString>
    <tessellate>1</tessellate>
    <altitudeMode>absolute</altitudeMode>
    <coordinates>
      0,0,0
      0,0,0
    </coordinates>
  </LineString>
</Placemark>
<Style id="style_10513">
  <LineStyle><color>ffffffff</color><width>2</width></LineStyle>
</Style>
<Placemark>
  <styleUrl>#style_10513</styleUrl>
  <LineString>
    <tessellate>1</tessellate>
    <altitudeMode>absolute</altitudeMode>
    <coordinates>
      0,0,0
      0,0,0
    </coordinates>
  </LineString>
</Placemark>
<Style id="style_10514">
  <LineStyle><color>ffffffff</color><width>2</width></LineStyle>
</Style>
<Placemark>
  <styleUrl>#style_10514</styleUrl>
  <LineString>
    <tessellate>1</tessellate>
    <altitudeMode>absolute</altitudeMode>
    <coordinates>
      0,0,0
      0,0,0
    </coordinates>
  </LineString>
</Placemark>
<Style id="style_10515">
  <LineStyle><color>ffffffff</color><width>2</width></LineStyle>
</Style>
<Placemark>
  <styleUrl>#style_10515</styleUrl>
  <LineString>
    <tessellate>1</tessellate>
    <altitudeMode>absolute</altitudeMode>
    <coordinates>
      0,0,0
      0,0,0
    </coordinates>
  </LineString>
</Placemark>
<Style id="style_10516">
  <LineStyle><color>ffffffff</color><width>2</width></LineStyle>
</Style>
<Placemark>
  <styleUrl>#style_10516</styleUrl>
  <LineString>
    <tessellate>1</tessellate>
    <altitudeMode>absolute</altitudeMode>
    <coordinates>
      0,0,0
      0,0,0
    </coordinates>
  </LineString>
</Placemark>
<Style id="style_10517">
  <LineStyle><color>ffffffff</color><width>2</width></LineStyle>
</Style>
<Placemark>
  <styleUrl>#style_10517</styleUrl>
  <LineString>
    <tessellate>1</tessellate>
    <altitudeMode>absolute</altitudeMode>
    <coordinates>
      0,0,0
      0,0,0
    </coordinates>
  </LineString>
</Placemark>
<Style id="style_10518">
  <LineStyle><color>ffffffff</color><width>2</width></LineStyle>
</Style>
<Placemark>
  <styleUrl>#style_10518</styleUrl>
  <LineString>
    <tessellate>1</tessellate>
    <altitudeMode>absolute</altitudeMode>
    <coordinates>
      0,0,0
      0,0,0
    </coordinates>
  </LineString>
</Placemark>
<Style id="style_10519">
  <LineStyle><color>ffffffff</color><width>2</width></LineStyle>
</Style>
<Placemark>
  <styleUrl>#style_10519</styleUrl>
  <LineString>
    <tessellate>1</tessellate>
    <altitudeMode>absolute</altitudeMode>
    <coordinates>
      0,0,0
      0,0,0
    </coordinates>
  </LineString>
</Placemark>
<Style id="style_10520">
  <LineStyle><color>ffffffff</color><width>2</width></LineStyle>
</Style>
<Placemark>
  <styleUrl>#style_10520</styleUrl>
  <LineString>
    <tessellate>1</tessellate>
    <altitudeMode>absolute</altitudeMode>
    <coordinates>
      0,0,0
      0,0,0
    </coordinates>
  </LineString>
</Placemark>
<Style id="style_10521">
  <LineStyle><color>ffffffff</color><width>2</width></LineStyle>
</Style>
<Placemark>
  <styleUrl>#style_10521</styleUrl>
  <LineString>
    <tessellate>1</tessellate>
    <altitudeMode>absolute</altitudeMode>
    <coordinates>
      0,0,0
      0,0,0
    </coordinates>
  </LineString>
</Placemark>
<Style id="style_10522">
  <LineStyle><color>ffffffff</color><width>2</width></LineStyle>
</Style>
<Placemark>
  <styleUrl>#style_10522</styleUrl>
  <LineString>
    <tessellate>1</tessellate>
    <altitudeMode>absolute</altitudeMode>
    <coordinates>
      0,0,0
      0,0,0
    </coordinates>
  </LineString>
</Placemark>
<Style id="style_10523">
  <LineStyle><color>ffffffff</color><width>2</width></LineStyle>
</Style>
<Placemark>
  <styleUrl>#style_10523</styleUrl>
  <LineString>
    <tessellate>1</tessellate>
    <altitudeMode>absolute</altitudeMode>
    <coordinates>
      0,0,0
      0,0,0
    </coordinates>
  </LineString>
</Placemark>
<Style id="style_10524">
  <LineStyle><color>ffffffff</color><width>2</width></LineStyle>
</Style>
<Placemark>
  <styleUrl>#style_10524</styleUrl>
  <LineString>
    <tessellate>1</tessellate>
    <altitudeMode>absolute</altitudeMode>
    <coordinates>
      0,0,0
      0,0,0
    </coordinates>
  </LineString>
</Placemark>
<Style id="style_10525">
  <LineStyle><color>ffffffff</color><width>2</width></LineStyle>
</Style>
<Placemark>
  <styleUrl>#style_10525</styleUrl>
  <LineString>
    <tessellate>1</tessellate>
    <altitudeMode>absolute</altitudeMode>
    <coordinates>
      0,0,0
      0,0,0
    </coordinates>
  </LineString>
</Placemark>
<Style id="style_10526">
  <LineStyle><color>ffffffff</color><width>2</width></LineStyle>
</Style>
<Placemark>
  <styleUrl>#style_10526</styleUrl>
  <LineString>
    <tessellate>1</tessellate>
    <altitudeMode>absolute</altitudeMode>
    <coordinates>
      0,0,0
      0,0,0
    </coordinates>
  </LineString>
</Placemark>
<Style id="style_10527">
  <LineStyle><color>ffffffff</color><width>2</width></LineStyle>
</Style>
<Placemark>
  <styleUrl>#style_10527</styleUrl>
  <LineString>
    <tessellate>1</tessellate>
    <altitudeMode>absolute</altitudeMode>
    <coordinates>
      0,0,0
      0,0,0
    </coordinates>
  </LineString>
</Placemark>
<Style id="style_10528">
  <LineStyle><color>ffffffff</color><width>2</width></LineStyle>
</Style>
<Placemark>
  <styleUrl>#style_10528</styleUrl>
  <LineString>
    <tessellate>1</tessellate>
    <altitudeMode>absolute</altitudeMode>
    <coordinates>
      0,0,0
      0,0,0
    </coordinates>
  </LineString>
</Placemark>
<Style id="style_10529">
  <LineStyle><color>ffffffff</color><width>2</width></LineStyle>
</Style>
<Placemark>
  <styleUrl>#style_10529</styleUrl>
  <LineString>
    <tessellate>1</tessellate>
    <altitudeMode>absolute</altitudeMode>
    <coordinates>
      0,0,0
      0,0,0
    </coordinates>
  </LineString>
</Placemark>
<Style id="style_10530">
  <LineStyle><color>ffffffff</color><width>2</width></LineStyle>
</Style>
<Placemark>
  <styleUrl>#style_10530</styleUrl>
  <LineString>
    <tessellate>1</tessellate>
    <altitudeMode>absolute</altitudeMode>
    <coordinates>
      0,0,0
      0,0,0
    </coordinates>
  </LineString>
</Placemark>
<Style id="style_10531">
  <LineStyle><color>ffffffff</color><width>2</width></LineStyle>
</Style>
<Placemark>
  <styleUrl>#style_10531</styleUrl>
  <LineString>
    <tessellate>1</tessellate>
    <altitudeMode>absolute</altitudeMode>
    <coordinates>
      0,0,0
      0,0,0
    </coordinates>
  </LineString>
</Placemark>
<Style id="style_10532">
  <LineStyle><color>ffffffff</color><width>2</width></LineStyle>
</Style>
<Placemark>
  <styleUrl>#style_10532</styleUrl>
  <LineString>
    <tessellate>1</tessellate>
    <altitudeMode>absolute</altitudeMode>
    <coordinates>
      0,0,0
      0,0,0
    </coordinates>
  </LineString>
</Placemark>
<Style id="style_10533">
  <LineStyle><color>ffffffff</color><width>2</width></LineStyle>
</Style>
<Placemark>
  <styleUrl>#style_10533</styleUrl>
  <LineString>
    <tessellate>1</tessellate>
    <altitudeMode>absolute</altitudeMode>
    <coordinates>
      0,0,0
      0,0,0
    </coordinates>
  </LineString>
</Placemark>
<Style id="style_10534">
  <LineStyle><color>ffffffff</color><width>2</width></LineStyle>
</Style>
<Placemark>
  <styleUrl>#style_10534</styleUrl>
  <LineString>
    <tessellate>1</tessellate>
    <altitudeMode>absolute</altitudeMode>
    <coordinates>
      0,0,0
      0,0,0
    </coordinates>
  </LineString>
</Placemark>
<Style id="style_10535">
  <LineStyle><color>ffffffff</color><width>2</width></LineStyle>
</Style>
<Placemark>
  <styleUrl>#style_10535</styleUrl>
  <LineString>
    <tessellate>1</tessellate>
    <altitudeMode>absolute</altitudeMode>
    <coordinates>
      0,0,0
      0,0,0
    </coordinates>
  </LineString>
</Placemark>
<Style id="style_10536">
  <LineStyle><color>ffffffff</color><width>2</width></LineStyle>
</Style>
<Placemark>
  <styleUrl>#style_10536</styleUrl>
  <LineString>
    <tessellate>1</tessellate>
    <altitudeMode>absolute</altitudeMode>
    <coordinates>
      0,0,0
      0,0,0
    </coordinates>
  </LineString>
</Placemark>
<Style id="style_10537">
  <LineStyle><color>ffffffff</color><width>2</width></LineStyle>
</Style>
<Placemark>
  <styleUrl>#style_10537</styleUrl>
  <LineString>
    <tessellate>1</tessellate>
    <altitudeMode>absolute</altitudeMode>
    <coordinates>
      0,0,0
      0,0,0
    </coordinates>
  </LineString>
</Placemark>
<Style id="style_10538">
  <LineStyle><color>ffffffff</color><width>2</width></LineStyle>
</Style>
<Placemark>
  <styleUrl>#style_10538</styleUrl>
  <LineString>
    <tessellate>1</tessellate>
    <altitudeMode>absolute</altitudeMode>
    <coordinates>
      0,0,0
      0,0,0
    </coordinates>
  </LineString>
</Placemark>
<Style id="style_10539">
  <LineStyle><color>ffffffff</color><width>2</width></LineStyle>
</Style>
<Placemark>
  <styleUrl>#style_10539</styleUrl>
  <LineString>
    <tessellate>1</tessellate>
    <altitudeMode>absolute</altitudeMode>
    <coordinates>
      0,0,0
      0,0,0
    </coordinates>
  </LineString>
</Placemark>
<Style id="style_10540">
  <LineStyle><color>ffffffff</color><width>2</width></LineStyle>
</Style>
<Placemark>
  <styleUrl>#style_10540</styleUrl>
  <LineString>
    <tessellate>1</tessellate>
    <altitudeMode>absolute</altitudeMode>
    <coordinates>
      0,0,0
      0,0,0
    </coordinates>
  </LineString>
</Placemark>
<Style id="style_10541">
  <LineStyle><color>ffffffff</color><width>2</width></LineStyle>
</Style>
<Placemark>
  <styleUrl>#style_10541</styleUrl>
  <LineString>
    <tessellate>1</tessellate>
    <altitudeMode>absolute</altitudeMode>
    <coordinates>
      0,0,0
      0,0,0
    </coordinates>
  </LineString>
</Placemark>
<Style id="style_10542">
  <LineStyle><color>ffffffff</color><width>2</width></LineStyle>
</Style>
<Placemark>
  <styleUrl>#style_10542</styleUrl>
  <LineString>
    <tessellate>1</tessellate>
    <altitudeMode>absolute</altitudeMode>
    <coordinates>
      0,0,0
      0,0,0
    </coordinates>
  </LineString>
</Placemark>
<Style id="style_10543">
  <LineStyle><color>ffffffff</color><width>2</width></LineStyle>
</Style>
<Placemark>
  <styleUrl>#style_10543</styleUrl>
  <LineString>
    <tessellate>1</tessellate>
    <altitudeMode>absolute</altitudeMode>
    <coordinates>
      0,0,0
      0,0,0
    </coordinates>
  </LineString>
</Placemark>
<Style id="style_10544">
  <LineStyle><color>ffffffff</color><width>2</width></LineStyle>
</Style>
<Placemark>
  <styleUrl>#style_10544</styleUrl>
  <LineString>
    <tessellate>1</tessellate>
    <altitudeMode>absolute</altitudeMode>
    <coordinates>
      0,0,0
      0,0,0
    </coordinates>
  </LineString>
</Placemark>
<Style id="style_10545">
  <LineStyle><color>ffffffff</color><width>2</width></LineStyle>
</Style>
<Placemark>
  <styleUrl>#style_10545</styleUrl>
  <LineString>
    <tessellate>1</tessellate>
    <altitudeMode>absolute</altitudeMode>
    <coordinates>
      0,0,0
      0,0,0
    </coordinates>
  </LineString>
</Placemark>
<Style id="style_10546">
  <LineStyle><color>ffffffff</color><width>2</width></LineStyle>
</Style>
<Placemark>
  <styleUrl>#style_10546</styleUrl>
  <LineString>
    <tessellate>1</tessellate>
    <altitudeMode>absolute</altitudeMode>
    <coordinates>
      0,0,0
      0,0,0
    </coordinates>
  </LineString>
</Placemark>
<Style id="style_10547">
  <LineStyle><color>ffffffff</color><width>2</width></LineStyle>
</Style>
<Placemark>
  <styleUrl>#style_10547</styleUrl>
  <LineString>
    <tessellate>1</tessellate>
    <altitudeMode>absolute</altitudeMode>
    <coordinates>
      0,0,0
      0,0,0
    </coordinates>
  </LineString>
</Placemark>
<Style id="style_10548">
  <LineStyle><color>ffffffff</color><width>2</width></LineStyle>
</Style>
<Placemark>
  <styleUrl>#style_10548</styleUrl>
  <LineString>
    <tessellate>1</tessellate>
    <altitudeMode>absolute</altitudeMode>
    <coordinates>
      0,0,0
      0,0,0
    </coordinates>
  </LineString>
</Placemark>
<Style id="style_10549">
  <LineStyle><color>ffffffff</color><width>2</width></LineStyle>
</Style>
<Placemark>
  <styleUrl>#style_10549</styleUrl>
  <LineString>
    <tessellate>1</tessellate>
    <altitudeMode>absolute</altitudeMode>
    <coordinates>
      0,0,0
      0,0,0
    </coordinates>
  </LineString>
</Placemark>
<Style id="style_10550">
  <LineStyle><color>ffffffff</color><width>2</width></LineStyle>
</Style>
<Placemark>
  <styleUrl>#style_10550</styleUrl>
  <LineString>
    <tessellate>1</tessellate>
    <altitudeMode>absolute</altitudeMode>
    <coordinates>
      0,0,0
      0,0,0
    </coordinates>
  </LineString>
</Placemark>
<Style id="style_10551">
  <LineStyle><color>ffffffff</color><width>2</width></LineStyle>
</Style>
<Placemark>
  <styleUrl>#style_10551</styleUrl>
  <LineString>
    <tessellate>1</tessellate>
    <altitudeMode>absolute</altitudeMode>
    <coordinates>
      0,0,0
      0,0,0
    </coordinates>
  </LineString>
</Placemark>
<Style id="style_10552">
  <LineStyle><color>ffffffff</color><width>2</width></LineStyle>
</Style>
<Placemark>
  <styleUrl>#style_10552</styleUrl>
  <LineString>
    <tessellate>1</tessellate>
    <altitudeMode>absolute</altitudeMode>
    <coordinates>
      0,0,0
      0,0,0
    </coordinates>
  </LineString>
</Placemark>
<Style id="style_10553">
  <LineStyle><color>ffffffff</color><width>2</width></LineStyle>
</Style>
<Placemark>
  <styleUrl>#style_10553</styleUrl>
  <LineString>
    <tessellate>1</tessellate>
    <altitudeMode>absolute</altitudeMode>
    <coordinates>
      0,0,0
      0,0,0
    </coordinates>
  </LineString>
</Placemark>
<Style id="style_10554">
  <LineStyle><color>ffffffff</color><width>2</width></LineStyle>
</Style>
<Placemark>
  <styleUrl>#style_10554</styleUrl>
  <LineString>
    <tessellate>1</tessellate>
    <altitudeMode>absolute</altitudeMode>
    <coordinates>
      0,0,0
      0,0,0
    </coordinates>
  </LineString>
</Placemark>
<Style id="style_10555">
  <LineStyle><color>ffffffff</color><width>2</width></LineStyle>
</Style>
<Placemark>
  <styleUrl>#style_10555</styleUrl>
  <LineString>
    <tessellate>1</tessellate>
    <altitudeMode>absolute</altitudeMode>
    <coordinates>
      0,0,0
      0,0,0
    </coordinates>
  </LineString>
</Placemark>
<Style id="style_10556">
  <LineStyle><color>ffffffff</color><width>2</width></LineStyle>
</Style>
<Placemark>
  <styleUrl>#style_10556</styleUrl>
  <LineString>
    <tessellate>1</tessellate>
    <altitudeMode>absolute</altitudeMode>
    <coordinates>
      0,0,0
      0,0,0
    </coordinates>
  </LineString>
</Placemark>
<Style id="style_10557">
  <LineStyle><color>ffffffff</color><width>2</width></LineStyle>
</Style>
<Placemark>
  <styleUrl>#style_10557</styleUrl>
  <LineString>
    <tessellate>1</tessellate>
    <altitudeMode>absolute</altitudeMode>
    <coordinates>
      0,0,0
      0,0,0
    </coordinates>
  </LineString>
</Placemark>
<Style id="style_10558">
  <LineStyle><color>ffffffff</color><width>2</width></LineStyle>
</Style>
<Placemark>
  <styleUrl>#style_10558</styleUrl>
  <LineString>
    <tessellate>1</tessellate>
    <altitudeMode>absolute</altitudeMode>
    <coordinates>
      0,0,0
      0,0,0
    </coordinates>
  </LineString>
</Placemark>
<Style id="style_10559">
  <LineStyle><color>ffffffff</color><width>2</width></LineStyle>
</Style>
<Placemark>
  <styleUrl>#style_10559</styleUrl>
  <LineString>
    <tessellate>1</tessellate>
    <altitudeMode>absolute</altitudeMode>
    <coordinates>
      0,0,0
      0,0,0
    </coordinates>
  </LineString>
</Placemark>
<Style id="style_10560">
  <LineStyle><color>ffffffff</color><width>2</width></LineStyle>
</Style>
<Placemark>
  <styleUrl>#style_10560</styleUrl>
  <LineString>
    <tessellate>1</tessellate>
    <altitudeMode>absolute</altitudeMode>
    <coordinates>
      0,0,0
      0,0,0
    </coordinates>
  </LineString>
</Placemark>
<Style id="style_10561">
  <LineStyle><color>ffffffff</color><width>2</width></LineStyle>
</Style>
<Placemark>
  <styleUrl>#style_10561</styleUrl>
  <LineString>
    <tessellate>1</tessellate>
    <altitudeMode>absolute</altitudeMode>
    <coordinates>
      0,0,0
      0,0,0
    </coordinates>
  </LineString>
</Placemark>
<Style id="style_10562">
  <LineStyle><color>ffffffff</color><width>2</width></LineStyle>
</Style>
<Placemark>
  <styleUrl>#style_10562</styleUrl>
  <LineString>
    <tessellate>1</tessellate>
    <altitudeMode>absolute</altitudeMode>
    <coordinates>
      0,0,0
      0,0,0
    </coordinates>
  </LineString>
</Placemark>
<Style id="style_10563">
  <LineStyle><color>ffffffff</color><width>2</width></LineStyle>
</Style>
<Placemark>
  <styleUrl>#style_10563</styleUrl>
  <LineString>
    <tessellate>1</tessellate>
    <altitudeMode>absolute</altitudeMode>
    <coordinates>
      0,0,0
      0,0,0
    </coordinates>
  </LineString>
</Placemark>
<Style id="style_10564">
  <LineStyle><color>ffffffff</color><width>2</width></LineStyle>
</Style>
<Placemark>
  <styleUrl>#style_10564</styleUrl>
  <LineString>
    <tessellate>1</tessellate>
    <altitudeMode>absolute</altitudeMode>
    <coordinates>
      0,0,0
      0,0,0
    </coordinates>
  </LineString>
</Placemark>
<Style id="style_10565">
  <LineStyle><color>ffffffff</color><width>2</width></LineStyle>
</Style>
<Placemark>
  <styleUrl>#style_10565</styleUrl>
  <LineString>
    <tessellate>1</tessellate>
    <altitudeMode>absolute</altitudeMode>
    <coordinates>
      0,0,0
      0,0,0
    </coordinates>
  </LineString>
</Placemark>
<Style id="style_10566">
  <LineStyle><color>ffffffff</color><width>2</width></LineStyle>
</Style>
<Placemark>
  <styleUrl>#style_10566</styleUrl>
  <LineString>
    <tessellate>1</tessellate>
    <altitudeMode>absolute</altitudeMode>
    <coordinates>
      0,0,0
      0,0,0
    </coordinates>
  </LineString>
</Placemark>
<Style id="style_10567">
  <LineStyle><color>ffffffff</color><width>2</width></LineStyle>
</Style>
<Placemark>
  <styleUrl>#style_10567</styleUrl>
  <LineString>
    <tessellate>1</tessellate>
    <altitudeMode>absolute</altitudeMode>
    <coordinates>
      0,0,0
      0,0,0
    </coordinates>
  </LineString>
</Placemark>
<Style id="style_10568">
  <LineStyle><color>ffffffff</color><width>2</width></LineStyle>
</Style>
<Placemark>
  <styleUrl>#style_10568</styleUrl>
  <LineString>
    <tessellate>1</tessellate>
    <altitudeMode>absolute</altitudeMode>
    <coordinates>
      0,0,0
      0,0,0
    </coordinates>
  </LineString>
</Placemark>
<Style id="style_10569">
  <LineStyle><color>ffffffff</color><width>2</width></LineStyle>
</Style>
<Placemark>
  <styleUrl>#style_10569</styleUrl>
  <LineString>
    <tessellate>1</tessellate>
    <altitudeMode>absolute</altitudeMode>
    <coordinates>
      0,0,0
      0,0,0
    </coordinates>
  </LineString>
</Placemark>
<Style id="style_10570">
  <LineStyle><color>ffffffff</color><width>2</width></LineStyle>
</Style>
<Placemark>
  <styleUrl>#style_10570</styleUrl>
  <LineString>
    <tessellate>1</tessellate>
    <altitudeMode>absolute</altitudeMode>
    <coordinates>
      0,0,0
      0,0,0
    </coordinates>
  </LineString>
</Placemark>
<Style id="style_10571">
  <LineStyle><color>ffffffff</color><width>2</width></LineStyle>
</Style>
<Placemark>
  <styleUrl>#style_10571</styleUrl>
  <LineString>
    <tessellate>1</tessellate>
    <altitudeMode>absolute</altitudeMode>
    <coordinates>
      0,0,0
      0,0,0
    </coordinates>
  </LineString>
</Placemark>
<Style id="style_10572">
  <LineStyle><color>ffffffff</color><width>2</width></LineStyle>
</Style>
<Placemark>
  <styleUrl>#style_10572</styleUrl>
  <LineString>
    <tessellate>1</tessellate>
    <altitudeMode>absolute</altitudeMode>
    <coordinates>
      0,0,0
      0,0,0
    </coordinates>
  </LineString>
</Placemark>
<Style id="style_10573">
  <LineStyle><color>ffffffff</color><width>2</width></LineStyle>
</Style>
<Placemark>
  <styleUrl>#style_10573</styleUrl>
  <LineString>
    <tessellate>1</tessellate>
    <altitudeMode>absolute</altitudeMode>
    <coordinates>
      0,0,0
      0,0,0
    </coordinates>
  </LineString>
</Placemark>
<Style id="style_10574">
  <LineStyle><color>ffffffff</color><width>2</width></LineStyle>
</Style>
<Placemark>
  <styleUrl>#style_10574</styleUrl>
  <LineString>
    <tessellate>1</tessellate>
    <altitudeMode>absolute</altitudeMode>
    <coordinates>
      0,0,0
      0,0,0
    </coordinates>
  </LineString>
</Placemark>
<Style id="style_10575">
  <LineStyle><color>ffffffff</color><width>2</width></LineStyle>
</Style>
<Placemark>
  <styleUrl>#style_10575</styleUrl>
  <LineString>
    <tessellate>1</tessellate>
    <altitudeMode>absolute</altitudeMode>
    <coordinates>
      0,0,0
      0,0,0
    </coordinates>
  </LineString>
</Placemark>
<Style id="style_10576">
  <LineStyle><color>ffffffff</color><width>2</width></LineStyle>
</Style>
<Placemark>
  <styleUrl>#style_10576</styleUrl>
  <LineString>
    <tessellate>1</tessellate>
    <altitudeMode>absolute</altitudeMode>
    <coordinates>
      0,0,0
      0,0,0
    </coordinates>
  </LineString>
</Placemark>
<Style id="style_10577">
  <LineStyle><color>ffffffff</color><width>2</width></LineStyle>
</Style>
<Placemark>
  <styleUrl>#style_10577</styleUrl>
  <LineString>
    <tessellate>1</tessellate>
    <altitudeMode>absolute</altitudeMode>
    <coordinates>
      0,0,0
      0,0,0
    </coordinates>
  </LineString>
</Placemark>
<Style id="style_10578">
  <LineStyle><color>ffffffff</color><width>2</width></LineStyle>
</Style>
<Placemark>
  <styleUrl>#style_10578</styleUrl>
  <LineString>
    <tessellate>1</tessellate>
    <altitudeMode>absolute</altitudeMode>
    <coordinates>
      0,0,0
      0,0,0
    </coordinates>
  </LineString>
</Placemark>
<Style id="style_10579">
  <LineStyle><color>ffffffff</color><width>2</width></LineStyle>
</Style>
<Placemark>
  <styleUrl>#style_10579</styleUrl>
  <LineString>
    <tessellate>1</tessellate>
    <altitudeMode>absolute</altitudeMode>
    <coordinates>
      0,0,0
      0,0,0
    </coordinates>
  </LineString>
</Placemark>
<Style id="style_10580">
  <LineStyle><color>ffffffff</color><width>2</width></LineStyle>
</Style>
<Placemark>
  <styleUrl>#style_10580</styleUrl>
  <LineString>
    <tessellate>1</tessellate>
    <altitudeMode>absolute</altitudeMode>
    <coordinates>
      0,0,0
      0,0,0
    </coordinates>
  </LineString>
</Placemark>
<Style id="style_10581">
  <LineStyle><color>ffffffff</color><width>2</width></LineStyle>
</Style>
<Placemark>
  <styleUrl>#style_10581</styleUrl>
  <LineString>
    <tessellate>1</tessellate>
    <altitudeMode>absolute</altitudeMode>
    <coordinates>
      0,0,0
      0,0,0
    </coordinates>
  </LineString>
</Placemark>
<Style id="style_10582">
  <LineStyle><color>ffffffff</color><width>2</width></LineStyle>
</Style>
<Placemark>
  <styleUrl>#style_10582</styleUrl>
  <LineString>
    <tessellate>1</tessellate>
    <altitudeMode>absolute</altitudeMode>
    <coordinates>
      0,0,0
      0,0,0
    </coordinates>
  </LineString>
</Placemark>
<Style id="style_10583">
  <LineStyle><color>ffffffff</color><width>2</width></LineStyle>
</Style>
<Placemark>
  <styleUrl>#style_10583</styleUrl>
  <LineString>
    <tessellate>1</tessellate>
    <altitudeMode>absolute</altitudeMode>
    <coordinates>
      0,0,0
      0,0,0
    </coordinates>
  </LineString>
</Placemark>
<Style id="style_10584">
  <LineStyle><color>ffffffff</color><width>2</width></LineStyle>
</Style>
<Placemark>
  <styleUrl>#style_10584</styleUrl>
  <LineString>
    <tessellate>1</tessellate>
    <altitudeMode>absolute</altitudeMode>
    <coordinates>
      0,0,0
      0,0,0
    </coordinates>
  </LineString>
</Placemark>
<Style id="style_10585">
  <LineStyle><color>ffffffff</color><width>2</width></LineStyle>
</Style>
<Placemark>
  <styleUrl>#style_10585</styleUrl>
  <LineString>
    <tessellate>1</tessellate>
    <altitudeMode>absolute</altitudeMode>
    <coordinates>
      0,0,0
      0,0,0
    </coordinates>
  </LineString>
</Placemark>
<Style id="style_10586">
  <LineStyle><color>ffffffff</color><width>2</width></LineStyle>
</Style>
<Placemark>
  <styleUrl>#style_10586</styleUrl>
  <LineString>
    <tessellate>1</tessellate>
    <altitudeMode>absolute</altitudeMode>
    <coordinates>
      0,0,0
      0,0,0
    </coordinates>
  </LineString>
</Placemark>
<Style id="style_10587">
  <LineStyle><color>ffffffff</color><width>2</width></LineStyle>
</Style>
<Placemark>
  <styleUrl>#style_10587</styleUrl>
  <LineString>
    <tessellate>1</tessellate>
    <altitudeMode>absolute</altitudeMode>
    <coordinates>
      0,0,0
      0,0,0
    </coordinates>
  </LineString>
</Placemark>
<Style id="style_10588">
  <LineStyle><color>ffffffff</color><width>2</width></LineStyle>
</Style>
<Placemark>
  <styleUrl>#style_10588</styleUrl>
  <LineString>
    <tessellate>1</tessellate>
    <altitudeMode>absolute</altitudeMode>
    <coordinates>
      0,0,0
      0,0,0
    </coordinates>
  </LineString>
</Placemark>
<Style id="style_10589">
  <LineStyle><color>ffffffff</color><width>2</width></LineStyle>
</Style>
<Placemark>
  <styleUrl>#style_10589</styleUrl>
  <LineString>
    <tessellate>1</tessellate>
    <altitudeMode>absolute</altitudeMode>
    <coordinates>
      0,0,0
      0,0,0
    </coordinates>
  </LineString>
</Placemark>
<Style id="style_10590">
  <LineStyle><color>ffffffff</color><width>2</width></LineStyle>
</Style>
<Placemark>
  <styleUrl>#style_10590</styleUrl>
  <LineString>
    <tessellate>1</tessellate>
    <altitudeMode>absolute</altitudeMode>
    <coordinates>
      0,0,0
      0,0,0
    </coordinates>
  </LineString>
</Placemark>
<Style id="style_10591">
  <LineStyle><color>ffffffff</color><width>2</width></LineStyle>
</Style>
<Placemark>
  <styleUrl>#style_10591</styleUrl>
  <LineString>
    <tessellate>1</tessellate>
    <altitudeMode>absolute</altitudeMode>
    <coordinates>
      0,0,0
      0,0,0
    </coordinates>
  </LineString>
</Placemark>
<Style id="style_10592">
  <LineStyle><color>ffffffff</color><width>2</width></LineStyle>
</Style>
<Placemark>
  <styleUrl>#style_10592</styleUrl>
  <LineString>
    <tessellate>1</tessellate>
    <altitudeMode>absolute</altitudeMode>
    <coordinates>
      0,0,0
      0,0,0
    </coordinates>
  </LineString>
</Placemark>
<Style id="style_10593">
  <LineStyle><color>ffffffff</color><width>2</width></LineStyle>
</Style>
<Placemark>
  <styleUrl>#style_10593</styleUrl>
  <LineString>
    <tessellate>1</tessellate>
    <altitudeMode>absolute</altitudeMode>
    <coordinates>
      0,0,0
      0,0,0
    </coordinates>
  </LineString>
</Placemark>
<Style id="style_10594">
  <LineStyle><color>ffffffff</color><width>2</width></LineStyle>
</Style>
<Placemark>
  <styleUrl>#style_10594</styleUrl>
  <LineString>
    <tessellate>1</tessellate>
    <altitudeMode>absolute</altitudeMode>
    <coordinates>
      0,0,0
      0,0,0
    </coordinates>
  </LineString>
</Placemark>
<Style id="style_10595">
  <LineStyle><color>ffffffff</color><width>2</width></LineStyle>
</Style>
<Placemark>
  <styleUrl>#style_10595</styleUrl>
  <LineString>
    <tessellate>1</tessellate>
    <altitudeMode>absolute</altitudeMode>
    <coordinates>
      0,0,0
      0,0,0
    </coordinates>
  </LineString>
</Placemark>
<Style id="style_10596">
  <LineStyle><color>ffffffff</color><width>2</width></LineStyle>
</Style>
<Placemark>
  <styleUrl>#style_10596</styleUrl>
  <LineString>
    <tessellate>1</tessellate>
    <altitudeMode>absolute</altitudeMode>
    <coordinates>
      0,0,0
      0,0,0
    </coordinates>
  </LineString>
</Placemark>
<Style id="style_10597">
  <LineStyle><color>ffffffff</color><width>2</width></LineStyle>
</Style>
<Placemark>
  <styleUrl>#style_10597</styleUrl>
  <LineString>
    <tessellate>1</tessellate>
    <altitudeMode>absolute</altitudeMode>
    <coordinates>
      0,0,0
      0,0,0
    </coordinates>
  </LineString>
</Placemark>
<Style id="style_10598">
  <LineStyle><color>ffffffff</color><width>2</width></LineStyle>
</Style>
<Placemark>
  <styleUrl>#style_10598</styleUrl>
  <LineString>
    <tessellate>1</tessellate>
    <altitudeMode>absolute</altitudeMode>
    <coordinates>
      0,0,0
      0,0,0
    </coordinates>
  </LineString>
</Placemark>
<Style id="style_10599">
  <LineStyle><color>ffffffff</color><width>2</width></LineStyle>
</Style>
<Placemark>
  <styleUrl>#style_10599</styleUrl>
  <LineString>
    <tessellate>1</tessellate>
    <altitudeMode>absolute</altitudeMode>
    <coordinates>
      0,0,0
      0,0,0
    </coordinates>
  </LineString>
</Placemark>
<Style id="style_10600">
  <LineStyle><color>ffffffff</color><width>2</width></LineStyle>
</Style>
<Placemark>
  <styleUrl>#style_10600</styleUrl>
  <LineString>
    <tessellate>1</tessellate>
    <altitudeMode>absolute</altitudeMode>
    <coordinates>
      0,0,0
      0,0,0
    </coordinates>
  </LineString>
</Placemark>
<Style id="style_10601">
  <LineStyle><color>ffffffff</color><width>2</width></LineStyle>
</Style>
<Placemark>
  <styleUrl>#style_10601</styleUrl>
  <LineString>
    <tessellate>1</tessellate>
    <altitudeMode>absolute</altitudeMode>
    <coordinates>
      0,0,0
      0,0,0
    </coordinates>
  </LineString>
</Placemark>
<Style id="style_10602">
  <LineStyle><color>ffffffff</color><width>2</width></LineStyle>
</Style>
<Placemark>
  <styleUrl>#style_10602</styleUrl>
  <LineString>
    <tessellate>1</tessellate>
    <altitudeMode>absolute</altitudeMode>
    <coordinates>
      0,0,0
      0,0,0
    </coordinates>
  </LineString>
</Placemark>
<Style id="style_10603">
  <LineStyle><color>ffffffff</color><width>2</width></LineStyle>
</Style>
<Placemark>
  <styleUrl>#style_10603</styleUrl>
  <LineString>
    <tessellate>1</tessellate>
    <altitudeMode>absolute</altitudeMode>
    <coordinates>
      0,0,0
      0,0,0
    </coordinates>
  </LineString>
</Placemark>
<Style id="style_10604">
  <LineStyle><color>ffffffff</color><width>2</width></LineStyle>
</Style>
<Placemark>
  <styleUrl>#style_10604</styleUrl>
  <LineString>
    <tessellate>1</tessellate>
    <altitudeMode>absolute</altitudeMode>
    <coordinates>
      0,0,0
      0,0,0
    </coordinates>
  </LineString>
</Placemark>
<Style id="style_10605">
  <LineStyle><color>ffffffff</color><width>2</width></LineStyle>
</Style>
<Placemark>
  <styleUrl>#style_10605</styleUrl>
  <LineString>
    <tessellate>1</tessellate>
    <altitudeMode>absolute</altitudeMode>
    <coordinates>
      0,0,0
      0,0,0
    </coordinates>
  </LineString>
</Placemark>
<Style id="style_10606">
  <LineStyle><color>ffffffff</color><width>2</width></LineStyle>
</Style>
<Placemark>
  <styleUrl>#style_10606</styleUrl>
  <LineString>
    <tessellate>1</tessellate>
    <altitudeMode>absolute</altitudeMode>
    <coordinates>
      0,0,0
      0,0,0
    </coordinates>
  </LineString>
</Placemark>
<Style id="style_10607">
  <LineStyle><color>ffffffff</color><width>2</width></LineStyle>
</Style>
<Placemark>
  <styleUrl>#style_10607</styleUrl>
  <LineString>
    <tessellate>1</tessellate>
    <altitudeMode>absolute</altitudeMode>
    <coordinates>
      0,0,0
      0,0,0
    </coordinates>
  </LineString>
</Placemark>
<Style id="style_10608">
  <LineStyle><color>ffffffff</color><width>2</width></LineStyle>
</Style>
<Placemark>
  <styleUrl>#style_10608</styleUrl>
  <LineString>
    <tessellate>1</tessellate>
    <altitudeMode>absolute</altitudeMode>
    <coordinates>
      0,0,0
      0,0,0
    </coordinates>
  </LineString>
</Placemark>
<Style id="style_10609">
  <LineStyle><color>ffffffff</color><width>2</width></LineStyle>
</Style>
<Placemark>
  <styleUrl>#style_10609</styleUrl>
  <LineString>
    <tessellate>1</tessellate>
    <altitudeMode>absolute</altitudeMode>
    <coordinates>
      0,0,0
      0,0,0
    </coordinates>
  </LineString>
</Placemark>
<Style id="style_10610">
  <LineStyle><color>ffffffff</color><width>2</width></LineStyle>
</Style>
<Placemark>
  <styleUrl>#style_10610</styleUrl>
  <LineString>
    <tessellate>1</tessellate>
    <altitudeMode>absolute</altitudeMode>
    <coordinates>
      0,0,0
      0,0,0
    </coordinates>
  </LineString>
</Placemark>
<Style id="style_10611">
  <LineStyle><color>ffffffff</color><width>2</width></LineStyle>
</Style>
<Placemark>
  <styleUrl>#style_10611</styleUrl>
  <LineString>
    <tessellate>1</tessellate>
    <altitudeMode>absolute</altitudeMode>
    <coordinates>
      0,0,0
      0,0,0
    </coordinates>
  </LineString>
</Placemark>
<Style id="style_10612">
  <LineStyle><color>ffffffff</color><width>2</width></LineStyle>
</Style>
<Placemark>
  <styleUrl>#style_10612</styleUrl>
  <LineString>
    <tessellate>1</tessellate>
    <altitudeMode>absolute</altitudeMode>
    <coordinates>
      0,0,0
      0,0,0
    </coordinates>
  </LineString>
</Placemark>
<Style id="style_10613">
  <LineStyle><color>ffffffff</color><width>2</width></LineStyle>
</Style>
<Placemark>
  <styleUrl>#style_10613</styleUrl>
  <LineString>
    <tessellate>1</tessellate>
    <altitudeMode>absolute</altitudeMode>
    <coordinates>
      0,0,0
      0,0,0
    </coordinates>
  </LineString>
</Placemark>
<Style id="style_10614">
  <LineStyle><color>ffffffff</color><width>2</width></LineStyle>
</Style>
<Placemark>
  <styleUrl>#style_10614</styleUrl>
  <LineString>
    <tessellate>1</tessellate>
    <altitudeMode>absolute</altitudeMode>
    <coordinates>
      0,0,0
      0,0,0
    </coordinates>
  </LineString>
</Placemark>
<Style id="style_10615">
  <LineStyle><color>ffffffff</color><width>2</width></LineStyle>
</Style>
<Placemark>
  <styleUrl>#style_10615</styleUrl>
  <LineString>
    <tessellate>1</tessellate>
    <altitudeMode>absolute</altitudeMode>
    <coordinates>
      0,0,0
      0,0,0
    </coordinates>
  </LineString>
</Placemark>
<Style id="style_10616">
  <LineStyle><color>ffffffff</color><width>2</width></LineStyle>
</Style>
<Placemark>
  <styleUrl>#style_10616</styleUrl>
  <LineString>
    <tessellate>1</tessellate>
    <altitudeMode>absolute</altitudeMode>
    <coordinates>
      0,0,0
      0,0,0
    </coordinates>
  </LineString>
</Placemark>
<Style id="style_10617">
  <LineStyle><color>ffffffff</color><width>2</width></LineStyle>
</Style>
<Placemark>
  <styleUrl>#style_10617</styleUrl>
  <LineString>
    <tessellate>1</tessellate>
    <altitudeMode>absolute</altitudeMode>
    <coordinates>
      0,0,0
      0,0,0
    </coordinates>
  </LineString>
</Placemark>
<Style id="style_10618">
  <LineStyle><color>ffffffff</color><width>2</width></LineStyle>
</Style>
<Placemark>
  <styleUrl>#style_10618</styleUrl>
  <LineString>
    <tessellate>1</tessellate>
    <altitudeMode>absolute</altitudeMode>
    <coordinates>
      0,0,0
      0,0,0
    </coordinates>
  </LineString>
</Placemark>
<Style id="style_10619">
  <LineStyle><color>ffffffff</color><width>2</width></LineStyle>
</Style>
<Placemark>
  <styleUrl>#style_10619</styleUrl>
  <LineString>
    <tessellate>1</tessellate>
    <altitudeMode>absolute</altitudeMode>
    <coordinates>
      0,0,0
      0,0,0
    </coordinates>
  </LineString>
</Placemark>
<Style id="style_10620">
  <LineStyle><color>ffffffff</color><width>2</width></LineStyle>
</Style>
<Placemark>
  <styleUrl>#style_10620</styleUrl>
  <LineString>
    <tessellate>1</tessellate>
    <altitudeMode>absolute</altitudeMode>
    <coordinates>
      0,0,0
      0,0,0
    </coordinates>
  </LineString>
</Placemark>
<Style id="style_10621">
  <LineStyle><color>ffffffff</color><width>2</width></LineStyle>
</Style>
<Placemark>
  <styleUrl>#style_10621</styleUrl>
  <LineString>
    <tessellate>1</tessellate>
    <altitudeMode>absolute</altitudeMode>
    <coordinates>
      0,0,0
      0,0,0
    </coordinates>
  </LineString>
</Placemark>
<Style id="style_10622">
  <LineStyle><color>ffffffff</color><width>2</width></LineStyle>
</Style>
<Placemark>
  <styleUrl>#style_10622</styleUrl>
  <LineString>
    <tessellate>1</tessellate>
    <altitudeMode>absolute</altitudeMode>
    <coordinates>
      0,0,0
      0,0,0
    </coordinates>
  </LineString>
</Placemark>
<Style id="style_10623">
  <LineStyle><color>ffffffff</color><width>2</width></LineStyle>
</Style>
<Placemark>
  <styleUrl>#style_10623</styleUrl>
  <LineString>
    <tessellate>1</tessellate>
    <altitudeMode>absolute</altitudeMode>
    <coordinates>
      0,0,0
      0,0,0
    </coordinates>
  </LineString>
</Placemark>
<Style id="style_10624">
  <LineStyle><color>ffffffff</color><width>2</width></LineStyle>
</Style>
<Placemark>
  <styleUrl>#style_10624</styleUrl>
  <LineString>
    <tessellate>1</tessellate>
    <altitudeMode>absolute</altitudeMode>
    <coordinates>
      0,0,0
      0,0,0
    </coordinates>
  </LineString>
</Placemark>
<Style id="style_10625">
  <LineStyle><color>ffffffff</color><width>2</width></LineStyle>
</Style>
<Placemark>
  <styleUrl>#style_10625</styleUrl>
  <LineString>
    <tessellate>1</tessellate>
    <altitudeMode>absolute</altitudeMode>
    <coordinates>
      0,0,0
      0,0,0
    </coordinates>
  </LineString>
</Placemark>
<Style id="style_10626">
  <LineStyle><color>ffffffff</color><width>2</width></LineStyle>
</Style>
<Placemark>
  <styleUrl>#style_10626</styleUrl>
  <LineString>
    <tessellate>1</tessellate>
    <altitudeMode>absolute</altitudeMode>
    <coordinates>
      0,0,0
      0,0,0
    </coordinates>
  </LineString>
</Placemark>
<Style id="style_10627">
  <LineStyle><color>ffffffff</color><width>2</width></LineStyle>
</Style>
<Placemark>
  <styleUrl>#style_10627</styleUrl>
  <LineString>
    <tessellate>1</tessellate>
    <altitudeMode>absolute</altitudeMode>
    <coordinates>
      0,0,0
      0,0,0
    </coordinates>
  </LineString>
</Placemark>
<Style id="style_10628">
  <LineStyle><color>ffffffff</color><width>2</width></LineStyle>
</Style>
<Placemark>
  <styleUrl>#style_10628</styleUrl>
  <LineString>
    <tessellate>1</tessellate>
    <altitudeMode>absolute</altitudeMode>
    <coordinates>
      0,0,0
      0,0,0
    </coordinates>
  </LineString>
</Placemark>
<Style id="style_10629">
  <LineStyle><color>ffffffff</color><width>2</width></LineStyle>
</Style>
<Placemark>
  <styleUrl>#style_10629</styleUrl>
  <LineString>
    <tessellate>1</tessellate>
    <altitudeMode>absolute</altitudeMode>
    <coordinates>
      0,0,0
      0,0,0
    </coordinates>
  </LineString>
</Placemark>
<Style id="style_10630">
  <LineStyle><color>ffffffff</color><width>2</width></LineStyle>
</Style>
<Placemark>
  <styleUrl>#style_10630</styleUrl>
  <LineString>
    <tessellate>1</tessellate>
    <altitudeMode>absolute</altitudeMode>
    <coordinates>
      0,0,0
      0,0,0
    </coordinates>
  </LineString>
</Placemark>
<Style id="style_10631">
  <LineStyle><color>ffffffff</color><width>2</width></LineStyle>
</Style>
<Placemark>
  <styleUrl>#style_10631</styleUrl>
  <LineString>
    <tessellate>1</tessellate>
    <altitudeMode>absolute</altitudeMode>
    <coordinates>
      0,0,0
      0,0,0
    </coordinates>
  </LineString>
</Placemark>
<Style id="style_10632">
  <LineStyle><color>ffffffff</color><width>2</width></LineStyle>
</Style>
<Placemark>
  <styleUrl>#style_10632</styleUrl>
  <LineString>
    <tessellate>1</tessellate>
    <altitudeMode>absolute</altitudeMode>
    <coordinates>
      0,0,0
      0,0,0
    </coordinates>
  </LineString>
</Placemark>
<Style id="style_10633">
  <LineStyle><color>ffffffff</color><width>2</width></LineStyle>
</Style>
<Placemark>
  <styleUrl>#style_10633</styleUrl>
  <LineString>
    <tessellate>1</tessellate>
    <altitudeMode>absolute</altitudeMode>
    <coordinates>
      0,0,0
      0,0,0
    </coordinates>
  </LineString>
</Placemark>
<Style id="style_10634">
  <LineStyle><color>ffffffff</color><width>2</width></LineStyle>
</Style>
<Placemark>
  <styleUrl>#style_10634</styleUrl>
  <LineString>
    <tessellate>1</tessellate>
    <altitudeMode>absolute</altitudeMode>
    <coordinates>
      0,0,0
      0,0,0
    </coordinates>
  </LineString>
</Placemark>
<Style id="style_10635">
  <LineStyle><color>ffffffff</color><width>2</width></LineStyle>
</Style>
<Placemark>
  <styleUrl>#style_10635</styleUrl>
  <LineString>
    <tessellate>1</tessellate>
    <altitudeMode>absolute</altitudeMode>
    <coordinates>
      0,0,0
      0,0,0
    </coordinates>
  </LineString>
</Placemark>
<Style id="style_10636">
  <LineStyle><color>ffffffff</color><width>2</width></LineStyle>
</Style>
<Placemark>
  <styleUrl>#style_10636</styleUrl>
  <LineString>
    <tessellate>1</tessellate>
    <altitudeMode>absolute</altitudeMode>
    <coordinates>
      0,0,0
      0,0,0
    </coordinates>
  </LineString>
</Placemark>
<Style id="style_10637">
  <LineStyle><color>ffffffff</color><width>2</width></LineStyle>
</Style>
<Placemark>
  <styleUrl>#style_10637</styleUrl>
  <LineString>
    <tessellate>1</tessellate>
    <altitudeMode>absolute</altitudeMode>
    <coordinates>
      0,0,0
      0,0,0
    </coordinates>
  </LineString>
</Placemark>
<Style id="style_10638">
  <LineStyle><color>ffffffff</color><width>2</width></LineStyle>
</Style>
<Placemark>
  <styleUrl>#style_10638</styleUrl>
  <LineString>
    <tessellate>1</tessellate>
    <altitudeMode>absolute</altitudeMode>
    <coordinates>
      0,0,0
      0,0,0
    </coordinates>
  </LineString>
</Placemark>
<Style id="style_10639">
  <LineStyle><color>ffffffff</color><width>2</width></LineStyle>
</Style>
<Placemark>
  <styleUrl>#style_10639</styleUrl>
  <LineString>
    <tessellate>1</tessellate>
    <altitudeMode>absolute</altitudeMode>
    <coordinates>
      0,0,0
      0,0,0
    </coordinates>
  </LineString>
</Placemark>
<Style id="style_10640">
  <LineStyle><color>ffffffff</color><width>2</width></LineStyle>
</Style>
<Placemark>
  <styleUrl>#style_10640</styleUrl>
  <LineString>
    <tessellate>1</tessellate>
    <altitudeMode>absolute</altitudeMode>
    <coordinates>
      0,0,0
      0,0,0
    </coordinates>
  </LineString>
</Placemark>
<Style id="style_10641">
  <LineStyle><color>ffffffff</color><width>2</width></LineStyle>
</Style>
<Placemark>
  <styleUrl>#style_10641</styleUrl>
  <LineString>
    <tessellate>1</tessellate>
    <altitudeMode>absolute</altitudeMode>
    <coordinates>
      0,0,0
      0,0,0
    </coordinates>
  </LineString>
</Placemark>
<Style id="style_10642">
  <LineStyle><color>ffffffff</color><width>2</width></LineStyle>
</Style>
<Placemark>
  <styleUrl>#style_10642</styleUrl>
  <LineString>
    <tessellate>1</tessellate>
    <altitudeMode>absolute</altitudeMode>
    <coordinates>
      0,0,0
      0,0,0
    </coordinates>
  </LineString>
</Placemark>
<Style id="style_10643">
  <LineStyle><color>ffffffff</color><width>2</width></LineStyle>
</Style>
<Placemark>
  <styleUrl>#style_10643</styleUrl>
  <LineString>
    <tessellate>1</tessellate>
    <altitudeMode>absolute</altitudeMode>
    <coordinates>
      0,0,0
      0,0,0
    </coordinates>
  </LineString>
</Placemark>
<Style id="style_10644">
  <LineStyle><color>ffffffff</color><width>2</width></LineStyle>
</Style>
<Placemark>
  <styleUrl>#style_10644</styleUrl>
  <LineString>
    <tessellate>1</tessellate>
    <altitudeMode>absolute</altitudeMode>
    <coordinates>
      0,0,0
      0,0,0
    </coordinates>
  </LineString>
</Placemark>
<Style id="style_10645">
  <LineStyle><color>ffffffff</color><width>2</width></LineStyle>
</Style>
<Placemark>
  <styleUrl>#style_10645</styleUrl>
  <LineString>
    <tessellate>1</tessellate>
    <altitudeMode>absolute</altitudeMode>
    <coordinates>
      0,0,0
      0,0,0
    </coordinates>
  </LineString>
</Placemark>
<Style id="style_10646">
  <LineStyle><color>ffffffff</color><width>2</width></LineStyle>
</Style>
<Placemark>
  <styleUrl>#style_10646</styleUrl>
  <LineString>
    <tessellate>1</tessellate>
    <altitudeMode>absolute</altitudeMode>
    <coordinates>
      0,0,0
      0,0,0
    </coordinates>
  </LineString>
</Placemark>
<Style id="style_10647">
  <LineStyle><color>ffffffff</color><width>2</width></LineStyle>
</Style>
<Placemark>
  <styleUrl>#style_10647</styleUrl>
  <LineString>
    <tessellate>1</tessellate>
    <altitudeMode>absolute</altitudeMode>
    <coordinates>
      0,0,0
      0,0,0
    </coordinates>
  </LineString>
</Placemark>
<Style id="style_10648">
  <LineStyle><color>ffffffff</color><width>2</width></LineStyle>
</Style>
<Placemark>
  <styleUrl>#style_10648</styleUrl>
  <LineString>
    <tessellate>1</tessellate>
    <altitudeMode>absolute</altitudeMode>
    <coordinates>
      0,0,0
      0,0,0
    </coordinates>
  </LineString>
</Placemark>
<Style id="style_10649">
  <LineStyle><color>ffffffff</color><width>2</width></LineStyle>
</Style>
<Placemark>
  <styleUrl>#style_10649</styleUrl>
  <LineString>
    <tessellate>1</tessellate>
    <altitudeMode>absolute</altitudeMode>
    <coordinates>
      0,0,0
      0,0,0
    </coordinates>
  </LineString>
</Placemark>
<Style id="style_10650">
  <LineStyle><color>ffffffff</color><width>2</width></LineStyle>
</Style>
<Placemark>
  <styleUrl>#style_10650</styleUrl>
  <LineString>
    <tessellate>1</tessellate>
    <altitudeMode>absolute</altitudeMode>
    <coordinates>
      0,0,0
      0,0,0
    </coordinates>
  </LineString>
</Placemark>
<Style id="style_10651">
  <LineStyle><color>ffffffff</color><width>2</width></LineStyle>
</Style>
<Placemark>
  <styleUrl>#style_10651</styleUrl>
  <LineString>
    <tessellate>1</tessellate>
    <altitudeMode>absolute</altitudeMode>
    <coordinates>
      0,0,0
      0,0,0
    </coordinates>
  </LineString>
</Placemark>
<Style id="style_10652">
  <LineStyle><color>ffffffff</color><width>2</width></LineStyle>
</Style>
<Placemark>
  <styleUrl>#style_10652</styleUrl>
  <LineString>
    <tessellate>1</tessellate>
    <altitudeMode>absolute</altitudeMode>
    <coordinates>
      0,0,0
      0,0,0
    </coordinates>
  </LineString>
</Placemark>
<Style id="style_10653">
  <LineStyle><color>ffffffff</color><width>2</width></LineStyle>
</Style>
<Placemark>
  <styleUrl>#style_10653</styleUrl>
  <LineString>
    <tessellate>1</tessellate>
    <altitudeMode>absolute</altitudeMode>
    <coordinates>
      0,0,0
      0,0,0
    </coordinates>
  </LineString>
</Placemark>
<Style id="style_10654">
  <LineStyle><color>ffffffff</color><width>2</width></LineStyle>
</Style>
<Placemark>
  <styleUrl>#style_10654</styleUrl>
  <LineString>
    <tessellate>1</tessellate>
    <altitudeMode>absolute</altitudeMode>
    <coordinates>
      0,0,0
      0,0,0
    </coordinates>
  </LineString>
</Placemark>
<Style id="style_10655">
  <LineStyle><color>ffffffff</color><width>2</width></LineStyle>
</Style>
<Placemark>
  <styleUrl>#style_10655</styleUrl>
  <LineString>
    <tessellate>1</tessellate>
    <altitudeMode>absolute</altitudeMode>
    <coordinates>
      0,0,0
      0,0,0
    </coordinates>
  </LineString>
</Placemark>
<Style id="style_10656">
  <LineStyle><color>ffffffff</color><width>2</width></LineStyle>
</Style>
<Placemark>
  <styleUrl>#style_10656</styleUrl>
  <LineString>
    <tessellate>1</tessellate>
    <altitudeMode>absolute</altitudeMode>
    <coordinates>
      0,0,0
      0,0,0
    </coordinates>
  </LineString>
</Placemark>
<Style id="style_10657">
  <LineStyle><color>ffffffff</color><width>2</width></LineStyle>
</Style>
<Placemark>
  <styleUrl>#style_10657</styleUrl>
  <LineString>
    <tessellate>1</tessellate>
    <altitudeMode>absolute</altitudeMode>
    <coordinates>
      0,0,0
      0,0,0
    </coordinates>
  </LineString>
</Placemark>
<Style id="style_10658">
  <LineStyle><color>ffffffff</color><width>2</width></LineStyle>
</Style>
<Placemark>
  <styleUrl>#style_10658</styleUrl>
  <LineString>
    <tessellate>1</tessellate>
    <altitudeMode>absolute</altitudeMode>
    <coordinates>
      0,0,0
      0,0,0
    </coordinates>
  </LineString>
</Placemark>
<Style id="style_10659">
  <LineStyle><color>ffffffff</color><width>2</width></LineStyle>
</Style>
<Placemark>
  <styleUrl>#style_10659</styleUrl>
  <LineString>
    <tessellate>1</tessellate>
    <altitudeMode>absolute</altitudeMode>
    <coordinates>
      0,0,0
      0,0,0
    </coordinates>
  </LineString>
</Placemark>
<Style id="style_10660">
  <LineStyle><color>ffffffff</color><width>2</width></LineStyle>
</Style>
<Placemark>
  <styleUrl>#style_10660</styleUrl>
  <LineString>
    <tessellate>1</tessellate>
    <altitudeMode>absolute</altitudeMode>
    <coordinates>
      0,0,0
      0,0,0
    </coordinates>
  </LineString>
</Placemark>
<Style id="style_10661">
  <LineStyle><color>ffffffff</color><width>2</width></LineStyle>
</Style>
<Placemark>
  <styleUrl>#style_10661</styleUrl>
  <LineString>
    <tessellate>1</tessellate>
    <altitudeMode>absolute</altitudeMode>
    <coordinates>
      0,0,0
      0,0,0
    </coordinates>
  </LineString>
</Placemark>
<Style id="style_10662">
  <LineStyle><color>ffffffff</color><width>2</width></LineStyle>
</Style>
<Placemark>
  <styleUrl>#style_10662</styleUrl>
  <LineString>
    <tessellate>1</tessellate>
    <altitudeMode>absolute</altitudeMode>
    <coordinates>
      0,0,0
      0,0,0
    </coordinates>
  </LineString>
</Placemark>
<Style id="style_10663">
  <LineStyle><color>ffffffff</color><width>2</width></LineStyle>
</Style>
<Placemark>
  <styleUrl>#style_10663</styleUrl>
  <LineString>
    <tessellate>1</tessellate>
    <altitudeMode>absolute</altitudeMode>
    <coordinates>
      0,0,0
      0,0,0
    </coordinates>
  </LineString>
</Placemark>
<Style id="style_10664">
  <LineStyle><color>ffffffff</color><width>2</width></LineStyle>
</Style>
<Placemark>
  <styleUrl>#style_10664</styleUrl>
  <LineString>
    <tessellate>1</tessellate>
    <altitudeMode>absolute</altitudeMode>
    <coordinates>
      0,0,0
      0,0,0
    </coordinates>
  </LineString>
</Placemark>
<Style id="style_10665">
  <LineStyle><color>ffffffff</color><width>2</width></LineStyle>
</Style>
<Placemark>
  <styleUrl>#style_10665</styleUrl>
  <LineString>
    <tessellate>1</tessellate>
    <altitudeMode>absolute</altitudeMode>
    <coordinates>
      0,0,0
      0,0,0
    </coordinates>
  </LineString>
</Placemark>
<Style id="style_10666">
  <LineStyle><color>ffffffff</color><width>2</width></LineStyle>
</Style>
<Placemark>
  <styleUrl>#style_10666</styleUrl>
  <LineString>
    <tessellate>1</tessellate>
    <altitudeMode>absolute</altitudeMode>
    <coordinates>
      0,0,0
      0,0,0
    </coordinates>
  </LineString>
</Placemark>
<Style id="style_10667">
  <LineStyle><color>ffffffff</color><width>2</width></LineStyle>
</Style>
<Placemark>
  <styleUrl>#style_10667</styleUrl>
  <LineString>
    <tessellate>1</tessellate>
    <altitudeMode>absolute</altitudeMode>
    <coordinates>
      0,0,0
      0,0,0
    </coordinates>
  </LineString>
</Placemark>
<Style id="style_10668">
  <LineStyle><color>ffffffff</color><width>2</width></LineStyle>
</Style>
<Placemark>
  <styleUrl>#style_10668</styleUrl>
  <LineString>
    <tessellate>1</tessellate>
    <altitudeMode>absolute</altitudeMode>
    <coordinates>
      0,0,0
      0,0,0
    </coordinates>
  </LineString>
</Placemark>
<Style id="style_10669">
  <LineStyle><color>ffffffff</color><width>2</width></LineStyle>
</Style>
<Placemark>
  <styleUrl>#style_10669</styleUrl>
  <LineString>
    <tessellate>1</tessellate>
    <altitudeMode>absolute</altitudeMode>
    <coordinates>
      0,0,0
      0,0,0
    </coordinates>
  </LineString>
</Placemark>
<Style id="style_10670">
  <LineStyle><color>ffffffff</color><width>2</width></LineStyle>
</Style>
<Placemark>
  <styleUrl>#style_10670</styleUrl>
  <LineString>
    <tessellate>1</tessellate>
    <altitudeMode>absolute</altitudeMode>
    <coordinates>
      0,0,0
      0,0,0
    </coordinates>
  </LineString>
</Placemark>
<Style id="style_10671">
  <LineStyle><color>ffffffff</color><width>2</width></LineStyle>
</Style>
<Placemark>
  <styleUrl>#style_10671</styleUrl>
  <LineString>
    <tessellate>1</tessellate>
    <altitudeMode>absolute</altitudeMode>
    <coordinates>
      0,0,0
      0,0,0
    </coordinates>
  </LineString>
</Placemark>
<Style id="style_10672">
  <LineStyle><color>ffffffff</color><width>2</width></LineStyle>
</Style>
<Placemark>
  <styleUrl>#style_10672</styleUrl>
  <LineString>
    <tessellate>1</tessellate>
    <altitudeMode>absolute</altitudeMode>
    <coordinates>
      0,0,0
      0,0,0
    </coordinates>
  </LineString>
</Placemark>
<Style id="style_10673">
  <LineStyle><color>ffffffff</color><width>2</width></LineStyle>
</Style>
<Placemark>
  <styleUrl>#style_10673</styleUrl>
  <LineString>
    <tessellate>1</tessellate>
    <altitudeMode>absolute</altitudeMode>
    <coordinates>
      0,0,0
      0,0,0
    </coordinates>
  </LineString>
</Placemark>
<Style id="style_10674">
  <LineStyle><color>ffffffff</color><width>2</width></LineStyle>
</Style>
<Placemark>
  <styleUrl>#style_10674</styleUrl>
  <LineString>
    <tessellate>1</tessellate>
    <altitudeMode>absolute</altitudeMode>
    <coordinates>
      0,0,0
      0,0,0
    </coordinates>
  </LineString>
</Placemark>
<Style id="style_10675">
  <LineStyle><color>ffffffff</color><width>2</width></LineStyle>
</Style>
<Placemark>
  <styleUrl>#style_10675</styleUrl>
  <LineString>
    <tessellate>1</tessellate>
    <altitudeMode>absolute</altitudeMode>
    <coordinates>
      0,0,0
      0,0,0
    </coordinates>
  </LineString>
</Placemark>
<Style id="style_10676">
  <LineStyle><color>ffffffff</color><width>2</width></LineStyle>
</Style>
<Placemark>
  <styleUrl>#style_10676</styleUrl>
  <LineString>
    <tessellate>1</tessellate>
    <altitudeMode>absolute</altitudeMode>
    <coordinates>
      0,0,0
      0,0,0
    </coordinates>
  </LineString>
</Placemark>
<Style id="style_10677">
  <LineStyle><color>ffffffff</color><width>2</width></LineStyle>
</Style>
<Placemark>
  <styleUrl>#style_10677</styleUrl>
  <LineString>
    <tessellate>1</tessellate>
    <altitudeMode>absolute</altitudeMode>
    <coordinates>
      0,0,0
      0,0,0
    </coordinates>
  </LineString>
</Placemark>
<Style id="style_10678">
  <LineStyle><color>ffffffff</color><width>2</width></LineStyle>
</Style>
<Placemark>
  <styleUrl>#style_10678</styleUrl>
  <LineString>
    <tessellate>1</tessellate>
    <altitudeMode>absolute</altitudeMode>
    <coordinates>
      0,0,0
      0,0,0
    </coordinates>
  </LineString>
</Placemark>
<Style id="style_10679">
  <LineStyle><color>ffffffff</color><width>2</width></LineStyle>
</Style>
<Placemark>
  <styleUrl>#style_10679</styleUrl>
  <LineString>
    <tessellate>1</tessellate>
    <altitudeMode>absolute</altitudeMode>
    <coordinates>
      0,0,0
      0,0,0
    </coordinates>
  </LineString>
</Placemark>
<Style id="style_10680">
  <LineStyle><color>ffffffff</color><width>2</width></LineStyle>
</Style>
<Placemark>
  <styleUrl>#style_10680</styleUrl>
  <LineString>
    <tessellate>1</tessellate>
    <altitudeMode>absolute</altitudeMode>
    <coordinates>
      0,0,0
      0,0,0
    </coordinates>
  </LineString>
</Placemark>
<Style id="style_10681">
  <LineStyle><color>ffffffff</color><width>2</width></LineStyle>
</Style>
<Placemark>
  <styleUrl>#style_10681</styleUrl>
  <LineString>
    <tessellate>1</tessellate>
    <altitudeMode>absolute</altitudeMode>
    <coordinates>
      0,0,0
      0,0,0
    </coordinates>
  </LineString>
</Placemark>
<Style id="style_10682">
  <LineStyle><color>ffffffff</color><width>2</width></LineStyle>
</Style>
<Placemark>
  <styleUrl>#style_10682</styleUrl>
  <LineString>
    <tessellate>1</tessellate>
    <altitudeMode>absolute</altitudeMode>
    <coordinates>
      0,0,0
      0,0,0
    </coordinates>
  </LineString>
</Placemark>
<Style id="style_10683">
  <LineStyle><color>ffffffff</color><width>2</width></LineStyle>
</Style>
<Placemark>
  <styleUrl>#style_10683</styleUrl>
  <LineString>
    <tessellate>1</tessellate>
    <altitudeMode>absolute</altitudeMode>
    <coordinates>
      0,0,0
      0,0,0
    </coordinates>
  </LineString>
</Placemark>
<Style id="style_10684">
  <LineStyle><color>ffffffff</color><width>2</width></LineStyle>
</Style>
<Placemark>
  <styleUrl>#style_10684</styleUrl>
  <LineString>
    <tessellate>1</tessellate>
    <altitudeMode>absolute</altitudeMode>
    <coordinates>
      0,0,0
      0,0,0
    </coordinates>
  </LineString>
</Placemark>
<Style id="style_10685">
  <LineStyle><color>ffffffff</color><width>2</width></LineStyle>
</Style>
<Placemark>
  <styleUrl>#style_10685</styleUrl>
  <LineString>
    <tessellate>1</tessellate>
    <altitudeMode>absolute</altitudeMode>
    <coordinates>
      0,0,0
      0,0,0
    </coordinates>
  </LineString>
</Placemark>
<Style id="style_10686">
  <LineStyle><color>ffffffff</color><width>2</width></LineStyle>
</Style>
<Placemark>
  <styleUrl>#style_10686</styleUrl>
  <LineString>
    <tessellate>1</tessellate>
    <altitudeMode>absolute</altitudeMode>
    <coordinates>
      0,0,0
      0,0,0
    </coordinates>
  </LineString>
</Placemark>
<Style id="style_10687">
  <LineStyle><color>ffffffff</color><width>2</width></LineStyle>
</Style>
<Placemark>
  <styleUrl>#style_10687</styleUrl>
  <LineString>
    <tessellate>1</tessellate>
    <altitudeMode>absolute</altitudeMode>
    <coordinates>
      0,0,0
      0,0,0
    </coordinates>
  </LineString>
</Placemark>
<Style id="style_10688">
  <LineStyle><color>ffffffff</color><width>2</width></LineStyle>
</Style>
<Placemark>
  <styleUrl>#style_10688</styleUrl>
  <LineString>
    <tessellate>1</tessellate>
    <altitudeMode>absolute</altitudeMode>
    <coordinates>
      0,0,0
      0,0,0
    </coordinates>
  </LineString>
</Placemark>
<Style id="style_10689">
  <LineStyle><color>ffffffff</color><width>2</width></LineStyle>
</Style>
<Placemark>
  <styleUrl>#style_10689</styleUrl>
  <LineString>
    <tessellate>1</tessellate>
    <altitudeMode>absolute</altitudeMode>
    <coordinates>
      0,0,0
      0,0,0
    </coordinates>
  </LineString>
</Placemark>
<Style id="style_10690">
  <LineStyle><color>ffffffff</color><width>2</width></LineStyle>
</Style>
<Placemark>
  <styleUrl>#style_10690</styleUrl>
  <LineString>
    <tessellate>1</tessellate>
    <altitudeMode>absolute</altitudeMode>
    <coordinates>
      0,0,0
      0,0,0
    </coordinates>
  </LineString>
</Placemark>
<Style id="style_10691">
  <LineStyle><color>ffffffff</color><width>2</width></LineStyle>
</Style>
<Placemark>
  <styleUrl>#style_10691</styleUrl>
  <LineString>
    <tessellate>1</tessellate>
    <altitudeMode>absolute</altitudeMode>
    <coordinates>
      0,0,0
      0,0,0
    </coordinates>
  </LineString>
</Placemark>
<Style id="style_10692">
  <LineStyle><color>ffffffff</color><width>2</width></LineStyle>
</Style>
<Placemark>
  <styleUrl>#style_10692</styleUrl>
  <LineString>
    <tessellate>1</tessellate>
    <altitudeMode>absolute</altitudeMode>
    <coordinates>
      0,0,0
      0,0,0
    </coordinates>
  </LineString>
</Placemark>
<Style id="style_10693">
  <LineStyle><color>ffffffff</color><width>2</width></LineStyle>
</Style>
<Placemark>
  <styleUrl>#style_10693</styleUrl>
  <LineString>
    <tessellate>1</tessellate>
    <altitudeMode>absolute</altitudeMode>
    <coordinates>
      0,0,0
      0,0,0
    </coordinates>
  </LineString>
</Placemark>
<Style id="style_10694">
  <LineStyle><color>ffffffff</color><width>2</width></LineStyle>
</Style>
<Placemark>
  <styleUrl>#style_10694</styleUrl>
  <LineString>
    <tessellate>1</tessellate>
    <altitudeMode>absolute</altitudeMode>
    <coordinates>
      0,0,0
      0,0,0
    </coordinates>
  </LineString>
</Placemark>
<Style id="style_10695">
  <LineStyle><color>ffffffff</color><width>2</width></LineStyle>
</Style>
<Placemark>
  <styleUrl>#style_10695</styleUrl>
  <LineString>
    <tessellate>1</tessellate>
    <altitudeMode>absolute</altitudeMode>
    <coordinates>
      0,0,0
      0,0,0
    </coordinates>
  </LineString>
</Placemark>
<Style id="style_10696">
  <LineStyle><color>ffffffff</color><width>2</width></LineStyle>
</Style>
<Placemark>
  <styleUrl>#style_10696</styleUrl>
  <LineString>
    <tessellate>1</tessellate>
    <altitudeMode>absolute</altitudeMode>
    <coordinates>
      0,0,0
      0,0,0
    </coordinates>
  </LineString>
</Placemark>
<Style id="style_10697">
  <LineStyle><color>ffffffff</color><width>2</width></LineStyle>
</Style>
<Placemark>
  <styleUrl>#style_10697</styleUrl>
  <LineString>
    <tessellate>1</tessellate>
    <altitudeMode>absolute</altitudeMode>
    <coordinates>
      0,0,0
      0,0,0
    </coordinates>
  </LineString>
</Placemark>
<Style id="style_10698">
  <LineStyle><color>ffffffff</color><width>2</width></LineStyle>
</Style>
<Placemark>
  <styleUrl>#style_10698</styleUrl>
  <LineString>
    <tessellate>1</tessellate>
    <altitudeMode>absolute</altitudeMode>
    <coordinates>
      0,0,0
      0,0,0
    </coordinates>
  </LineString>
</Placemark>
<Style id="style_10699">
  <LineStyle><color>ffffffff</color><width>2</width></LineStyle>
</Style>
<Placemark>
  <styleUrl>#style_10699</styleUrl>
  <LineString>
    <tessellate>1</tessellate>
    <altitudeMode>absolute</altitudeMode>
    <coordinates>
      0,0,0
      0,0,0
    </coordinates>
  </LineString>
</Placemark>
<Style id="style_10700">
  <LineStyle><color>ffffffff</color><width>2</width></LineStyle>
</Style>
<Placemark>
  <styleUrl>#style_10700</styleUrl>
  <LineString>
    <tessellate>1</tessellate>
    <altitudeMode>absolute</altitudeMode>
    <coordinates>
      0,0,0
      0,0,0
    </coordinates>
  </LineString>
</Placemark>
<Style id="style_10701">
  <LineStyle><color>ffffffff</color><width>2</width></LineStyle>
</Style>
<Placemark>
  <styleUrl>#style_10701</styleUrl>
  <LineString>
    <tessellate>1</tessellate>
    <altitudeMode>absolute</altitudeMode>
    <coordinates>
      0,0,0
      0,0,0
    </coordinates>
  </LineString>
</Placemark>
<Style id="style_10702">
  <LineStyle><color>ffffffff</color><width>2</width></LineStyle>
</Style>
<Placemark>
  <styleUrl>#style_10702</styleUrl>
  <LineString>
    <tessellate>1</tessellate>
    <altitudeMode>absolute</altitudeMode>
    <coordinates>
      0,0,0
      0,0,0
    </coordinates>
  </LineString>
</Placemark>
<Style id="style_10703">
  <LineStyle><color>ffffffff</color><width>2</width></LineStyle>
</Style>
<Placemark>
  <styleUrl>#style_10703</styleUrl>
  <LineString>
    <tessellate>1</tessellate>
    <altitudeMode>absolute</altitudeMode>
    <coordinates>
      0,0,0
      0,0,0
    </coordinates>
  </LineString>
</Placemark>
<Style id="style_10704">
  <LineStyle><color>ffffffff</color><width>2</width></LineStyle>
</Style>
<Placemark>
  <styleUrl>#style_10704</styleUrl>
  <LineString>
    <tessellate>1</tessellate>
    <altitudeMode>absolute</altitudeMode>
    <coordinates>
      0,0,0
      0,0,0
    </coordinates>
  </LineString>
</Placemark>
<Style id="style_10705">
  <LineStyle><color>ffffffff</color><width>2</width></LineStyle>
</Style>
<Placemark>
  <styleUrl>#style_10705</styleUrl>
  <LineString>
    <tessellate>1</tessellate>
    <altitudeMode>absolute</altitudeMode>
    <coordinates>
      0,0,0
      0,0,0
    </coordinates>
  </LineString>
</Placemark>
<Style id="style_10706">
  <LineStyle><color>ffffffff</color><width>2</width></LineStyle>
</Style>
<Placemark>
  <styleUrl>#style_10706</styleUrl>
  <LineString>
    <tessellate>1</tessellate>
    <altitudeMode>absolute</altitudeMode>
    <coordinates>
      0,0,0
      0,0,0
    </coordinates>
  </LineString>
</Placemark>
<Style id="style_10707">
  <LineStyle><color>ffffffff</color><width>2</width></LineStyle>
</Style>
<Placemark>
  <styleUrl>#style_10707</styleUrl>
  <LineString>
    <tessellate>1</tessellate>
    <altitudeMode>absolute</altitudeMode>
    <coordinates>
      0,0,0
      0,0,0
    </coordinates>
  </LineString>
</Placemark>
<Style id="style_10708">
  <LineStyle><color>ffffffff</color><width>2</width></LineStyle>
</Style>
<Placemark>
  <styleUrl>#style_10708</styleUrl>
  <LineString>
    <tessellate>1</tessellate>
    <altitudeMode>absolute</altitudeMode>
    <coordinates>
      0,0,0
      0,0,0
    </coordinates>
  </LineString>
</Placemark>
<Style id="style_10709">
  <LineStyle><color>ffffffff</color><width>2</width></LineStyle>
</Style>
<Placemark>
  <styleUrl>#style_10709</styleUrl>
  <LineString>
    <tessellate>1</tessellate>
    <altitudeMode>absolute</altitudeMode>
    <coordinates>
      0,0,0
      0,0,0
    </coordinates>
  </LineString>
</Placemark>
<Style id="style_10710">
  <LineStyle><color>ffffffff</color><width>2</width></LineStyle>
</Style>
<Placemark>
  <styleUrl>#style_10710</styleUrl>
  <LineString>
    <tessellate>1</tessellate>
    <altitudeMode>absolute</altitudeMode>
    <coordinates>
      0,0,0
      0,0,0
    </coordinates>
  </LineString>
</Placemark>
<Style id="style_10711">
  <LineStyle><color>ffffffff</color><width>2</width></LineStyle>
</Style>
<Placemark>
  <styleUrl>#style_10711</styleUrl>
  <LineString>
    <tessellate>1</tessellate>
    <altitudeMode>absolute</altitudeMode>
    <coordinates>
      0,0,0
      0,0,0
    </coordinates>
  </LineString>
</Placemark>
<Style id="style_10712">
  <LineStyle><color>ffffffff</color><width>2</width></LineStyle>
</Style>
<Placemark>
  <styleUrl>#style_10712</styleUrl>
  <LineString>
    <tessellate>1</tessellate>
    <altitudeMode>absolute</altitudeMode>
    <coordinates>
      0,0,0
      0,0,0
    </coordinates>
  </LineString>
</Placemark>
<Style id="style_10713">
  <LineStyle><color>ffffffff</color><width>2</width></LineStyle>
</Style>
<Placemark>
  <styleUrl>#style_10713</styleUrl>
  <LineString>
    <tessellate>1</tessellate>
    <altitudeMode>absolute</altitudeMode>
    <coordinates>
      0,0,0
      0,0,0
    </coordinates>
  </LineString>
</Placemark>
<Style id="style_10714">
  <LineStyle><color>ffffffff</color><width>2</width></LineStyle>
</Style>
<Placemark>
  <styleUrl>#style_10714</styleUrl>
  <LineString>
    <tessellate>1</tessellate>
    <altitudeMode>absolute</altitudeMode>
    <coordinates>
      0,0,0
      0,0,0
    </coordinates>
  </LineString>
</Placemark>
<Style id="style_10715">
  <LineStyle><color>ffffffff</color><width>2</width></LineStyle>
</Style>
<Placemark>
  <styleUrl>#style_10715</styleUrl>
  <LineString>
    <tessellate>1</tessellate>
    <altitudeMode>absolute</altitudeMode>
    <coordinates>
      0,0,0
      0,0,0
    </coordinates>
  </LineString>
</Placemark>
<Style id="style_10716">
  <LineStyle><color>ffffffff</color><width>2</width></LineStyle>
</Style>
<Placemark>
  <styleUrl>#style_10716</styleUrl>
  <LineString>
    <tessellate>1</tessellate>
    <altitudeMode>absolute</altitudeMode>
    <coordinates>
      0,0,0
      0,0,0
    </coordinates>
  </LineString>
</Placemark>
<Style id="style_10717">
  <LineStyle><color>ffffffff</color><width>2</width></LineStyle>
</Style>
<Placemark>
  <styleUrl>#style_10717</styleUrl>
  <LineString>
    <tessellate>1</tessellate>
    <altitudeMode>absolute</altitudeMode>
    <coordinates>
      0,0,0
      0,0,0
    </coordinates>
  </LineString>
</Placemark>
<Style id="style_10718">
  <LineStyle><color>ffffffff</color><width>2</width></LineStyle>
</Style>
<Placemark>
  <styleUrl>#style_10718</styleUrl>
  <LineString>
    <tessellate>1</tessellate>
    <altitudeMode>absolute</altitudeMode>
    <coordinates>
      0,0,0
      0,0,0
    </coordinates>
  </LineString>
</Placemark>
<Style id="style_10719">
  <LineStyle><color>ffffffff</color><width>2</width></LineStyle>
</Style>
<Placemark>
  <styleUrl>#style_10719</styleUrl>
  <LineString>
    <tessellate>1</tessellate>
    <altitudeMode>absolute</altitudeMode>
    <coordinates>
      0,0,0
      0,0,0
    </coordinates>
  </LineString>
</Placemark>
<Style id="style_10720">
  <LineStyle><color>ffffffff</color><width>2</width></LineStyle>
</Style>
<Placemark>
  <styleUrl>#style_10720</styleUrl>
  <LineString>
    <tessellate>1</tessellate>
    <altitudeMode>absolute</altitudeMode>
    <coordinates>
      0,0,0
      0,0,0
    </coordinates>
  </LineString>
</Placemark>
<Style id="style_10721">
  <LineStyle><color>ffffffff</color><width>2</width></LineStyle>
</Style>
<Placemark>
  <styleUrl>#style_10721</styleUrl>
  <LineString>
    <tessellate>1</tessellate>
    <altitudeMode>absolute</altitudeMode>
    <coordinates>
      0,0,0
      0,0,0
    </coordinates>
  </LineString>
</Placemark>
<Style id="style_10722">
  <LineStyle><color>ffffffff</color><width>2</width></LineStyle>
</Style>
<Placemark>
  <styleUrl>#style_10722</styleUrl>
  <LineString>
    <tessellate>1</tessellate>
    <altitudeMode>absolute</altitudeMode>
    <coordinates>
      0,0,0
      0,0,0
    </coordinates>
  </LineString>
</Placemark>
<Style id="style_10723">
  <LineStyle><color>ffffffff</color><width>2</width></LineStyle>
</Style>
<Placemark>
  <styleUrl>#style_10723</styleUrl>
  <LineString>
    <tessellate>1</tessellate>
    <altitudeMode>absolute</altitudeMode>
    <coordinates>
      0,0,0
      0,0,0
    </coordinates>
  </LineString>
</Placemark>
<Style id="style_10724">
  <LineStyle><color>ffffffff</color><width>2</width></LineStyle>
</Style>
<Placemark>
  <styleUrl>#style_10724</styleUrl>
  <LineString>
    <tessellate>1</tessellate>
    <altitudeMode>absolute</altitudeMode>
    <coordinates>
      0,0,0
      0,0,0
    </coordinates>
  </LineString>
</Placemark>
<Style id="style_10725">
  <LineStyle><color>ffffffff</color><width>2</width></LineStyle>
</Style>
<Placemark>
  <styleUrl>#style_10725</styleUrl>
  <LineString>
    <tessellate>1</tessellate>
    <altitudeMode>absolute</altitudeMode>
    <coordinates>
      0,0,0
      0,0,0
    </coordinates>
  </LineString>
</Placemark>
<Style id="style_10726">
  <LineStyle><color>ffffffff</color><width>2</width></LineStyle>
</Style>
<Placemark>
  <styleUrl>#style_10726</styleUrl>
  <LineString>
    <tessellate>1</tessellate>
    <altitudeMode>absolute</altitudeMode>
    <coordinates>
      0,0,0
      0,0,0
    </coordinates>
  </LineString>
</Placemark>
<Style id="style_10727">
  <LineStyle><color>ffffffff</color><width>2</width></LineStyle>
</Style>
<Placemark>
  <styleUrl>#style_10727</styleUrl>
  <LineString>
    <tessellate>1</tessellate>
    <altitudeMode>absolute</altitudeMode>
    <coordinates>
      0,0,0
      0,0,0
    </coordinates>
  </LineString>
</Placemark>
<Style id="style_10728">
  <LineStyle><color>ffffffff</color><width>2</width></LineStyle>
</Style>
<Placemark>
  <styleUrl>#style_10728</styleUrl>
  <LineString>
    <tessellate>1</tessellate>
    <altitudeMode>absolute</altitudeMode>
    <coordinates>
      0,0,0
      0,0,0
    </coordinates>
  </LineString>
</Placemark>
<Style id="style_10729">
  <LineStyle><color>ffffffff</color><width>2</width></LineStyle>
</Style>
<Placemark>
  <styleUrl>#style_10729</styleUrl>
  <LineString>
    <tessellate>1</tessellate>
    <altitudeMode>absolute</altitudeMode>
    <coordinates>
      0,0,0
      0,0,0
    </coordinates>
  </LineString>
</Placemark>
<Style id="style_10730">
  <LineStyle><color>ffffffff</color><width>2</width></LineStyle>
</Style>
<Placemark>
  <styleUrl>#style_10730</styleUrl>
  <LineString>
    <tessellate>1</tessellate>
    <altitudeMode>absolute</altitudeMode>
    <coordinates>
      0,0,0
      0,0,0
    </coordinates>
  </LineString>
</Placemark>
<Style id="style_10731">
  <LineStyle><color>ffffffff</color><width>2</width></LineStyle>
</Style>
<Placemark>
  <styleUrl>#style_10731</styleUrl>
  <LineString>
    <tessellate>1</tessellate>
    <altitudeMode>absolute</altitudeMode>
    <coordinates>
      0,0,0
      0,0,0
    </coordinates>
  </LineString>
</Placemark>
<Style id="style_10732">
  <LineStyle><color>ffffffff</color><width>2</width></LineStyle>
</Style>
<Placemark>
  <styleUrl>#style_10732</styleUrl>
  <LineString>
    <tessellate>1</tessellate>
    <altitudeMode>absolute</altitudeMode>
    <coordinates>
      0,0,0
      0,0,0
    </coordinates>
  </LineString>
</Placemark>
<Style id="style_10733">
  <LineStyle><color>ffffffff</color><width>2</width></LineStyle>
</Style>
<Placemark>
  <styleUrl>#style_10733</styleUrl>
  <LineString>
    <tessellate>1</tessellate>
    <altitudeMode>absolute</altitudeMode>
    <coordinates>
      0,0,0
      0,0,0
    </coordinates>
  </LineString>
</Placemark>
<Style id="style_10734">
  <LineStyle><color>ffffffff</color><width>2</width></LineStyle>
</Style>
<Placemark>
  <styleUrl>#style_10734</styleUrl>
  <LineString>
    <tessellate>1</tessellate>
    <altitudeMode>absolute</altitudeMode>
    <coordinates>
      0,0,0
      0,0,0
    </coordinates>
  </LineString>
</Placemark>
<Style id="style_10735">
  <LineStyle><color>ffffffff</color><width>2</width></LineStyle>
</Style>
<Placemark>
  <styleUrl>#style_10735</styleUrl>
  <LineString>
    <tessellate>1</tessellate>
    <altitudeMode>absolute</altitudeMode>
    <coordinates>
      0,0,0
      0,0,0
    </coordinates>
  </LineString>
</Placemark>
<Style id="style_10736">
  <LineStyle><color>ffffffff</color><width>2</width></LineStyle>
</Style>
<Placemark>
  <styleUrl>#style_10736</styleUrl>
  <LineString>
    <tessellate>1</tessellate>
    <altitudeMode>absolute</altitudeMode>
    <coordinates>
      0,0,0
      0,0,0
    </coordinates>
  </LineString>
</Placemark>
<Style id="style_10737">
  <LineStyle><color>ffffffff</color><width>2</width></LineStyle>
</Style>
<Placemark>
  <styleUrl>#style_10737</styleUrl>
  <LineString>
    <tessellate>1</tessellate>
    <altitudeMode>absolute</altitudeMode>
    <coordinates>
      0,0,0
      0,0,0
    </coordinates>
  </LineString>
</Placemark>
<Style id="style_10738">
  <LineStyle><color>ffffffff</color><width>2</width></LineStyle>
</Style>
<Placemark>
  <styleUrl>#style_10738</styleUrl>
  <LineString>
    <tessellate>1</tessellate>
    <altitudeMode>absolute</altitudeMode>
    <coordinates>
      0,0,0
      0,0,0
    </coordinates>
  </LineString>
</Placemark>
<Style id="style_10739">
  <LineStyle><color>ffffffff</color><width>2</width></LineStyle>
</Style>
<Placemark>
  <styleUrl>#style_10739</styleUrl>
  <LineString>
    <tessellate>1</tessellate>
    <altitudeMode>absolute</altitudeMode>
    <coordinates>
      0,0,0
      0,0,0
    </coordinates>
  </LineString>
</Placemark>
<Style id="style_10740">
  <LineStyle><color>ffffffff</color><width>2</width></LineStyle>
</Style>
<Placemark>
  <styleUrl>#style_10740</styleUrl>
  <LineString>
    <tessellate>1</tessellate>
    <altitudeMode>absolute</altitudeMode>
    <coordinates>
      0,0,0
      0,0,0
    </coordinates>
  </LineString>
</Placemark>
<Style id="style_10741">
  <LineStyle><color>ffffffff</color><width>2</width></LineStyle>
</Style>
<Placemark>
  <styleUrl>#style_10741</styleUrl>
  <LineString>
    <tessellate>1</tessellate>
    <altitudeMode>absolute</altitudeMode>
    <coordinates>
      0,0,0
      0,0,0
    </coordinates>
  </LineString>
</Placemark>
<Style id="style_10742">
  <LineStyle><color>ffffffff</color><width>2</width></LineStyle>
</Style>
<Placemark>
  <styleUrl>#style_10742</styleUrl>
  <LineString>
    <tessellate>1</tessellate>
    <altitudeMode>absolute</altitudeMode>
    <coordinates>
      0,0,0
      0,0,0
    </coordinates>
  </LineString>
</Placemark>
<Style id="style_10743">
  <LineStyle><color>ffffffff</color><width>2</width></LineStyle>
</Style>
<Placemark>
  <styleUrl>#style_10743</styleUrl>
  <LineString>
    <tessellate>1</tessellate>
    <altitudeMode>absolute</altitudeMode>
    <coordinates>
      0,0,0
      0,0,0
    </coordinates>
  </LineString>
</Placemark>
<Style id="style_10744">
  <LineStyle><color>ffffffff</color><width>2</width></LineStyle>
</Style>
<Placemark>
  <styleUrl>#style_10744</styleUrl>
  <LineString>
    <tessellate>1</tessellate>
    <altitudeMode>absolute</altitudeMode>
    <coordinates>
      0,0,0
      0,0,0
    </coordinates>
  </LineString>
</Placemark>
<Style id="style_10745">
  <LineStyle><color>ffffffff</color><width>2</width></LineStyle>
</Style>
<Placemark>
  <styleUrl>#style_10745</styleUrl>
  <LineString>
    <tessellate>1</tessellate>
    <altitudeMode>absolute</altitudeMode>
    <coordinates>
      0,0,0
      0,0,0
    </coordinates>
  </LineString>
</Placemark>
<Style id="style_10746">
  <LineStyle><color>ffffffff</color><width>2</width></LineStyle>
</Style>
<Placemark>
  <styleUrl>#style_10746</styleUrl>
  <LineString>
    <tessellate>1</tessellate>
    <altitudeMode>absolute</altitudeMode>
    <coordinates>
      0,0,0
      0,0,0
    </coordinates>
  </LineString>
</Placemark>
<Style id="style_10747">
  <LineStyle><color>ffffffff</color><width>2</width></LineStyle>
</Style>
<Placemark>
  <styleUrl>#style_10747</styleUrl>
  <LineString>
    <tessellate>1</tessellate>
    <altitudeMode>absolute</altitudeMode>
    <coordinates>
      0,0,0
      0,0,0
    </coordinates>
  </LineString>
</Placemark>
<Style id="style_10748">
  <LineStyle><color>ffffffff</color><width>2</width></LineStyle>
</Style>
<Placemark>
  <styleUrl>#style_10748</styleUrl>
  <LineString>
    <tessellate>1</tessellate>
    <altitudeMode>absolute</altitudeMode>
    <coordinates>
      0,0,0
      0,0,0
    </coordinates>
  </LineString>
</Placemark>
<Style id="style_10749">
  <LineStyle><color>ffffffff</color><width>2</width></LineStyle>
</Style>
<Placemark>
  <styleUrl>#style_10749</styleUrl>
  <LineString>
    <tessellate>1</tessellate>
    <altitudeMode>absolute</altitudeMode>
    <coordinates>
      0,0,0
      0,0,0
    </coordinates>
  </LineString>
</Placemark>
<Style id="style_10750">
  <LineStyle><color>ffffffff</color><width>2</width></LineStyle>
</Style>
<Placemark>
  <styleUrl>#style_10750</styleUrl>
  <LineString>
    <tessellate>1</tessellate>
    <altitudeMode>absolute</altitudeMode>
    <coordinates>
      0,0,0
      0,0,0
    </coordinates>
  </LineString>
</Placemark>
<Style id="style_10751">
  <LineStyle><color>ffffffff</color><width>2</width></LineStyle>
</Style>
<Placemark>
  <styleUrl>#style_10751</styleUrl>
  <LineString>
    <tessellate>1</tessellate>
    <altitudeMode>absolute</altitudeMode>
    <coordinates>
      0,0,0
      0,0,0
    </coordinates>
  </LineString>
</Placemark>
<Style id="style_10752">
  <LineStyle><color>ffffffff</color><width>2</width></LineStyle>
</Style>
<Placemark>
  <styleUrl>#style_10752</styleUrl>
  <LineString>
    <tessellate>1</tessellate>
    <altitudeMode>absolute</altitudeMode>
    <coordinates>
      0,0,0
      0,0,0
    </coordinates>
  </LineString>
</Placemark>
<Style id="style_10753">
  <LineStyle><color>ffffffff</color><width>2</width></LineStyle>
</Style>
<Placemark>
  <styleUrl>#style_10753</styleUrl>
  <LineString>
    <tessellate>1</tessellate>
    <altitudeMode>absolute</altitudeMode>
    <coordinates>
      0,0,0
      0,0,0
    </coordinates>
  </LineString>
</Placemark>
<Style id="style_10754">
  <LineStyle><color>ffffffff</color><width>2</width></LineStyle>
</Style>
<Placemark>
  <styleUrl>#style_10754</styleUrl>
  <LineString>
    <tessellate>1</tessellate>
    <altitudeMode>absolute</altitudeMode>
    <coordinates>
      0,0,0
      0,0,0
    </coordinates>
  </LineString>
</Placemark>
<Style id="style_10755">
  <LineStyle><color>ffffffff</color><width>2</width></LineStyle>
</Style>
<Placemark>
  <styleUrl>#style_10755</styleUrl>
  <LineString>
    <tessellate>1</tessellate>
    <altitudeMode>absolute</altitudeMode>
    <coordinates>
      0,0,0
      0,0,0
    </coordinates>
  </LineString>
</Placemark>
<Style id="style_10756">
  <LineStyle><color>ffffffff</color><width>2</width></LineStyle>
</Style>
<Placemark>
  <styleUrl>#style_10756</styleUrl>
  <LineString>
    <tessellate>1</tessellate>
    <altitudeMode>absolute</altitudeMode>
    <coordinates>
      0,0,0
      0,0,0
    </coordinates>
  </LineString>
</Placemark>
<Style id="style_10757">
  <LineStyle><color>ffffffff</color><width>2</width></LineStyle>
</Style>
<Placemark>
  <styleUrl>#style_10757</styleUrl>
  <LineString>
    <tessellate>1</tessellate>
    <altitudeMode>absolute</altitudeMode>
    <coordinates>
      0,0,0
      0,0,0
    </coordinates>
  </LineString>
</Placemark>
<Style id="style_10758">
  <LineStyle><color>ffffffff</color><width>2</width></LineStyle>
</Style>
<Placemark>
  <styleUrl>#style_10758</styleUrl>
  <LineString>
    <tessellate>1</tessellate>
    <altitudeMode>absolute</altitudeMode>
    <coordinates>
      0,0,0
      0,0,0
    </coordinates>
  </LineString>
</Placemark>
<Style id="style_10759">
  <LineStyle><color>ffffffff</color><width>2</width></LineStyle>
</Style>
<Placemark>
  <styleUrl>#style_10759</styleUrl>
  <LineString>
    <tessellate>1</tessellate>
    <altitudeMode>absolute</altitudeMode>
    <coordinates>
      0,0,0
      0,0,0
    </coordinates>
  </LineString>
</Placemark>
<Style id="style_10760">
  <LineStyle><color>ffffffff</color><width>2</width></LineStyle>
</Style>
<Placemark>
  <styleUrl>#style_10760</styleUrl>
  <LineString>
    <tessellate>1</tessellate>
    <altitudeMode>absolute</altitudeMode>
    <coordinates>
      0,0,0
      0,0,0
    </coordinates>
  </LineString>
</Placemark>
<Style id="style_10761">
  <LineStyle><color>ffffffff</color><width>2</width></LineStyle>
</Style>
<Placemark>
  <styleUrl>#style_10761</styleUrl>
  <LineString>
    <tessellate>1</tessellate>
    <altitudeMode>absolute</altitudeMode>
    <coordinates>
      0,0,0
      0,0,0
    </coordinates>
  </LineString>
</Placemark>
<Style id="style_10762">
  <LineStyle><color>ffffffff</color><width>2</width></LineStyle>
</Style>
<Placemark>
  <styleUrl>#style_10762</styleUrl>
  <LineString>
    <tessellate>1</tessellate>
    <altitudeMode>absolute</altitudeMode>
    <coordinates>
      0,0,0
      0,0,0
    </coordinates>
  </LineString>
</Placemark>
<Style id="style_10763">
  <LineStyle><color>ffffffff</color><width>2</width></LineStyle>
</Style>
<Placemark>
  <styleUrl>#style_10763</styleUrl>
  <LineString>
    <tessellate>1</tessellate>
    <altitudeMode>absolute</altitudeMode>
    <coordinates>
      0,0,0
      0,0,0
    </coordinates>
  </LineString>
</Placemark>
<Style id="style_10764">
  <LineStyle><color>ffffffff</color><width>2</width></LineStyle>
</Style>
<Placemark>
  <styleUrl>#style_10764</styleUrl>
  <LineString>
    <tessellate>1</tessellate>
    <altitudeMode>absolute</altitudeMode>
    <coordinates>
      0,0,0
      0,0,0
    </coordinates>
  </LineString>
</Placemark>
<Style id="style_10765">
  <LineStyle><color>ffffffff</color><width>2</width></LineStyle>
</Style>
<Placemark>
  <styleUrl>#style_10765</styleUrl>
  <LineString>
    <tessellate>1</tessellate>
    <altitudeMode>absolute</altitudeMode>
    <coordinates>
      0,0,0
      0,0,0
    </coordinates>
  </LineString>
</Placemark>
<Style id="style_10766">
  <LineStyle><color>ffffffff</color><width>2</width></LineStyle>
</Style>
<Placemark>
  <styleUrl>#style_10766</styleUrl>
  <LineString>
    <tessellate>1</tessellate>
    <altitudeMode>absolute</altitudeMode>
    <coordinates>
      0,0,0
      0,0,0
    </coordinates>
  </LineString>
</Placemark>
<Style id="style_10767">
  <LineStyle><color>ffffffff</color><width>2</width></LineStyle>
</Style>
<Placemark>
  <styleUrl>#style_10767</styleUrl>
  <LineString>
    <tessellate>1</tessellate>
    <altitudeMode>absolute</altitudeMode>
    <coordinates>
      0,0,0
      0,0,0
    </coordinates>
  </LineString>
</Placemark>
<Style id="style_10768">
  <LineStyle><color>ffffffff</color><width>2</width></LineStyle>
</Style>
<Placemark>
  <styleUrl>#style_10768</styleUrl>
  <LineString>
    <tessellate>1</tessellate>
    <altitudeMode>absolute</altitudeMode>
    <coordinates>
      0,0,0
      0,0,0
    </coordinates>
  </LineString>
</Placemark>
<Style id="style_10769">
  <LineStyle><color>ffffffff</color><width>2</width></LineStyle>
</Style>
<Placemark>
  <styleUrl>#style_10769</styleUrl>
  <LineString>
    <tessellate>1</tessellate>
    <altitudeMode>absolute</altitudeMode>
    <coordinates>
      0,0,0
      0,0,0
    </coordinates>
  </LineString>
</Placemark>
<Style id="style_10770">
  <LineStyle><color>ffffffff</color><width>2</width></LineStyle>
</Style>
<Placemark>
  <styleUrl>#style_10770</styleUrl>
  <LineString>
    <tessellate>1</tessellate>
    <altitudeMode>absolute</altitudeMode>
    <coordinates>
      0,0,0
      0,0,0
    </coordinates>
  </LineString>
</Placemark>
<Style id="style_10771">
  <LineStyle><color>ffffffff</color><width>2</width></LineStyle>
</Style>
<Placemark>
  <styleUrl>#style_10771</styleUrl>
  <LineString>
    <tessellate>1</tessellate>
    <altitudeMode>absolute</altitudeMode>
    <coordinates>
      0,0,0
      0,0,0
    </coordinates>
  </LineString>
</Placemark>
<Style id="style_10772">
  <LineStyle><color>ffffffff</color><width>2</width></LineStyle>
</Style>
<Placemark>
  <styleUrl>#style_10772</styleUrl>
  <LineString>
    <tessellate>1</tessellate>
    <altitudeMode>absolute</altitudeMode>
    <coordinates>
      0,0,0
      0,0,0
    </coordinates>
  </LineString>
</Placemark>
<Style id="style_10773">
  <LineStyle><color>ffffffff</color><width>2</width></LineStyle>
</Style>
<Placemark>
  <styleUrl>#style_10773</styleUrl>
  <LineString>
    <tessellate>1</tessellate>
    <altitudeMode>absolute</altitudeMode>
    <coordinates>
      0,0,0
      0,0,0
    </coordinates>
  </LineString>
</Placemark>
<Style id="style_10774">
  <LineStyle><color>ffffffff</color><width>2</width></LineStyle>
</Style>
<Placemark>
  <styleUrl>#style_10774</styleUrl>
  <LineString>
    <tessellate>1</tessellate>
    <altitudeMode>absolute</altitudeMode>
    <coordinates>
      0,0,0
      0,0,0
    </coordinates>
  </LineString>
</Placemark>
<Style id="style_10775">
  <LineStyle><color>ffffffff</color><width>2</width></LineStyle>
</Style>
<Placemark>
  <styleUrl>#style_10775</styleUrl>
  <LineString>
    <tessellate>1</tessellate>
    <altitudeMode>absolute</altitudeMode>
    <coordinates>
      0,0,0
      0,0,0
    </coordinates>
  </LineString>
</Placemark>
<Style id="style_10776">
  <LineStyle><color>ffffffff</color><width>2</width></LineStyle>
</Style>
<Placemark>
  <styleUrl>#style_10776</styleUrl>
  <LineString>
    <tessellate>1</tessellate>
    <altitudeMode>absolute</altitudeMode>
    <coordinates>
      0,0,0
      0,0,0
    </coordinates>
  </LineString>
</Placemark>
<Style id="style_10777">
  <LineStyle><color>ffffffff</color><width>2</width></LineStyle>
</Style>
<Placemark>
  <styleUrl>#style_10777</styleUrl>
  <LineString>
    <tessellate>1</tessellate>
    <altitudeMode>absolute</altitudeMode>
    <coordinates>
      0,0,0
      0,0,0
    </coordinates>
  </LineString>
</Placemark>
<Style id="style_10778">
  <LineStyle><color>ffffffff</color><width>2</width></LineStyle>
</Style>
<Placemark>
  <styleUrl>#style_10778</styleUrl>
  <LineString>
    <tessellate>1</tessellate>
    <altitudeMode>absolute</altitudeMode>
    <coordinates>
      0,0,0
      0,0,0
    </coordinates>
  </LineString>
</Placemark>
<Style id="style_10779">
  <LineStyle><color>ffffffff</color><width>2</width></LineStyle>
</Style>
<Placemark>
  <styleUrl>#style_10779</styleUrl>
  <LineString>
    <tessellate>1</tessellate>
    <altitudeMode>absolute</altitudeMode>
    <coordinates>
      0,0,0
      0,0,0
    </coordinates>
  </LineString>
</Placemark>
<Style id="style_10780">
  <LineStyle><color>ffffffff</color><width>2</width></LineStyle>
</Style>
<Placemark>
  <styleUrl>#style_10780</styleUrl>
  <LineString>
    <tessellate>1</tessellate>
    <altitudeMode>absolute</altitudeMode>
    <coordinates>
      0,0,0
      0,0,0
    </coordinates>
  </LineString>
</Placemark>
<Style id="style_10781">
  <LineStyle><color>ffffffff</color><width>2</width></LineStyle>
</Style>
<Placemark>
  <styleUrl>#style_10781</styleUrl>
  <LineString>
    <tessellate>1</tessellate>
    <altitudeMode>absolute</altitudeMode>
    <coordinates>
      0,0,0
      0,0,0
    </coordinates>
  </LineString>
</Placemark>
<Style id="style_10782">
  <LineStyle><color>ffffffff</color><width>2</width></LineStyle>
</Style>
<Placemark>
  <styleUrl>#style_10782</styleUrl>
  <LineString>
    <tessellate>1</tessellate>
    <altitudeMode>absolute</altitudeMode>
    <coordinates>
      0,0,0
      0,0,0
    </coordinates>
  </LineString>
</Placemark>
<Style id="style_10783">
  <LineStyle><color>ffffffff</color><width>2</width></LineStyle>
</Style>
<Placemark>
  <styleUrl>#style_10783</styleUrl>
  <LineString>
    <tessellate>1</tessellate>
    <altitudeMode>absolute</altitudeMode>
    <coordinates>
      0,0,0
      0,0,0
    </coordinates>
  </LineString>
</Placemark>
<Style id="style_10784">
  <LineStyle><color>ffffffff</color><width>2</width></LineStyle>
</Style>
<Placemark>
  <styleUrl>#style_10784</styleUrl>
  <LineString>
    <tessellate>1</tessellate>
    <altitudeMode>absolute</altitudeMode>
    <coordinates>
      0,0,0
      0,0,0
    </coordinates>
  </LineString>
</Placemark>
<Style id="style_10785">
  <LineStyle><color>ffffffff</color><width>2</width></LineStyle>
</Style>
<Placemark>
  <styleUrl>#style_10785</styleUrl>
  <LineString>
    <tessellate>1</tessellate>
    <altitudeMode>absolute</altitudeMode>
    <coordinates>
      0,0,0
      0,0,0
    </coordinates>
  </LineString>
</Placemark>
<Style id="style_10786">
  <LineStyle><color>ffffffff</color><width>2</width></LineStyle>
</Style>
<Placemark>
  <styleUrl>#style_10786</styleUrl>
  <LineString>
    <tessellate>1</tessellate>
    <altitudeMode>absolute</altitudeMode>
    <coordinates>
      0,0,0
      0,0,0
    </coordinates>
  </LineString>
</Placemark>
<Style id="style_10787">
  <LineStyle><color>ffffffff</color><width>2</width></LineStyle>
</Style>
<Placemark>
  <styleUrl>#style_10787</styleUrl>
  <LineString>
    <tessellate>1</tessellate>
    <altitudeMode>absolute</altitudeMode>
    <coordinates>
      0,0,0
      0,0,0
    </coordinates>
  </LineString>
</Placemark>
<Style id="style_10788">
  <LineStyle><color>ffffffff</color><width>2</width></LineStyle>
</Style>
<Placemark>
  <styleUrl>#style_10788</styleUrl>
  <LineString>
    <tessellate>1</tessellate>
    <altitudeMode>absolute</altitudeMode>
    <coordinates>
      0,0,0
      0,0,0
    </coordinates>
  </LineString>
</Placemark>
<Style id="style_10789">
  <LineStyle><color>ffffffff</color><width>2</width></LineStyle>
</Style>
<Placemark>
  <styleUrl>#style_10789</styleUrl>
  <LineString>
    <tessellate>1</tessellate>
    <altitudeMode>absolute</altitudeMode>
    <coordinates>
      0,0,0
      0,0,0
    </coordinates>
  </LineString>
</Placemark>
<Style id="style_10790">
  <LineStyle><color>ffffffff</color><width>2</width></LineStyle>
</Style>
<Placemark>
  <styleUrl>#style_10790</styleUrl>
  <LineString>
    <tessellate>1</tessellate>
    <altitudeMode>absolute</altitudeMode>
    <coordinates>
      0,0,0
      0,0,0
    </coordinates>
  </LineString>
</Placemark>
<Style id="style_10791">
  <LineStyle><color>ffffffff</color><width>2</width></LineStyle>
</Style>
<Placemark>
  <styleUrl>#style_10791</styleUrl>
  <LineString>
    <tessellate>1</tessellate>
    <altitudeMode>absolute</altitudeMode>
    <coordinates>
      0,0,0
      0,0,0
    </coordinates>
  </LineString>
</Placemark>
<Style id="style_10792">
  <LineStyle><color>ffffffff</color><width>2</width></LineStyle>
</Style>
<Placemark>
  <styleUrl>#style_10792</styleUrl>
  <LineString>
    <tessellate>1</tessellate>
    <altitudeMode>absolute</altitudeMode>
    <coordinates>
      0,0,0
      0,0,0
    </coordinates>
  </LineString>
</Placemark>
<Style id="style_10793">
  <LineStyle><color>ffffffff</color><width>2</width></LineStyle>
</Style>
<Placemark>
  <styleUrl>#style_10793</styleUrl>
  <LineString>
    <tessellate>1</tessellate>
    <altitudeMode>absolute</altitudeMode>
    <coordinates>
      0,0,0
      0,0,0
    </coordinates>
  </LineString>
</Placemark>
<Style id="style_10794">
  <LineStyle><color>ffffffff</color><width>2</width></LineStyle>
</Style>
<Placemark>
  <styleUrl>#style_10794</styleUrl>
  <LineString>
    <tessellate>1</tessellate>
    <altitudeMode>absolute</altitudeMode>
    <coordinates>
      0,0,0
      0,0,0
    </coordinates>
  </LineString>
</Placemark>
<Style id="style_10795">
  <LineStyle><color>ffffffff</color><width>2</width></LineStyle>
</Style>
<Placemark>
  <styleUrl>#style_10795</styleUrl>
  <LineString>
    <tessellate>1</tessellate>
    <altitudeMode>absolute</altitudeMode>
    <coordinates>
      0,0,0
      0,0,0
    </coordinates>
  </LineString>
</Placemark>
<Style id="style_10796">
  <LineStyle><color>ffffffff</color><width>2</width></LineStyle>
</Style>
<Placemark>
  <styleUrl>#style_10796</styleUrl>
  <LineString>
    <tessellate>1</tessellate>
    <altitudeMode>absolute</altitudeMode>
    <coordinates>
      0,0,0
      0,0,0
    </coordinates>
  </LineString>
</Placemark>
<Style id="style_10797">
  <LineStyle><color>ffffffff</color><width>2</width></LineStyle>
</Style>
<Placemark>
  <styleUrl>#style_10797</styleUrl>
  <LineString>
    <tessellate>1</tessellate>
    <altitudeMode>absolute</altitudeMode>
    <coordinates>
      0,0,0
      0,0,0
    </coordinates>
  </LineString>
</Placemark>
<Style id="style_10798">
  <LineStyle><color>ffffffff</color><width>2</width></LineStyle>
</Style>
<Placemark>
  <styleUrl>#style_10798</styleUrl>
  <LineString>
    <tessellate>1</tessellate>
    <altitudeMode>absolute</altitudeMode>
    <coordinates>
      0,0,0
      0,0,0
    </coordinates>
  </LineString>
</Placemark>
<Style id="style_10799">
  <LineStyle><color>ffffffff</color><width>2</width></LineStyle>
</Style>
<Placemark>
  <styleUrl>#style_10799</styleUrl>
  <LineString>
    <tessellate>1</tessellate>
    <altitudeMode>absolute</altitudeMode>
    <coordinates>
      0,0,0
      0,0,0
    </coordinates>
  </LineString>
</Placemark>
<Style id="style_10800">
  <LineStyle><color>ffffffff</color><width>2</width></LineStyle>
</Style>
<Placemark>
  <styleUrl>#style_10800</styleUrl>
  <LineString>
    <tessellate>1</tessellate>
    <altitudeMode>absolute</altitudeMode>
    <coordinates>
      0,0,0
      0,0,0
    </coordinates>
  </LineString>
</Placemark>
<Style id="style_10801">
  <LineStyle><color>ffffffff</color><width>2</width></LineStyle>
</Style>
<Placemark>
  <styleUrl>#style_10801</styleUrl>
  <LineString>
    <tessellate>1</tessellate>
    <altitudeMode>absolute</altitudeMode>
    <coordinates>
      0,0,0
      0,0,0
    </coordinates>
  </LineString>
</Placemark>
<Style id="style_10802">
  <LineStyle><color>ffffffff</color><width>2</width></LineStyle>
</Style>
<Placemark>
  <styleUrl>#style_10802</styleUrl>
  <LineString>
    <tessellate>1</tessellate>
    <altitudeMode>absolute</altitudeMode>
    <coordinates>
      0,0,0
      0,0,0
    </coordinates>
  </LineString>
</Placemark>
<Style id="style_10803">
  <LineStyle><color>ffffffff</color><width>2</width></LineStyle>
</Style>
<Placemark>
  <styleUrl>#style_10803</styleUrl>
  <LineString>
    <tessellate>1</tessellate>
    <altitudeMode>absolute</altitudeMode>
    <coordinates>
      0,0,0
      0,0,0
    </coordinates>
  </LineString>
</Placemark>
<Style id="style_10804">
  <LineStyle><color>ffffffff</color><width>2</width></LineStyle>
</Style>
<Placemark>
  <styleUrl>#style_10804</styleUrl>
  <LineString>
    <tessellate>1</tessellate>
    <altitudeMode>absolute</altitudeMode>
    <coordinates>
      0,0,0
      0,0,0
    </coordinates>
  </LineString>
</Placemark>
<Style id="style_10805">
  <LineStyle><color>ffffffff</color><width>2</width></LineStyle>
</Style>
<Placemark>
  <styleUrl>#style_10805</styleUrl>
  <LineString>
    <tessellate>1</tessellate>
    <altitudeMode>absolute</altitudeMode>
    <coordinates>
      0,0,0
      0,0,0
    </coordinates>
  </LineString>
</Placemark>
<Style id="style_10806">
  <LineStyle><color>ffffffff</color><width>2</width></LineStyle>
</Style>
<Placemark>
  <styleUrl>#style_10806</styleUrl>
  <LineString>
    <tessellate>1</tessellate>
    <altitudeMode>absolute</altitudeMode>
    <coordinates>
      0,0,0
      0,0,0
    </coordinates>
  </LineString>
</Placemark>
<Style id="style_10807">
  <LineStyle><color>ffffffff</color><width>2</width></LineStyle>
</Style>
<Placemark>
  <styleUrl>#style_10807</styleUrl>
  <LineString>
    <tessellate>1</tessellate>
    <altitudeMode>absolute</altitudeMode>
    <coordinates>
      0,0,0
      0,0,0
    </coordinates>
  </LineString>
</Placemark>
<Style id="style_10808">
  <LineStyle><color>ffffffff</color><width>2</width></LineStyle>
</Style>
<Placemark>
  <styleUrl>#style_10808</styleUrl>
  <LineString>
    <tessellate>1</tessellate>
    <altitudeMode>absolute</altitudeMode>
    <coordinates>
      0,0,0
      0,0,0
    </coordinates>
  </LineString>
</Placemark>
<Style id="style_10809">
  <LineStyle><color>ffffffff</color><width>2</width></LineStyle>
</Style>
<Placemark>
  <styleUrl>#style_10809</styleUrl>
  <LineString>
    <tessellate>1</tessellate>
    <altitudeMode>absolute</altitudeMode>
    <coordinates>
      0,0,0
      0,0,0
    </coordinates>
  </LineString>
</Placemark>
<Style id="style_10810">
  <LineStyle><color>ffffffff</color><width>2</width></LineStyle>
</Style>
<Placemark>
  <styleUrl>#style_10810</styleUrl>
  <LineString>
    <tessellate>1</tessellate>
    <altitudeMode>absolute</altitudeMode>
    <coordinates>
      0,0,0
      0,0,0
    </coordinates>
  </LineString>
</Placemark>
<Style id="style_10811">
  <LineStyle><color>ffffffff</color><width>2</width></LineStyle>
</Style>
<Placemark>
  <styleUrl>#style_10811</styleUrl>
  <LineString>
    <tessellate>1</tessellate>
    <altitudeMode>absolute</altitudeMode>
    <coordinates>
      0,0,0
      0,0,0
    </coordinates>
  </LineString>
</Placemark>
<Style id="style_10812">
  <LineStyle><color>ffffffff</color><width>2</width></LineStyle>
</Style>
<Placemark>
  <styleUrl>#style_10812</styleUrl>
  <LineString>
    <tessellate>1</tessellate>
    <altitudeMode>absolute</altitudeMode>
    <coordinates>
      0,0,0
      0,0,0
    </coordinates>
  </LineString>
</Placemark>
<Style id="style_10813">
  <LineStyle><color>ffffffff</color><width>2</width></LineStyle>
</Style>
<Placemark>
  <styleUrl>#style_10813</styleUrl>
  <LineString>
    <tessellate>1</tessellate>
    <altitudeMode>absolute</altitudeMode>
    <coordinates>
      0,0,0
      0,0,0
    </coordinates>
  </LineString>
</Placemark>
<Style id="style_10814">
  <LineStyle><color>ffffffff</color><width>2</width></LineStyle>
</Style>
<Placemark>
  <styleUrl>#style_10814</styleUrl>
  <LineString>
    <tessellate>1</tessellate>
    <altitudeMode>absolute</altitudeMode>
    <coordinates>
      0,0,0
      0,0,0
    </coordinates>
  </LineString>
</Placemark>
<Style id="style_10815">
  <LineStyle><color>ffffffff</color><width>2</width></LineStyle>
</Style>
<Placemark>
  <styleUrl>#style_10815</styleUrl>
  <LineString>
    <tessellate>1</tessellate>
    <altitudeMode>absolute</altitudeMode>
    <coordinates>
      0,0,0
      0,0,0
    </coordinates>
  </LineString>
</Placemark>
<Style id="style_10816">
  <LineStyle><color>ffffffff</color><width>2</width></LineStyle>
</Style>
<Placemark>
  <styleUrl>#style_10816</styleUrl>
  <LineString>
    <tessellate>1</tessellate>
    <altitudeMode>absolute</altitudeMode>
    <coordinates>
      0,0,0
      0,0,0
    </coordinates>
  </LineString>
</Placemark>
<Style id="style_10817">
  <LineStyle><color>ffffffff</color><width>2</width></LineStyle>
</Style>
<Placemark>
  <styleUrl>#style_10817</styleUrl>
  <LineString>
    <tessellate>1</tessellate>
    <altitudeMode>absolute</altitudeMode>
    <coordinates>
      0,0,0
      0,0,0
    </coordinates>
  </LineString>
</Placemark>
<Style id="style_10818">
  <LineStyle><color>ffffffff</color><width>2</width></LineStyle>
</Style>
<Placemark>
  <styleUrl>#style_10818</styleUrl>
  <LineString>
    <tessellate>1</tessellate>
    <altitudeMode>absolute</altitudeMode>
    <coordinates>
      0,0,0
      0,0,0
    </coordinates>
  </LineString>
</Placemark>
<Style id="style_10819">
  <LineStyle><color>ffffffff</color><width>2</width></LineStyle>
</Style>
<Placemark>
  <styleUrl>#style_10819</styleUrl>
  <LineString>
    <tessellate>1</tessellate>
    <altitudeMode>absolute</altitudeMode>
    <coordinates>
      0,0,0
      0,0,0
    </coordinates>
  </LineString>
</Placemark>
<Style id="style_10820">
  <LineStyle><color>ffffffff</color><width>2</width></LineStyle>
</Style>
<Placemark>
  <styleUrl>#style_10820</styleUrl>
  <LineString>
    <tessellate>1</tessellate>
    <altitudeMode>absolute</altitudeMode>
    <coordinates>
      0,0,0
      0,0,0
    </coordinates>
  </LineString>
</Placemark>
<Style id="style_10821">
  <LineStyle><color>ffffffff</color><width>2</width></LineStyle>
</Style>
<Placemark>
  <styleUrl>#style_10821</styleUrl>
  <LineString>
    <tessellate>1</tessellate>
    <altitudeMode>absolute</altitudeMode>
    <coordinates>
      0,0,0
      0,0,0
    </coordinates>
  </LineString>
</Placemark>
<Style id="style_10822">
  <LineStyle><color>ffffffff</color><width>2</width></LineStyle>
</Style>
<Placemark>
  <styleUrl>#style_10822</styleUrl>
  <LineString>
    <tessellate>1</tessellate>
    <altitudeMode>absolute</altitudeMode>
    <coordinates>
      0,0,0
      0,0,0
    </coordinates>
  </LineString>
</Placemark>
<Style id="style_10823">
  <LineStyle><color>ffffffff</color><width>2</width></LineStyle>
</Style>
<Placemark>
  <styleUrl>#style_10823</styleUrl>
  <LineString>
    <tessellate>1</tessellate>
    <altitudeMode>absolute</altitudeMode>
    <coordinates>
      0,0,0
      0,0,0
    </coordinates>
  </LineString>
</Placemark>
<Style id="style_10824">
  <LineStyle><color>ffffffff</color><width>2</width></LineStyle>
</Style>
<Placemark>
  <styleUrl>#style_10824</styleUrl>
  <LineString>
    <tessellate>1</tessellate>
    <altitudeMode>absolute</altitudeMode>
    <coordinates>
      0,0,0
      0,0,0
    </coordinates>
  </LineString>
</Placemark>
<Style id="style_10825">
  <LineStyle><color>ffffffff</color><width>2</width></LineStyle>
</Style>
<Placemark>
  <styleUrl>#style_10825</styleUrl>
  <LineString>
    <tessellate>1</tessellate>
    <altitudeMode>absolute</altitudeMode>
    <coordinates>
      0,0,0
      0,0,0
    </coordinates>
  </LineString>
</Placemark>
<Style id="style_10826">
  <LineStyle><color>ffffffff</color><width>2</width></LineStyle>
</Style>
<Placemark>
  <styleUrl>#style_10826</styleUrl>
  <LineString>
    <tessellate>1</tessellate>
    <altitudeMode>absolute</altitudeMode>
    <coordinates>
      0,0,0
      0,0,0
    </coordinates>
  </LineString>
</Placemark>
<Style id="style_10827">
  <LineStyle><color>ffffffff</color><width>2</width></LineStyle>
</Style>
<Placemark>
  <styleUrl>#style_10827</styleUrl>
  <LineString>
    <tessellate>1</tessellate>
    <altitudeMode>absolute</altitudeMode>
    <coordinates>
      0,0,0
      0,0,0
    </coordinates>
  </LineString>
</Placemark>
<Style id="style_10828">
  <LineStyle><color>ffffffff</color><width>2</width></LineStyle>
</Style>
<Placemark>
  <styleUrl>#style_10828</styleUrl>
  <LineString>
    <tessellate>1</tessellate>
    <altitudeMode>absolute</altitudeMode>
    <coordinates>
      0,0,0
      0,0,0
    </coordinates>
  </LineString>
</Placemark>
<Style id="style_10829">
  <LineStyle><color>ffffffff</color><width>2</width></LineStyle>
</Style>
<Placemark>
  <styleUrl>#style_10829</styleUrl>
  <LineString>
    <tessellate>1</tessellate>
    <altitudeMode>absolute</altitudeMode>
    <coordinates>
      0,0,0
      0,0,0
    </coordinates>
  </LineString>
</Placemark>
<Style id="style_10830">
  <LineStyle><color>ffffffff</color><width>2</width></LineStyle>
</Style>
<Placemark>
  <styleUrl>#style_10830</styleUrl>
  <LineString>
    <tessellate>1</tessellate>
    <altitudeMode>absolute</altitudeMode>
    <coordinates>
      0,0,0
      0,0,0
    </coordinates>
  </LineString>
</Placemark>
<Style id="style_10831">
  <LineStyle><color>ffffffff</color><width>2</width></LineStyle>
</Style>
<Placemark>
  <styleUrl>#style_10831</styleUrl>
  <LineString>
    <tessellate>1</tessellate>
    <altitudeMode>absolute</altitudeMode>
    <coordinates>
      0,0,0
      0,0,0
    </coordinates>
  </LineString>
</Placemark>
<Style id="style_10832">
  <LineStyle><color>ffffffff</color><width>2</width></LineStyle>
</Style>
<Placemark>
  <styleUrl>#style_10832</styleUrl>
  <LineString>
    <tessellate>1</tessellate>
    <altitudeMode>absolute</altitudeMode>
    <coordinates>
      0,0,0
      0,0,0
    </coordinates>
  </LineString>
</Placemark>
<Style id="style_10833">
  <LineStyle><color>ffffffff</color><width>2</width></LineStyle>
</Style>
<Placemark>
  <styleUrl>#style_10833</styleUrl>
  <LineString>
    <tessellate>1</tessellate>
    <altitudeMode>absolute</altitudeMode>
    <coordinates>
      0,0,0
      0,0,0
    </coordinates>
  </LineString>
</Placemark>
<Style id="style_10834">
  <LineStyle><color>ffffffff</color><width>2</width></LineStyle>
</Style>
<Placemark>
  <styleUrl>#style_10834</styleUrl>
  <LineString>
    <tessellate>1</tessellate>
    <altitudeMode>absolute</altitudeMode>
    <coordinates>
      0,0,0
      0,0,0
    </coordinates>
  </LineString>
</Placemark>
<Style id="style_10835">
  <LineStyle><color>ffffffff</color><width>2</width></LineStyle>
</Style>
<Placemark>
  <styleUrl>#style_10835</styleUrl>
  <LineString>
    <tessellate>1</tessellate>
    <altitudeMode>absolute</altitudeMode>
    <coordinates>
      0,0,0
      0,0,0
    </coordinates>
  </LineString>
</Placemark>
<Style id="style_10836">
  <LineStyle><color>ffffffff</color><width>2</width></LineStyle>
</Style>
<Placemark>
  <styleUrl>#style_10836</styleUrl>
  <LineString>
    <tessellate>1</tessellate>
    <altitudeMode>absolute</altitudeMode>
    <coordinates>
      0,0,0
      0,0,0
    </coordinates>
  </LineString>
</Placemark>
<Style id="style_10837">
  <LineStyle><color>ffffffff</color><width>2</width></LineStyle>
</Style>
<Placemark>
  <styleUrl>#style_10837</styleUrl>
  <LineString>
    <tessellate>1</tessellate>
    <altitudeMode>absolute</altitudeMode>
    <coordinates>
      0,0,0
      0,0,0
    </coordinates>
  </LineString>
</Placemark>
<Style id="style_10838">
  <LineStyle><color>ffffffff</color><width>2</width></LineStyle>
</Style>
<Placemark>
  <styleUrl>#style_10838</styleUrl>
  <LineString>
    <tessellate>1</tessellate>
    <altitudeMode>absolute</altitudeMode>
    <coordinates>
      0,0,0
      0,0,0
    </coordinates>
  </LineString>
</Placemark>
<Style id="style_10839">
  <LineStyle><color>ffffffff</color><width>2</width></LineStyle>
</Style>
<Placemark>
  <styleUrl>#style_10839</styleUrl>
  <LineString>
    <tessellate>1</tessellate>
    <altitudeMode>absolute</altitudeMode>
    <coordinates>
      0,0,0
      0,0,0
    </coordinates>
  </LineString>
</Placemark>
<Style id="style_10840">
  <LineStyle><color>ffffffff</color><width>2</width></LineStyle>
</Style>
<Placemark>
  <styleUrl>#style_10840</styleUrl>
  <LineString>
    <tessellate>1</tessellate>
    <altitudeMode>absolute</altitudeMode>
    <coordinates>
      0,0,0
      0,0,0
    </coordinates>
  </LineString>
</Placemark>
<Style id="style_10841">
  <LineStyle><color>ffffffff</color><width>2</width></LineStyle>
</Style>
<Placemark>
  <styleUrl>#style_10841</styleUrl>
  <LineString>
    <tessellate>1</tessellate>
    <altitudeMode>absolute</altitudeMode>
    <coordinates>
      0,0,0
      0,0,0
    </coordinates>
  </LineString>
</Placemark>
<Style id="style_10842">
  <LineStyle><color>ffffffff</color><width>2</width></LineStyle>
</Style>
<Placemark>
  <styleUrl>#style_10842</styleUrl>
  <LineString>
    <tessellate>1</tessellate>
    <altitudeMode>absolute</altitudeMode>
    <coordinates>
      0,0,0
      0,0,0
    </coordinates>
  </LineString>
</Placemark>
<Style id="style_10843">
  <LineStyle><color>ffffffff</color><width>2</width></LineStyle>
</Style>
<Placemark>
  <styleUrl>#style_10843</styleUrl>
  <LineString>
    <tessellate>1</tessellate>
    <altitudeMode>absolute</altitudeMode>
    <coordinates>
      0,0,0
      0,0,0
    </coordinates>
  </LineString>
</Placemark>
<Style id="style_10844">
  <LineStyle><color>ffffffff</color><width>2</width></LineStyle>
</Style>
<Placemark>
  <styleUrl>#style_10844</styleUrl>
  <LineString>
    <tessellate>1</tessellate>
    <altitudeMode>absolute</altitudeMode>
    <coordinates>
      0,0,0
      0,0,0
    </coordinates>
  </LineString>
</Placemark>
<Style id="style_10845">
  <LineStyle><color>ffffffff</color><width>2</width></LineStyle>
</Style>
<Placemark>
  <styleUrl>#style_10845</styleUrl>
  <LineString>
    <tessellate>1</tessellate>
    <altitudeMode>absolute</altitudeMode>
    <coordinates>
      0,0,0
      0,0,0
    </coordinates>
  </LineString>
</Placemark>
<Style id="style_10846">
  <LineStyle><color>ffffffff</color><width>2</width></LineStyle>
</Style>
<Placemark>
  <styleUrl>#style_10846</styleUrl>
  <LineString>
    <tessellate>1</tessellate>
    <altitudeMode>absolute</altitudeMode>
    <coordinates>
      0,0,0
      0,0,0
    </coordinates>
  </LineString>
</Placemark>
<Style id="style_10847">
  <LineStyle><color>ffffffff</color><width>2</width></LineStyle>
</Style>
<Placemark>
  <styleUrl>#style_10847</styleUrl>
  <LineString>
    <tessellate>1</tessellate>
    <altitudeMode>absolute</altitudeMode>
    <coordinates>
      0,0,0
      0,0,0
    </coordinates>
  </LineString>
</Placemark>
<Style id="style_10848">
  <LineStyle><color>ffffffff</color><width>2</width></LineStyle>
</Style>
<Placemark>
  <styleUrl>#style_10848</styleUrl>
  <LineString>
    <tessellate>1</tessellate>
    <altitudeMode>absolute</altitudeMode>
    <coordinates>
      0,0,0
      0,0,0
    </coordinates>
  </LineString>
</Placemark>
<Style id="style_10849">
  <LineStyle><color>ffffffff</color><width>2</width></LineStyle>
</Style>
<Placemark>
  <styleUrl>#style_10849</styleUrl>
  <LineString>
    <tessellate>1</tessellate>
    <altitudeMode>absolute</altitudeMode>
    <coordinates>
      0,0,0
      0,0,0
    </coordinates>
  </LineString>
</Placemark>
<Style id="style_10850">
  <LineStyle><color>ffffffff</color><width>2</width></LineStyle>
</Style>
<Placemark>
  <styleUrl>#style_10850</styleUrl>
  <LineString>
    <tessellate>1</tessellate>
    <altitudeMode>absolute</altitudeMode>
    <coordinates>
      0,0,0
      0,0,0
    </coordinates>
  </LineString>
</Placemark>
<Style id="style_10851">
  <LineStyle><color>ffffffff</color><width>2</width></LineStyle>
</Style>
<Placemark>
  <styleUrl>#style_10851</styleUrl>
  <LineString>
    <tessellate>1</tessellate>
    <altitudeMode>absolute</altitudeMode>
    <coordinates>
      0,0,0
      0,0,0
    </coordinates>
  </LineString>
</Placemark>
<Style id="style_10852">
  <LineStyle><color>ffffffff</color><width>2</width></LineStyle>
</Style>
<Placemark>
  <styleUrl>#style_10852</styleUrl>
  <LineString>
    <tessellate>1</tessellate>
    <altitudeMode>absolute</altitudeMode>
    <coordinates>
      0,0,0
      0,0,0
    </coordinates>
  </LineString>
</Placemark>
<Style id="style_10853">
  <LineStyle><color>ffffffff</color><width>2</width></LineStyle>
</Style>
<Placemark>
  <styleUrl>#style_10853</styleUrl>
  <LineString>
    <tessellate>1</tessellate>
    <altitudeMode>absolute</altitudeMode>
    <coordinates>
      0,0,0
      0,0,0
    </coordinates>
  </LineString>
</Placemark>
<Style id="style_10854">
  <LineStyle><color>ffffffff</color><width>2</width></LineStyle>
</Style>
<Placemark>
  <styleUrl>#style_10854</styleUrl>
  <LineString>
    <tessellate>1</tessellate>
    <altitudeMode>absolute</altitudeMode>
    <coordinates>
      0,0,0
      0,0,0
    </coordinates>
  </LineString>
</Placemark>
<Style id="style_10855">
  <LineStyle><color>ffffffff</color><width>2</width></LineStyle>
</Style>
<Placemark>
  <styleUrl>#style_10855</styleUrl>
  <LineString>
    <tessellate>1</tessellate>
    <altitudeMode>absolute</altitudeMode>
    <coordinates>
      0,0,0
      0,0,0
    </coordinates>
  </LineString>
</Placemark>
<Style id="style_10856">
  <LineStyle><color>ffffffff</color><width>2</width></LineStyle>
</Style>
<Placemark>
  <styleUrl>#style_10856</styleUrl>
  <LineString>
    <tessellate>1</tessellate>
    <altitudeMode>absolute</altitudeMode>
    <coordinates>
      0,0,0
      0,0,0
    </coordinates>
  </LineString>
</Placemark>
<Style id="style_10857">
  <LineStyle><color>ffffffff</color><width>2</width></LineStyle>
</Style>
<Placemark>
  <styleUrl>#style_10857</styleUrl>
  <LineString>
    <tessellate>1</tessellate>
    <altitudeMode>absolute</altitudeMode>
    <coordinates>
      0,0,0
      0,0,0
    </coordinates>
  </LineString>
</Placemark>
<Style id="style_10858">
  <LineStyle><color>ffffffff</color><width>2</width></LineStyle>
</Style>
<Placemark>
  <styleUrl>#style_10858</styleUrl>
  <LineString>
    <tessellate>1</tessellate>
    <altitudeMode>absolute</altitudeMode>
    <coordinates>
      0,0,0
      0,0,0
    </coordinates>
  </LineString>
</Placemark>
<Style id="style_10859">
  <LineStyle><color>ffffffff</color><width>2</width></LineStyle>
</Style>
<Placemark>
  <styleUrl>#style_10859</styleUrl>
  <LineString>
    <tessellate>1</tessellate>
    <altitudeMode>absolute</altitudeMode>
    <coordinates>
      0,0,0
      0,0,0
    </coordinates>
  </LineString>
</Placemark>
<Style id="style_10860">
  <LineStyle><color>ffffffff</color><width>2</width></LineStyle>
</Style>
<Placemark>
  <styleUrl>#style_10860</styleUrl>
  <LineString>
    <tessellate>1</tessellate>
    <altitudeMode>absolute</altitudeMode>
    <coordinates>
      0,0,0
      0,0,0
    </coordinates>
  </LineString>
</Placemark>
<Style id="style_10861">
  <LineStyle><color>ffffffff</color><width>2</width></LineStyle>
</Style>
<Placemark>
  <styleUrl>#style_10861</styleUrl>
  <LineString>
    <tessellate>1</tessellate>
    <altitudeMode>absolute</altitudeMode>
    <coordinates>
      0,0,0
      0,0,0
    </coordinates>
  </LineString>
</Placemark>
<Style id="style_10862">
  <LineStyle><color>ffffffff</color><width>2</width></LineStyle>
</Style>
<Placemark>
  <styleUrl>#style_10862</styleUrl>
  <LineString>
    <tessellate>1</tessellate>
    <altitudeMode>absolute</altitudeMode>
    <coordinates>
      0,0,0
      0,0,0
    </coordinates>
  </LineString>
</Placemark>
<Style id="style_10863">
  <LineStyle><color>ffffffff</color><width>2</width></LineStyle>
</Style>
<Placemark>
  <styleUrl>#style_10863</styleUrl>
  <LineString>
    <tessellate>1</tessellate>
    <altitudeMode>absolute</altitudeMode>
    <coordinates>
      0,0,0
      0,0,0
    </coordinates>
  </LineString>
</Placemark>
<Style id="style_10864">
  <LineStyle><color>ffffffff</color><width>2</width></LineStyle>
</Style>
<Placemark>
  <styleUrl>#style_10864</styleUrl>
  <LineString>
    <tessellate>1</tessellate>
    <altitudeMode>absolute</altitudeMode>
    <coordinates>
      0,0,0
      0,0,0
    </coordinates>
  </LineString>
</Placemark>
<Style id="style_10865">
  <LineStyle><color>ffffffff</color><width>2</width></LineStyle>
</Style>
<Placemark>
  <styleUrl>#style_10865</styleUrl>
  <LineString>
    <tessellate>1</tessellate>
    <altitudeMode>absolute</altitudeMode>
    <coordinates>
      0,0,0
      0,0,0
    </coordinates>
  </LineString>
</Placemark>
<Style id="style_10866">
  <LineStyle><color>ffffffff</color><width>2</width></LineStyle>
</Style>
<Placemark>
  <styleUrl>#style_10866</styleUrl>
  <LineString>
    <tessellate>1</tessellate>
    <altitudeMode>absolute</altitudeMode>
    <coordinates>
      0,0,0
      0,0,0
    </coordinates>
  </LineString>
</Placemark>
<Style id="style_10867">
  <LineStyle><color>ffffffff</color><width>2</width></LineStyle>
</Style>
<Placemark>
  <styleUrl>#style_10867</styleUrl>
  <LineString>
    <tessellate>1</tessellate>
    <altitudeMode>absolute</altitudeMode>
    <coordinates>
      0,0,0
      0,0,0
    </coordinates>
  </LineString>
</Placemark>
<Style id="style_10868">
  <LineStyle><color>ffffffff</color><width>2</width></LineStyle>
</Style>
<Placemark>
  <styleUrl>#style_10868</styleUrl>
  <LineString>
    <tessellate>1</tessellate>
    <altitudeMode>absolute</altitudeMode>
    <coordinates>
      0,0,0
      0,0,0
    </coordinates>
  </LineString>
</Placemark>
<Style id="style_10869">
  <LineStyle><color>ffffffff</color><width>2</width></LineStyle>
</Style>
<Placemark>
  <styleUrl>#style_10869</styleUrl>
  <LineString>
    <tessellate>1</tessellate>
    <altitudeMode>absolute</altitudeMode>
    <coordinates>
      0,0,0
      0,0,0
    </coordinates>
  </LineString>
</Placemark>
<Style id="style_10870">
  <LineStyle><color>ffffffff</color><width>2</width></LineStyle>
</Style>
<Placemark>
  <styleUrl>#style_10870</styleUrl>
  <LineString>
    <tessellate>1</tessellate>
    <altitudeMode>absolute</altitudeMode>
    <coordinates>
      0,0,0
      0,0,0
    </coordinates>
  </LineString>
</Placemark>
<Style id="style_10871">
  <LineStyle><color>ffffffff</color><width>2</width></LineStyle>
</Style>
<Placemark>
  <styleUrl>#style_10871</styleUrl>
  <LineString>
    <tessellate>1</tessellate>
    <altitudeMode>absolute</altitudeMode>
    <coordinates>
      0,0,0
      0,0,0
    </coordinates>
  </LineString>
</Placemark>
<Style id="style_10872">
  <LineStyle><color>ffffffff</color><width>2</width></LineStyle>
</Style>
<Placemark>
  <styleUrl>#style_10872</styleUrl>
  <LineString>
    <tessellate>1</tessellate>
    <altitudeMode>absolute</altitudeMode>
    <coordinates>
      0,0,0
      0,0,0
    </coordinates>
  </LineString>
</Placemark>
<Style id="style_10873">
  <LineStyle><color>ffffffff</color><width>2</width></LineStyle>
</Style>
<Placemark>
  <styleUrl>#style_10873</styleUrl>
  <LineString>
    <tessellate>1</tessellate>
    <altitudeMode>absolute</altitudeMode>
    <coordinates>
      0,0,0
      0,0,0
    </coordinates>
  </LineString>
</Placemark>
<Style id="style_10874">
  <LineStyle><color>ffffffff</color><width>2</width></LineStyle>
</Style>
<Placemark>
  <styleUrl>#style_10874</styleUrl>
  <LineString>
    <tessellate>1</tessellate>
    <altitudeMode>absolute</altitudeMode>
    <coordinates>
      0,0,0
      0,0,0
    </coordinates>
  </LineString>
</Placemark>
<Style id="style_10875">
  <LineStyle><color>ffffffff</color><width>2</width></LineStyle>
</Style>
<Placemark>
  <styleUrl>#style_10875</styleUrl>
  <LineString>
    <tessellate>1</tessellate>
    <altitudeMode>absolute</altitudeMode>
    <coordinates>
      0,0,0
      0,0,0
    </coordinates>
  </LineString>
</Placemark>
<Style id="style_10876">
  <LineStyle><color>ffffffff</color><width>2</width></LineStyle>
</Style>
<Placemark>
  <styleUrl>#style_10876</styleUrl>
  <LineString>
    <tessellate>1</tessellate>
    <altitudeMode>absolute</altitudeMode>
    <coordinates>
      0,0,0
      0,0,0
    </coordinates>
  </LineString>
</Placemark>
<Style id="style_10877">
  <LineStyle><color>ffffffff</color><width>2</width></LineStyle>
</Style>
<Placemark>
  <styleUrl>#style_10877</styleUrl>
  <LineString>
    <tessellate>1</tessellate>
    <altitudeMode>absolute</altitudeMode>
    <coordinates>
      0,0,0
      0,0,0
    </coordinates>
  </LineString>
</Placemark>
<Style id="style_10878">
  <LineStyle><color>ffffffff</color><width>2</width></LineStyle>
</Style>
<Placemark>
  <styleUrl>#style_10878</styleUrl>
  <LineString>
    <tessellate>1</tessellate>
    <altitudeMode>absolute</altitudeMode>
    <coordinates>
      0,0,0
      0,0,0
    </coordinates>
  </LineString>
</Placemark>
<Style id="style_10879">
  <LineStyle><color>ffffffff</color><width>2</width></LineStyle>
</Style>
<Placemark>
  <styleUrl>#style_10879</styleUrl>
  <LineString>
    <tessellate>1</tessellate>
    <altitudeMode>absolute</altitudeMode>
    <coordinates>
      0,0,0
      0,0,0
    </coordinates>
  </LineString>
</Placemark>
<Style id="style_10880">
  <LineStyle><color>ffffffff</color><width>2</width></LineStyle>
</Style>
<Placemark>
  <styleUrl>#style_10880</styleUrl>
  <LineString>
    <tessellate>1</tessellate>
    <altitudeMode>absolute</altitudeMode>
    <coordinates>
      0,0,0
      0,0,0
    </coordinates>
  </LineString>
</Placemark>
<Style id="style_10881">
  <LineStyle><color>ffffffff</color><width>2</width></LineStyle>
</Style>
<Placemark>
  <styleUrl>#style_10881</styleUrl>
  <LineString>
    <tessellate>1</tessellate>
    <altitudeMode>absolute</altitudeMode>
    <coordinates>
      0,0,0
      0,0,0
    </coordinates>
  </LineString>
</Placemark>
<Style id="style_10882">
  <LineStyle><color>ffffffff</color><width>2</width></LineStyle>
</Style>
<Placemark>
  <styleUrl>#style_10882</styleUrl>
  <LineString>
    <tessellate>1</tessellate>
    <altitudeMode>absolute</altitudeMode>
    <coordinates>
      0,0,0
      0,0,0
    </coordinates>
  </LineString>
</Placemark>
<Style id="style_10883">
  <LineStyle><color>ffffffff</color><width>2</width></LineStyle>
</Style>
<Placemark>
  <styleUrl>#style_10883</styleUrl>
  <LineString>
    <tessellate>1</tessellate>
    <altitudeMode>absolute</altitudeMode>
    <coordinates>
      0,0,0
      0,0,0
    </coordinates>
  </LineString>
</Placemark>
<Style id="style_10884">
  <LineStyle><color>ffffffff</color><width>2</width></LineStyle>
</Style>
<Placemark>
  <styleUrl>#style_10884</styleUrl>
  <LineString>
    <tessellate>1</tessellate>
    <altitudeMode>absolute</altitudeMode>
    <coordinates>
      0,0,0
      0,0,0
    </coordinates>
  </LineString>
</Placemark>
<Style id="style_10885">
  <LineStyle><color>ffffffff</color><width>2</width></LineStyle>
</Style>
<Placemark>
  <styleUrl>#style_10885</styleUrl>
  <LineString>
    <tessellate>1</tessellate>
    <altitudeMode>absolute</altitudeMode>
    <coordinates>
      0,0,0
      0,0,0
    </coordinates>
  </LineString>
</Placemark>
<Style id="style_10886">
  <LineStyle><color>ffffffff</color><width>2</width></LineStyle>
</Style>
<Placemark>
  <styleUrl>#style_10886</styleUrl>
  <LineString>
    <tessellate>1</tessellate>
    <altitudeMode>absolute</altitudeMode>
    <coordinates>
      0,0,0
      0,0,0
    </coordinates>
  </LineString>
</Placemark>
<Style id="style_10887">
  <LineStyle><color>ffffffff</color><width>2</width></LineStyle>
</Style>
<Placemark>
  <styleUrl>#style_10887</styleUrl>
  <LineString>
    <tessellate>1</tessellate>
    <altitudeMode>absolute</altitudeMode>
    <coordinates>
      0,0,0
      0,0,0
    </coordinates>
  </LineString>
</Placemark>
<Style id="style_10888">
  <LineStyle><color>ffffffff</color><width>2</width></LineStyle>
</Style>
<Placemark>
  <styleUrl>#style_10888</styleUrl>
  <LineString>
    <tessellate>1</tessellate>
    <altitudeMode>absolute</altitudeMode>
    <coordinates>
      0,0,0
      0,0,0
    </coordinates>
  </LineString>
</Placemark>
<Style id="style_10889">
  <LineStyle><color>ffffffff</color><width>2</width></LineStyle>
</Style>
<Placemark>
  <styleUrl>#style_10889</styleUrl>
  <LineString>
    <tessellate>1</tessellate>
    <altitudeMode>absolute</altitudeMode>
    <coordinates>
      0,0,0
      0,0,0
    </coordinates>
  </LineString>
</Placemark>
<Style id="style_10890">
  <LineStyle><color>ffffffff</color><width>2</width></LineStyle>
</Style>
<Placemark>
  <styleUrl>#style_10890</styleUrl>
  <LineString>
    <tessellate>1</tessellate>
    <altitudeMode>absolute</altitudeMode>
    <coordinates>
      0,0,0
      0,0,0
    </coordinates>
  </LineString>
</Placemark>
<Style id="style_10891">
  <LineStyle><color>ffffffff</color><width>2</width></LineStyle>
</Style>
<Placemark>
  <styleUrl>#style_10891</styleUrl>
  <LineString>
    <tessellate>1</tessellate>
    <altitudeMode>absolute</altitudeMode>
    <coordinates>
      0,0,0
      0,0,0
    </coordinates>
  </LineString>
</Placemark>
<Style id="style_10892">
  <LineStyle><color>ffffffff</color><width>2</width></LineStyle>
</Style>
<Placemark>
  <styleUrl>#style_10892</styleUrl>
  <LineString>
    <tessellate>1</tessellate>
    <altitudeMode>absolute</altitudeMode>
    <coordinates>
      0,0,0
      0,0,0
    </coordinates>
  </LineString>
</Placemark>
<Style id="style_10893">
  <LineStyle><color>ffffffff</color><width>2</width></LineStyle>
</Style>
<Placemark>
  <styleUrl>#style_10893</styleUrl>
  <LineString>
    <tessellate>1</tessellate>
    <altitudeMode>absolute</altitudeMode>
    <coordinates>
      0,0,0
      0,0,0
    </coordinates>
  </LineString>
</Placemark>
<Style id="style_10894">
  <LineStyle><color>ffffffff</color><width>2</width></LineStyle>
</Style>
<Placemark>
  <styleUrl>#style_10894</styleUrl>
  <LineString>
    <tessellate>1</tessellate>
    <altitudeMode>absolute</altitudeMode>
    <coordinates>
      0,0,0
      0,0,0
    </coordinates>
  </LineString>
</Placemark>
<Style id="style_10895">
  <LineStyle><color>ffffffff</color><width>2</width></LineStyle>
</Style>
<Placemark>
  <styleUrl>#style_10895</styleUrl>
  <LineString>
    <tessellate>1</tessellate>
    <altitudeMode>absolute</altitudeMode>
    <coordinates>
      0,0,0
      0,0,0
    </coordinates>
  </LineString>
</Placemark>
<Style id="style_10896">
  <LineStyle><color>ffffffff</color><width>2</width></LineStyle>
</Style>
<Placemark>
  <styleUrl>#style_10896</styleUrl>
  <LineString>
    <tessellate>1</tessellate>
    <altitudeMode>absolute</altitudeMode>
    <coordinates>
      0,0,0
      0,0,0
    </coordinates>
  </LineString>
</Placemark>
<Style id="style_10897">
  <LineStyle><color>ffffffff</color><width>2</width></LineStyle>
</Style>
<Placemark>
  <styleUrl>#style_10897</styleUrl>
  <LineString>
    <tessellate>1</tessellate>
    <altitudeMode>absolute</altitudeMode>
    <coordinates>
      0,0,0
      0,0,0
    </coordinates>
  </LineString>
</Placemark>
<Style id="style_10898">
  <LineStyle><color>ffffffff</color><width>2</width></LineStyle>
</Style>
<Placemark>
  <styleUrl>#style_10898</styleUrl>
  <LineString>
    <tessellate>1</tessellate>
    <altitudeMode>absolute</altitudeMode>
    <coordinates>
      0,0,0
      0,0,0
    </coordinates>
  </LineString>
</Placemark>
<Style id="style_10899">
  <LineStyle><color>ffffffff</color><width>2</width></LineStyle>
</Style>
<Placemark>
  <styleUrl>#style_10899</styleUrl>
  <LineString>
    <tessellate>1</tessellate>
    <altitudeMode>absolute</altitudeMode>
    <coordinates>
      0,0,0
      0,0,0
    </coordinates>
  </LineString>
</Placemark>
<Style id="style_10900">
  <LineStyle><color>ffffffff</color><width>2</width></LineStyle>
</Style>
<Placemark>
  <styleUrl>#style_10900</styleUrl>
  <LineString>
    <tessellate>1</tessellate>
    <altitudeMode>absolute</altitudeMode>
    <coordinates>
      0,0,0
      0,0,0
    </coordinates>
  </LineString>
</Placemark>
<Style id="style_10901">
  <LineStyle><color>ffffffff</color><width>2</width></LineStyle>
</Style>
<Placemark>
  <styleUrl>#style_10901</styleUrl>
  <LineString>
    <tessellate>1</tessellate>
    <altitudeMode>absolute</altitudeMode>
    <coordinates>
      0,0,0
      0,0,0
    </coordinates>
  </LineString>
</Placemark>
<Style id="style_10902">
  <LineStyle><color>ffffffff</color><width>2</width></LineStyle>
</Style>
<Placemark>
  <styleUrl>#style_10902</styleUrl>
  <LineString>
    <tessellate>1</tessellate>
    <altitudeMode>absolute</altitudeMode>
    <coordinates>
      0,0,0
      0,0,0
    </coordinates>
  </LineString>
</Placemark>
<Style id="style_10903">
  <LineStyle><color>ffffffff</color><width>2</width></LineStyle>
</Style>
<Placemark>
  <styleUrl>#style_10903</styleUrl>
  <LineString>
    <tessellate>1</tessellate>
    <altitudeMode>absolute</altitudeMode>
    <coordinates>
      0,0,0
      0,0,0
    </coordinates>
  </LineString>
</Placemark>
<Style id="style_10904">
  <LineStyle><color>ffffffff</color><width>2</width></LineStyle>
</Style>
<Placemark>
  <styleUrl>#style_10904</styleUrl>
  <LineString>
    <tessellate>1</tessellate>
    <altitudeMode>absolute</altitudeMode>
    <coordinates>
      0,0,0
      0,0,0
    </coordinates>
  </LineString>
</Placemark>
<Style id="style_10905">
  <LineStyle><color>ffffffff</color><width>2</width></LineStyle>
</Style>
<Placemark>
  <styleUrl>#style_10905</styleUrl>
  <LineString>
    <tessellate>1</tessellate>
    <altitudeMode>absolute</altitudeMode>
    <coordinates>
      0,0,0
      0,0,0
    </coordinates>
  </LineString>
</Placemark>
<Style id="style_10906">
  <LineStyle><color>ffffffff</color><width>2</width></LineStyle>
</Style>
<Placemark>
  <styleUrl>#style_10906</styleUrl>
  <LineString>
    <tessellate>1</tessellate>
    <altitudeMode>absolute</altitudeMode>
    <coordinates>
      0,0,0
      0,0,0
    </coordinates>
  </LineString>
</Placemark>
<Style id="style_10907">
  <LineStyle><color>ffffffff</color><width>2</width></LineStyle>
</Style>
<Placemark>
  <styleUrl>#style_10907</styleUrl>
  <LineString>
    <tessellate>1</tessellate>
    <altitudeMode>absolute</altitudeMode>
    <coordinates>
      0,0,0
      0,0,0
    </coordinates>
  </LineString>
</Placemark>
<Style id="style_10908">
  <LineStyle><color>ffffffff</color><width>2</width></LineStyle>
</Style>
<Placemark>
  <styleUrl>#style_10908</styleUrl>
  <LineString>
    <tessellate>1</tessellate>
    <altitudeMode>absolute</altitudeMode>
    <coordinates>
      0,0,0
      0,0,0
    </coordinates>
  </LineString>
</Placemark>
<Style id="style_10909">
  <LineStyle><color>ffffffff</color><width>2</width></LineStyle>
</Style>
<Placemark>
  <styleUrl>#style_10909</styleUrl>
  <LineString>
    <tessellate>1</tessellate>
    <altitudeMode>absolute</altitudeMode>
    <coordinates>
      0,0,0
      0,0,0
    </coordinates>
  </LineString>
</Placemark>
<Style id="style_10910">
  <LineStyle><color>ffffffff</color><width>2</width></LineStyle>
</Style>
<Placemark>
  <styleUrl>#style_10910</styleUrl>
  <LineString>
    <tessellate>1</tessellate>
    <altitudeMode>absolute</altitudeMode>
    <coordinates>
      0,0,0
      0,0,0
    </coordinates>
  </LineString>
</Placemark>
<Style id="style_10911">
  <LineStyle><color>ffffffff</color><width>2</width></LineStyle>
</Style>
<Placemark>
  <styleUrl>#style_10911</styleUrl>
  <LineString>
    <tessellate>1</tessellate>
    <altitudeMode>absolute</altitudeMode>
    <coordinates>
      0,0,0
      0,0,0
    </coordinates>
  </LineString>
</Placemark>
<Style id="style_10912">
  <LineStyle><color>ffffffff</color><width>2</width></LineStyle>
</Style>
<Placemark>
  <styleUrl>#style_10912</styleUrl>
  <LineString>
    <tessellate>1</tessellate>
    <altitudeMode>absolute</altitudeMode>
    <coordinates>
      0,0,0
      0,0,0
    </coordinates>
  </LineString>
</Placemark>
<Style id="style_10913">
  <LineStyle><color>ffffffff</color><width>2</width></LineStyle>
</Style>
<Placemark>
  <styleUrl>#style_10913</styleUrl>
  <LineString>
    <tessellate>1</tessellate>
    <altitudeMode>absolute</altitudeMode>
    <coordinates>
      0,0,0
      0,0,0
    </coordinates>
  </LineString>
</Placemark>
<Style id="style_10914">
  <LineStyle><color>ffffffff</color><width>2</width></LineStyle>
</Style>
<Placemark>
  <styleUrl>#style_10914</styleUrl>
  <LineString>
    <tessellate>1</tessellate>
    <altitudeMode>absolute</altitudeMode>
    <coordinates>
      0,0,0
      0,0,0
    </coordinates>
  </LineString>
</Placemark>
<Style id="style_10915">
  <LineStyle><color>ffffffff</color><width>2</width></LineStyle>
</Style>
<Placemark>
  <styleUrl>#style_10915</styleUrl>
  <LineString>
    <tessellate>1</tessellate>
    <altitudeMode>absolute</altitudeMode>
    <coordinates>
      0,0,0
      0,0,0
    </coordinates>
  </LineString>
</Placemark>
<Style id="style_10916">
  <LineStyle><color>ffffffff</color><width>2</width></LineStyle>
</Style>
<Placemark>
  <styleUrl>#style_10916</styleUrl>
  <LineString>
    <tessellate>1</tessellate>
    <altitudeMode>absolute</altitudeMode>
    <coordinates>
      0,0,0
      0,0,0
    </coordinates>
  </LineString>
</Placemark>
<Style id="style_10917">
  <LineStyle><color>ffffffff</color><width>2</width></LineStyle>
</Style>
<Placemark>
  <styleUrl>#style_10917</styleUrl>
  <LineString>
    <tessellate>1</tessellate>
    <altitudeMode>absolute</altitudeMode>
    <coordinates>
      0,0,0
      0,0,0
    </coordinates>
  </LineString>
</Placemark>
<Style id="style_10918">
  <LineStyle><color>ffffffff</color><width>2</width></LineStyle>
</Style>
<Placemark>
  <styleUrl>#style_10918</styleUrl>
  <LineString>
    <tessellate>1</tessellate>
    <altitudeMode>absolute</altitudeMode>
    <coordinates>
      0,0,0
      0,0,0
    </coordinates>
  </LineString>
</Placemark>
<Style id="style_10919">
  <LineStyle><color>ffffffff</color><width>2</width></LineStyle>
</Style>
<Placemark>
  <styleUrl>#style_10919</styleUrl>
  <LineString>
    <tessellate>1</tessellate>
    <altitudeMode>absolute</altitudeMode>
    <coordinates>
      0,0,0
      0,0,0
    </coordinates>
  </LineString>
</Placemark>
<Style id="style_10920">
  <LineStyle><color>ffffffff</color><width>2</width></LineStyle>
</Style>
<Placemark>
  <styleUrl>#style_10920</styleUrl>
  <LineString>
    <tessellate>1</tessellate>
    <altitudeMode>absolute</altitudeMode>
    <coordinates>
      0,0,0
      0,0,0
    </coordinates>
  </LineString>
</Placemark>
<Style id="style_10921">
  <LineStyle><color>ffffffff</color><width>2</width></LineStyle>
</Style>
<Placemark>
  <styleUrl>#style_10921</styleUrl>
  <LineString>
    <tessellate>1</tessellate>
    <altitudeMode>absolute</altitudeMode>
    <coordinates>
      0,0,0
      0,0,0
    </coordinates>
  </LineString>
</Placemark>
<Style id="style_10922">
  <LineStyle><color>ffffffff</color><width>2</width></LineStyle>
</Style>
<Placemark>
  <styleUrl>#style_10922</styleUrl>
  <LineString>
    <tessellate>1</tessellate>
    <altitudeMode>absolute</altitudeMode>
    <coordinates>
      0,0,0
      0,0,0
    </coordinates>
  </LineString>
</Placemark>
<Style id="style_10923">
  <LineStyle><color>ffffffff</color><width>2</width></LineStyle>
</Style>
<Placemark>
  <styleUrl>#style_10923</styleUrl>
  <LineString>
    <tessellate>1</tessellate>
    <altitudeMode>absolute</altitudeMode>
    <coordinates>
      0,0,0
      0,0,0
    </coordinates>
  </LineString>
</Placemark>
<Style id="style_10924">
  <LineStyle><color>ffffffff</color><width>2</width></LineStyle>
</Style>
<Placemark>
  <styleUrl>#style_10924</styleUrl>
  <LineString>
    <tessellate>1</tessellate>
    <altitudeMode>absolute</altitudeMode>
    <coordinates>
      0,0,0
      0,0,0
    </coordinates>
  </LineString>
</Placemark>
<Style id="style_10925">
  <LineStyle><color>ffffffff</color><width>2</width></LineStyle>
</Style>
<Placemark>
  <styleUrl>#style_10925</styleUrl>
  <LineString>
    <tessellate>1</tessellate>
    <altitudeMode>absolute</altitudeMode>
    <coordinates>
      0,0,0
      0,0,0
    </coordinates>
  </LineString>
</Placemark>
<Style id="style_10926">
  <LineStyle><color>ffffffff</color><width>2</width></LineStyle>
</Style>
<Placemark>
  <styleUrl>#style_10926</styleUrl>
  <LineString>
    <tessellate>1</tessellate>
    <altitudeMode>absolute</altitudeMode>
    <coordinates>
      0,0,0
      0,0,0
    </coordinates>
  </LineString>
</Placemark>
<Style id="style_10927">
  <LineStyle><color>ffffffff</color><width>2</width></LineStyle>
</Style>
<Placemark>
  <styleUrl>#style_10927</styleUrl>
  <LineString>
    <tessellate>1</tessellate>
    <altitudeMode>absolute</altitudeMode>
    <coordinates>
      0,0,0
      0,0,0
    </coordinates>
  </LineString>
</Placemark>
<Style id="style_10928">
  <LineStyle><color>ffffffff</color><width>2</width></LineStyle>
</Style>
<Placemark>
  <styleUrl>#style_10928</styleUrl>
  <LineString>
    <tessellate>1</tessellate>
    <altitudeMode>absolute</altitudeMode>
    <coordinates>
      0,0,0
      0,0,0
    </coordinates>
  </LineString>
</Placemark>
<Style id="style_10929">
  <LineStyle><color>ffffffff</color><width>2</width></LineStyle>
</Style>
<Placemark>
  <styleUrl>#style_10929</styleUrl>
  <LineString>
    <tessellate>1</tessellate>
    <altitudeMode>absolute</altitudeMode>
    <coordinates>
      0,0,0
      0,0,0
    </coordinates>
  </LineString>
</Placemark>
<Style id="style_10930">
  <LineStyle><color>ffffffff</color><width>2</width></LineStyle>
</Style>
<Placemark>
  <styleUrl>#style_10930</styleUrl>
  <LineString>
    <tessellate>1</tessellate>
    <altitudeMode>absolute</altitudeMode>
    <coordinates>
      0,0,0
      0,0,0
    </coordinates>
  </LineString>
</Placemark>
<Style id="style_10931">
  <LineStyle><color>ffffffff</color><width>2</width></LineStyle>
</Style>
<Placemark>
  <styleUrl>#style_10931</styleUrl>
  <LineString>
    <tessellate>1</tessellate>
    <altitudeMode>absolute</altitudeMode>
    <coordinates>
      0,0,0
      0,0,0
    </coordinates>
  </LineString>
</Placemark>
<Style id="style_10932">
  <LineStyle><color>ffffffff</color><width>2</width></LineStyle>
</Style>
<Placemark>
  <styleUrl>#style_10932</styleUrl>
  <LineString>
    <tessellate>1</tessellate>
    <altitudeMode>absolute</altitudeMode>
    <coordinates>
      0,0,0
      0,0,0
    </coordinates>
  </LineString>
</Placemark>
<Style id="style_10933">
  <LineStyle><color>ffffffff</color><width>2</width></LineStyle>
</Style>
<Placemark>
  <styleUrl>#style_10933</styleUrl>
  <LineString>
    <tessellate>1</tessellate>
    <altitudeMode>absolute</altitudeMode>
    <coordinates>
      0,0,0
      0,0,0
    </coordinates>
  </LineString>
</Placemark>
<Style id="style_10934">
  <LineStyle><color>ffffffff</color><width>2</width></LineStyle>
</Style>
<Placemark>
  <styleUrl>#style_10934</styleUrl>
  <LineString>
    <tessellate>1</tessellate>
    <altitudeMode>absolute</altitudeMode>
    <coordinates>
      0,0,0
      0,0,0
    </coordinates>
  </LineString>
</Placemark>
<Style id="style_10935">
  <LineStyle><color>ffffffff</color><width>2</width></LineStyle>
</Style>
<Placemark>
  <styleUrl>#style_10935</styleUrl>
  <LineString>
    <tessellate>1</tessellate>
    <altitudeMode>absolute</altitudeMode>
    <coordinates>
      0,0,0
      0,0,0
    </coordinates>
  </LineString>
</Placemark>
<Style id="style_10936">
  <LineStyle><color>ffffffff</color><width>2</width></LineStyle>
</Style>
<Placemark>
  <styleUrl>#style_10936</styleUrl>
  <LineString>
    <tessellate>1</tessellate>
    <altitudeMode>absolute</altitudeMode>
    <coordinates>
      0,0,0
      0,0,0
    </coordinates>
  </LineString>
</Placemark>
<Style id="style_10937">
  <LineStyle><color>ffffffff</color><width>2</width></LineStyle>
</Style>
<Placemark>
  <styleUrl>#style_10937</styleUrl>
  <LineString>
    <tessellate>1</tessellate>
    <altitudeMode>absolute</altitudeMode>
    <coordinates>
      0,0,0
      0,0,0
    </coordinates>
  </LineString>
</Placemark>
<Style id="style_10938">
  <LineStyle><color>ffffffff</color><width>2</width></LineStyle>
</Style>
<Placemark>
  <styleUrl>#style_10938</styleUrl>
  <LineString>
    <tessellate>1</tessellate>
    <altitudeMode>absolute</altitudeMode>
    <coordinates>
      0,0,0
      0,0,0
    </coordinates>
  </LineString>
</Placemark>
<Style id="style_10939">
  <LineStyle><color>ffffffff</color><width>2</width></LineStyle>
</Style>
<Placemark>
  <styleUrl>#style_10939</styleUrl>
  <LineString>
    <tessellate>1</tessellate>
    <altitudeMode>absolute</altitudeMode>
    <coordinates>
      0,0,0
      0,0,0
    </coordinates>
  </LineString>
</Placemark>
<Style id="style_10940">
  <LineStyle><color>ffffffff</color><width>2</width></LineStyle>
</Style>
<Placemark>
  <styleUrl>#style_10940</styleUrl>
  <LineString>
    <tessellate>1</tessellate>
    <altitudeMode>absolute</altitudeMode>
    <coordinates>
      0,0,0
      0,0,0
    </coordinates>
  </LineString>
</Placemark>
<Style id="style_10941">
  <LineStyle><color>ffffffff</color><width>2</width></LineStyle>
</Style>
<Placemark>
  <styleUrl>#style_10941</styleUrl>
  <LineString>
    <tessellate>1</tessellate>
    <altitudeMode>absolute</altitudeMode>
    <coordinates>
      0,0,0
      0,0,0
    </coordinates>
  </LineString>
</Placemark>
<Style id="style_10942">
  <LineStyle><color>ffffffff</color><width>2</width></LineStyle>
</Style>
<Placemark>
  <styleUrl>#style_10942</styleUrl>
  <LineString>
    <tessellate>1</tessellate>
    <altitudeMode>absolute</altitudeMode>
    <coordinates>
      0,0,0
      0,0,0
    </coordinates>
  </LineString>
</Placemark>
<Style id="style_10943">
  <LineStyle><color>ffffffff</color><width>2</width></LineStyle>
</Style>
<Placemark>
  <styleUrl>#style_10943</styleUrl>
  <LineString>
    <tessellate>1</tessellate>
    <altitudeMode>absolute</altitudeMode>
    <coordinates>
      0,0,0
      0,0,0
    </coordinates>
  </LineString>
</Placemark>
<Style id="style_10944">
  <LineStyle><color>ffffffff</color><width>2</width></LineStyle>
</Style>
<Placemark>
  <styleUrl>#style_10944</styleUrl>
  <LineString>
    <tessellate>1</tessellate>
    <altitudeMode>absolute</altitudeMode>
    <coordinates>
      0,0,0
      0,0,0
    </coordinates>
  </LineString>
</Placemark>
<Style id="style_10945">
  <LineStyle><color>ffffffff</color><width>2</width></LineStyle>
</Style>
<Placemark>
  <styleUrl>#style_10945</styleUrl>
  <LineString>
    <tessellate>1</tessellate>
    <altitudeMode>absolute</altitudeMode>
    <coordinates>
      0,0,0
      0,0,0
    </coordinates>
  </LineString>
</Placemark>
<Style id="style_10946">
  <LineStyle><color>ffffffff</color><width>2</width></LineStyle>
</Style>
<Placemark>
  <styleUrl>#style_10946</styleUrl>
  <LineString>
    <tessellate>1</tessellate>
    <altitudeMode>absolute</altitudeMode>
    <coordinates>
      0,0,0
      0,0,0
    </coordinates>
  </LineString>
</Placemark>
<Style id="style_10947">
  <LineStyle><color>ffffffff</color><width>2</width></LineStyle>
</Style>
<Placemark>
  <styleUrl>#style_10947</styleUrl>
  <LineString>
    <tessellate>1</tessellate>
    <altitudeMode>absolute</altitudeMode>
    <coordinates>
      0,0,0
      0,0,0
    </coordinates>
  </LineString>
</Placemark>
<Style id="style_10948">
  <LineStyle><color>ffffffff</color><width>2</width></LineStyle>
</Style>
<Placemark>
  <styleUrl>#style_10948</styleUrl>
  <LineString>
    <tessellate>1</tessellate>
    <altitudeMode>absolute</altitudeMode>
    <coordinates>
      0,0,0
      0,0,0
    </coordinates>
  </LineString>
</Placemark>
<Style id="style_10949">
  <LineStyle><color>ffffffff</color><width>2</width></LineStyle>
</Style>
<Placemark>
  <styleUrl>#style_10949</styleUrl>
  <LineString>
    <tessellate>1</tessellate>
    <altitudeMode>absolute</altitudeMode>
    <coordinates>
      0,0,0
      0,0,0
    </coordinates>
  </LineString>
</Placemark>
<Style id="style_10950">
  <LineStyle><color>ffffffff</color><width>2</width></LineStyle>
</Style>
<Placemark>
  <styleUrl>#style_10950</styleUrl>
  <LineString>
    <tessellate>1</tessellate>
    <altitudeMode>absolute</altitudeMode>
    <coordinates>
      0,0,0
      0,0,0
    </coordinates>
  </LineString>
</Placemark>
<Style id="style_10951">
  <LineStyle><color>ffffffff</color><width>2</width></LineStyle>
</Style>
<Placemark>
  <styleUrl>#style_10951</styleUrl>
  <LineString>
    <tessellate>1</tessellate>
    <altitudeMode>absolute</altitudeMode>
    <coordinates>
      0,0,0
      0,0,0
    </coordinates>
  </LineString>
</Placemark>
<Style id="style_10952">
  <LineStyle><color>ffffffff</color><width>2</width></LineStyle>
</Style>
<Placemark>
  <styleUrl>#style_10952</styleUrl>
  <LineString>
    <tessellate>1</tessellate>
    <altitudeMode>absolute</altitudeMode>
    <coordinates>
      0,0,0
      0,0,0
    </coordinates>
  </LineString>
</Placemark>
<Style id="style_10953">
  <LineStyle><color>ffffffff</color><width>2</width></LineStyle>
</Style>
<Placemark>
  <styleUrl>#style_10953</styleUrl>
  <LineString>
    <tessellate>1</tessellate>
    <altitudeMode>absolute</altitudeMode>
    <coordinates>
      0,0,0
      0,0,0
    </coordinates>
  </LineString>
</Placemark>
<Style id="style_10954">
  <LineStyle><color>ffffffff</color><width>2</width></LineStyle>
</Style>
<Placemark>
  <styleUrl>#style_10954</styleUrl>
  <LineString>
    <tessellate>1</tessellate>
    <altitudeMode>absolute</altitudeMode>
    <coordinates>
      0,0,0
      0,0,0
    </coordinates>
  </LineString>
</Placemark>
<Style id="style_10955">
  <LineStyle><color>ffffffff</color><width>2</width></LineStyle>
</Style>
<Placemark>
  <styleUrl>#style_10955</styleUrl>
  <LineString>
    <tessellate>1</tessellate>
    <altitudeMode>absolute</altitudeMode>
    <coordinates>
      0,0,0
      0,0,0
    </coordinates>
  </LineString>
</Placemark>
<Style id="style_10956">
  <LineStyle><color>ffffffff</color><width>2</width></LineStyle>
</Style>
<Placemark>
  <styleUrl>#style_10956</styleUrl>
  <LineString>
    <tessellate>1</tessellate>
    <altitudeMode>absolute</altitudeMode>
    <coordinates>
      0,0,0
      0,0,0
    </coordinates>
  </LineString>
</Placemark>
<Style id="style_10957">
  <LineStyle><color>ffffffff</color><width>2</width></LineStyle>
</Style>
<Placemark>
  <styleUrl>#style_10957</styleUrl>
  <LineString>
    <tessellate>1</tessellate>
    <altitudeMode>absolute</altitudeMode>
    <coordinates>
      0,0,0
      0,0,0
    </coordinates>
  </LineString>
</Placemark>
<Style id="style_10958">
  <LineStyle><color>ffffffff</color><width>2</width></LineStyle>
</Style>
<Placemark>
  <styleUrl>#style_10958</styleUrl>
  <LineString>
    <tessellate>1</tessellate>
    <altitudeMode>absolute</altitudeMode>
    <coordinates>
      0,0,0
      0,0,0
    </coordinates>
  </LineString>
</Placemark>
<Style id="style_10959">
  <LineStyle><color>ffffffff</color><width>2</width></LineStyle>
</Style>
<Placemark>
  <styleUrl>#style_10959</styleUrl>
  <LineString>
    <tessellate>1</tessellate>
    <altitudeMode>absolute</altitudeMode>
    <coordinates>
      0,0,0
      0,0,0
    </coordinates>
  </LineString>
</Placemark>
<Style id="style_10960">
  <LineStyle><color>ffffffff</color><width>2</width></LineStyle>
</Style>
<Placemark>
  <styleUrl>#style_10960</styleUrl>
  <LineString>
    <tessellate>1</tessellate>
    <altitudeMode>absolute</altitudeMode>
    <coordinates>
      0,0,0
      0,0,0
    </coordinates>
  </LineString>
</Placemark>
<Style id="style_10961">
  <LineStyle><color>ffffffff</color><width>2</width></LineStyle>
</Style>
<Placemark>
  <styleUrl>#style_10961</styleUrl>
  <LineString>
    <tessellate>1</tessellate>
    <altitudeMode>absolute</altitudeMode>
    <coordinates>
      0,0,0
      0,0,0
    </coordinates>
  </LineString>
</Placemark>
<Style id="style_10962">
  <LineStyle><color>ffffffff</color><width>2</width></LineStyle>
</Style>
<Placemark>
  <styleUrl>#style_10962</styleUrl>
  <LineString>
    <tessellate>1</tessellate>
    <altitudeMode>absolute</altitudeMode>
    <coordinates>
      0,0,0
      0,0,0
    </coordinates>
  </LineString>
</Placemark>
<Style id="style_10963">
  <LineStyle><color>ffffffff</color><width>2</width></LineStyle>
</Style>
<Placemark>
  <styleUrl>#style_10963</styleUrl>
  <LineString>
    <tessellate>1</tessellate>
    <altitudeMode>absolute</altitudeMode>
    <coordinates>
      0,0,0
      0,0,0
    </coordinates>
  </LineString>
</Placemark>
<Style id="style_10964">
  <LineStyle><color>ffffffff</color><width>2</width></LineStyle>
</Style>
<Placemark>
  <styleUrl>#style_10964</styleUrl>
  <LineString>
    <tessellate>1</tessellate>
    <altitudeMode>absolute</altitudeMode>
    <coordinates>
      0,0,0
      0,0,0
    </coordinates>
  </LineString>
</Placemark>
<Style id="style_10965">
  <LineStyle><color>ffffffff</color><width>2</width></LineStyle>
</Style>
<Placemark>
  <styleUrl>#style_10965</styleUrl>
  <LineString>
    <tessellate>1</tessellate>
    <altitudeMode>absolute</altitudeMode>
    <coordinates>
      0,0,0
      0,0,0
    </coordinates>
  </LineString>
</Placemark>
<Style id="style_10966">
  <LineStyle><color>ffffffff</color><width>2</width></LineStyle>
</Style>
<Placemark>
  <styleUrl>#style_10966</styleUrl>
  <LineString>
    <tessellate>1</tessellate>
    <altitudeMode>absolute</altitudeMode>
    <coordinates>
      0,0,0
      0,0,0
    </coordinates>
  </LineString>
</Placemark>
<Style id="style_10967">
  <LineStyle><color>ffffffff</color><width>2</width></LineStyle>
</Style>
<Placemark>
  <styleUrl>#style_10967</styleUrl>
  <LineString>
    <tessellate>1</tessellate>
    <altitudeMode>absolute</altitudeMode>
    <coordinates>
      0,0,0
      0,0,0
    </coordinates>
  </LineString>
</Placemark>
<Style id="style_10968">
  <LineStyle><color>ffffffff</color><width>2</width></LineStyle>
</Style>
<Placemark>
  <styleUrl>#style_10968</styleUrl>
  <LineString>
    <tessellate>1</tessellate>
    <altitudeMode>absolute</altitudeMode>
    <coordinates>
      0,0,0
      0,0,0
    </coordinates>
  </LineString>
</Placemark>
<Style id="style_10969">
  <LineStyle><color>ffffffff</color><width>2</width></LineStyle>
</Style>
<Placemark>
  <styleUrl>#style_10969</styleUrl>
  <LineString>
    <tessellate>1</tessellate>
    <altitudeMode>absolute</altitudeMode>
    <coordinates>
      0,0,0
      0,0,0
    </coordinates>
  </LineString>
</Placemark>
<Style id="style_10970">
  <LineStyle><color>ffffffff</color><width>2</width></LineStyle>
</Style>
<Placemark>
  <styleUrl>#style_10970</styleUrl>
  <LineString>
    <tessellate>1</tessellate>
    <altitudeMode>absolute</altitudeMode>
    <coordinates>
      0,0,0
      0,0,0
    </coordinates>
  </LineString>
</Placemark>
<Style id="style_10971">
  <LineStyle><color>ffffffff</color><width>2</width></LineStyle>
</Style>
<Placemark>
  <styleUrl>#style_10971</styleUrl>
  <LineString>
    <tessellate>1</tessellate>
    <altitudeMode>absolute</altitudeMode>
    <coordinates>
      0,0,0
      0,0,0
    </coordinates>
  </LineString>
</Placemark>
<Style id="style_10972">
  <LineStyle><color>ffffffff</color><width>2</width></LineStyle>
</Style>
<Placemark>
  <styleUrl>#style_10972</styleUrl>
  <LineString>
    <tessellate>1</tessellate>
    <altitudeMode>absolute</altitudeMode>
    <coordinates>
      0,0,0
      0,0,0
    </coordinates>
  </LineString>
</Placemark>
<Style id="style_10973">
  <LineStyle><color>ffffffff</color><width>2</width></LineStyle>
</Style>
<Placemark>
  <styleUrl>#style_10973</styleUrl>
  <LineString>
    <tessellate>1</tessellate>
    <altitudeMode>absolute</altitudeMode>
    <coordinates>
      0,0,0
      0,0,0
    </coordinates>
  </LineString>
</Placemark>
<Style id="style_10974">
  <LineStyle><color>ffffffff</color><width>2</width></LineStyle>
</Style>
<Placemark>
  <styleUrl>#style_10974</styleUrl>
  <LineString>
    <tessellate>1</tessellate>
    <altitudeMode>absolute</altitudeMode>
    <coordinates>
      0,0,0
      0,0,0
    </coordinates>
  </LineString>
</Placemark>
<Style id="style_10975">
  <LineStyle><color>ffffffff</color><width>2</width></LineStyle>
</Style>
<Placemark>
  <styleUrl>#style_10975</styleUrl>
  <LineString>
    <tessellate>1</tessellate>
    <altitudeMode>absolute</altitudeMode>
    <coordinates>
      0,0,0
      0,0,0
    </coordinates>
  </LineString>
</Placemark>
<Style id="style_10976">
  <LineStyle><color>ffffffff</color><width>2</width></LineStyle>
</Style>
<Placemark>
  <styleUrl>#style_10976</styleUrl>
  <LineString>
    <tessellate>1</tessellate>
    <altitudeMode>absolute</altitudeMode>
    <coordinates>
      0,0,0
      0,0,0
    </coordinates>
  </LineString>
</Placemark>
<Style id="style_10977">
  <LineStyle><color>ffffffff</color><width>2</width></LineStyle>
</Style>
<Placemark>
  <styleUrl>#style_10977</styleUrl>
  <LineString>
    <tessellate>1</tessellate>
    <altitudeMode>absolute</altitudeMode>
    <coordinates>
      0,0,0
      0,0,0
    </coordinates>
  </LineString>
</Placemark>
<Style id="style_10978">
  <LineStyle><color>ffffffff</color><width>2</width></LineStyle>
</Style>
<Placemark>
  <styleUrl>#style_10978</styleUrl>
  <LineString>
    <tessellate>1</tessellate>
    <altitudeMode>absolute</altitudeMode>
    <coordinates>
      0,0,0
      0,0,0
    </coordinates>
  </LineString>
</Placemark>
<Style id="style_10979">
  <LineStyle><color>ffffffff</color><width>2</width></LineStyle>
</Style>
<Placemark>
  <styleUrl>#style_10979</styleUrl>
  <LineString>
    <tessellate>1</tessellate>
    <altitudeMode>absolute</altitudeMode>
    <coordinates>
      0,0,0
      0,0,0
    </coordinates>
  </LineString>
</Placemark>
<Style id="style_10980">
  <LineStyle><color>ffffffff</color><width>2</width></LineStyle>
</Style>
<Placemark>
  <styleUrl>#style_10980</styleUrl>
  <LineString>
    <tessellate>1</tessellate>
    <altitudeMode>absolute</altitudeMode>
    <coordinates>
      0,0,0
      0,0,0
    </coordinates>
  </LineString>
</Placemark>
<Style id="style_10981">
  <LineStyle><color>ffffffff</color><width>2</width></LineStyle>
</Style>
<Placemark>
  <styleUrl>#style_10981</styleUrl>
  <LineString>
    <tessellate>1</tessellate>
    <altitudeMode>absolute</altitudeMode>
    <coordinates>
      0,0,0
      0,0,0
    </coordinates>
  </LineString>
</Placemark>
<Style id="style_10982">
  <LineStyle><color>ffffffff</color><width>2</width></LineStyle>
</Style>
<Placemark>
  <styleUrl>#style_10982</styleUrl>
  <LineString>
    <tessellate>1</tessellate>
    <altitudeMode>absolute</altitudeMode>
    <coordinates>
      0,0,0
      0,0,0
    </coordinates>
  </LineString>
</Placemark>
<Style id="style_10983">
  <LineStyle><color>ffffffff</color><width>2</width></LineStyle>
</Style>
<Placemark>
  <styleUrl>#style_10983</styleUrl>
  <LineString>
    <tessellate>1</tessellate>
    <altitudeMode>absolute</altitudeMode>
    <coordinates>
      0,0,0
      0,0,0
    </coordinates>
  </LineString>
</Placemark>
<Style id="style_10984">
  <LineStyle><color>ffffffff</color><width>2</width></LineStyle>
</Style>
<Placemark>
  <styleUrl>#style_10984</styleUrl>
  <LineString>
    <tessellate>1</tessellate>
    <altitudeMode>absolute</altitudeMode>
    <coordinates>
      0,0,0
      0,0,0
    </coordinates>
  </LineString>
</Placemark>
<Style id="style_10985">
  <LineStyle><color>ffffffff</color><width>2</width></LineStyle>
</Style>
<Placemark>
  <styleUrl>#style_10985</styleUrl>
  <LineString>
    <tessellate>1</tessellate>
    <altitudeMode>absolute</altitudeMode>
    <coordinates>
      0,0,0
      0,0,0
    </coordinates>
  </LineString>
</Placemark>
<Style id="style_10986">
  <LineStyle><color>ffffffff</color><width>2</width></LineStyle>
</Style>
<Placemark>
  <styleUrl>#style_10986</styleUrl>
  <LineString>
    <tessellate>1</tessellate>
    <altitudeMode>absolute</altitudeMode>
    <coordinates>
      0,0,0
      0,0,0
    </coordinates>
  </LineString>
</Placemark>
<Style id="style_10987">
  <LineStyle><color>ffffffff</color><width>2</width></LineStyle>
</Style>
<Placemark>
  <styleUrl>#style_10987</styleUrl>
  <LineString>
    <tessellate>1</tessellate>
    <altitudeMode>absolute</altitudeMode>
    <coordinates>
      0,0,0
      0,0,0
    </coordinates>
  </LineString>
</Placemark>
<Style id="style_10988">
  <LineStyle><color>ffffffff</color><width>2</width></LineStyle>
</Style>
<Placemark>
  <styleUrl>#style_10988</styleUrl>
  <LineString>
    <tessellate>1</tessellate>
    <altitudeMode>absolute</altitudeMode>
    <coordinates>
      0,0,0
      0,0,0
    </coordinates>
  </LineString>
</Placemark>
<Style id="style_10989">
  <LineStyle><color>ffffffff</color><width>2</width></LineStyle>
</Style>
<Placemark>
  <styleUrl>#style_10989</styleUrl>
  <LineString>
    <tessellate>1</tessellate>
    <altitudeMode>absolute</altitudeMode>
    <coordinates>
      0,0,0
      0,0,0
    </coordinates>
  </LineString>
</Placemark>
<Style id="style_10990">
  <LineStyle><color>ffffffff</color><width>2</width></LineStyle>
</Style>
<Placemark>
  <styleUrl>#style_10990</styleUrl>
  <LineString>
    <tessellate>1</tessellate>
    <altitudeMode>absolute</altitudeMode>
    <coordinates>
      0,0,0
      0,0,0
    </coordinates>
  </LineString>
</Placemark>
<Style id="style_10991">
  <LineStyle><color>ffffffff</color><width>2</width></LineStyle>
</Style>
<Placemark>
  <styleUrl>#style_10991</styleUrl>
  <LineString>
    <tessellate>1</tessellate>
    <altitudeMode>absolute</altitudeMode>
    <coordinates>
      0,0,0
      0,0,0
    </coordinates>
  </LineString>
</Placemark>
<Style id="style_10992">
  <LineStyle><color>ffffffff</color><width>2</width></LineStyle>
</Style>
<Placemark>
  <styleUrl>#style_10992</styleUrl>
  <LineString>
    <tessellate>1</tessellate>
    <altitudeMode>absolute</altitudeMode>
    <coordinates>
      0,0,0
      0,0,0
    </coordinates>
  </LineString>
</Placemark>
<Style id="style_10993">
  <LineStyle><color>ffffffff</color><width>2</width></LineStyle>
</Style>
<Placemark>
  <styleUrl>#style_10993</styleUrl>
  <LineString>
    <tessellate>1</tessellate>
    <altitudeMode>absolute</altitudeMode>
    <coordinates>
      0,0,0
      0,0,0
    </coordinates>
  </LineString>
</Placemark>
<Style id="style_10994">
  <LineStyle><color>ffffffff</color><width>2</width></LineStyle>
</Style>
<Placemark>
  <styleUrl>#style_10994</styleUrl>
  <LineString>
    <tessellate>1</tessellate>
    <altitudeMode>absolute</altitudeMode>
    <coordinates>
      0,0,0
      0,0,0
    </coordinates>
  </LineString>
</Placemark>
<Style id="style_10995">
  <LineStyle><color>ffffffff</color><width>2</width></LineStyle>
</Style>
<Placemark>
  <styleUrl>#style_10995</styleUrl>
  <LineString>
    <tessellate>1</tessellate>
    <altitudeMode>absolute</altitudeMode>
    <coordinates>
      0,0,0
      0,0,0
    </coordinates>
  </LineString>
</Placemark>
<Style id="style_10996">
  <LineStyle><color>ffffffff</color><width>2</width></LineStyle>
</Style>
<Placemark>
  <styleUrl>#style_10996</styleUrl>
  <LineString>
    <tessellate>1</tessellate>
    <altitudeMode>absolute</altitudeMode>
    <coordinates>
      0,0,0
      0,0,0
    </coordinates>
  </LineString>
</Placemark>
<Style id="style_10997">
  <LineStyle><color>ffffffff</color><width>2</width></LineStyle>
</Style>
<Placemark>
  <styleUrl>#style_10997</styleUrl>
  <LineString>
    <tessellate>1</tessellate>
    <altitudeMode>absolute</altitudeMode>
    <coordinates>
      0,0,0
      0,0,0
    </coordinates>
  </LineString>
</Placemark>
<Style id="style_10998">
  <LineStyle><color>ffffffff</color><width>2</width></LineStyle>
</Style>
<Placemark>
  <styleUrl>#style_10998</styleUrl>
  <LineString>
    <tessellate>1</tessellate>
    <altitudeMode>absolute</altitudeMode>
    <coordinates>
      0,0,0
      0,0,0
    </coordinates>
  </LineString>
</Placemark>
<Style id="style_10999">
  <LineStyle><color>ffffffff</color><width>2</width></LineStyle>
</Style>
<Placemark>
  <styleUrl>#style_10999</styleUrl>
  <LineString>
    <tessellate>1</tessellate>
    <altitudeMode>absolute</altitudeMode>
    <coordinates>
      0,0,0
      0,0,0
    </coordinates>
  </LineString>
</Placemark>
</Document>
</kml>