<?xml version="1.0" encoding="UTF-8"?>
<kml xmlns="http://www.opengis.net/kml/2.2" xmlns:gx="http://www.google.com/kml/ext/2.2" xmlns:kml="http://www.opengis.net/kml/2.2" xmlns:atom="http://www.w3.org/2005/Atom">
<Document>
	<name>HL8372 RKSS-KLAX PLAN</name>
	<open>1</open>
	<atom:link rel="app" href="https://www.google.com/earth/about/versions/#earth-pro" title="Google Earth Pro 7.3.7.1327"></atom:link>
	<Style id="style_10">
		<IconStyle>
			<scale>1.2</scale>
			<Icon>
				<href>https://maps.google.com/mapfiles/kml/shapes/marina.png</href>
			</Icon>
		</IconStyle>
	</Style>
	<Style id="style_10002">
		<LineStyle>
			<color>ff00ffff</color>
			<width>3</width>
		</LineStyle>
	</Style>
	<Style id="style_10003">
		<LineStyle>
			<color>ff00ffff</color>
			<width>3</width>
		</LineStyle>
	</Style>
	<Style id="style_10004">
		<LineStyle>
			<color>ff00ffff</color>
			<width>3</width>
		</LineStyle>
	</Style>
	<Style id="style_10005">
		<LineStyle>
			<color>ff00ffff</color>
			<width>3</width>
		</LineStyle>
	</Style>
	<Style id="style_10006">
		<LineStyle>
			<color>ff00ffff</color>
			<width>3</width>
		</LineStyle>
	</Style>
	<Style id="style_10007">
		<LineStyle>
			<color>ff00ffff</color>
			<width>3</width>
		</LineStyle>
	</Style>
	<Style id="style_10008">
		<LineStyle>
			<color>ff00ffff</color>
			<width>3</width>
		</LineStyle>
	</Style>
	<Style id="style_10009">
		<LineStyle>
			<color>ff00ffff</color>
			<width>3</width>
		</LineStyle>
	</Style>
	<Style id="style_10010">
		<LineStyle>
			<color>ff00ffff</color>
			<width>3</width>
		</LineStyle>
	</Style>
	<Style id="style_10011">
		<LineStyle>
			<color>ff00ffff</color>
			<width>3</width>
		</LineStyle>
	</Style>
	<Style id="style_10012">
		<LineStyle>
			<color>ff00ffff</color>
			<width>3</width>
		</LineStyle>
	</Style>
	<Style id="style_10013">
		<LineStyle>
			<color>ff00ffff</color>
			<width>3</width>
		</LineStyle>
	</Style>
	<Style id="style_10014">
		<LineStyle>
			<color>ff00ffff</color>
			<width>3</width>
		</LineStyle>
	</Style>
	<Style id="style_10015">
		<LineStyle>
			<color>ff00ffff</color>
			<width>3</width>
		</LineStyle>
	</Style>
	<Style id="style_10016">
		<LineStyle>
			<color>ff00ffff</color>
			<width>3</width>
		</LineStyle>
	</Style>
	<Style id="style_10017">
		<LineStyle>
			<color>ff00ffff</color>
			<width>3</width>
		</LineStyle>
	</Style>
	<Style id="style_10018">
		<LineStyle>
			<color>ff00ffff</color>
			<width>3</width>
		</LineStyle>
	</Style>
	<Style id="style_10019">
		<LineStyle>
			<color>ff00ffff</color>
			<width>3</width>
		</LineStyle>
	</Style>
	<Style id="style_10020">
		<LineStyle>
			<color>ff00ffff</color>
			<width>3</width>
		</LineStyle>
	</Style>
	<Style id="style_10021">
		<LineStyle>
			<color>ff00ffff</color>
			<width>3</width>
		</LineStyle>
	</Style>
	<Style id="style_10022">
		<LineStyle>
			<color>ff00ffff</color>
			<width>3</width>
		</LineStyle>
	</Style>
	<Style id="style_10023">
		<LineStyle>
			<color>ff00ffff</color>
			<width>3</width>
		</LineStyle>
	</Style>
	<Style id="style_10024">
		<LineStyle>
			<color>ff00ffff</color>
			<width>3</width>
		</LineStyle>
	</Style>
	<Style id="style_10025">
		<LineStyle>
			<color>ff00ffff</color>
			<width>3</width>
		</LineStyle>
	</Style>
	<Style id="style_10026">
		<LineStyle>
			<color>ff00ffff</color>
			<width>6</width>
		</LineStyle>
	</Style>
	<Style id="style_10027">
		<LineStyle>
			<color>ff00ffff</color>
			<width>3</width>
		</LineStyle>
	</Style>
	<Style id="style_10028">
		<LineStyle>
			<color>ff00ffff</color>
			<width>3</width>
		</LineStyle>
	</Style>
	<Style id="style_10029">
		<LineStyle>
			<color>ff00ffff</color>
			<width>3</width>
		</LineStyle>
	</Style>
	<Style id="style_10030">
		<LineStyle>
			<color>ff00ffff</color>
			<width>6</width>
		</LineStyle>
	</Style>
	<Style id="style_10031">
		<LineStyle>
			<color>ff00ffff</color>
			<width>6</width>
		</LineStyle>
	</Style>
	<Style id="style_10032">
		<LineStyle>
			<color>ff00ffff</color>
			<width>3</width>
		</LineStyle>
	</Style>
	<Style id="style_10033">
		<LineStyle>
			<color>ff00ffff</color>
			<width>3</width>
		</LineStyle>
	</Style>
	<Style id="style_10034">
		<LineStyle>
			<color>ff00ffff</color>
			<width>6</width>
		</LineStyle>
	</Style>
	<Style id="style_10035">
		<LineStyle>
			<color>ff9314ff</color>
			<width>3</width>
		</LineStyle>
	</Style>
	<Style id="style_10036">
		<LineStyle>
			<color>ff00ffff</color>
			<width>3</width>
		</LineStyle>
	</Style>
	<Style id="style_10037">
		<LineStyle>
			<color>ff00ffff</color>
			<width>3</width>
		</LineStyle>
	</Style>
	<Style id="style_10038">
		<LineStyle>
			<color>ff00ffff</color>
			<width>3</width>
		</LineStyle>
	</Style>
	<Style id="style_10039">
		<LineStyle>
			<color>ff00ffff</color>
			<width>3</width>
		</LineStyle>
	</Style>
	<Style id="style_10040">
		<LineStyle>
			<color>ff00ffff</color>
			<width>3</width>
		</LineStyle>
	</Style>
	<Style id="style_10041">
		<LineStyle>
			<color>ff00ffff</color>
			<width>3</width>
		</LineStyle>
	</Style>
	<Style id="style_10042">
		<LineStyle>
			<color>ff00ffff</color>
			<width>3</width>
		</LineStyle>
	</Style>
	<Style id="style_10043">
		<LineStyle>
			<color>ff00ffff</color>
			<width>3</width>
		</LineStyle>
	</Style>
	<Style id="style_10044">
		<LineStyle>
			<color>ff00ffff</color>
			<width>3</width>
		</LineStyle>
	</Style>
	<Style id="style_10045">
		<LineStyle>
			<color>ff00ffff</color>
			<width>3</width>
		</LineStyle>
	</Style>
	<Style id="style_10046">
		<LineStyle>
			<color>ff00ffff</color>
			<width>3</width>
		</LineStyle>
	</Style>
	<Style id="style_10047">
		<LineStyle>
			<color>ff00ffff</color>
			<width>3</width>
		</LineStyle>
	</Style>
	<Style id="style_10048">
		<LineStyle>
			<color>ff00ffff</color>
			<width>3</width>
		</LineStyle>
	</Style>
	<Style id="style_10049">
		<LineStyle>
			<color>ff00ffff</color>
			<width>3</width>
		</LineStyle>
	</Style>
	<Style id="style_10050">
		<LineStyle>
			<color>ff00ffff</color>
			<width>3</width>
		</LineStyle>
	</Style>
	<Style id="style_10051">
		<LineStyle>
			<color>ff00ffff</color>
			<width>3</width>
		</LineStyle>
	</Style>
	<Style id="style_10052">
		<LineStyle>
			<color>ff00ffff</color>
			<width>3</width>
		</LineStyle>
	</Style>
	<Style id="style_10053">
		<LineStyle>
			<color>ff00ffff</color>
			<width>3</width>
		</LineStyle>
	</Style>
	<Style id="style_10054">
		<LineStyle>
			<color>ff00ffff</color>
			<width>3</width>
		</LineStyle>
	</Style>
	<Style id="style_10055">
		<LineStyle>
			<color>ff00ffff</color>
			<width>3</width>
		</LineStyle>
	</Style>
	<Style id="style_10056">
		<LineStyle>
			<width>2</width>
		</LineStyle>
	</Style>
	<Style id="style_10057">
		<LineStyle>
			<width>2</width>
		</LineStyle>
	</Style>
	<Style id="style_10058">
		<LineStyle>
			<width>2</width>
		</LineStyle>
	</Style>
	<Style id="style_10059">
		<LineStyle>
			<width>2</width>
		</LineStyle>
	</Style>
	<Style id="style_10060">
		<LineStyle>
			<width>2</width>
		</LineStyle>
	</Style>
	<Style id="style_10061">
		<LineStyle>
			<width>2</width>
		</LineStyle>
	</Style>
	<Style id="style_10062">
		<LineStyle>
			<width>2</width>
		</LineStyle>
	</Style>
	<Style id="style_10063">
		<LineStyle>
			<width>2</width>
		</LineStyle>
	</Style>
	<Style id="style_10064">
		<LineStyle>
			<width>2</width>
		</LineStyle>
	</Style>
	<Style id="style_10065">
		<LineStyle>
			<width>2</width>
		</LineStyle>
	</Style>
	<Style id="style_10066">
		<LineStyle>
			<width>2</width>
		</LineStyle>
	</Style>
	<Style id="style_10067">
		<LineStyle>
			<width>2</width>
		</LineStyle>
	</Style>
	<Style id="style_10068">
		<LineStyle>
			<width>2</width>
		</LineStyle>
	</Style>
	<Style id="style_10069">
		<LineStyle>
			<width>2</width>
		</LineStyle>
	</Style>
	<Style id="style_10070">
		<LineStyle>
			<width>2</width>
		</LineStyle>
	</Style>
	<Style id="style_10071">
		<LineStyle>
			<width>2</width>
		</LineStyle>
	</Style>
	<Style id="style_10072">
		<LineStyle>
			<width>2</width>
		</LineStyle>
	</Style>
	<Style id="style_10073">
		<LineStyle>
			<width>2</width>
		</LineStyle>
	</Style>
	<Style id="style_10074">
		<LineStyle>
			<width>2</width>
		</LineStyle>
	</Style>
	<Style id="style_10075">
		<LineStyle>
			<width>2</width>
		</LineStyle>
	</Style>
	<Style id="style_10076">
		<LineStyle>
			<width>2</width>
		</LineStyle>
	</Style>
	<Style id="style_10077">
		<LineStyle>
			<width>2</width>
		</LineStyle>
	</Style>
	<Style id="style_10078">
		<LineStyle>
			<width>2</width>
		</LineStyle>
	</Style>
	<Style id="style_10079">
		<LineStyle>
			<width>2</width>
		</LineStyle>
	</Style>
	<Style id="style_10080">
		<LineStyle>
			<width>2</width>
		</LineStyle>
	</Style>
	<Style id="style_10081">
		<LineStyle>
			<width>2</width>
		</LineStyle>
	</Style>
	<Style id="style_10082">
		<LineStyle>
			<width>2</width>
		</LineStyle>
	</Style>
	<Style id="style_10083">
		<LineStyle>
			<width>2</width>
		</LineStyle>
	</Style>
	<Style id="style_10084">
		<LineStyle>
			<width>2</width>
		</LineStyle>
	</Style>
	<Style id="style_10085">
		<LineStyle>
			<width>2</width>
		</LineStyle>
	</Style>
	<Style id="style_10086">
		<LineStyle>
			<width>2</width>
		</LineStyle>
	</Style>
	<Style id="style_10087">
		<LineStyle>
			<width>2</width>
		</LineStyle>
	</Style>
	<Style id="style_10088">
		<LineStyle>
			<width>2</width>
		</LineStyle>
	</Style>
	<Style id="style_10089">
		<LineStyle>
			<width>2</width>
		</LineStyle>
	</Style>
	<Style id="style_10090">
		<LineStyle>
			<width>2</width>
		</LineStyle>
	</Style>
	<Style id="style_10091">
		<LineStyle>
			<width>2</width>
		</LineStyle>
	</Style>
	<Style id="style_10092">
		<LineStyle>
			<width>2</width>
		</LineStyle>
	</Style>
	<Style id="style_10093">
		<LineStyle>
			<width>2</width>
		</LineStyle>
	</Style>
	<Style id="style_10094">
		<LineStyle>
			<width>2</width>
		</LineStyle>
	</Style>
	<Style id="style_10095">
		<LineStyle>
			<width>2</width>
		</LineStyle>
	</Style>
	<Style id="style_10096">
		<LineStyle>
			<width>2</width>
		</LineStyle>
	</Style>
	<Style id="style_10097">
		<LineStyle>
			<width>2</width>
		</LineStyle>
	</Style>
	<Style id="style_10098">
		<LineStyle>
			<width>2</width>
		</LineStyle>
	</Style>
	<Style id="style_10099">
		<LineStyle>
			<width>2</width>
		</LineStyle>
	</Style>
	<Style id="style_10100">
		<LineStyle>
			<width>2</width>
		</LineStyle>
	</Style>
	<Style id="style_10101">
		<LineStyle>
			<width>2</width>
		</LineStyle>
	</Style>
	<Style id="style_10102">
		<LineStyle>
			<width>2</width>
		</LineStyle>
	</Style>
	<Style id="style_10103">
		<LineStyle>
			<width>2</width>
		</LineStyle>
	</Style>
	<Style id="style_10104">
		<LineStyle>
			<width>2</width>
		</LineStyle>
	</Style>
	<Style id="style_10105">
		<LineStyle>
			<width>2</width>
		</LineStyle>
	</Style>
	<Style id="style_10106">
		<LineStyle>
			<width>2</width>
		</LineStyle>
	</Style>
	<Style id="style_10107">
		<LineStyle>
			<width>2</width>
		</LineStyle>
	</Style>
	<Style id="style_10108">
		<LineStyle>
			<width>2</width>
		</LineStyle>
	</Style>
	<Style id="style_10109">
		<LineStyle>
			<width>2</width>
		</LineStyle>
	</Style>
	<Style id="style_10110">
		<LineStyle>
			<width>2</width>
		</LineStyle>
	</Style>
	<Style id="style_10111">
		<LineStyle>
			<width>2</width>
		</LineStyle>
	</Style>
	<Style id="style_10112">
		<LineStyle>
			<width>2</width>
		</LineStyle>
	</Style>
	<Style id="style_10113">
		<LineStyle>
			<width>2</width>
		</LineStyle>
	</Style>
	<Style id="style_10114">
		<LineStyle>
			<width>2</width>
		</LineStyle>
	</Style>
	<Style id="style_10115">
		<LineStyle>
			<width>2</width>
		</LineStyle>
	</Style>
	<Style id="style_10116">
		<LineStyle>
			<width>2</width>
		</LineStyle>
	</Style>
	<Style id="style_10117">
		<LineStyle>
			<width>2</width>
		</LineStyle>
	</Style>
	<Style id="style_10118">
		<LineStyle>
			<width>2</width>
		</LineStyle>
	</Style>
	<Style id="style_10119">
		<LineStyle>
			<width>2</width>
		</LineStyle>
	</Style>
	<Style id="style_10120">
		<LineStyle>
			<width>2</width>
		</LineStyle>
	</Style>
	<Style id="style_10121">
		<LineStyle>
			<width>2</width>
		</LineStyle>
	</Style>
	<Style id="style_10122">
		<LineStyle>
			<width>2</width>
		</LineStyle>
	</Style>
	<Style id="style_10123">
		<LineStyle>
			<width>2</width>
		</LineStyle>
	</Style>
	<Style id="style_10124">
		<LineStyle>
			<width>2</width>
		</LineStyle>
	</Style>
	<Style id="style_10125">
		<LineStyle>
			<width>2</width>
		</LineStyle>
	</Style>
	<Style id="style_10126">
		<LineStyle>
			<width>2</width>
		</LineStyle>
	</Style>
	<Style id="style_10127">
		<LineStyle>
			<width>2</width>
		</LineStyle>
	</Style>
	<Style id="style_10128">
		<LineStyle>
			<width>2</width>
		</LineStyle>
	</Style>
	<Style id="style_10129">
		<LineStyle>
			<width>2</width>
		</LineStyle>
	</Style>
	<Style id="style_10130">
		<LineStyle>
			<width>2</width>
		</LineStyle>
	</Style>
	<Style id="style_10131">
		<LineStyle>
			<width>2</width>
		</LineStyle>
	</Style>
	<Style id="style_10132">
		<LineStyle>
			<width>2</width>
		</LineStyle>
	</Style>
	<Style id="style_10133">
		<LineStyle>
			<width>2</width>
		</LineStyle>
	</Style>
	<Style id="style_10134">
		<LineStyle>
			<width>2</width>
		</LineStyle>
	</Style>
	<Style id="style_10135">
		<LineStyle>
			<width>2</width>
		</LineStyle>
	</Style>
	<Style id="style_10136">
		<LineStyle>
			<width>2</width>
		</LineStyle>
	</Style>
	<Style id="style_10137">
		<LineStyle>
			<width>2</width>
		</LineStyle>
	</Style>
	<Style id="style_10138">
		<LineStyle>
			<width>2</width>
		</LineStyle>
	</Style>
	<Style id="style_10139">
		<LineStyle>
			<width>2</width>
		</LineStyle>
	</Style>
	<Style id="style_10140">
		<LineStyle>
			<width>2</width>
		</LineStyle>
	</Style>
	<Style id="style_10141">
		<LineStyle>
			<width>2</width>
		</LineStyle>
	</Style>
	<Style id="style_10142">
		<LineStyle>
			<width>2</width>
		</LineStyle>
	</Style>
	<Style id="style_10143">
		<LineStyle>
			<width>2</width>
		</LineStyle>
	</Style>
	<Style id="style_10144">
		<LineStyle>
			<width>2</width>
		</LineStyle>
	</Style>
	<Style id="style_10145">
		<LineStyle>
			<width>2</width>
		</LineStyle>
	</Style>
	<Style id="style_10146">
		<LineStyle>
			<width>2</width>
		</LineStyle>
	</Style>
	<Style id="style_10147">
		<LineStyle>
			<width>2</width>
		</LineStyle>
	</Style>
	<Style id="style_10148">
		<LineStyle>
			<width>2</width>
		</LineStyle>
	</Style>
	<Style id="style_10149">
		<LineStyle>
			<width>2</width>
		</LineStyle>
	</Style>
	<Style id="style_10150">
		<LineStyle>
			<width>2</width>
		</LineStyle>
	</Style>
	<Style id="style_10151">
		<LineStyle>
			<width>2</width>
		</LineStyle>
	</Style>
	<Style id="style_10152">
		<LineStyle>
			<width>2</width>
		</LineStyle>
	</Style>
	<Style id="style_10153">
		<LineStyle>
			<width>2</width>
		</LineStyle>
	</Style>
	<Style id="style_10154">
		<LineStyle>
			<width>2</width>
		</LineStyle>
	</Style>
	<Style id="style_10155">
		<LineStyle>
			<width>2</width>
		</LineStyle>
	</Style>
	<Style id="style_10156">
		<LineStyle>
			<width>2</width>
		</LineStyle>
	</Style>
	<Style id="style_10157">
		<LineStyle>
			<width>2</width>
		</LineStyle>
	</Style>
	<Style id="style_10158">
		<LineStyle>
			<width>2</width>
		</LineStyle>
	</Style>
	<Style id="style_10159">
		<LineStyle>
			<width>2</width>
		</LineStyle>
	</Style>
	<Style id="style_10160">
		<LineStyle>
			<width>2</width>
		</LineStyle>
	</Style>
	<Style id="style_10161">
		<LineStyle>
			<width>2</width>
		</LineStyle>
	</Style>
	<Style id="style_10162">
		<LineStyle>
			<width>2</width>
		</LineStyle>
	</Style>
	<Style id="style_10163">
		<LineStyle>
			<width>2</width>
		</LineStyle>
	</Style>
	<Style id="style_10164">
		<LineStyle>
			<width>2</width>
		</LineStyle>
	</Style>
	<Style id="style_10165">
		<LineStyle>
			<width>2</width>
		</LineStyle>
	</Style>
	<Style id="style_10166">
		<LineStyle>
			<width>2</width>
		</LineStyle>
	</Style>
	<Style id="style_10167">
		<LineStyle>
			<width>2</width>
		</LineStyle>
	</Style>
	<Style id="style_10168">
		<LineStyle>
			<width>2</width>
		</LineStyle>
	</Style>
	<Style id="style_10169">
		<LineStyle>
			<width>2</width>
		</LineStyle>
	</Style>
	<Style id="style_10170">
		<LineStyle>
			<width>2</width>
		</LineStyle>
	</Style>
	<Style id="style_10171">
		<LineStyle>
			<width>2</width>
		</LineStyle>
	</Style>
	<Style id="style_10172">
		<LineStyle>
			<width>2</width>
		</LineStyle>
	</Style>
	<Style id="style_10173">
		<LineStyle>
			<width>2</width>
		</LineStyle>
	</Style>
	<Style id="style_10174">
		<LineStyle>
			<width>2</width>
		</LineStyle>
	</Style>
	<Style id="style_10175">
		<LineStyle>
			<width>2</width>
		</LineStyle>
	</Style>
	<Style id="style_10176">
		<LineStyle>
			<width>2</width>
		</LineStyle>
	</Style>
	<Style id="style_10177">
		<LineStyle>
			<width>2</width>
		</LineStyle>
	</Style>
	<Style id="style_10178">
		<LineStyle>
			<width>2</width>
		</LineStyle>
	</Style>
	<Style id="style_10179">
		<LineStyle>
			<width>2</width>
		</LineStyle>
	</Style>
	<Style id="style_10180">
		<LineStyle>
			<width>2</width>
		</LineStyle>
	</Style>
	<Style id="style_10181">
		<LineStyle>
			<width>2</width>
		</LineStyle>
	</Style>
	<Style id="style_10182">
		<LineStyle>
			<width>2</width>
		</LineStyle>
	</Style>
	<Style id="style_10183">
		<LineStyle>
			<width>2</width>
		</LineStyle>
	</Style>
	<Style id="style_10184">
		<LineStyle>
			<width>2</width>
		</LineStyle>
	</Style>
	<Style id="style_10185">
		<LineStyle>
			<width>2</width>
		</LineStyle>
	</Style>
	<Style id="style_10186">
		<LineStyle>
			<width>2</width>
		</LineStyle>
	</Style>
	<Style id="style_10187">
		<LineStyle>
			<width>2</width>
		</LineStyle>
	</Style>
	<Style id="style_10188">
		<LineStyle>
			<width>2</width>
		</LineStyle>
	</Style>
	<Style id="style_10189">
		<LineStyle>
			<width>2</width>
		</LineStyle>
	</Style>
	<Style id="style_10190">
		<LineStyle>
			<width>2</width>
		</LineStyle>
	</Style>
	<Style id="style_10191">
		<LineStyle>
			<width>2</width>
		</LineStyle>
	</Style>
	<Style id="style_10192">
		<LineStyle>
			<width>2</width>
		</LineStyle>
	</Style>
	<Style id="style_10193">
		<LineStyle>
			<width>2</width>
		</LineStyle>
	</Style>
	<Style id="style_10194">
		<LineStyle>
			<width>2</width>
		</LineStyle>
	</Style>
	<Style id="style_10195">
		<LineStyle>
			<width>2</width>
		</LineStyle>
	</Style>
	<Style id="style_10196">
		<LineStyle>
			<width>2</width>
		</LineStyle>
	</Style>
	<Style id="style_10197">
		<LineStyle>
			<width>2</width>
		</LineStyle>
	</Style>
	<Style id="style_10198">
		<LineStyle>
			<width>2</width>
		</LineStyle>
	</Style>
	<Style id="style_10199">
		<LineStyle>
			<width>2</width>
		</LineStyle>
	</Style>
	<Style id="style_10200">
		<LineStyle>
			<width>2</width>
		</LineStyle>
	</Style>
	<Style id="style_10201">
		<LineStyle>
			<width>2</width>
		</LineStyle>
	</Style>
	<Style id="style_10202">
		<LineStyle>
			<width>2</width>
		</LineStyle>
	</Style>
	<Style id="style_10203">
		<LineStyle>
			<width>2</width>
		</LineStyle>
	</Style>
	<Style id="style_10204">
		<LineStyle>
			<width>2</width>
		</LineStyle>
	</Style>
	<Style id="style_10205">
		<LineStyle>
			<width>2</width>
		</LineStyle>
	</Style>
	<Style id="style_10206">
		<LineStyle>
			<width>2</width>
		</LineStyle>
	</Style>
	<Style id="style_10207">
		<LineStyle>
			<width>2</width>
		</LineStyle>
	</Style>
	<Style id="style_10208">
		<LineStyle>
			<width>2</width>
		</LineStyle>
	</Style>
	<Style id="style_10209">
		<LineStyle>
			<width>2</width>
		</LineStyle>
	</Style>
	<Style id="style_10210">
		<LineStyle>
			<width>2</width>
		</LineStyle>
	</Style>
	<Style id="style_10211">
		<LineStyle>
			<width>2</width>
		</LineStyle>
	</Style>
	<Style id="style_10212">
		<LineStyle>
			<width>2</width>
		</LineStyle>
	</Style>
	<Style id="style_10213">
		<LineStyle>
			<width>2</width>
		</LineStyle>
	</Style>
	<Style id="style_10214">
		<LineStyle>
			<width>2</width>
		</LineStyle>
	</Style>
	<Style id="style_10215">
		<LineStyle>
			<width>2</width>
		</LineStyle>
	</Style>
	<Style id="style_10216">
		<LineStyle>
			<width>2</width>
		</LineStyle>
	</Style>
	<Style id="style_10217">
		<LineStyle>
			<width>2</width>
		</LineStyle>
	</Style>
	<Style id="style_10218">
		<LineStyle>
			<width>2</width>
		</LineStyle>
	</Style>
	<Style id="style_10219">
		<LineStyle>
			<width>2</width>
		</LineStyle>
	</Style>
	<Style id="style_10220">
		<LineStyle>
			<width>2</width>
		</LineStyle>
	</Style>
	<Style id="style_10221">
		<LineStyle>
			<width>2</width>
		</LineStyle>
	</Style>
	<Style id="style_10222">
		<LineStyle>
			<width>2</width>
		</LineStyle>
	</Style>
	<Style id="style_10223">
		<LineStyle>
			<width>2</width>
		</LineStyle>
	</Style>
	<Style id="style_10224">
		<LineStyle>
			<width>2</width>
		</LineStyle>
	</Style>
	<Style id="style_10225">
		<LineStyle>
			<width>2</width>
		</LineStyle>
	</Style>
	<Style id="style_10226">
		<LineStyle>
			<width>2</width>
		</LineStyle>
	</Style>
	<Style id="style_10227">
		<LineStyle>
			<width>2</width>
		</LineStyle>
	</Style>
	<Style id="style_10228">
		<LineStyle>
			<width>2</width>
		</LineStyle>
	</Style>
	<Style id="style_10229">
		<LineStyle>
			<width>2</width>
		</LineStyle>
	</Style>
	<Style id="style_10230">
		<LineStyle>
			<width>2</width>
		</LineStyle>
	</Style>
	<Style id="style_10231">
		<LineStyle>
			<width>2</width>
		</LineStyle>
	</Style>
	<Style id="style_10232">
		<LineStyle>
			<width>2</width>
		</LineStyle>
	</Style>
	<Style id="style_10233">
		<LineStyle>
			<width>2</width>
		</LineStyle>
	</Style>
	<Style id="style_10234">
		<LineStyle>
			<width>2</width>
		</LineStyle>
	</Style>
	<Style id="style_10235">
		<LineStyle>
			<width>2</width>
		</LineStyle>
	</Style>
	<Style id="style_10236">
		<LineStyle>
			<width>2</width>
		</LineStyle>
	</Style>
	<Style id="style_10237">
		<LineStyle>
			<width>2</width>
		</LineStyle>
	</Style>
	<Style id="style_10238">
		<LineStyle>
			<width>2</width>
		</LineStyle>
	</Style>
	<Style id="style_10239">
		<LineStyle>
			<width>2</width>
		</LineStyle>
	</Style>
	<Style id="style_10240">
		<LineStyle>
			<width>2</width>
		</LineStyle>
	</Style>
	<Style id="style_10241">
		<LineStyle>
			<width>2</width>
		</LineStyle>
	</Style>
	<Style id="style_10242">
		<LineStyle>
			<width>2</width>
		</LineStyle>
	</Style>
	<Style id="style_10243">
		<LineStyle>
			<width>2</width>
		</LineStyle>
	</Style>
	<Style id="style_10244">
		<LineStyle>
			<width>2</width>
		</LineStyle>
	</Style>
	<Style id="style_10245">
		<LineStyle>
			<width>2</width>
		</LineStyle>
	</Style>
	<Style id="style_10246">
		<LineStyle>
			<width>2</width>
		</LineStyle>
	</Style>
	<Style id="style_10247">
		<LineStyle>
			<width>2</width>
		</LineStyle>
	</Style>
	<Style id="style_10248">
		<LineStyle>
			<width>2</width>
		</LineStyle>
	</Style>
	<Style id="style_10249">
		<LineStyle>
			<width>2</width>
		</LineStyle>
	</Style>
	<Style id="style_10250">
		<LineStyle>
			<width>2</width>
		</LineStyle>
	</Style>
	<Style id="style_10251">
		<LineStyle>
			<width>2</width>
		</LineStyle>
	</Style>
	<Style id="style_10252">
		<LineStyle>
			<width>2</width>
		</LineStyle>
	</Style>
	<Style id="style_10253">
		<LineStyle>
			<width>2</width>
		</LineStyle>
	</Style>
	<Style id="style_10254">
		<LineStyle>
			<width>2</width>
		</LineStyle>
	</Style>
	<Style id="style_10255">
		<LineStyle>
			<width>2</width>
		</LineStyle>
	</Style>
	<Style id="style_10256">
		<LineStyle>
			<width>2</width>
		</LineStyle>
	</Style>
	<Style id="style_10257">
		<LineStyle>
			<width>2</width>
		</LineStyle>
	</Style>
	<Style id="style_10258">
		<LineStyle>
			<width>2</width>
		</LineStyle>
	</Style>
	<Style id="style_10259">
		<LineStyle>
			<width>2</width>
		</LineStyle>
	</Style>
	<Style id="style_10260">
		<LineStyle>
			<width>2</width>
		</LineStyle>
	</Style>
	<Style id="style_10261">
		<LineStyle>
			<width>2</width>
		</LineStyle>
	</Style>
	<Style id="style_10262">
		<LineStyle>
			<width>2</width>
		</LineStyle>
	</Style>
	<Style id="style_10263">
		<LineStyle>
			<width>2</width>
		</LineStyle>
	</Style>
	<Style id="style_10264">
		<LineStyle>
			<width>2</width>
		</LineStyle>
	</Style>
	<Style id="style_10265">
		<LineStyle>
			<width>2</width>
		</LineStyle>
	</Style>
	<Style id="style_10266">
		<LineStyle>
			<width>2</width>
		</LineStyle>
	</Style>
	<Style id="style_10267">
		<LineStyle>
			<width>2</width>
		</LineStyle>
	</Style>
	<Style id="style_10268">
		<LineStyle>
			<width>2</width>
		</LineStyle>
	</Style>
	<Style id="style_10269">
		<LineStyle>
			<width>2</width>
		</LineStyle>
	</Style>
	<Style id="style_10270">
		<LineStyle>
			<width>2</width>
		</LineStyle>
	</Style>
	<Style id="style_10271">
		<LineStyle>
			<width>2</width>
		</LineStyle>
	</Style>
	<Style id="style_10272">
		<LineStyle>
			<width>2</width>
		</LineStyle>
	</Style>
	<Style id="style_10273">
		<LineStyle>
			<width>2</width>
		</LineStyle>
	</Style>
	<Style id="style_10274">
		<LineStyle>
			<width>2</width>
		</LineStyle>
	</Style>
	<Style id="style_10275">
		<LineStyle>
			<width>2</width>
		</LineStyle>
	</Style>
	<Style id="style_10276">
		<LineStyle>
			<width>2</width>
		</LineStyle>
	</Style>
	<Style id="style_10277">
		<LineStyle>
			<width>2</width>
		</LineStyle>
	</Style>
	<Style id="style_10278">
		<LineStyle>
			<width>2</width>
		</LineStyle>
	</Style>
	<Style id="style_10279">
		<LineStyle>
			<width>2</width>
		</LineStyle>
	</Style>
	<Style id="style_10280">
		<LineStyle>
			<width>2</width>
		</LineStyle>
	</Style>
	<Style id="style_10281">
		<LineStyle>
			<width>2</width>
		</LineStyle>
	</Style>
	<Style id="style_10282">
		<LineStyle>
			<width>2</width>
		</LineStyle>
	</Style>
	<Style id="style_10283">
		<LineStyle>
			<width>2</width>
		</LineStyle>
	</Style>
	<Style id="style_10284">
		<LineStyle>
			<width>2</width>
		</LineStyle>
	</Style>
	<Style id="style_10285">
		<LineStyle>
			<width>2</width>
		</LineStyle>
	</Style>
	<Style id="style_10286">
		<LineStyle>
			<width>2</width>
		</LineStyle>
	</Style>
	<Style id="style_10287">
		<LineStyle>
			<width>2</width>
		</LineStyle>
	</Style>
	<Style id="style_10288">
		<LineStyle>
			<width>2</width>
		</LineStyle>
	</Style>
	<Style id="style_10289">
		<LineStyle>
			<width>2</width>
		</LineStyle>
	</Style>
	<Style id="style_10290">
		<LineStyle>
			<width>2</width>
		</LineStyle>
	</Style>
	<Style id="style_10291">
		<LineStyle>
			<width>2</width>
		</LineStyle>
	</Style>
	<Style id="style_10292">
		<LineStyle>
			<width>2</width>
		</LineStyle>
	</Style>
	<Style id="style_10293">
		<LineStyle>
			<width>2</width>
		</LineStyle>
	</Style>
	<Style id="style_10294">
		<LineStyle>
			<width>2</width>
		</LineStyle>
	</Style>
	<Style id="style_10295">
		<LineStyle>
			<width>2</width>
		</LineStyle>
	</Style>
	<Style id="style_10296">
		<LineStyle>
			<width>2</width>
		</LineStyle>
	</Style>
	<Style id="style_10297">
		<LineStyle>
			<width>2</width>
		</LineStyle>
	</Style>
	<Style id="style_10298">
		<LineStyle>
			<width>2</width>
		</LineStyle>
	</Style>
	<Style id="style_10299">
		<LineStyle>
			<width>2</width>
		</LineStyle>
	</Style>
	<Style id="style_10300">
		<LineStyle>
			<width>2</width>
		</LineStyle>
	</Style>
	<Style id="style_10301">
		<LineStyle>
			<width>2</width>
		</LineStyle>
	</Style>
	<Style id="style_10302">
		<LineStyle>
			<width>2</width>
		</LineStyle>
	</Style>
	<Style id="style_10303">
		<LineStyle>
			<width>2</width>
		</LineStyle>
	</Style>
	<Style id="style_10304">
		<LineStyle>
			<width>2</width>
		</LineStyle>
	</Style>
	<Style id="style_10305">
		<LineStyle>
			<width>2</width>
		</LineStyle>
	</Style>
	<Style id="style_10306">
		<LineStyle>
			<width>2</width>
		</LineStyle>
	</Style>
	<Style id="style_10307">
		<LineStyle>
			<width>2</width>
		</LineStyle>
	</Style>
	<Style id="style_10308">
		<LineStyle>
			<width>2</width>
		</LineStyle>
	</Style>
	<Style id="style_10309">
		<LineStyle>
			<width>2</width>
		</LineStyle>
	</Style>
	<Style id="style_10310">
		<LineStyle>
			<width>2</width>
		</LineStyle>
	</Style>
	<Style id="style_10311">
		<LineStyle>
			<width>2</width>
		</LineStyle>
	</Style>
	<Style id="style_10312">
		<LineStyle>
			<width>2</width>
		</LineStyle>
	</Style>
	<Style id="style_10313">
		<LineStyle>
			<width>2</width>
		</LineStyle>
	</Style>
	<Style id="style_10314">
		<LineStyle>
			<width>2</width>
		</LineStyle>
	</Style>
	<Style id="style_10315">
		<LineStyle>
			<width>2</width>
		</LineStyle>
	</Style>
	<Style id="style_10316">
		<LineStyle>
			<width>2</width>
		</LineStyle>
	</Style>
	<Style id="style_10317">
		<LineStyle>
			<width>2</width>
		</LineStyle>
	</Style>
	<Style id="style_10318">
		<LineStyle>
			<width>2</width>
		</LineStyle>
	</Style>
	<Style id="style_10319">
		<LineStyle>
			<width>2</width>
		</LineStyle>
	</Style>
	<Style id="style_10320">
		<LineStyle>
			<width>2</width>
		</LineStyle>
	</Style>
	<Style id="style_10321">
		<LineStyle>
			<width>2</width>
		</LineStyle>
	</Style>
	<Style id="style_10322">
		<LineStyle>
			<width>2</width>
		</LineStyle>
	</Style>
	<Style id="style_10323">
		<LineStyle>
			<width>2</width>
		</LineStyle>
	</Style>
	<Style id="style_10324">
		<LineStyle>
			<width>2</width>
		</LineStyle>
	</Style>
	<Style id="style_10325">
		<LineStyle>
			<width>2</width>
		</LineStyle>
	</Style>
	<Style id="style_10326">
		<LineStyle>
			<width>2</width>
		</LineStyle>
	</Style>
	<Style id="style_10327">
		<LineStyle>
			<width>2</width>
		</LineStyle>
	</Style>
	<Style id="style_10328">
		<LineStyle>
			<width>2</width>
		</LineStyle>
	</Style>
	<Style id="style_10329">
		<LineStyle>
			<width>2</width>
		</LineStyle>
	</Style>
	<Style id="style_10330">
		<LineStyle>
			<width>2</width>
		</LineStyle>
	</Style>
	<Style id="style_10331">
		<LineStyle>
			<width>2</width>
		</LineStyle>
	</Style>
	<Style id="style_10332">
		<LineStyle>
			<width>2</width>
		</LineStyle>
	</Style>
	<Style id="style_10333">
		<LineStyle>
			<width>2</width>
		</LineStyle>
	</Style>
	<Style id="style_10334">
		<LineStyle>
			<width>2</width>
		</LineStyle>
	</Style>
	<Style id="style_10335">
		<LineStyle>
			<width>2</width>
		</LineStyle>
	</Style>
	<Style id="style_10336">
		<LineStyle>
			<width>2</width>
		</LineStyle>
	</Style>
	<Style id="style_10337">
		<LineStyle>
			<width>2</width>
		</LineStyle>
	</Style>
	<Style id="style_10338">
		<LineStyle>
			<width>2</width>
		</LineStyle>
	</Style>
	<Style id="style_10339">
		<LineStyle>
			<width>2</width>
		</LineStyle>
	</Style>
	<Style id="style_10340">
		<LineStyle>
			<width>2</width>
		</LineStyle>
	</Style>
	<Style id="style_10341">
		<LineStyle>
			<width>2</width>
		</LineStyle>
	</Style>
	<Style id="style_10342">
		<LineStyle>
			<width>2</width>
		</LineStyle>
	</Style>
	<Style id="style_10343">
		<LineStyle>
			<width>2</width>
		</LineStyle>
	</Style>
	<Style id="style_10344">
		<LineStyle>
			<width>2</width>
		</LineStyle>
	</Style>
	<Style id="style_10345">
		<LineStyle>
			<width>2</width>
		</LineStyle>
	</Style>
	<Style id="style_10346">
		<LineStyle>
			<width>2</width>
		</LineStyle>
	</Style>
	<Style id="style_10347">
		<LineStyle>
			<width>2</width>
		</LineStyle>
	</Style>
	<Style id="style_10348">
		<LineStyle>
			<width>2</width>
		</LineStyle>
	</Style>
	<Style id="style_10349">
		<LineStyle>
			<width>2</width>
		</LineStyle>
	</Style>
	<Style id="style_10350">
		<LineStyle>
			<width>2</width>
		</LineStyle>
	</Style>
	<Style id="style_10351">
		<LineStyle>
			<width>2</width>
		</LineStyle>
	</Style>
	<Style id="style_10352">
		<LineStyle>
			<width>2</width>
		</LineStyle>
	</Style>
	<Style id="style_10353">
		<LineStyle>
			<width>2</width>
		</LineStyle>
	</Style>
	<Style id="style_10354">
		<LineStyle>
			<width>2</width>
		</LineStyle>
	</Style>
	<Style id="style_10355">
		<LineStyle>
			<width>2</width>
		</LineStyle>
	</Style>
	<Style id="style_10356">
		<LineStyle>
			<width>2</width>
		</LineStyle>
	</Style>
	<Style id="style_10357">
		<LineStyle>
			<width>2</width>
		</LineStyle>
	</Style>
	<Style id="style_10358">
		<LineStyle>
			<width>2</width>
		</LineStyle>
	</Style>
	<Style id="style_10359">
		<LineStyle>
			<width>2</width>
		</LineStyle>
	</Style>
	<Style id="style_10360">
		<LineStyle>
			<width>2</width>
		</LineStyle>
	</Style>
	<Style id="style_10361">
		<LineStyle>
			<width>2</width>
		</LineStyle>
	</Style>
	<Style id="style_10362">
		<LineStyle>
			<width>2</width>
		</LineStyle>
	</Style>
	<Style id="style_10363">
		<LineStyle>
			<width>2</width>
		</LineStyle>
	</Style>
	<Style id="style_10364">
		<LineStyle>
			<width>2</width>
		</LineStyle>
	</Style>
	<Style id="style_10365">
		<LineStyle>
			<width>2</width>
		</LineStyle>
	</Style>
	<Style id="style_10366">
		<LineStyle>
			<width>2</width>
		</LineStyle>
	</Style>
	<Style id="style_10367">
		<LineStyle>
			<width>2</width>
		</LineStyle>
	</Style>
	<Style id="style_10368">
		<LineStyle>
			<width>2</width>
		</LineStyle>
	</Style>
	<Style id="style_10369">
		<LineStyle>
			<width>2</width>
		</LineStyle>
	</Style>
	<Style id="style_10370">
		<LineStyle>
			<width>2</width>
		</LineStyle>
	</Style>
	<Style id="style_10371">
		<LineStyle>
			<width>2</width>
		</LineStyle>
	</Style>
	<Style id="style_10372">
		<LineStyle>
			<width>2</width>
		</LineStyle>
	</Style>
	<Style id="style_10373">
		<LineStyle>
			<width>2</width>
		</LineStyle>
	</Style>
	<Style id="style_10374">
		<LineStyle>
			<width>2</width>
		</LineStyle>
	</Style>
	<Style id="style_10375">
		<LineStyle>
			<width>2</width>
		</LineStyle>
	</Style>
	<Style id="style_10376">
		<LineStyle>
			<width>2</width>
		</LineStyle>
	</Style>
	<Style id="style_10377">
		<LineStyle>
			<width>2</width>
		</LineStyle>
	</Style>
	<Style id="style_10378">
		<LineStyle>
			<width>2</width>
		</LineStyle>
	</Style>
	<Style id="style_10379">
		<LineStyle>
			<width>2</width>
		</LineStyle>
	</Style>
	<Style id="style_10380">
		<LineStyle>
			<width>2</width>
		</LineStyle>
	</Style>
	<Style id="style_10381">
		<LineStyle>
			<width>2</width>
		</LineStyle>
	</Style>
	<Style id="style_10382">
		<LineStyle>
			<width>2</width>
		</LineStyle>
	</Style>
	<Style id="style_10383">
		<LineStyle>
			<width>2</width>
		</LineStyle>
	</Style>
	<Style id="style_10384">
		<LineStyle>
			<width>2</width>
		</LineStyle>
	</Style>
	<Style id="style_10385">
		<LineStyle>
			<width>2</width>
		</LineStyle>
	</Style>
	<Style id="style_10386">
		<LineStyle>
			<width>2</width>
		</LineStyle>
	</Style>
	<Style id="style_10387">
		<LineStyle>
			<width>2</width>
		</LineStyle>
	</Style>
	<Style id="style_10388">
		<LineStyle>
			<width>2</width>
		</LineStyle>
	</Style>
	<Style id="style_10389">
		<LineStyle>
			<width>2</width>
		</LineStyle>
	</Style>
	<Style id="style_10390">
		<LineStyle>
			<width>2</width>
		</LineStyle>
	</Style>
	<Style id="style_10391">
		<LineStyle>
			<width>2</width>
		</LineStyle>
	</Style>
	<Style id="style_10392">
		<LineStyle>
			<width>2</width>
		</LineStyle>
	</Style>
	<Style id="style_10393">
		<LineStyle>
			<width>2</width>
		</LineStyle>
	</Style>
	<Style id="style_10394">
		<LineStyle>
			<width>2</width>
		</LineStyle>
	</Style>
	<Style id="style_10395">
		<LineStyle>
			<width>2</width>
		</LineStyle>
	</Style>
	<Style id="style_10396">
		<LineStyle>
			<width>2</width>
		</LineStyle>
	</Style>
	<Style id="style_10397">
		<LineStyle>
			<width>2</width>
		</LineStyle>
	</Style>
	<Style id="style_10398">
		<LineStyle>
			<width>2</width>
		</LineStyle>
	</Style>
	<Style id="style_10399">
		<LineStyle>
			<width>2</width>
		</LineStyle>
	</Style>
	<Style id="style_10400">
		<LineStyle>
			<width>2</width>
		</LineStyle>
	</Style>
	<Style id="style_10401">
		<LineStyle>
			<width>2</width>
		</LineStyle>
	</Style>
	<Style id="style_10402">
		<LineStyle>
			<width>2</width>
		</LineStyle>
	</Style>
	<Style id="style_10403">
		<LineStyle>
			<width>2</width>
		</LineStyle>
	</Style>
	<Style id="style_10404">
		<LineStyle>
			<width>2</width>
		</LineStyle>
	</Style>
	<Style id="style_10405">
		<LineStyle>
			<width>2</width>
		</LineStyle>
	</Style>
	<Style id="style_10406">
		<LineStyle>
			<width>2</width>
		</LineStyle>
	</Style>
	<Style id="style_10407">
		<LineStyle>
			<width>2</width>
		</LineStyle>
	</Style>
	<Style id="style_10408">
		<LineStyle>
			<width>2</width>
		</LineStyle>
	</Style>
	<Style id="style_10409">
		<LineStyle>
			<width>2</width>
		</LineStyle>
	</Style>
	<Style id="style_10410">
		<LineStyle>
			<width>2</width>
		</LineStyle>
	</Style>
	<Style id="style_10411">
		<LineStyle>
			<width>2</width>
		</LineStyle>
	</Style>
	<Style id="style_10412">
		<LineStyle>
			<width>2</width>
		</LineStyle>
	</Style>
	<Style id="style_10413">
		<LineStyle>
			<width>2</width>
		</LineStyle>
	</Style>
	<Style id="style_10414">
		<LineStyle>
			<width>2</width>
		</LineStyle>
	</Style>
	<Style id="style_10415">
		<LineStyle>
			<width>2</width>
		</LineStyle>
	</Style>
	<Style id="style_10416">
		<LineStyle>
			<width>2</width>
		</LineStyle>
	</Style>
	<Style id="style_10417">
		<LineStyle>
			<width>2</width>
		</LineStyle>
	</Style>
	<Style id="style_10418">
		<LineStyle>
			<width>2</width>
		</LineStyle>
	</Style>
	<Style id="style_10419">
		<LineStyle>
			<width>2</width>
		</LineStyle>
	</Style>
	<Style id="style_10420">
		<LineStyle>
			<width>2</width>
		</LineStyle>
	</Style>
	<Style id="style_10421">
		<LineStyle>
			<width>2</width>
		</LineStyle>
	</Style>
	<Style id="style_10422">
		<LineStyle>
			<width>2</width>
		</LineStyle>
	</Style>
	<Style id="style_10423">
		<LineStyle>
			<width>2</width>
		</LineStyle>
	</Style>
	<Style id="style_10424">
		<LineStyle>
			<width>2</width>
		</LineStyle>
	</Style>
	<Style id="style_10425">
		<LineStyle>
			<width>2</width>
		</LineStyle>
	</Style>
	<Style id="style_10426">
		<LineStyle>
			<width>2</width>
		</LineStyle>
	</Style>
	<Style id="style_10427">
		<LineStyle>
			<width>2</width>
		</LineStyle>
	</Style>
	<Style id="style_10428">
		<LineStyle>
			<width>2</width>
		</LineStyle>
	</Style>
	<Style id="style_10429">
		<LineStyle>
			<width>2</width>
		</LineStyle>
	</Style>
	<Style id="style_10430">
		<LineStyle>
			<width>2</width>
		</LineStyle>
	</Style>
	<Style id="style_10431">
		<LineStyle>
			<width>2</width>
		</LineStyle>
	</Style>
	<Style id="style_10432">
		<LineStyle>
			<width>2</width>
		</LineStyle>
	</Style>
	<Style id="style_10433">
		<LineStyle>
			<width>2</width>
		</LineStyle>
	</Style>
	<Style id="style_10434">
		<LineStyle>
			<width>2</width>
		</LineStyle>
	</Style>
	<Style id="style_10435">
		<LineStyle>
			<width>2</width>
		</LineStyle>
	</Style>
	<Style id="style_10436">
		<LineStyle>
			<width>2</width>
		</LineStyle>
	</Style>
	<Style id="style_10437">
		<LineStyle>
			<width>2</width>
		</LineStyle>
	</Style>
	<Style id="style_10438">
		<LineStyle>
			<width>2</width>
		</LineStyle>
	</Style>
	<Style id="style_10439">
		<LineStyle>
			<width>2</width>
		</LineStyle>
	</Style>
	<Style id="style_10440">
		<LineStyle>
			<width>2</width>
		</LineStyle>
	</Style>
	<Style id="style_10441">
		<LineStyle>
			<width>2</width>
		</LineStyle>
	</Style>
	<Style id="style_10442">
		<LineStyle>
			<width>2</width>
		</LineStyle>
	</Style>
	<Style id="style_10443">
		<LineStyle>
			<width>2</width>
		</LineStyle>
	</Style>
	<Style id="style_10444">
		<LineStyle>
			<width>2</width>
		</LineStyle>
	</Style>
	<Style id="style_10445">
		<LineStyle>
			<width>2</width>
		</LineStyle>
	</Style>
	<Style id="style_10446">
		<LineStyle>
			<width>2</width>
		</LineStyle>
	</Style>
	<Style id="style_10447">
		<LineStyle>
			<width>2</width>
		</LineStyle>
	</Style>
	<Style id="style_10448">
		<LineStyle>
			<width>2</width>
		</LineStyle>
	</Style>
	<Style id="style_10449">
		<LineStyle>
			<width>2</width>
		</LineStyle>
	</Style>
	<Style id="style_10450">
		<LineStyle>
			<width>2</width>
		</LineStyle>
	</Style>
	<Style id="style_10451">
		<LineStyle>
			<width>2</width>
		</LineStyle>
	</Style>
	<Style id="style_10452">
		<LineStyle>
			<width>2</width>
		</LineStyle>
	</Style>
	<Style id="style_10453">
		<LineStyle>
			<width>2</width>
		</LineStyle>
	</Style>
	<Style id="style_10454">
		<LineStyle>
			<width>2</width>
		</LineStyle>
	</Style>
	<Style id="style_10455">
		<LineStyle>
			<width>2</width>
		</LineStyle>
	</Style>
	<Style id="style_10456">
		<LineStyle>
			<width>2</width>
		</LineStyle>
	</Style>
	<Style id="style_10457">
		<LineStyle>
			<width>2</width>
		</LineStyle>
	</Style>
	<Style id="style_10458">
		<LineStyle>
			<width>2</width>
		</LineStyle>
	</Style>
	<Style id="style_10459">
		<LineStyle>
			<width>2</width>
		</LineStyle>
	</Style>
	<Style id="style_10460">
		<LineStyle>
			<width>2</width>
		</LineStyle>
	</Style>
	<Style id="style_10461">
		<LineStyle>
			<width>2</width>
		</LineStyle>
	</Style>
	<Style id="style_10462">
		<LineStyle>
			<width>2</width>
		</LineStyle>
	</Style>
	<Style id="style_10463">
		<LineStyle>
			<width>2</width>
		</LineStyle>
	</Style>
	<Style id="style_10464">
		<LineStyle>
			<width>2</width>
		</LineStyle>
	</Style>
	<Style id="style_10465">
		<LineStyle>
			<width>2</width>
		</LineStyle>
	</Style>
	<Style id="style_10466">
		<LineStyle>
			<width>2</width>
		</LineStyle>
	</Style>
	<Style id="style_10467">
		<LineStyle>
			<width>2</width>
		</LineStyle>
	</Style>
	<Style id="style_10468">
		<LineStyle>
			<width>2</width>
		</LineStyle>
	</Style>
	<Style id="style_10469">
		<LineStyle>
			<width>2</width>
		</LineStyle>
	</Style>
	<Style id="style_10470">
		<LineStyle>
			<width>2</width>
		</LineStyle>
	</Style>
	<Style id="style_10471">
		<LineStyle>
			<width>2</width>
		</LineStyle>
	</Style>
	<Style id="style_10472">
		<LineStyle>
			<width>2</width>
		</LineStyle>
	</Style>
	<Style id="style_10473">
		<LineStyle>
			<width>2</width>
		</LineStyle>
	</Style>
	<Style id="style_10474">
		<LineStyle>
			<width>2</width>
		</LineStyle>
	</Style>
	<Style id="style_10475">
		<LineStyle>
			<width>2</width>
		</LineStyle>
	</Style>
	<Style id="style_10476">
		<LineStyle>
			<width>2</width>
		</LineStyle>
	</Style>
	<Style id="style_10477">
		<LineStyle>
			<width>2</width>
		</LineStyle>
	</Style>
	<Style id="style_10478">
		<LineStyle>
			<width>2</width>
		</LineStyle>
	</Style>
	<Style id="style_10479">
		<LineStyle>
			<width>2</width>
		</LineStyle>
	</Style>
	<Style id="style_10480">
		<LineStyle>
			<width>2</width>
		</LineStyle>
	</Style>
	<Style id="style_10481">
		<LineStyle>
			<width>2</width>
		</LineStyle>
	</Style>
	<Style id="style_10482">
		<LineStyle>
			<width>2</width>
		</LineStyle>
	</Style>
	<Style id="style_10483">
		<LineStyle>
			<width>2</width>
		</LineStyle>
	</Style>
	<Style id="style_10484">
		<LineStyle>
			<width>2</width>
		</LineStyle>
	</Style>
	<Style id="style_10485">
		<LineStyle>
			<width>2</width>
		</LineStyle>
	</Style>
	<Style id="style_10486">
		<LineStyle>
			<width>2</width>
		</LineStyle>
	</Style>
	<Style id="style_10487">
		<LineStyle>
			<width>2</width>
		</LineStyle>
	</Style>
	<Style id="style_10488">
		<LineStyle>
			<width>2</width>
		</LineStyle>
	</Style>
	<Style id="style_10489">
		<LineStyle>
			<width>2</width>
		</LineStyle>
	</Style>
	<Style id="style_10490">
		<LineStyle>
			<width>2</width>
		</LineStyle>
	</Style>
	<Style id="style_10491">
		<LineStyle>
			<width>2</width>
		</LineStyle>
	</Style>
	<Style id="style_10492">
		<LineStyle>
			<width>2</width>
		</LineStyle>
	</Style>
	<Style id="style_10493">
		<LineStyle>
			<width>2</width>
		</LineStyle>
	</Style>
	<Style id="style_10494">
		<LineStyle>
			<width>2</width>
		</LineStyle>
	</Style>
	<Style id="style_10495">
		<LineStyle>
			<width>2</width>
		</LineStyle>
	</Style>
	<Style id="style_10496">
		<LineStyle>
			<width>2</width>
		</LineStyle>
	</Style>
	<Style id="style_10497">
		<LineStyle>
			<width>2</width>
		</LineStyle>
	</Style>
	<Style id="style_10498">
		<LineStyle>
			<width>2</width>
		</LineStyle>
	</Style>
	<Style id="style_10499">
		<LineStyle>
			<width>2</width>
		</LineStyle>
	</Style>
	<Style id="style_10500">
		<LineStyle>
			<width>2</width>
		</LineStyle>
	</Style>
	<Style id="style_10501">
		<LineStyle>
			<width>2</width>
		</LineStyle>
	</Style>
	<Style id="style_10502">
		<LineStyle>
			<width>2</width>
		</LineStyle>
	</Style>
	<Style id="style_10503">
		<LineStyle>
			<width>2</width>
		</LineStyle>
	</Style>
	<Style id="style_10504">
		<LineStyle>
			<width>2</width>
		</LineStyle>
	</Style>
	<Style id="style_10505">
		<LineStyle>
			<width>2</width>
		</LineStyle>
	</Style>
	<Style id="style_10506">
		<LineStyle>
			<width>2</width>
		</LineStyle>
	</Style>
	<Style id="style_10507">
		<LineStyle>
			<width>2</width>
		</LineStyle>
	</Style>
	<Style id="style_10508">
		<LineStyle>
			<width>2</width>
		</LineStyle>
	</Style>
	<Style id="style_10509">
		<LineStyle>
			<width>2</width>
		</LineStyle>
	</Style>
	<Style id="style_10510">
		<LineStyle>
			<width>2</width>
		</LineStyle>
	</Style>
	<Style id="style_10511">
		<LineStyle>
			<width>2</width>
		</LineStyle>
	</Style>
	<Style id="style_10512">
		<LineStyle>
			<width>2</width>
		</LineStyle>
	</Style>
	<Style id="style_10513">
		<LineStyle>
			<width>2</width>
		</LineStyle>
	</Style>
	<Style id="style_10514">
		<LineStyle>
			<width>2</width>
		</LineStyle>
	</Style>
	<Style id="style_10515">
		<LineStyle>
			<width>2</width>
		</LineStyle>
	</Style>
	<Style id="style_10516">
		<LineStyle>
			<width>2</width>
		</LineStyle>
	</Style>
	<Style id="style_10517">
		<LineStyle>
			<width>2</width>
		</LineStyle>
	</Style>
	<Style id="style_10518">
		<LineStyle>
			<width>2</width>
		</LineStyle>
	</Style>
	<Style id="style_10519">
		<LineStyle>
			<width>2</width>
		</LineStyle>
	</Style>
	<Style id="style_10520">
		<LineStyle>
			<width>2</width>
		</LineStyle>
	</Style>
	<Style id="style_10521">
		<LineStyle>
			<width>2</width>
		</LineStyle>
	</Style>
	<Style id="style_10522">
		<LineStyle>
			<width>2</width>
		</LineStyle>
	</Style>
	<Style id="style_10523">
		<LineStyle>
			<width>2</width>
		</LineStyle>
	</Style>
	<Style id="style_10524">
		<LineStyle>
			<width>2</width>
		</LineStyle>
	</Style>
	<Style id="style_10525">
		<LineStyle>
			<width>2</width>
		</LineStyle>
	</Style>
	<Style id="style_10526">
		<LineStyle>
			<width>2</width>
		</LineStyle>
	</Style>
	<Style id="style_10527">
		<LineStyle>
			<width>2</width>
		</LineStyle>
	</Style>
	<Style id="style_10528">
		<LineStyle>
			<width>2</width>
		</LineStyle>
	</Style>
	<Style id="style_10529">
		<LineStyle>
			<width>2</width>
		</LineStyle>
	</Style>
	<Style id="style_10530">
		<LineStyle>
			<width>2</width>
		</LineStyle>
	</Style>
	<Style id="style_10531">
		<LineStyle>
			<width>2</width>
		</LineStyle>
	</Style>
	<Style id="style_10532">
		<LineStyle>
			<width>2</width>
		</LineStyle>
	</Style>
	<Style id="style_10533">
		<LineStyle>
			<width>2</width>
		</LineStyle>
	</Style>
	<Style id="style_10534">
		<LineStyle>
			<width>2</width>
		</LineStyle>
	</Style>
	<Style id="style_10535">
		<LineStyle>
			<width>2</width>
		</LineStyle>
	</Style>
	<Style id="style_10536">
		<LineStyle>
			<width>2</width>
		</LineStyle>
	</Style>
	<Style id="style_10537">
		<LineStyle>
			<width>2</width>
		</LineStyle>
	</Style>
	<Style id="style_10538">
		<LineStyle>
			<width>2</width>
		</LineStyle>
	</Style>
	<Style id="style_10539">
		<LineStyle>
			<width>2</width>
		</LineStyle>
	</Style>
	<Style id="style_10540">
		<LineStyle>
			<width>2</width>
		</LineStyle>
	</Style>
	<Style id="style_10541">
		<LineStyle>
			<width>2</width>
		</LineStyle>
	</Style>
	<Style id="style_10542">
		<LineStyle>
			<width>2</width>
		</LineStyle>
	</Style>
	<Style id="style_10543">
		<LineStyle>
			<width>2</width>
		</LineStyle>
	</Style>
	<Style id="style_10544">
		<LineStyle>
			<width>2</width>
		</LineStyle>
	</Style>
	<Style id="style_10545">
		<LineStyle>
			<width>2</width>
		</LineStyle>
	</Style>
	<Style id="style_10546">
		<LineStyle>
			<width>2</width>
		</LineStyle>
	</Style>
	<Style id="style_10547">
		<LineStyle>
			<width>2</width>
		</LineStyle>
	</Style>
	<Style id="style_10548">
		<LineStyle>
			<width>2</width>
		</LineStyle>
	</Style>
	<Style id="style_10549">
		<LineStyle>
			<width>2</width>
		</LineStyle>
	</Style>
	<Style id="style_10550">
		<LineStyle>
			<width>2</width>
		</LineStyle>
	</Style>
	<Style id="style_10551">
		<LineStyle>
			<width>2</width>
		</LineStyle>
	</Style>
	<Style id="style_10552">
		<LineStyle>
			<width>2</width>
		</LineStyle>
	</Style>
	<Style id="style_10553">
		<LineStyle>
			<width>2</width>
		</LineStyle>
	</Style>
	<Style id="style_10554">
		<LineStyle>
			<width>2</width>
		</LineStyle>
	</Style>
	<Style id="style_10555">
		<LineStyle>
			<width>2</width>
		</LineStyle>
	</Style>
	<Style id="style_10556">
		<LineStyle>
			<width>2</width>
		</LineStyle>
	</Style>
	<Style id="style_10557">
		<LineStyle>
			<width>2</width>
		</LineStyle>
	</Style>
	<Style id="style_10558">
		<LineStyle>
			<width>2</width>
		</LineStyle>
	</Style>
	<Style id="style_10559">
		<LineStyle>
			<width>2</width>
		</LineStyle>
	</Style>
	<Style id="style_10560">
		<LineStyle>
			<width>2</width>
		</LineStyle>
	</Style>
	<Style id="style_10561">
		<LineStyle>
			<width>2</width>
		</LineStyle>
	</Style>
	<Style id="style_10562">
		<LineStyle>
			<width>2</width>
		</LineStyle>
	</Style>
	<Style id="style_10563">
		<LineStyle>
			<width>2</width>
		</LineStyle>
	</Style>
	<Style id="style_10564">
		<LineStyle>
			<width>2</width>
		</LineStyle>
	</Style>
	<Style id="style_10565">
		<LineStyle>
			<width>2</width>
		</LineStyle>
	</Style>
	<Style id="style_10566">
		<LineStyle>
			<width>2</width>
		</LineStyle>
	</Style>
	<Style id="style_10567">
		<LineStyle>
			<width>2</width>
		</LineStyle>
	</Style>
	<Style id="style_10568">
		<LineStyle>
			<width>2</width>
		</LineStyle>
	</Style>
	<Style id="style_10569">
		<LineStyle>
			<width>2</width>
		</LineStyle>
	</Style>
	<Style id="style_10570">
		<LineStyle>
			<width>2</width>
		</LineStyle>
	</Style>
	<Style id="style_10571">
		<LineStyle>
			<width>2</width>
		</LineStyle>
	</Style>
	<Style id="style_10572">
		<LineStyle>
			<width>2</width>
		</LineStyle>
	</Style>
	<Style id="style_10573">
		<LineStyle>
			<width>2</width>
		</LineStyle>
	</Style>
	<Style id="style_10574">
		<LineStyle>
			<width>2</width>
		</LineStyle>
	</Style>
	<Style id="style_10575">
		<LineStyle>
			<width>2</width>
		</LineStyle>
	</Style>
	<Style id="style_10576">
		<LineStyle>
			<width>2</width>
		</LineStyle>
	</Style>
	<Style id="style_10577">
		<LineStyle>
			<width>2</width>
		</LineStyle>
	</Style>
	<Style id="style_10578">
		<LineStyle>
			<width>2</width>
		</LineStyle>
	</Style>
	<Style id="style_10579">
		<LineStyle>
			<width>2</width>
		</LineStyle>
	</Style>
	<Style id="style_10580">
		<LineStyle>
			<width>2</width>
		</LineStyle>
	</Style>
	<Style id="style_10581">
		<LineStyle>
			<width>2</width>
		</LineStyle>
	</Style>
	<Style id="style_10582">
		<LineStyle>
			<width>2</width>
		</LineStyle>
	</Style>
	<Style id="style_10583">
		<LineStyle>
			<width>2</width>
		</LineStyle>
	</Style>
	<Style id="style_10584">
		<LineStyle>
			<width>2</width>
		</LineStyle>
	</Style>
	<Style id="style_10585">
		<LineStyle>
			<width>2</width>
		</LineStyle>
	</Style>
	<Style id="style_10586">
		<LineStyle>
			<width>2</width>
		</LineStyle>
	</Style>
	<Style id="style_10587">
		<LineStyle>
			<width>2</width>
		</LineStyle>
	</Style>
	<Style id="style_10588">
		<LineStyle>
			<width>2</width>
		</LineStyle>
	</Style>
	<Style id="style_10589">
		<LineStyle>
			<width>2</width>
		</LineStyle>
	</Style>
	<Style id="style_10590">
		<LineStyle>
			<width>2</width>
		</LineStyle>
	</Style>
	<Style id="style_10591">
		<LineStyle>
			<width>2</width>
		</LineStyle>
	</Style>
	<Style id="style_10592">
		<LineStyle>
			<width>2</width>
		</LineStyle>
	</Style>
	<Style id="style_10593">
		<LineStyle>
			<width>2</width>
		</LineStyle>
	</Style>
	<Style id="style_10594">
		<LineStyle>
			<width>2</width>
		</LineStyle>
	</Style>
	<Style id="style_10595">
		<LineStyle>
			<width>2</width>
		</LineStyle>
	</Style>
	<Style id="style_10596">
		<LineStyle>
			<width>2</width>
		</LineStyle>
	</Style>
	<Style id="style_10597">
		<LineStyle>
			<width>2</width>
		</LineStyle>
	</Style>
	<Style id="style_10598">
		<LineStyle>
			<width>2</width>
		</LineStyle>
	</Style>
	<Style id="style_10599">
		<LineStyle>
			<width>2</width>
		</LineStyle>
	</Style>
	<Style id="style_10600">
		<LineStyle>
			<width>2</width>
		</LineStyle>
	</Style>
	<Style id="style_10601">
		<LineStyle>
			<width>2</width>
		</LineStyle>
	</Style>
	<Style id="style_10602">
		<LineStyle>
			<width>2</width>
		</LineStyle>
	</Style>
	<Style id="style_10603">
		<LineStyle>
			<width>2</width>
		</LineStyle>
	</Style>
	<Style id="style_10604">
		<LineStyle>
			<width>2</width>
		</LineStyle>
	</Style>
	<Style id="style_10605">
		<LineStyle>
			<width>2</width>
		</LineStyle>
	</Style>
	<Style id="style_10606">
		<LineStyle>
			<width>2</width>
		</LineStyle>
	</Style>
	<Style id="style_10607">
		<LineStyle>
			<width>2</width>
		</LineStyle>
	</Style>
	<Style id="style_10608">
		<LineStyle>
			<width>2</width>
		</LineStyle>
	</Style>
	<Style id="style_10609">
		<LineStyle>
			<width>2</width>
		</LineStyle>
	</Style>
	<Style id="style_10610">
		<LineStyle>
			<width>2</width>
		</LineStyle>
	</Style>
	<Style id="style_10611">
		<LineStyle>
			<width>2</width>
		</LineStyle>
	</Style>
	<Style id="style_10612">
		<LineStyle>
			<width>2</width>
		</LineStyle>
	</Style>
	<Style id="style_10613">
		<LineStyle>
			<width>2</width>
		</LineStyle>
	</Style>
	<Style id="style_10614">
		<LineStyle>
			<width>2</width>
		</LineStyle>
	</Style>
	<Style id="style_10615">
		<LineStyle>
			<width>2</width>
		</LineStyle>
	</Style>
	<Style id="style_10616">
		<LineStyle>
			<width>2</width>
		</LineStyle>
	</Style>
	<Style id="style_10617">
		<LineStyle>
			<width>2</width>
		</LineStyle>
	</Style>
	<Style id="style_10618">
		<LineStyle>
			<width>2</width>
		</LineStyle>
	</Style>
	<Style id="style_10619">
		<LineStyle>
			<width>2</width>
		</LineStyle>
	</Style>
	<Style id="style_10620">
		<LineStyle>
			<width>2</width>
		</LineStyle>
	</Style>
	<Style id="style_10621">
		<LineStyle>
			<width>2</width>
		</LineStyle>
	</Style>
	<Style id="style_10622">
		<LineStyle>
			<width>2</width>
		</LineStyle>
	</Style>
	<Style id="style_10623">
		<LineStyle>
			<width>2</width>
		</LineStyle>
	</Style>
	<Style id="style_10624">
		<LineStyle>
			<width>2</width>
		</LineStyle>
	</Style>
	<Style id="style_10625">
		<LineStyle>
			<width>2</width>
		</LineStyle>
	</Style>
	<Style id="style_10626">
		<LineStyle>
			<width>2</width>
		</LineStyle>
	</Style>
	<Style id="style_10627">
		<LineStyle>
			<width>2</width>
		</LineStyle>
	</Style>
	<Style id="style_10628">
		<LineStyle>
			<width>2</width>
		</LineStyle>
	</Style>
	<Style id="style_10629">
		<LineStyle>
			<width>2</width>
		</LineStyle>
	</Style>
	<Style id="style_10630">
		<LineStyle>
			<width>2</width>
		</LineStyle>
	</Style>
	<Style id="style_10631">
		<LineStyle>
			<width>2</width>
		</LineStyle>
	</Style>
	<Style id="style_10632">
		<LineStyle>
			<width>2</width>
		</LineStyle>
	</Style>
	<Style id="style_10633">
		<LineStyle>
			<width>2</width>
		</LineStyle>
	</Style>
	<Style id="style_10634">
		<LineStyle>
			<width>2</width>
		</LineStyle>
	</Style>
	<Style id="style_10635">
		<LineStyle>
			<width>2</width>
		</LineStyle>
	</Style>
	<Style id="style_10636">
		<LineStyle>
			<width>2</width>
		</LineStyle>
	</Style>
	<Style id="style_10637">
		<LineStyle>
			<width>2</width>
		</LineStyle>
	</Style>
	<Style id="style_10638">
		<LineStyle>
			<width>2</width>
		</LineStyle>
	</Style>
	<Style id="style_10639">
		<LineStyle>
			<width>2</width>
		</LineStyle>
	</Style>
	<Style id="style_10640">
		<LineStyle>
			<width>2</width>
		</LineStyle>
	</Style>
	<Style id="style_10641">
		<LineStyle>
			<width>2</width>
		</LineStyle>
	</Style>
	<Style id="style_10642">
		<LineStyle>
			<width>2</width>
		</LineStyle>
	</Style>
	<Style id="style_10643">
		<LineStyle>
			<width>2</width>
		</LineStyle>
	</Style>
	<Style id="style_10644">
		<LineStyle>
			<width>2</width>
		</LineStyle>
	</Style>
	<Style id="style_10645">
		<LineStyle>
			<width>2</width>
		</LineStyle>
	</Style>
	<Style id="style_10646">
		<LineStyle>
			<width>2</width>
		</LineStyle>
	</Style>
	<Style id="style_10647">
		<LineStyle>
			<width>2</width>
		</LineStyle>
	</Style>
	<Style id="style_10648">
		<LineStyle>
			<width>2</width>
		</LineStyle>
	</Style>
	<Style id="style_10649">
		<LineStyle>
			<width>2</width>
		</LineStyle>
	</Style>
	<Style id="style_10650">
		<LineStyle>
			<width>2</width>
		</LineStyle>
	</Style>
	<Style id="style_10651">
		<LineStyle>
			<width>2</width>
		</LineStyle>
	</Style>
	<Style id="style_10652">
		<LineStyle>
			<width>2</width>
		</LineStyle>
	</Style>
	<Style id="style_10653">
		<LineStyle>
			<width>2</width>
		</LineStyle>
	</Style>
	<Style id="style_10654">
		<LineStyle>
			<width>2</width>
		</LineStyle>
	</Style>
	<Style id="style_10655">
		<LineStyle>
			<width>2</width>
		</LineStyle>
	</Style>
	<Style id="style_10656">
		<LineStyle>
			<width>2</width>
		</LineStyle>
	</Style>
	<Style id="style_10657">
		<LineStyle>
			<width>2</width>
		</LineStyle>
	</Style>
	<Style id="style_10658">
		<LineStyle>
			<width>2</width>
		</LineStyle>
	</Style>
	<Style id="style_10659">
		<LineStyle>
			<width>2</width>
		</LineStyle>
	</Style>
	<Style id="style_10660">
		<LineStyle>
			<width>2</width>
		</LineStyle>
	</Style>
	<Style id="style_10661">
		<LineStyle>
			<width>2</width>
		</LineStyle>
	</Style>
	<Style id="style_10662">
		<LineStyle>
			<width>2</width>
		</LineStyle>
	</Style>
	<Style id="style_10663">
		<LineStyle>
			<width>2</width>
		</LineStyle>
	</Style>
	<Style id="style_10664">
		<LineStyle>
			<width>2</width>
		</LineStyle>
	</Style>
	<Style id="style_10665">
		<LineStyle>
			<width>2</width>
		</LineStyle>
	</Style>
	<Style id="style_10666">
		<LineStyle>
			<width>2</width>
		</LineStyle>
	</Style>
	<Style id="style_10667">
		<LineStyle>
			<width>2</width>
		</LineStyle>
	</Style>
	<Style id="style_10668">
		<LineStyle>
			<width>2</width>
		</LineStyle>
	</Style>
	<Style id="style_10669">
		<LineStyle>
			<width>2</width>
		</LineStyle>
	</Style>
	<Style id="style_10670">
		<LineStyle>
			<width>2</width>
		</LineStyle>
	</Style>
	<Style id="style_10671">
		<LineStyle>
			<width>2</width>
		</LineStyle>
	</Style>
	<Style id="style_10672">
		<LineStyle>
			<width>2</width>
		</LineStyle>
	</Style>
	<Style id="style_10673">
		<LineStyle>
			<width>2</width>
		</LineStyle>
	</Style>
	<Style id="style_10674">
		<LineStyle>
			<width>2</width>
		</LineStyle>
	</Style>
	<Style id="style_10675">
		<LineStyle>
			<width>2</width>
		</LineStyle>
	</Style>
	<Style id="style_10676">
		<LineStyle>
			<width>2</width>
		</LineStyle>
	</Style>
	<Style id="style_10677">
		<LineStyle>
			<width>2</width>
		</LineStyle>
	</Style>
	<Style id="style_10678">
		<LineStyle>
			<width>2</width>
		</LineStyle>
	</Style>
	<Style id="style_10679">
		<LineStyle>
			<width>2</width>
		</LineStyle>
	</Style>
	<Style id="style_10680">
		<LineStyle>
			<width>2</width>
		</LineStyle>
	</Style>
	<Style id="style_10681">
		<LineStyle>
			<width>2</width>
		</LineStyle>
	</Style>
	<Style id="style_10682">
		<LineStyle>
			<width>2</width>
		</LineStyle>
	</Style>
	<Style id="style_10683">
		<LineStyle>
			<width>2</width>
		</LineStyle>
	</Style>
	<Style id="style_10684">
		<LineStyle>
			<width>2</width>
		</LineStyle>
	</Style>
	<Style id="style_10685">
		<LineStyle>
			<width>2</width>
		</LineStyle>
	</Style>
	<Style id="style_10686">
		<LineStyle>
			<width>2</width>
		</LineStyle>
	</Style>
	<Style id="style_10687">
		<LineStyle>
			<width>2</width>
		</LineStyle>
	</Style>
	<Style id="style_10688">
		<LineStyle>
			<width>2</width>
		</LineStyle>
	</Style>
	<Style id="style_10689">
		<LineStyle>
			<width>2</width>
		</LineStyle>
	</Style>
	<Style id="style_10690">
		<LineStyle>
			<width>2</width>
		</LineStyle>
	</Style>
	<Style id="style_10691">
		<LineStyle>
			<width>2</width>
		</LineStyle>
	</Style>
	<Style id="style_10692">
		<LineStyle>
			<width>2</width>
		</LineStyle>
	</Style>
	<Style id="style_10693">
		<LineStyle>
			<width>2</width>
		</LineStyle>
	</Style>
	<Style id="style_10694">
		<LineStyle>
			<width>2</width>
		</LineStyle>
	</Style>
	<Style id="style_10695">
		<LineStyle>
			<width>2</width>
		</LineStyle>
	</Style>
	<Style id="style_10696">
		<LineStyle>
			<width>2</width>
		</LineStyle>
	</Style>
	<Style id="style_10697">
		<LineStyle>
			<width>2</width>
		</LineStyle>
	</Style>
	<Style id="style_10698">
		<LineStyle>
			<width>2</width>
		</LineStyle>
	</Style>
	<Style id="style_10699">
		<LineStyle>
			<width>2</width>
		</LineStyle>
	</Style>
	<Style id="style_10700">
		<LineStyle>
			<width>2</width>
		</LineStyle>
	</Style>
	<Style id="style_10701">
		<LineStyle>
			<width>2</width>
		</LineStyle>
	</Style>
	<Style id="style_10702">
		<LineStyle>
			<width>2</width>
		</LineStyle>
	</Style>
	<Style id="style_10703">
		<LineStyle>
			<width>2</width>
		</LineStyle>
	</Style>
	<Style id="style_10704">
		<LineStyle>
			<width>2</width>
		</LineStyle>
	</Style>
	<Style id="style_10705">
		<LineStyle>
			<width>2</width>
		</LineStyle>
	</Style>
	<Style id="style_10706">
		<LineStyle>
			<width>2</width>
		</LineStyle>
	</Style>
	<Style id="style_10707">
		<LineStyle>
			<width>2</width>
		</LineStyle>
	</Style>
	<Style id="style_10708">
		<LineStyle>
			<width>2</width>
		</LineStyle>
	</Style>
	<Style id="style_10709">
		<LineStyle>
			<width>2</width>
		</LineStyle>
	</Style>
	<Style id="style_10710">
		<LineStyle>
			<width>2</width>
		</LineStyle>
	</Style>
	<Style id="style_10711">
		<LineStyle>
			<width>2</width>
		</LineStyle>
	</Style>
	<Style id="style_10712">
		<LineStyle>
			<width>2</width>
		</LineStyle>
	</Style>
	<Style id="style_10713">
		<LineStyle>
			<width>2</width>
		</LineStyle>
	</Style>
	<Style id="style_10714">
		<LineStyle>
			<width>2</width>
		</LineStyle>
	</Style>
	<Style id="style_10715">
		<LineStyle>
			<width>2</width>
		</LineStyle>
	</Style>
	<Style id="style_10716">
		<LineStyle>
			<width>2</width>
		</LineStyle>
	</Style>
	<Style id="style_10717">
		<LineStyle>
			<width>2</width>
		</LineStyle>
	</Style>
	<Style id="style_10718">
		<LineStyle>
			<width>2</width>
		</LineStyle>
	</Style>
	<Style id="style_10719">
		<LineStyle>
			<width>2</width>
		</LineStyle>
	</Style>
	<Style id="style_10720">
		<LineStyle>
			<width>2</width>
		</LineStyle>
	</Style>
	<Style id="style_10721">
		<LineStyle>
			<width>2</width>
		</LineStyle>
	</Style>
	<Style id="style_10722">
		<LineStyle>
			<width>2</width>
		</LineStyle>
	</Style>
	<Style id="style_10723">
		<LineStyle>
			<width>2</width>
		</LineStyle>
	</Style>
	<Style id="style_10724">
		<LineStyle>
			<width>2</width>
		</LineStyle>
	</Style>
	<Style id="style_10725">
		<LineStyle>
			<width>2</width>
		</LineStyle>
	</Style>
	<Style id="style_10726">
		<LineStyle>
			<width>2</width>
		</LineStyle>
	</Style>
	<Style id="style_10727">
		<LineStyle>
			<width>2</width>
		</LineStyle>
	</Style>
	<Style id="style_10728">
		<LineStyle>
			<width>2</width>
		</LineStyle>
	</Style>
	<Style id="style_10729">
		<LineStyle>
			<width>2</width>
		</LineStyle>
	</Style>
	<Style id="style_10730">
		<LineStyle>
			<width>2</width>
		</LineStyle>
	</Style>
	<Style id="style_10731">
		<LineStyle>
			<width>2</width>
		</LineStyle>
	</Style>
	<Style id="style_10732">
		<LineStyle>
			<width>2</width>
		</LineStyle>
	</Style>
	<Style id="style_10733">
		<LineStyle>
			<width>2</width>
		</LineStyle>
	</Style>
	<Style id="style_10734">
		<LineStyle>
			<width>2</width>
		</LineStyle>
	</Style>
	<Style id="style_10735">
		<LineStyle>
			<width>2</width>
		</LineStyle>
	</Style>
	<Style id="style_10736">
		<LineStyle>
			<width>2</width>
		</LineStyle>
	</Style>
	<Style id="style_10737">
		<LineStyle>
			<width>2</width>
		</LineStyle>
	</Style>
	<Style id="style_10738">
		<LineStyle>
			<width>2</width>
		</LineStyle>
	</Style>
	<Style id="style_10739">
		<LineStyle>
			<width>2</width>
		</LineStyle>
	</Style>
	<Style id="style_10740">
		<LineStyle>
			<width>2</width>
		</LineStyle>
	</Style>
	<Style id="style_10741">
		<LineStyle>
			<width>2</width>
		</LineStyle>
	</Style>
	<Style id="style_10742">
		<LineStyle>
			<width>2</width>
		</LineStyle>
	</Style>
	<Style id="style_10743">
		<LineStyle>
			<width>2</width>
		</LineStyle>
	</Style>
	<Style id="style_10744">
		<LineStyle>
			<width>2</width>
		</LineStyle>
	</Style>
	<Style id="style_10745">
		<LineStyle>
			<width>2</width>
		</LineStyle>
	</Style>
	<Style id="style_10746">
		<LineStyle>
			<width>2</width>
		</LineStyle>
	</Style>
	<Style id="style_10747">
		<LineStyle>
			<width>2</width>
		</LineStyle>
	</Style>
	<Style id="style_10748">
		<LineStyle>
			<width>2</width>
		</LineStyle>
	</Style>
	<Style id="style_10749">
		<LineStyle>
			<width>2</width>
		</LineStyle>
	</Style>
	<Style id="style_10750">
		<LineStyle>
			<width>2</width>
		</LineStyle>
	</Style>
	<Style id="style_10751">
		<LineStyle>
			<width>2</width>
		</LineStyle>
	</Style>
	<Style id="style_10752">
		<LineStyle>
			<width>2</width>
		</LineStyle>
	</Style>
	<Style id="style_10753">
		<LineStyle>
			<width>2</width>
		</LineStyle>
	</Style>
	<Style id="style_10754">
		<LineStyle>
			<width>2</width>
		</LineStyle>
	</Style>
	<Style id="style_10755">
		<LineStyle>
			<width>2</width>
		</LineStyle>
	</Style>
	<Style id="style_10756">
		<LineStyle>
			<width>2</width>
		</LineStyle>
	</Style>
	<Style id="style_10757">
		<LineStyle>
			<width>2</width>
		</LineStyle>
	</Style>
	<Style id="style_10758">
		<LineStyle>
			<width>2</width>
		</LineStyle>
	</Style>
	<Style id="style_10759">
		<LineStyle>
			<width>2</width>
		</LineStyle>
	</Style>
	<Style id="style_10760">
		<LineStyle>
			<width>2</width>
		</LineStyle>
	</Style>
	<Style id="style_10761">
		<LineStyle>
			<width>2</width>
		</LineStyle>
	</Style>
	<Style id="style_10762">
		<LineStyle>
			<width>2</width>
		</LineStyle>
	</Style>
	<Style id="style_10763">
		<LineStyle>
			<width>2</width>
		</LineStyle>
	</Style>
	<Style id="style_10764">
		<LineStyle>
			<width>2</width>
		</LineStyle>
	</Style>
	<Style id="style_10765">
		<LineStyle>
			<width>2</width>
		</LineStyle>
	</Style>
	<Style id="style_10766">
		<LineStyle>
			<width>2</width>
		</LineStyle>
	</Style>
	<Style id="style_10767">
		<LineStyle>
			<width>2</width>
		</LineStyle>
	</Style>
	<Style id="style_10768">
		<LineStyle>
			<width>2</width>
		</LineStyle>
	</Style>
	<Style id="style_10769">
		<LineStyle>
			<width>2</width>
		</LineStyle>
	</Style>
	<Style id="style_10770">
		<LineStyle>
			<width>2</width>
		</LineStyle>
	</Style>
	<Style id="style_10771">
		<LineStyle>
			<width>2</width>
		</LineStyle>
	</Style>
	<Style id="style_10772">
		<LineStyle>
			<width>2</width>
		</LineStyle>
	</Style>
	<Style id="style_10773">
		<LineStyle>
			<width>2</width>
		</LineStyle>
	</Style>
	<Style id="style_10774">
		<LineStyle>
			<width>2</width>
		</LineStyle>
	</Style>
	<Style id="style_10775">
		<LineStyle>
			<width>2</width>
		</LineStyle>
	</Style>
	<Style id="style_10776">
		<LineStyle>
			<width>2</width>
		</LineStyle>
	</Style>
	<Style id="style_10777">
		<LineStyle>
			<width>2</width>
		</LineStyle>
	</Style>
	<Style id="style_10778">
		<LineStyle>
			<width>2</width>
		</LineStyle>
	</Style>
	<Style id="style_10779">
		<LineStyle>
			<width>2</width>
		</LineStyle>
	</Style>
	<Style id="style_10780">
		<LineStyle>
			<width>2</width>
		</LineStyle>
	</Style>
	<Style id="style_10781">
		<LineStyle>
			<width>2</width>
		</LineStyle>
	</Style>
	<Style id="style_10782">
		<LineStyle>
			<width>2</width>
		</LineStyle>
	</Style>
	<Style id="style_10783">
		<LineStyle>
			<width>2</width>
		</LineStyle>
	</Style>
	<Style id="style_10784">
		<LineStyle>
			<width>2</width>
		</LineStyle>
	</Style>
	<Style id="style_10785">
		<LineStyle>
			<width>2</width>
		</LineStyle>
	</Style>
	<Style id="style_10786">
		<LineStyle>
			<width>2</width>
		</LineStyle>
	</Style>
	<Style id="style_10787">
		<LineStyle>
			<width>2</width>
		</LineStyle>
	</Style>
	<Style id="style_10788">
		<LineStyle>
			<width>2</width>
		</LineStyle>
	</Style>
	<Style id="style_10789">
		<LineStyle>
			<width>2</width>
		</LineStyle>
	</Style>
	<Style id="style_10790">
		<LineStyle>
			<width>2</width>
		</LineStyle>
	</Style>
	<Style id="style_10791">
		<LineStyle>
			<width>2</width>
		</LineStyle>
	</Style>
	<Style id="style_10792">
		<LineStyle>
			<width>2</width>
		</LineStyle>
	</Style>
	<Style id="style_10793">
		<LineStyle>
			<width>2</width>
		</LineStyle>
	</Style>
	<Style id="style_10794">
		<LineStyle>
			<width>2</width>
		</LineStyle>
	</Style>
	<Style id="style_10795">
		<LineStyle>
			<width>2</width>
		</LineStyle>
	</Style>
	<Style id="style_10796">
		<LineStyle>
			<width>2</width>
		</LineStyle>
	</Style>
	<Style id="style_10797">
		<LineStyle>
			<width>2</width>
		</LineStyle>
	</Style>
	<Style id="style_10798">
		<LineStyle>
			<width>2</width>
		</LineStyle>
	</Style>
	<Style id="style_10799">
		<LineStyle>
			<width>2</width>
		</LineStyle>
	</Style>
	<Style id="style_10800">
		<LineStyle>
			<width>2</width>
		</LineStyle>
	</Style>
	<Style id="style_10801">
		<LineStyle>
			<width>2</width>
		</LineStyle>
	</Style>
	<Style id="style_10802">
		<LineStyle>
			<width>2</width>
		</LineStyle>
	</Style>
	<Style id="style_10803">
		<LineStyle>
			<width>2</width>
		</LineStyle>
	</Style>
	<Style id="style_10804">
		<LineStyle>
			<width>2</width>
		</LineStyle>
	</Style>
	<Style id="style_10805">
		<LineStyle>
			<width>2</width>
		</LineStyle>
	</Style>
	<Style id="style_10806">
		<LineStyle>
			<width>2</width>
		</LineStyle>
	</Style>
	<Style id="style_10807">
		<LineStyle>
			<width>2</width>
		</LineStyle>
	</Style>
	<Style id="style_10808">
		<LineStyle>
			<width>2</width>
		</LineStyle>
	</Style>
	<Style id="style_10809">
		<LineStyle>
			<width>2</width>
		</LineStyle>
	</Style>
	<Style id="style_10810">
		<LineStyle>
			<width>2</width>
		</LineStyle>
	</Style>
	<Style id="style_10811">
		<LineStyle>
			<width>2</width>
		</LineStyle>
	</Style>
	<Style id="style_10812">
		<LineStyle>
			<width>2</width>
		</LineStyle>
	</Style>
	<Style id="style_10813">
		<LineStyle>
			<width>2</width>
		</LineStyle>
	</Style>
	<Style id="style_10814">
		<LineStyle>
			<width>2</width>
		</LineStyle>
	</Style>
	<Style id="style_10815">
		<LineStyle>
			<width>2</width>
		</LineStyle>
	</Style>
	<Style id="style_10816">
		<LineStyle>
			<width>2</width>
		</LineStyle>
	</Style>
	<Style id="style_10817">
		<LineStyle>
			<width>2</width>
		</LineStyle>
	</Style>
	<Style id="style_10818">
		<LineStyle>
			<width>2</width>
		</LineStyle>
	</Style>
	<Style id="style_10819">
		<LineStyle>
			<width>2</width>
		</LineStyle>
	</Style>
	<Style id="style_10820">
		<LineStyle>
			<width>2</width>
		</LineStyle>
	</Style>
	<Style id="style_10821">
		<LineStyle>
			<width>2</width>
		</LineStyle>
	</Style>
	<Style id="style_10822">
		<LineStyle>
			<width>2</width>
		</LineStyle>
	</Style>
	<Style id="style_10823">
		<LineStyle>
			<width>2</width>
		</LineStyle>
	</Style>
	<Style id="style_10824">
		<LineStyle>
			<width>2</width>
		</LineStyle>
	</Style>
	<Style id="style_10825">
		<LineStyle>
			<width>2</width>
		</LineStyle>
	</Style>
	<Style id="style_10826">
		<LineStyle>
			<width>2</width>
		</LineStyle>
	</Style>
	<Style id="style_10827">
		<LineStyle>
			<width>2</width>
		</LineStyle>
	</Style>
	<Style id="style_10828">
		<LineStyle>
			<width>2</width>
		</LineStyle>
	</Style>
	<Style id="style_10829">
		<LineStyle>
			<width>2</width>
		</LineStyle>
	</Style>
	<Style id="style_10830">
		<LineStyle>
			<width>2</width>
		</LineStyle>
	</Style>
	<Style id="style_10831">
		<LineStyle>
			<width>2</width>
		</LineStyle>
	</Style>
	<Style id="style_10832">
		<LineStyle>
			<width>2</width>
		</LineStyle>
	</Style>
	<Style id="style_10833">
		<LineStyle>
			<width>2</width>
		</LineStyle>
	</Style>
	<Style id="style_10834">
		<LineStyle>
			<width>2</width>
		</LineStyle>
	</Style>
	<Style id="style_10835">
		<LineStyle>
			<width>2</width>
		</LineStyle>
	</Style>
	<Style id="style_10836">
		<LineStyle>
			<width>2</width>
		</LineStyle>
	</Style>
	<Style id="style_10837">
		<LineStyle>
			<width>2</width>
		</LineStyle>
	</Style>
	<Style id="style_10838">
		<LineStyle>
			<width>2</width>
		</LineStyle>
	</Style>
	<Style id="style_10839">
		<LineStyle>
			<width>2</width>
		</LineStyle>
	</Style>
	<Style id="style_10840">
		<LineStyle>
			<width>2</width>
		</LineStyle>
	</Style>
	<Style id="style_10841">
		<LineStyle>
			<width>2</width>
		</LineStyle>
	</Style>
	<Style id="style_10842">
		<LineStyle>
			<width>2</width>
		</LineStyle>
	</Style>
	<Style id="style_10843">
		<LineStyle>
			<width>2</width>
		</LineStyle>
	</Style>
	<Style id="style_10844">
		<LineStyle>
			<width>2</width>
		</LineStyle>
	</Style>
	<Style id="style_10845">
		<LineStyle>
			<width>2</width>
		</LineStyle>
	</Style>
	<Style id="style_10846">
		<LineStyle>
			<width>2</width>
		</LineStyle>
	</Style>
	<Style id="style_10847">
		<LineStyle>
			<width>2</width>
		</LineStyle>
	</Style>
	<Style id="style_10848">
		<LineStyle>
			<width>2</width>
		</LineStyle>
	</Style>
	<Style id="style_10849">
		<LineStyle>
			<width>2</width>
		</LineStyle>
	</Style>
	<Style id="style_10850">
		<LineStyle>
			<width>2</width>
		</LineStyle>
	</Style>
	<Style id="style_10851">
		<LineStyle>
			<width>2</width>
		</LineStyle>
	</Style>
	<Style id="style_10852">
		<LineStyle>
			<width>2</width>
		</LineStyle>
	</Style>
	<Style id="style_10853">
		<LineStyle>
			<width>2</width>
		</LineStyle>
	</Style>
	<Style id="style_10854">
		<LineStyle>
			<width>2</width>
		</LineStyle>
	</Style>
	<Style id="style_10855">
		<LineStyle>
			<width>2</width>
		</LineStyle>
	</Style>
	<Style id="style_10856">
		<LineStyle>
			<width>2</width>
		</LineStyle>
	</Style>
	<Style id="style_10857">
		<LineStyle>
			<width>2</width>
		</LineStyle>
	</Style>
	<Style id="style_10858">
		<LineStyle>
			<width>2</width>
		</LineStyle>
	</Style>
	<Style id="style_10859">
		<LineStyle>
			<width>2</width>
		</LineStyle>
	</Style>
	<Style id="style_10860">
		<LineStyle>
			<width>2</width>
		</LineStyle>
	</Style>
	<Style id="style_10861">
		<LineStyle>
			<width>2</width>
		</LineStyle>
	</Style>
	<Style id="style_10862">
		<LineStyle>
			<width>2</width>
		</LineStyle>
	</Style>
	<Style id="style_10863">
		<LineStyle>
			<width>2</width>
		</LineStyle>
	</Style>
	<Style id="style_10864">
		<LineStyle>
			<width>2</width>
		</LineStyle>
	</Style>
	<Style id="style_10865">
		<LineStyle>
			<width>2</width>
		</LineStyle>
	</Style>
	<Style id="style_10866">
		<LineStyle>
			<width>2</width>
		</LineStyle>
	</Style>
	<Style id="style_10867">
		<LineStyle>
			<width>2</width>
		</LineStyle>
	</Style>
	<Style id="style_10868">
		<LineStyle>
			<width>2</width>
		</LineStyle>
	</Style>
	<Style id="style_10869">
		<LineStyle>
			<width>2</width>
		</LineStyle>
	</Style>
	<Style id="style_10870">
		<LineStyle>
			<width>2</width>
		</LineStyle>
	</Style>
	<Style id="style_10871">
		<LineStyle>
			<width>2</width>
		</LineStyle>
	</Style>
	<Style id="style_10872">
		<LineStyle>
			<width>2</width>
		</LineStyle>
	</Style>
	<Style id="style_10873">
		<LineStyle>
			<width>2</width>
		</LineStyle>
	</Style>
	<Style id="style_10874">
		<LineStyle>
			<width>2</width>
		</LineStyle>
	</Style>
	<Style id="style_10875">
		<LineStyle>
			<width>2</width>
		</LineStyle>
	</Style>
	<Style id="style_10876">
		<LineStyle>
			<width>2</width>
		</LineStyle>
	</Style>
	<Style id="style_10877">
		<LineStyle>
			<width>2</width>
		</LineStyle>
	</Style>
	<Style id="style_10878">
		<LineStyle>
			<width>2</width>
		</LineStyle>
	</Style>
	<Style id="style_10879">
		<LineStyle>
			<width>2</width>
		</LineStyle>
	</Style>
	<Style id="style_10880">
		<LineStyle>
			<width>2</width>
		</LineStyle>
	</Style>
	<Style id="style_10881">
		<LineStyle>
			<width>2</width>
		</LineStyle>
	</Style>
	<Style id="style_10882">
		<LineStyle>
			<width>2</width>
		</LineStyle>
	</Style>
	<Style id="style_10883">
		<LineStyle>
			<width>2</width>
		</LineStyle>
	</Style>
	<Style id="style_10884">
		<LineStyle>
			<width>2</width>
		</LineStyle>
	</Style>
	<Style id="style_10885">
		<LineStyle>
			<width>2</width>
		</LineStyle>
	</Style>
	<Style id="style_10886">
		<LineStyle>
			<width>2</width>
		</LineStyle>
	</Style>
	<Style id="style_10887">
		<LineStyle>
			<width>2</width>
		</LineStyle>
	</Style>
	<Style id="style_10888">
		<LineStyle>
			<width>2</width>
		</LineStyle>
	</Style>
	<Style id="style_10889">
		<LineStyle>
			<width>2</width>
		</LineStyle>
	</Style>
	<Style id="style_10890">
		<LineStyle>
			<width>2</width>
		</LineStyle>
	</Style>
	<Style id="style_10891">
		<LineStyle>
			<width>2</width>
		</LineStyle>
	</Style>
	<Style id="style_10892">
		<LineStyle>
			<width>2</width>
		</LineStyle>
	</Style>
	<Style id="style_10893">
		<LineStyle>
			<width>2</width>
		</LineStyle>
	</Style>
	<Style id="style_10894">
		<LineStyle>
			<width>2</width>
		</LineStyle>
	</Style>
	<Style id="style_10895">
		<LineStyle>
			<width>2</width>
		</LineStyle>
	</Style>
	<Style id="style_10896">
		<LineStyle>
			<width>2</width>
		</LineStyle>
	</Style>
	<Style id="style_10897">
		<LineStyle>
			<width>2</width>
		</LineStyle>
	</Style>
	<Style id="style_10898">
		<LineStyle>
			<width>2</width>
		</LineStyle>
	</Style>
	<Style id="style_10899">
		<LineStyle>
			<width>2</width>
		</LineStyle>
	</Style>
	<Style id="style_10900">
		<LineStyle>
			<width>2</width>
		</LineStyle>
	</Style>
	<Style id="style_10901">
		<LineStyle>
			<width>2</width>
		</LineStyle>
	</Style>
	<Style id="style_10902">
		<LineStyle>
			<width>2</width>
		</LineStyle>
	</Style>
	<Style id="style_10903">
		<LineStyle>
			<width>2</width>
		</LineStyle>
	</Style>
	<Style id="style_10904">
		<LineStyle>
			<width>2</width>
		</LineStyle>
	</Style>
	<Style id="style_10905">
		<LineStyle>
			<width>2</width>
		</LineStyle>
	</Style>
	<Style id="style_10906">
		<LineStyle>
			<width>2</width>
		</LineStyle>
	</Style>
	<Style id="style_10907">
		<LineStyle>
			<width>2</width>
		</LineStyle>
	</Style>
	<Style id="style_10908">
		<LineStyle>
			<width>2</width>
		</LineStyle>
	</Style>
	<Style id="style_10909">
		<LineStyle>
			<width>2</width>
		</LineStyle>
	</Style>
	<Style id="style_10910">
		<LineStyle>
			<width>2</width>
		</LineStyle>
	</Style>
	<Style id="style_10911">
		<LineStyle>
			<width>2</width>
		</LineStyle>
	</Style>
	<Style id="style_10912">
		<LineStyle>
			<width>2</width>
		</LineStyle>
	</Style>
	<Style id="style_10913">
		<LineStyle>
			<width>2</width>
		</LineStyle>
	</Style>
	<Style id="style_10914">
		<LineStyle>
			<width>2</width>
		</LineStyle>
	</Style>
	<Style id="style_10915">
		<LineStyle>
			<width>2</width>
		</LineStyle>
	</Style>
	<Style id="style_10916">
		<LineStyle>
			<width>2</width>
		</LineStyle>
	</Style>
	<Style id="style_10917">
		<LineStyle>
			<width>2</width>
		</LineStyle>
	</Style>
	<Style id="style_10918">
		<LineStyle>
			<width>2</width>
		</LineStyle>
	</Style>
	<Style id="style_10919">
		<LineStyle>
			<width>2</width>
		</LineStyle>
	</Style>
	<Style id="style_10920">
		<LineStyle>
			<width>2</width>
		</LineStyle>
	</Style>
	<Style id="style_10921">
		<LineStyle>
			<width>2</width>
		</LineStyle>
	</Style>
	<Style id="style_10922">
		<LineStyle>
			<width>2</width>
		</LineStyle>
	</Style>
	<Style id="style_10923">
		<LineStyle>
			<width>2</width>
		</LineStyle>
	</Style>
	<Style id="style_10924">
		<LineStyle>
			<width>2</width>
		</LineStyle>
	</Style>
	<Style id="style_10925">
		<LineStyle>
			<width>2</width>
		</LineStyle>
	</Style>
	<Style id="style_10926">
		<LineStyle>
			<width>2</width>
		</LineStyle>
	</Style>
	<Style id="style_10927">
		<LineStyle>
			<width>2</width>
		</LineStyle>
	</Style>
	<Style id="style_10928">
		<LineStyle>
			<width>2</width>
		</LineStyle>
	</Style>
	<Style id="style_10929">
		<LineStyle>
			<width>2</width>
		</LineStyle>
	</Style>
	<Style id="style_10930">
		<LineStyle>
			<width>2</width>
		</LineStyle>
	</Style>
	<Style id="style_10931">
		<LineStyle>
			<width>2</width>
		</LineStyle>
	</Style>
	<Style id="style_10932">
		<LineStyle>
			<width>2</width>
		</LineStyle>
	</Style>
	<Style id="style_10933">
		<LineStyle>
			<width>2</width>
		</LineStyle>
	</Style>
	<Style id="style_10934">
		<LineStyle>
			<width>2</width>
		</LineStyle>
	</Style>
	<Style id="style_10935">
		<LineStyle>
			<width>2</width>
		</LineStyle>
	</Style>
	<Style id="style_10936">
		<LineStyle>
			<width>2</width>
		</LineStyle>
	</Style>
	<Style id="style_10937">
		<LineStyle>
			<width>2</width>
		</LineStyle>
	</Style>
	<Style id="style_10938">
		<LineStyle>
			<width>2</width>
		</LineStyle>
	</Style>
	<Style id="style_10939">
		<LineStyle>
			<width>2</width>
		</LineStyle>
	</Style>
	<Style id="style_10940">
		<LineStyle>
			<width>2</width>
		</LineStyle>
	</Style>
	<Style id="style_10941">
		<LineStyle>
			<width>2</width>
		</LineStyle>
	</Style>
	<Style id="style_10942">
		<LineStyle>
			<width>2</width>
		</LineStyle>
	</Style>
	<Style id="style_10943">
		<LineStyle>
			<width>2</width>
		</LineStyle>
	</Style>
	<Style id="style_10944">
		<LineStyle>
			<width>2</width>
		</LineStyle>
	</Style>
	<Style id="style_10945">
		<LineStyle>
			<width>2</width>
		</LineStyle>
	</Style>
	<Style id="style_10946">
		<LineStyle>
			<width>2</width>
		</LineStyle>
	</Style>
	<Style id="style_10947">
		<LineStyle>
			<width>2</width>
		</LineStyle>
	</Style>
	<Style id="style_10948">
		<LineStyle>
			<width>2</width>
		</LineStyle>
	</Style>
	<Style id="style_10949">
		<LineStyle>
			<width>2</width>
		</LineStyle>
	</Style>
	<Style id="style_10950">
		<LineStyle>
			<width>2</width>
		</LineStyle>
	</Style>
	<Style id="style_10951">
		<LineStyle>
			<width>2</width>
		</LineStyle>
	</Style>
	<Style id="style_10952">
		<LineStyle>
			<width>2</width>
		</LineStyle>
	</Style>
	<Style id="style_10953">
		<LineStyle>
			<width>2</width>
		</LineStyle>
	</Style>
	<Style id="style_10954">
		<LineStyle>
			<width>2</width>
		</LineStyle>
	</Style>
	<Style id="style_10955">
		<LineStyle>
			<width>2</width>
		</LineStyle>
	</Style>
	<Style id="style_10956">
		<LineStyle>
			<width>2</width>
		</LineStyle>
	</Style>
	<Style id="style_10957">
		<LineStyle>
			<width>2</width>
		</LineStyle>
	</Style>
	<Style id="style_10958">
		<LineStyle>
			<width>2</width>
		</LineStyle>
	</Style>
	<Style id="style_10959">
		<LineStyle>
			<width>2</width>
		</LineStyle>
	</Style>
	<Style id="style_10960">
		<LineStyle>
			<width>2</width>
		</LineStyle>
	</Style>
	<Style id="style_10961">
		<LineStyle>
			<width>2</width>
		</LineStyle>
	</Style>
	<Style id="style_10962">
		<LineStyle>
			<width>2</width>
		</LineStyle>
	</Style>
	<Style id="style_10963">
		<LineStyle>
			<width>2</width>
		</LineStyle>
	</Style>
	<Style id="style_10964">
		<LineStyle>
			<width>2</width>
		</LineStyle>
	</Style>
	<Style id="style_10965">
		<LineStyle>
			<width>2</width>
		</LineStyle>
	</Style>
	<Style id="style_10966">
		<LineStyle>
			<width>2</width>
		</LineStyle>
	</Style>
	<Style id="style_10967">
		<LineStyle>
			<width>2</width>
		</LineStyle>
	</Style>
	<Style id="style_10968">
		<LineStyle>
			<width>2</width>
		</LineStyle>
	</Style>
	<Style id="style_10969">
		<LineStyle>
			<width>2</width>
		</LineStyle>
	</Style>
	<Style id="style_10970">
		<LineStyle>
			<width>2</width>
		</LineStyle>
	</Style>
	<Style id="style_10971">
		<LineStyle>
			<width>2</width>
		</LineStyle>
	</Style>
	<Style id="style_10972">
		<LineStyle>
			<width>2</width>
		</LineStyle>
	</Style>
	<Style id="style_10973">
		<LineStyle>
			<width>2</width>
		</LineStyle>
	</Style>
	<Style id="style_10974">
		<LineStyle>
			<width>2</width>
		</LineStyle>
	</Style>
	<Style id="style_10975">
		<LineStyle>
			<width>2</width>
		</LineStyle>
	</Style>
	<Style id="style_10976">
		<LineStyle>
			<width>2</width>
		</LineStyle>
	</Style>
	<Style id="style_10977">
		<LineStyle>
			<width>2</width>
		</LineStyle>
	</Style>
	<Style id="style_10978">
		<LineStyle>
			<width>2</width>
		</LineStyle>
	</Style>
	<Style id="style_10979">
		<LineStyle>
			<width>2</width>
		</LineStyle>
	</Style>
	<Style id="style_10980">
		<LineStyle>
			<width>2</width>
		</LineStyle>
	</Style>
	<Style id="style_10981">
		<LineStyle>
			<width>2</width>
		</LineStyle>
	</Style>
	<Style id="style_10982">
		<LineStyle>
			<width>2</width>
		</LineStyle>
	</Style>
	<Style id="style_10983">
		<LineStyle>
			<width>2</width>
		</LineStyle>
	</Style>
	<Style id="style_10984">
		<LineStyle>
			<width>2</width>
		</LineStyle>
	</Style>
	<Style id="style_10985">
		<LineStyle>
			<width>2</width>
		</LineStyle>
	</Style>
	<Style id="style_10986">
		<LineStyle>
			<width>2</width>
		</LineStyle>
	</Style>
	<Style id="style_10987">
		<LineStyle>
			<width>2</width>
		</LineStyle>
	</Style>
	<Style id="style_10988">
		<LineStyle>
			<width>2</width>
		</LineStyle>
	</Style>
	<Style id="style_10989">
		<LineStyle>
			<width>2</width>
		</LineStyle>
	</Style>
	<Style id="style_10990">
		<LineStyle>
			<width>2</width>
		</LineStyle>
	</Style>
	<Style id="style_10991">
		<LineStyle>
			<width>2</width>
		</LineStyle>
	</Style>
	<Style id="style_10992">
		<LineStyle>
			<width>2</width>
		</LineStyle>
	</Style>
	<Style id="style_10993">
		<LineStyle>
			<width>2</width>
		</LineStyle>
	</Style>
	<Style id="style_10994">
		<LineStyle>
			<width>2</width>
		</LineStyle>
	</Style>
	<Style id="style_10995">
		<LineStyle>
			<width>2</width>
		</LineStyle>
	</Style>
	<Style id="style_10996">
		<LineStyle>
			<width>2</width>
		</LineStyle>
	</Style>
	<Style id="style_10997">
		<LineStyle>
			<width>2</width>
		</LineStyle>
	</Style>
	<Style id="style_10998">
		<LineStyle>
			<width>2</width>
		</LineStyle>
	</Style>
	<Style id="style_10999">
		<LineStyle>
			<width>2</width>
		</LineStyle>
	</Style>
	<Style id="style_11">
		<IconStyle>
			<scale>1.2</scale>
			<Icon>
				<href>https://maps.google.com/mapfiles/kml/paddle/ylw-diamond.png</href>
			</Icon>
		</IconStyle>
	</Style>
	<Style id="style_12">
		<IconStyle>
			<scale>1.2</scale>
			<Icon>
				<href>https://maps.google.com/mapfiles/kml/paddle/ylw-diamond.png</href>
			</Icon>
		</IconStyle>
	</Style>
	<Style id="style_13">
		<IconStyle>
			<scale>1.2</scale>
			<Icon>
				<href>https://maps.google.com/mapfiles/kml/paddle/ylw-diamond.png</href>
			</Icon>
		</IconStyle>
	</Style>
	<Style id="style_14">
		<IconStyle>
			<scale>1.2</scale>
			<Icon>
				<href>https://maps.google.com/mapfiles/kml/paddle/ylw-diamond.png</href>
			</Icon>
		</IconStyle>
	</Style>
	<Style id="style_15">
		<IconStyle>
			<scale>1.2</scale>
			<Icon>
				<href>https://maps.google.com/mapfiles/kml/paddle/ylw-diamond.png</href>
			</Icon>
		</IconStyle>
	</Style>
	<Style id="style_16">
		<IconStyle>
			<scale>1.2</scale>
			<Icon>
				<href>https://maps.google.com/mapfiles/kml/paddle/ylw-diamond.png</href>
			</Icon>
		</IconStyle>
	</Style>
	<Style id="style_17">
		<IconStyle>
			<scale>1.2</scale>
			<Icon>
				<href>https://maps.google.com/mapfiles/kml/paddle/ylw-diamond.png</href>
			</Icon>
		</IconStyle>
	</Style>
	<Style id="style_18">
		<IconStyle>
			<scale>1.2</scale>
			<Icon>
				<href>https://maps.google.com/mapfiles/kml/paddle/ylw-diamond.png</href>
			</Icon>
		</IconStyle>
	</Style>
	<Style id="style_19">
		<IconStyle>
			<scale>1.2</scale>
			<Icon>
				<href>https://maps.google.com/mapfiles/kml/paddle/ylw-diamond.png</href>
			</Icon>
		</IconStyle>
	</Style>
	<Style id="style_2">
		<IconStyle>
			<scale>1.2</scale>
			<Icon>
				<href>https://maps.google.com/mapfiles/kml/paddle/ylw-diamond.png</href>
			</Icon>
		</IconStyle>
	</Style>
	<Style id="style_20">
		<IconStyle>
			<scale>1.2</scale>
			<Icon>
				<href>https://maps.google.com/mapfiles/kml/paddle/ylw-diamond.png</href>
			</Icon>
		</IconStyle>
	</Style>
	<Style id="style_21">
		<IconStyle>
			<scale>1.2</scale>
			<Icon>
				<href>https://maps.google.com/mapfiles/kml/paddle/ylw-diamond.png</href>
			</Icon>
		</IconStyle>
	</Style>
	<Style id="style_22">
		<IconStyle>
			<scale>1.2</scale>
			<Icon>
				<href>https://maps.google.com/mapfiles/kml/paddle/ylw-diamond.png</href>
			</Icon>
		</IconStyle>
	</Style>
	<Style id="style_23">
		<IconStyle>
			<scale>1.2</scale>
			<Icon>
				<href>https://maps.google.com/mapfiles/kml/paddle/ylw-diamond.png</href>
			</Icon>
		</IconStyle>
	</Style>
	<Style id="style_24">
		<IconStyle>
			<scale>1.2</scale>
			<Icon>
				<href>https://maps.google.com/mapfiles/kml/paddle/ylw-diamond.png</href>
			</Icon>
		</IconStyle>
	</Style>
	<Style id="style_25">
		<IconStyle>
			<scale>1.2</scale>
			<Icon>
				<href>https://maps.google.com/mapfiles/kml/paddle/ylw-diamond.png</href>
			</Icon>
		</IconStyle>
	</Style>
	<Style id="style_26">
		<IconStyle>
			<scale>1.2</scale>
			<Icon>
				<href>https://maps.google.com/mapfiles/kml/paddle/ylw-diamond.png</href>
			</Icon>
		</IconStyle>
	</Style>
	<Style id="style_27">
		<IconStyle>
			<scale>1.2</scale>
			<Icon>
				<href>https://maps.google.com/mapfiles/kml/paddle/ylw-diamond.png</href>
			</Icon>
		</IconStyle>
	</Style>
	<Style id="style_28">
		<IconStyle>
			<scale>1.2</scale>
			<Icon>
				<href>https://maps.google.com/mapfiles/kml/paddle/ylw-diamond.png</href>
			</Icon>
		</IconStyle>
	</Style>
	<Style id="style_29">
		<IconStyle>
			<scale>1.2</scale>
			<Icon>
				<href>https://maps.google.com/mapfiles/kml/paddle/ylw-diamond.png</href>
			</Icon>
		</IconStyle>
	</Style>
	<Style id="style_3">
		<IconStyle>
			<scale>1.2</scale>
			<Icon>
				<href>https://maps.google.com/mapfiles/kml/paddle/ylw-diamond.png</href>
			</Icon>
		</IconStyle>
	</Style>
	<Style id="style_30">
		<IconStyle>
			<scale>1.2</scale>
			<Icon>
				<href>https://maps.google.com/mapfiles/kml/paddle/ylw-diamond.png</href>
			</Icon>
		</IconStyle>
	</Style>
	<Style id="style_31">
		<IconStyle>
			<scale>1.2</scale>
			<Icon>
				<href>https://maps.google.com/mapfiles/kml/paddle/ylw-diamond.png</href>
			</Icon>
		</IconStyle>
	</Style>
	<Style id="style_32">
		<IconStyle>
			<scale>1.2</scale>
			<Icon>
				<href>https://maps.google.com/mapfiles/kml/paddle/ylw-diamond.png</href>
			</Icon>
		</IconStyle>
	</Style>
	<Style id="style_33">
		<IconStyle>
			<scale>1.2</scale>
			<Icon>
				<href>https://maps.google.com/mapfiles/kml/paddle/ylw-diamond.png</href>
			</Icon>
		</IconStyle>
	</Style>
	<Style id="style_34">
		<IconStyle>
			<scale>1.2</scale>
			<Icon>
				<href>https://maps.google.com/mapfiles/kml/paddle/ylw-diamond.png</href>
			</Icon>
		</IconStyle>
	</Style>
	<Style id="style_35">
		<IconStyle>
			<scale>1.2</scale>
			<Icon>
				<href>https://maps.google.com/mapfiles/kml/paddle/ylw-diamond.png</href>
			</Icon>
		</IconStyle>
	</Style>
	<Style id="style_36">
		<IconStyle>
			<scale>1.2</scale>
			<Icon>
				<href>https://maps.google.com/mapfiles/kml/paddle/ylw-diamond.png</href>
			</Icon>
		</IconStyle>
	</Style>
	<Style id="style_37">
		<IconStyle>
			<scale>1.2</scale>
			<Icon>
				<href>https://maps.google.com/mapfiles/kml/paddle/ylw-diamond.png</href>
			</Icon>
		</IconStyle>
	</Style>
	<Style id="style_38">
		<IconStyle>
			<scale>1.2</scale>
			<Icon>
				<href>https://maps.google.com/mapfiles/kml/paddle/ylw-diamond.png</href>
			</Icon>
		</IconStyle>
	</Style>
	<Style id="style_39">
		<IconStyle>
			<scale>1.2</scale>
			<Icon>
				<href>https://maps.google.com/mapfiles/kml/paddle/ylw-diamond.png</href>
			</Icon>
		</IconStyle>
	</Style>
	<Style id="style_4">
		<IconStyle>
			<scale>1.2</scale>
			<Icon>
				<href>https://maps.google.com/mapfiles/kml/paddle/ylw-diamond.png</href>
			</Icon>
		</IconStyle>
	</Style>
	<Style id="style_40">
		<IconStyle>
			<scale>1.2</scale>
			<Icon>
				<href>https://maps.google.com/mapfiles/kml/paddle/ylw-diamond.png</href>
			</Icon>
		</IconStyle>
	</Style>
	<Style id="style_41">
		<IconStyle>
			<scale>1.2</scale>
			<Icon>
				<href>https://maps.google.com/mapfiles/kml/shapes/marina.png</href>
			</Icon>
		</IconStyle>
	</Style>
	<Style id="style_42">
		<IconStyle>
			<scale>1.2</scale>
			<Icon>
				<href>https://maps.google.com/mapfiles/kml/paddle/ylw-diamond.png</href>
			</Icon>
		</IconStyle>
	</Style>
	<Style id="style_43">
		<IconStyle>
			<scale>1.2</scale>
			<Icon>
				<href>https://maps.google.com/mapfiles/kml/paddle/ylw-diamond.png</href>
			</Icon>
		</IconStyle>
	</Style>
	<Style id="style_44">
		<IconStyle>
			<scale>1.2</scale>
			<Icon>
				<href>https://maps.google.com/mapfiles/kml/paddle/ylw-diamond.png</href>
			</Icon>
		</IconStyle>
	</Style>
	<Style id="style_45">
		<IconStyle>
			<scale>1.2</scale>
			<Icon>
				<href>https://maps.google.com/mapfiles/kml/paddle/ylw-diamond.png</href>
			</Icon>
		</IconStyle>
	</Style>
	<Style id="style_46">
		<IconStyle>
			<scale>1.2</scale>
			<Icon>
				<href>https://maps.google.com/mapfiles/kml/paddle/ylw-diamond.png</href>
			</Icon>
		</IconStyle>
	</Style>
	<Style id="style_47">
		<IconStyle>
			<scale>1.2</scale>
			<Icon>
				<href>https://maps.google.com/mapfiles/kml/paddle/ylw-diamond.png</href>
			</Icon>
		</IconStyle>
	</Style>
	<Style id="style_48">
		<IconStyle>
			<scale>1.2</scale>
			<Icon>
				<href>https://maps.google.com/mapfiles/kml/paddle/ylw-diamond.png</href>
			</Icon>
		</IconStyle>
	</Style>
	<Style id="style_49">
		<IconStyle>
			<scale>1.2</scale>
			<Icon>
				<href>https://maps.google.com/mapfiles/kml/paddle/ylw-diamond.png</href>
			</Icon>
		</IconStyle>
	</Style>
	<Style id="style_5">
		<IconStyle>
			<scale>1.2</scale>
			<Icon>
				<href>https://maps.google.com/mapfiles/kml/paddle/ylw-diamond.png</href>
			</Icon>
		</IconStyle>
	</Style>
	<Style id="style_50">
		<IconStyle>
			<scale>1.2</scale>
			<Icon>
				<href>https://maps.google.com/mapfiles/kml/paddle/ylw-diamond.png</href>
			</Icon>
		</IconStyle>
	</Style>
	<Style id="style_51">
		<IconStyle>
			<scale>1.2</scale>
			<Icon>
				<href>https://maps.google.com/mapfiles/kml/paddle/ylw-diamond.png</href>
			</Icon>
		</IconStyle>
	</Style>
	<Style id="style_52">
		<IconStyle>
			<scale>1.2</scale>
			<Icon>
				<href>https://maps.google.com/mapfiles/kml/paddle/ylw-diamond.png</href>
			</Icon>
		</IconStyle>
	</Style>
	<Style id="style_53">
		<IconStyle>
			<scale>1.2</scale>
			<Icon>
				<href>https://maps.google.com/mapfiles/kml/paddle/ylw-diamond.png</href>
			</Icon>
		</IconStyle>
	</Style>
	<Style id="style_54">
		<IconStyle>
			<scale>1.2</scale>
			<Icon>
				<href>https://maps.google.com/mapfiles/kml/paddle/ylw-diamond.png</href>
			</Icon>
		</IconStyle>
	</Style>
	<Style id="style_55">
		<IconStyle>
			<scale>1.2</scale>
			<Icon>
				<href>https://maps.google.com/mapfiles/kml/paddle/ylw-diamond.png</href>
			</Icon>
		</IconStyle>
	</Style>
	<Style id="style_6">
		<IconStyle>
			<scale>1.2</scale>
			<Icon>
				<href>https://maps.google.com/mapfiles/kml/paddle/ylw-diamond.png</href>
			</Icon>
		</IconStyle>
	</Style>
	<Style id="style_7">
		<IconStyle>
			<scale>1.2</scale>
			<Icon>
				<href>https://maps.google.com/mapfiles/kml/paddle/ylw-diamond.png</href>
			</Icon>
		</IconStyle>
	</Style>
	<Style id="style_8">
		<IconStyle>
			<scale>1.2</scale>
			<Icon>
				<href>https://maps.google.com/mapfiles/kml/paddle/ylw-diamond.png</href>
			</Icon>
		</IconStyle>
	</Style>
	<Style id="style_9">
		<IconStyle>
			<scale>1.2</scale>
			<Icon>
				<href>https://maps.google.com/mapfiles/kml/paddle/ylw-diamond.png</href>
			</Icon>
		</IconStyle>
	</Style>
	<Document>
		<name>JTWC WARNINGS</name>
		<open>1</open>
		<LookAt>
			<longitude>-101.4</longitude>
			<latitude>14.6</latitude>
			<altitude>0</altitude>
			<heading>0</heading>
			<tilt>0</tilt>
			<range>2750000</range>
		</LookAt>
		<Style id="BestTrackStyle0">
			<IconStyle>
				<heading>0</heading>
				<Icon>
					<href>images/TYgray.png</href>
				</Icon>
				<hotSpot x="0.5" y="0.5" xunits="fraction" yunits="fraction"/>
			</IconStyle>
			<LabelStyle>
				<scale>0</scale>
			</LabelStyle>
			<BalloonStyle>
				<text><![CDATA[<table width="300" bgcolor="white" border="1" padding ="1">
</table><b><font size="+3">$[name]</font></b><br/><font face="Courier">$[description]</font>]]></text>
				<bgColor>ffd9d1d1</bgColor>
			</BalloonStyle>
			<LineStyle>
				<color>ff7faaaa</color>
				<width>2</width>
			</LineStyle>
			<PolyStyle>
				<color>7f7faaaa</color>
				<colorMode>random</colorMode>
			</PolyStyle>
		</Style>
		<Style id="BestTrackStyle1">
			<IconStyle>
				<scale>0.8</scale>
				<heading>0</heading>
				<Icon>
					<href>images/TDgray.png</href>
				</Icon>
				<hotSpot x="0.5" y="0.5" xunits="fraction" yunits="fraction"/>
			</IconStyle>
			<LabelStyle>
				<scale>0</scale>
			</LabelStyle>
			<BalloonStyle>
				<text><![CDATA[<table width="300" bgcolor="white" border="1" padding ="1">
</table><b><font size="+3">$[name]</font></b><br/><font face="Courier">$[description]</font>]]></text>
				<bgColor>ffd9d1d1</bgColor>
			</BalloonStyle>
			<LineStyle>
				<color>ff7faaaa</color>
				<width>2</width>
			</LineStyle>
			<PolyStyle>
				<color>7f7faaaa</color>
				<colorMode>random</colorMode>
			</PolyStyle>
		</Style>
		<Style id="BestTrackStyle5">
			<IconStyle>
				<scale>1.1</scale>
				<heading>0</heading>
				<Icon>
					<href>images/TSgray.png</href>
				</Icon>
				<hotSpot x="0.5" y="0.5" xunits="fraction" yunits="fraction"/>
			</IconStyle>
			<LabelStyle>
				<scale>0</scale>
			</LabelStyle>
			<BalloonStyle>
				<text><![CDATA[<table width="300" bgcolor="white" border="1" padding ="1">
</table><b><font size="+3">$[name]</font></b><br/><font face="Courier">$[description]</font>]]></text>
				<bgColor>ffd9d1d1</bgColor>
			</BalloonStyle>
			<LineStyle>
				<color>ff7faaaa</color>
				<width>2</width>
			</LineStyle>
			<PolyStyle>
				<color>7f7faaaa</color>
				<colorMode>random</colorMode>
			</PolyStyle>
		</Style>
		<Style id="TropicalBalloonStyle">
			<LabelStyle>
				<scale>1.2</scale>
			</LabelStyle>
			<BalloonStyle>
				<text><![CDATA[<table width="300" bgcolor="white" border="1" padding ="1">
</table><b><font size="+3">$[name]</font></b><br/><font face="Courier">$[description]</font>]]></text>
				<bgColor>ffd9d1d1</bgColor>
			</BalloonStyle>
			<LineStyle id="IDstormtrack">
				<color>ffff00ff</color>
				<width>2</width>
			</LineStyle>
			<PolyStyle>
				<color>7f7faaaa</color>
				<colorMode>random</colorMode>
			</PolyStyle>
		</Style>
		<Style id="WindRadii34">
			<LineStyle>
				<color>ffff00ff</color>
				<width>2</width>
			</LineStyle>
			<PolyStyle>
				<fill>0</fill>
			</PolyStyle>
		</Style>
		<Style id="WindRadii50">
			<LineStyle>
				<color>ff5f1faf</color>
				<width>2</width>
			</LineStyle>
			<PolyStyle>
				<fill>0</fill>
			</PolyStyle>
		</Style>
		<Style id="WindRadii64">
			<LineStyle>
				<color>ff0000ff</color>
				<width>2</width>
			</LineStyle>
			<PolyStyle>
				<fill>0</fill>
			</PolyStyle>
		</Style>
		<StyleMap id="msn_ylw-pushpin">
			<Pair>
				<key>normal</key>
				<styleUrl>#sn_ylw-pushpin</styleUrl>
			</Pair>
			<Pair>
				<key>highlight</key>
				<styleUrl>#sh_ylw-pushpin</styleUrl>
			</Pair>
		</StyleMap>
		<Style id="sh_ylw-pushpin">
			<IconStyle>
				<scale>1.3</scale>
				<Icon>
					<href>http://maps.google.com/mapfiles/kml/pushpin/ylw-pushpin.png</href>
				</Icon>
				<hotSpot x="20" y="2" xunits="pixels" yunits="pixels"/>
			</IconStyle>
			<LineStyle>
				<color>ff0000ac</color>
				<width>3.1</width>
			</LineStyle>
			<PolyStyle>
				<color>400000ff</color>
				<fill>0</fill>
			</PolyStyle>
		</Style>
		<Style id="sn_ylw-pushpin">
			<IconStyle>
				<scale>1.1</scale>
				<Icon>
					<href>http://maps.google.com/mapfiles/kml/pushpin/ylw-pushpin.png</href>
				</Icon>
				<hotSpot x="20" y="2" xunits="pixels" yunits="pixels"/>
			</IconStyle>
			<LineStyle>
				<color>ff0000ac</color>
				<width>3.1</width>
			</LineStyle>
			<PolyStyle>
				<color>400000ff</color>
				<fill>0</fill>
			</PolyStyle>
		</Style>
		<Folder>
			<name>POLO</name>
			<open>1</open>
			<description>SUPER HURRICANE 17E (POLO) WARNING NR 10</description>
			<Folder>
				<name>Forecast</name>
				<Placemark>
					<name>23/00Z (SUPER HURRICANE 17E (POLO) WARNING NR 10    - 145 knots)</name>
					<Snippet maxLines="0">empty</Snippet>
					<description><![CDATA[<pre>
HURRICANE 17E (POLO) WARNING #10
WTPN32 PHNC 230400    
230000Z POSIT: NEAR 14.6N 101.4W
MOVING 090 DEGREES TRUE AT 01 KNOTS
MAXIMUM SIGNIFICANT WAVE HEIGHT: 37 FEET 
23/00Z, WINDS 145 KTS, GUSTS TO 175 KTS
23/12Z, WINDS 140 KTS, GUSTS TO 170 KTS
24/00Z, WINDS 145 KTS, GUSTS TO 175 KTS
24/12Z, WINDS 140 KTS, GUSTS TO 170 KTS
25/00Z, WINDS 135 KTS, GUSTS TO 165 KTS
25/12Z, WINDS 125 KTS, GUSTS TO 150 KTS
26/00Z, WINDS 120 KTS, GUSTS TO 145 KTS
27/00Z, WINDS 110 KTS, GUSTS TO 135 KTS
28/00Z, WINDS 095 KTS, GUSTS TO 115 KTS
________________________________________
          
CPA TO:               NM     DTG
Acapulco              141  09/23/13Z
Manzanillo            154  09/24/15Z
Puerto_Vallarta       244  09/24/21Z
Mazatlan              392  09/25/07Z
Socorro_Island         80  09/26/12Z
Cabo_San_Lucas        243  09/28/00Z
________________________________________
          
Bearing and Distance      Dir  Dist  TAU
                               (nm) (hrs)
Acapulco                  215   153    0
Cabo_San_Lucas            134   693    0
Manzanillo                147   312    0
Mazatlan                  150   589    0
Puerto_Vallarta           148   420    0
San_Salvador              276   712    0
Socorro_Island            113   604    0
Tehuantepec               254   374    0
               </pre>]]></description>
					<styleUrl>#TropicalBalloonStyle</styleUrl>
					<Style>
						<IconStyle>
							<color>ffffffff</color>
							<scale>1</scale>
							<heading>0</heading>
							<Icon>
								<href>images/TYgray.png</href>
							</Icon>
						</IconStyle>
					</Style>
					<Point>
						<coordinates>-101.4,14.6,0</coordinates>
					</Point>
				</Placemark>
				<Placemark>
					<name>RADIUS OF 34 KT WINDS</name>
					<styleUrl>#WindRadii34</styleUrl>
					<Polygon>
						<tessellate>1</tessellate>
						<outerBoundaryIs>
							<LinearRing>
								<coordinates>
									-101.4,15.932,0 -101.351,15.931,0 -101.303,15.929,0 -101.255,15.925,0 -101.207,15.919,0 -101.159,15.912,0 -101.111,15.903,0 -101.064,15.892,0 -101.018,15.88,0 -100.971,15.866,0 -100.926,15.851,0 -100.881,15.834,0 -100.836,15.816,0 -100.793,15.796,0 -100.75,15.775,0 -100.707,15.752,0 -100.666,15.728,0 -100.626,15.703,0 -100.586,15.676,0 -100.548,15.648,0 -100.51,15.618,0 -100.474,15.588,0 -100.439,15.556,0 -100.405,15.523,0 -100.372,15.489,0 -100.341,15.454,0 -100.31,15.417,0 -100.282,15.38,0 -100.254,15.342,0 -100.228,15.303,0 -100.203,15.263,0 -100.18,15.222,0 -100.159,15.18,0 -100.139,15.138,0 -100.12,15.095,0 -100.103,15.052,0 -100.088,15.008,0 -100.074,14.963,0 -100.062,14.918,0 -100.051,14.873,0 -100.042,14.827,0 -100.035,14.781,0 -100.029,14.735,0 -100.025,14.688,0 -100.023,14.642,0 -100.023,14.595,0 -99.85100000000001,14.594,0 -99.85500000000002,14.49,0 -99.86000000000001,14.438,0 -99.86700000000002,14.386,0 -99.876,14.334,0 -99.886,14.283,0 -99.899,14.232,0 -99.913,14.182,0 -99.929,14.132,0 -99.947,14.082,0 -99.96700000000001,14.034,0 -99.988,13.986,0 -100.011,13.938,0 -100.036,13.892,0 -100.063,13.846,0 -100.091,13.802,0 -100.12,13.758,0 -100.151,13.715,0 -100.184,13.674,0 -100.218,13.633,0 -100.253,13.594,0 -100.29,13.556,0 -100.329,13.519,0 -100.368,13.483,0 -100.409,13.449,0 -100.451,13.416,0 -100.494,13.385,0 -100.538,13.355,0 -100.583,13.327,0 -100.629,13.3,0 -100.677,13.275,0 -100.724,13.251,0 -100.773,13.229,0 -100.823,13.209,0 -100.873,13.19,0 -100.924,13.173,0 -100.975,13.158,0 -101.027,13.145,0 -101.08,13.133,0 -101.132,13.123,0 -101.185,13.115,0 -101.239,13.109,0 -101.292,13.104,0 -101.346,13.101,0 -101.399,13.101,0 -101.399,13.101,0 -101.507,13.104,0 -101.56,13.109,0 -101.614,13.115,0 -101.667,13.123,0 -101.719,13.133,0 -101.772,13.145,0 -101.824,13.158,0 -101.875,13.173,0 -101.926,13.19,0 -101.976,13.209,0 -102.026,13.229,0 -102.075,13.251,0 -102.122,13.275,0 -102.17,13.3,0 -102.216,13.327,0 -102.261,13.355,0 -102.305,13.385,0 -102.348,13.416,0 -102.39,13.449,0 -102.431,13.483,0 -102.47,13.519,0 -102.509,13.556,0 -102.546,13.594,0 -102.581,13.633,0 -102.615,13.674,0 -102.648,13.715,0 -102.679,13.758,0 -102.708,13.802,0 -102.736,13.846,0 -102.763,13.892,0 -102.788,13.938,0 -102.811,13.986,0 -102.832,14.034,0 -102.852,14.082,0 -102.87,14.132,0 -102.886,14.182,0 -102.9,14.232,0 -102.913,14.283,0 -102.923,14.334,0 -102.932,14.386,0 -102.939,14.438,0 -102.944,14.49,0 -102.947,14.542,0 -102.948,14.594,0 -102.776,14.595,0 -102.774,14.688,0 -102.77,14.735,0 -102.764,14.781,0 -102.757,14.827,0 -102.748,14.873,0 -102.737,14.918,0 -102.725,14.963,0 -102.711,15.008,0 -102.696,15.052,0 -102.679,15.095,0 -102.66,15.138,0 -102.64,15.18,0 -102.619,15.222,0 -102.596,15.263,0 -102.571,15.303,0 -102.545,15.342,0 -102.517,15.38,0 -102.489,15.417,0 -102.458,15.454,0 -102.427,15.489,0 -102.394,15.523,0 -102.36,15.556,0 -102.325,15.588,0 -102.289,15.618,0 -102.251,15.648,0 -102.213,15.676,0 -102.173,15.703,0 -102.133,15.728,0 -102.092,15.752,0 -102.049,15.775,0 -102.006,15.796,0 -101.963,15.816,0 -101.918,15.834,0 -101.873,15.851,0 -101.828,15.866,0 -101.781,15.88,0 -101.735,15.892,0 -101.688,15.903,0 -101.64,15.912,0 -101.592,15.919,0 -101.544,15.925,0 -101.496,15.929,0 -101.448,15.931,0 -101.4,15.932,0 -101.4,15.932,0 
								</coordinates>
							</LinearRing>
						</outerBoundaryIs>
					</Polygon>
				</Placemark>
				<Placemark>
					<name>RADIUS OF 50 KT WINDS</name>
					<styleUrl>#WindRadii50</styleUrl>
					<Polygon>
						<tessellate>1</tessellate>
						<outerBoundaryIs>
							<LinearRing>
								<coordinates>
									-101.4,15.349,0 -101.372,15.349,0 -101.345,15.347,0 -101.318,15.345,0 -101.291,15.342,0 -101.265,15.338,0 -101.238,15.333,0 -101.211,15.327,0 -101.185,15.32,0 -101.159,15.312,0 -101.134,15.304,0 -101.108,15.294,0 -101.083,15.284,0 -101.059,15.273,0 -101.035,15.261,0 -101.011,15.248,0 -100.988,15.235,0 -100.965,15.22,0 -100.943,15.205,0 -100.921,15.19,0 -100.9,15.173,0 -100.88,15.156,0 -100.86,15.138,0 -100.841,15.119,0 -100.823,15.1,0 -100.805,15.081,0 -100.788,15.06,0 -100.772,15.039,0 -100.756,15.018,0 -100.741,14.996,0 -100.728,14.973,0 -100.715,14.95,0 -100.702,14.927,0 -100.691,14.903,0 -100.68,14.879,0 -100.671,14.855,0 -100.662,14.83,0 -100.654,14.805,0 -100.647,14.78,0 -100.641,14.754,0 -100.636,14.728,0 -100.632,14.703,0 -100.629,14.677,0 -100.627,14.651,0 -100.625,14.624,0 -100.625,14.598,0 -100.453,14.598,0 -100.455,14.534,0 -100.458,14.502,0 -100.463,14.47,0 -100.468,14.439,0 -100.474,14.407,0 -100.482,14.376,0 -100.491,14.345,0 -100.5,14.315,0 -100.511,14.285,0 -100.523,14.255,0 -100.536,14.225,0 -100.55,14.196,0 -100.565,14.168,0 -100.581,14.14,0 -100.598,14.113,0 -100.617,14.086,0 -100.636,14.06,0 -100.655,14.034,0 -100.676,14.01,0 -100.698,13.986,0 -100.721,13.962,0 -100.744,13.94,0 -100.768,13.918,0 -100.793,13.897,0 -100.819,13.877,0 -100.845,13.858,0 -100.872,13.839,0 -100.9,13.822,0 -100.928,13.806,0 -100.957,13.79,0 -100.986,13.776,0 -101.016,13.762,0 -101.046,13.75,0 -101.077,13.738,0 -101.108,13.728,0 -101.14,13.719,0 -101.171,13.711,0 -101.203,13.703,0 -101.236,13.697,0 -101.268,13.692,0 -101.301,13.688,0 -101.334,13.686,0 -101.367,13.684,0 -101.399,13.683,0 -101.399,13.683,0 -101.465,13.686,0 -101.498,13.688,0 -101.531,13.692,0 -101.563,13.697,0 -101.596,13.703,0 -101.628,13.711,0 -101.659,13.719,0 -101.691,13.728,0 -101.722,13.738,0 -101.753,13.75,0 -101.783,13.762,0 -101.813,13.776,0 -101.842,13.79,0 -101.871,13.806,0 -101.899,13.822,0 -101.927,13.839,0 -101.954,13.858,0 -101.98,13.877,0 -102.006,13.897,0 -102.031,13.918,0 -102.055,13.94,0 -102.078,13.962,0 -102.101,13.986,0 -102.123,14.01,0 -102.144,14.034,0 -102.163,14.06,0 -102.182,14.086,0 -102.201,14.113,0 -102.218,14.14,0 -102.234,14.168,0 -102.249,14.196,0 -102.263,14.225,0 -102.276,14.255,0 -102.288,14.285,0 -102.299,14.315,0 -102.308,14.345,0 -102.317,14.376,0 -102.325,14.407,0 -102.331,14.439,0 -102.336,14.47,0 -102.341,14.502,0 -102.344,14.534,0 -102.345,14.566,0 -102.346,14.598,0 -102.174,14.598,0 -102.172,14.651,0 -102.17,14.677,0 -102.167,14.703,0 -102.163,14.728,0 -102.158,14.754,0 -102.152,14.78,0 -102.145,14.805,0 -102.137,14.83,0 -102.128,14.855,0 -102.119,14.879,0 -102.108,14.903,0 -102.097,14.927,0 -102.084,14.95,0 -102.071,14.973,0 -102.058,14.996,0 -102.043,15.018,0 -102.027,15.039,0 -102.011,15.06,0 -101.994,15.081,0 -101.976,15.1,0 -101.958,15.119,0 -101.939,15.138,0 -101.919,15.156,0 -101.899,15.173,0 -101.878,15.19,0 -101.856,15.205,0 -101.834,15.22,0 -101.811,15.235,0 -101.788,15.248,0 -101.764,15.261,0 -101.74,15.273,0 -101.716,15.284,0 -101.691,15.294,0 -101.665,15.304,0 -101.64,15.312,0 -101.614,15.32,0 -101.588,15.327,0 -101.561,15.333,0 -101.534,15.338,0 -101.508,15.342,0 -101.481,15.345,0 -101.454,15.347,0 -101.427,15.349,0 -101.4,15.349,0 -101.4,15.349,0 
								</coordinates>
							</LinearRing>
						</outerBoundaryIs>
					</Polygon>
				</Placemark>
				<Placemark>
					<name>RADIUS OF 64 KT WINDS</name>
					<styleUrl>#WindRadii64</styleUrl>
					<Polygon>
						<tessellate>1</tessellate>
						<outerBoundaryIs>
							<LinearRing>
								<coordinates>
									-101.4,15.099,0 -101.381,15.099,0 -101.363,15.098,0 -101.345,15.096,0 -101.327,15.094,0 -101.31,15.092,0 -101.292,15.088,0 -101.274,15.084,0 -101.257,15.08,0 -101.24,15.075,0 -101.223,15.069,0 -101.206,15.063,0 -101.189,15.056,0 -101.173,15.048,0 -101.157,15.041,0 -101.141,15.032,0 -101.125,15.023,0 -101.11,15.014,0 -101.095,15.004,0 -101.081,14.993,0 -101.067,14.982,0 -101.053,14.971,0 -101.04,14.959,0 -101.027,14.946,0 -101.015,14.934,0 -101.003,14.92,0 -100.992,14.907,0 -100.981,14.893,0 -100.971,14.879,0 -100.961,14.864,0 -100.952,14.849,0 -100.943,14.834,0 -100.935,14.818,0 -100.927,14.802,0 -100.92,14.786,0 -100.914,14.77,0 -100.908,14.753,0 -100.903,14.737,0 -100.898,14.72,0 -100.894,14.703,0 -100.891,14.686,0 -100.888,14.668,0 -100.886,14.651,0 -100.884,14.634,0 -100.883,14.616,0 -100.883,14.599,0 -100.797,14.599,0 -100.799,14.558,0 -100.801,14.538,0 -100.803,14.518,0 -100.807,14.498,0 -100.811,14.478,0 -100.815,14.458,0 -100.821,14.438,0 -100.827,14.419,0 -100.834,14.399,0 -100.842,14.38,0 -100.85,14.362,0 -100.859,14.343,0 -100.868,14.325,0 -100.879,14.307,0 -100.889,14.29,0 -100.901,14.273,0 -100.913,14.256,0 -100.926,14.24,0 -100.939,14.224,0 -100.953,14.209,0 -100.967,14.194,0 -100.982,14.18,0 -100.997,14.166,0 -101.013,14.153,0 -101.029,14.14,0 -101.046,14.128,0 -101.063,14.116,0 -101.081,14.105,0 -101.099,14.094,0 -101.117,14.085,0 -101.136,14.075,0 -101.155,14.067,0 -101.174,14.059,0 -101.194,14.052,0 -101.214,14.045,0 -101.234,14.039,0 -101.254,14.034,0 -101.275,14.029,0 -101.295,14.025,0 -101.316,14.022,0 -101.337,14.02,0 -101.358,14.018,0 -101.379,14.017,0 -101.399,14.017,0 -101.399,14.017,0 -101.441,14.018,0 -101.462,14.02,0 -101.483,14.022,0 -101.504,14.025,0 -101.524,14.029,0 -101.545,14.034,0 -101.565,14.039,0 -101.585,14.045,0 -101.605,14.052,0 -101.625,14.059,0 -101.644,14.067,0 -101.663,14.075,0 -101.682,14.085,0 -101.7,14.094,0 -101.718,14.105,0 -101.736,14.116,0 -101.753,14.128,0 -101.77,14.14,0 -101.786,14.153,0 -101.802,14.166,0 -101.817,14.18,0 -101.832,14.194,0 -101.846,14.209,0 -101.86,14.224,0 -101.873,14.24,0 -101.886,14.256,0 -101.898,14.273,0 -101.91,14.29,0 -101.92,14.307,0 -101.931,14.325,0 -101.94,14.343,0 -101.949,14.362,0 -101.957,14.38,0 -101.965,14.399,0 -101.972,14.419,0 -101.978,14.438,0 -101.984,14.458,0 -101.988,14.478,0 -101.992,14.498,0 -101.996,14.518,0 -101.998,14.538,0 -102,14.558,0 -102.001,14.578,0 -102.002,14.599,0 -101.916,14.599,0 -101.915,14.634,0 -101.913,14.651,0 -101.911,14.668,0 -101.908,14.686,0 -101.905,14.703,0 -101.901,14.72,0 -101.896,14.737,0 -101.891,14.753,0 -101.885,14.77,0 -101.879,14.786,0 -101.872,14.802,0 -101.864,14.818,0 -101.856,14.834,0 -101.847,14.849,0 -101.838,14.864,0 -101.828,14.879,0 -101.818,14.893,0 -101.807,14.907,0 -101.796,14.92,0 -101.784,14.934,0 -101.772,14.946,0 -101.759,14.959,0 -101.746,14.971,0 -101.732,14.982,0 -101.718,14.993,0 -101.704,15.004,0 -101.689,15.014,0 -101.674,15.023,0 -101.658,15.032,0 -101.642,15.041,0 -101.626,15.048,0 -101.61,15.056,0 -101.593,15.063,0 -101.576,15.069,0 -101.559,15.075,0 -101.542,15.08,0 -101.525,15.084,0 -101.507,15.088,0 -101.489,15.092,0 -101.472,15.094,0 -101.454,15.096,0 -101.436,15.098,0 -101.418,15.099,0 -101.4,15.099,0 -101.4,15.099,0 
								</coordinates>
							</LinearRing>
						</outerBoundaryIs>
					</Polygon>
				</Placemark>
				<Placemark>
					<name>23/12Z - 140 knots</name>
					<Snippet maxLines="0">empty</Snippet>
					<description><![CDATA[<html>
<head>
<title>Requested Information</title>
</head>
<table width="400" bgcolor="white" border="1">
<tr><td><B>NAME</B></td><td><B>POLO</B></td></tr>
<tr><td><B>TIME</B></td><td><B>TAU 12 - 2026092312Z</B></td></tr>
<tr><td><B>POSIT</B></td><td><B>15.0 N, -101.6 W</B></td></tr>
<tr><td><B>WRNG NMBR</B></td><td><B>10</B></td></tr>
<tr><td><B>WIND SPD</B></td><td><B>140 KTS</B></td></tr>
<tr><td><B>MOVEMENT</B></td><td><B></B></td></tr>
</table></body></html>]]></description>
					<styleUrl>#TropicalBalloonStyle</styleUrl>
					<Style>
						<IconStyle>
							<color>ffffffff</color>
							<scale>1</scale>
							<heading>0</heading>
							<Icon>
								<href>images/TY.png</href>
							</Icon>
						</IconStyle>
					</Style>
					<Point>
						<coordinates>-101.6,15,0</coordinates>
					</Point>
				</Placemark>
				<Placemark>
					<name>RADIUS OF 34 KT WINDS</name>
					<styleUrl>#WindRadii34</styleUrl>
					<Polygon>
						<tessellate>1</tessellate>
						<outerBoundaryIs>
							<LinearRing>
								<coordinates>
									-101.6,16.665,0 -101.539,16.664,0 -101.478,16.661,0 -101.418,16.656,0 -101.358,16.649,0 -101.298,16.64,0 -101.238,16.628,0 -101.179,16.615,0 -101.121,16.6,0 -101.063,16.583,0 -101.005,16.564,0 -100.949,16.543,0 -100.893,16.52,0 -100.838,16.495,0 -100.784,16.469,0 -100.731,16.44,0 -100.68,16.41,0 -100.629,16.378,0 -100.579,16.345,0 -100.531,16.309,0 -100.484,16.273,0 -100.439,16.234,0 -100.395,16.194,0 -100.352,16.153,0 -100.311,16.11,0 -100.272,16.066,0 -100.234,16.021,0 -100.198,15.974,0 -100.164,15.926,0 -100.131,15.877,0 -100.1,15.827,0 -100.071,15.776,0 -100.044,15.724,0 -100.019,15.671,0 -99.996,15.618,0 -99.97499999999999,15.563,0 -99.95599999999999,15.508,0 -99.938,15.453,0 -99.923,15.396,0 -99.91,15.34,0 -99.899,15.282,0 -99.89,15.225,0 -99.883,15.167,0 -99.879,15.109,0 -99.876,15.051,0 -99.875,14.993,0 -100.048,14.994,0 -100.052,14.89,0 -100.057,14.838,0 -100.064,14.786,0 -100.073,14.734,0 -100.084,14.683,0 -100.096,14.632,0 -100.111,14.582,0 -100.127,14.532,0 -100.145,14.482,0 -100.164,14.434,0 -100.186,14.385,0 -100.209,14.338,0 -100.234,14.292,0 -100.26,14.246,0 -100.288,14.201,0 -100.318,14.158,0 -100.349,14.115,0 -100.382,14.073,0 -100.416,14.033,0 -100.452,13.994,0 -100.488,13.956,0 -100.527,13.919,0 -100.566,13.883,0 -100.607,13.849,0 -100.649,13.816,0 -100.692,13.785,0 -100.737,13.755,0 -100.782,13.727,0 -100.828,13.7,0 -100.875,13.675,0 -100.923,13.651,0 -100.972,13.629,0 -101.022,13.609,0 -101.072,13.59,0 -101.123,13.573,0 -101.175,13.558,0 -101.227,13.545,0 -101.279,13.533,0 -101.332,13.523,0 -101.385,13.515,0 -101.438,13.509,0 -101.492,13.504,0 -101.546,13.501,0 -101.599,13.501,0 -101.599,13.667,0 -101.695,13.67,0 -101.743,13.674,0 -101.79,13.68,0 -101.838,13.687,0 -101.885,13.696,0 -101.931,13.706,0 -101.978,13.718,0 -102.023,13.732,0 -102.069,13.747,0 -102.113,13.764,0 -102.157,13.782,0 -102.201,13.801,0 -102.244,13.822,0 -102.286,13.845,0 -102.327,13.868,0 -102.367,13.894,0 -102.406,13.92,0 -102.445,13.948,0 -102.482,13.977,0 -102.518,14.007,0 -102.554,14.039,0 -102.588,14.072,0 -102.62,14.106,0 -102.652,14.141,0 -102.682,14.177,0 -102.711,14.214,0 -102.739,14.252,0 -102.766,14.29,0 -102.79,14.33,0 -102.814,14.371,0 -102.836,14.412,0 -102.857,14.454,0 -102.876,14.497,0 -102.893,14.54,0 -102.909,14.584,0 -102.923,14.628,0 -102.936,14.673,0 -102.947,14.719,0 -102.957,14.764,0 -102.964,14.81,0 -102.97,14.856,0 -102.975,14.902,0 -102.978,14.949,0 -102.979,14.995,0 -103.151,14.994,0 -103.148,15.099,0 -103.144,15.151,0 -103.138,15.203,0 -103.13,15.255,0 -103.12,15.306,0 -103.108,15.357,0 -103.094,15.408,0 -103.079,15.458,0 -103.061,15.507,0 -103.042,15.556,0 -103.021,15.605,0 -102.999,15.652,0 -102.974,15.699,0 -102.948,15.745,0 -102.921,15.79,0 -102.891,15.834,0 -102.86,15.877,0 -102.828,15.919,0 -102.794,15.96,0 -102.758,16,0 -102.721,16.038,0 -102.683,16.075,0 -102.643,16.111,0 -102.603,16.146,0 -102.56,16.179,0 -102.517,16.21,0 -102.472,16.241,0 -102.427,16.269,0 -102.38,16.296,0 -102.333,16.322,0 -102.284,16.346,0 -102.235,16.368,0 -102.185,16.389,0 -102.134,16.407,0 -102.082,16.425,0 -102.03,16.44,0 -101.978,16.454,0 -101.924,16.465,0 -101.871,16.476,0 -101.817,16.484,0 -101.763,16.49,0 -101.709,16.495,0 -101.654,16.498,0 -101.6,16.498,0 -101.6,16.665,0 
								</coordinates>
							</LinearRing>
						</outerBoundaryIs>
					</Polygon>
				</Placemark>
				<Placemark>
					<name>RADIUS OF 50 KT WINDS</name>
					<styleUrl>#WindRadii50</styleUrl>
					<Polygon>
						<tessellate>1</tessellate>
						<outerBoundaryIs>
							<LinearRing>
								<coordinates>
									-101.6,15.832,0 -101.569,15.832,0 -101.539,15.83,0 -101.509,15.828,0 -101.479,15.824,0 -101.449,15.82,0 -101.42,15.814,0 -101.39,15.807,0 -101.361,15.8,0 -101.332,15.791,0 -101.304,15.782,0 -101.275,15.771,0 -101.248,15.76,0 -101.22,15.748,0 -101.193,15.734,0 -101.167,15.72,0 -101.141,15.705,0 -101.116,15.689,0 -101.091,15.673,0 -101.067,15.655,0 -101.044,15.637,0 -101.021,15.618,0 -100.999,15.598,0 -100.978,15.577,0 -100.957,15.556,0 -100.937,15.534,0 -100.918,15.511,0 -100.9,15.488,0 -100.883,15.464,0 -100.867,15.44,0 -100.851,15.415,0 -100.837,15.389,0 -100.823,15.363,0 -100.811,15.337,0 -100.799,15.31,0 -100.788,15.283,0 -100.779,15.255,0 -100.77,15.228,0 -100.762,15.199,0 -100.756,15.171,0 -100.75,15.143,0 -100.745,15.114,0 -100.742,15.085,0 -100.739,15.056,0 -100.738,15.027,0 -100.737,14.998,0 -100.651,14.998,0 -100.654,14.934,0 -100.657,14.902,0 -100.661,14.87,0 -100.666,14.839,0 -100.673,14.807,0 -100.68,14.776,0 -100.689,14.745,0 -100.699,14.715,0 -100.71,14.684,0 -100.722,14.655,0 -100.735,14.625,0 -100.749,14.596,0 -100.764,14.568,0 -100.78,14.54,0 -100.797,14.513,0 -100.815,14.486,0 -100.834,14.46,0 -100.854,14.434,0 -100.875,14.41,0 -100.897,14.385,0 -100.919,14.362,0 -100.943,14.34,0 -100.967,14.318,0 -100.992,14.297,0 -101.018,14.277,0 -101.044,14.258,0 -101.071,14.239,0 -101.099,14.222,0 -101.127,14.206,0 -101.156,14.19,0 -101.185,14.176,0 -101.215,14.162,0 -101.246,14.15,0 -101.276,14.138,0 -101.308,14.128,0 -101.339,14.119,0 -101.371,14.111,0 -101.403,14.103,0 -101.435,14.097,0 -101.468,14.092,0 -101.501,14.088,0 -101.534,14.086,0 -101.567,14.084,0 -101.599,14.083,0 -101.599,14.167,0 -101.659,14.169,0 -101.689,14.171,0 -101.719,14.175,0 -101.749,14.179,0 -101.778,14.185,0 -101.807,14.191,0 -101.836,14.199,0 -101.865,14.207,0 -101.893,14.217,0 -101.921,14.227,0 -101.949,14.238,0 -101.976,14.251,0 -102.003,14.264,0 -102.029,14.278,0 -102.055,14.293,0 -102.08,14.309,0 -102.105,14.325,0 -102.129,14.343,0 -102.152,14.361,0 -102.175,14.38,0 -102.197,14.4,0 -102.218,14.42,0 -102.239,14.441,0 -102.258,14.463,0 -102.277,14.486,0 -102.295,14.509,0 -102.313,14.533,0 -102.329,14.557,0 -102.345,14.582,0 -102.359,14.607,0 -102.373,14.633,0 -102.386,14.659,0 -102.398,14.686,0 -102.409,14.713,0 -102.418,14.741,0 -102.427,14.768,0 -102.435,14.797,0 -102.442,14.825,0 -102.448,14.853,0 -102.453,14.882,0 -102.457,14.911,0 -102.459,14.94,0 -102.461,14.969,0 -102.462,14.998,0 -102.375,14.998,0 -102.374,15.05,0 -102.371,15.077,0 -102.368,15.103,0 -102.364,15.128,0 -102.359,15.154,0 -102.353,15.18,0 -102.346,15.205,0 -102.338,15.23,0 -102.33,15.255,0 -102.32,15.279,0 -102.309,15.303,0 -102.298,15.327,0 -102.286,15.35,0 -102.273,15.373,0 -102.259,15.396,0 -102.244,15.418,0 -102.229,15.439,0 -102.212,15.46,0 -102.195,15.48,0 -102.177,15.5,0 -102.159,15.519,0 -102.14,15.538,0 -102.12,15.556,0 -102.1,15.573,0 -102.079,15.59,0 -102.057,15.605,0 -102.035,15.62,0 -102.012,15.635,0 -101.989,15.648,0 -101.965,15.661,0 -101.941,15.673,0 -101.916,15.684,0 -101.891,15.694,0 -101.866,15.704,0 -101.84,15.712,0 -101.814,15.72,0 -101.788,15.727,0 -101.761,15.733,0 -101.735,15.738,0 -101.708,15.742,0 -101.681,15.745,0 -101.654,15.747,0 -101.627,15.749,0 -101.6,15.749,0 -101.6,15.832,0 
								</coordinates>
							</LinearRing>
						</outerBoundaryIs>
					</Polygon>
				</Placemark>
				<Placemark>
					<name>RADIUS OF 64 KT WINDS</name>
					<styleUrl>#WindRadii64</styleUrl>
					<Polygon>
						<tessellate>1</tessellate>
						<outerBoundaryIs>
							<LinearRing>
								<coordinates>
									-101.6,15.582,0 -101.578,15.582,0 -101.557,15.581,0 -101.536,15.579,0 -101.515,15.577,0 -101.494,15.574,0 -101.474,15.57,0 -101.453,15.565,0 -101.433,15.56,0 -101.413,15.554,0 -101.393,15.547,0 -101.373,15.54,0 -101.353,15.532,0 -101.334,15.523,0 -101.315,15.514,0 -101.297,15.504,0 -101.279,15.494,0 -101.261,15.483,0 -101.244,15.471,0 -101.227,15.459,0 -101.211,15.446,0 -101.195,15.432,0 -101.179,15.418,0 -101.165,15.404,0 -101.15,15.389,0 -101.136,15.374,0 -101.123,15.358,0 -101.11,15.342,0 -101.098,15.325,0 -101.087,15.308,0 -101.076,15.29,0 -101.066,15.273,0 -101.056,15.254,0 -101.048,15.236,0 -101.039,15.217,0 -101.032,15.198,0 -101.025,15.179,0 -101.019,15.159,0 -101.014,15.14,0 -101.009,15.12,0 -101.005,15.1,0 -101.002,15.08,0 -100.999,15.06,0 -100.997,15.039,0 -100.996,15.019,0 -100.996,14.999,0 -100.996,14.999,0 -100.998,14.958,0 -100.999,14.938,0 -101.002,14.918,0 -101.005,14.898,0 -101.01,14.878,0 -101.014,14.858,0 -101.02,14.838,0 -101.026,14.819,0 -101.033,14.799,0 -101.041,14.78,0 -101.049,14.762,0 -101.058,14.743,0 -101.067,14.725,0 -101.078,14.707,0 -101.088,14.69,0 -101.1,14.673,0 -101.112,14.656,0 -101.125,14.64,0 -101.138,14.624,0 -101.152,14.609,0 -101.166,14.594,0 -101.181,14.58,0 -101.196,14.566,0 -101.212,14.553,0 -101.229,14.54,0 -101.246,14.528,0 -101.263,14.516,0 -101.28,14.505,0 -101.298,14.494,0 -101.317,14.485,0 -101.336,14.475,0 -101.355,14.467,0 -101.374,14.459,0 -101.394,14.452,0 -101.413,14.445,0 -101.434,14.439,0 -101.454,14.434,0 -101.474,14.429,0 -101.495,14.425,0 -101.516,14.422,0 -101.537,14.42,0 -101.558,14.418,0 -101.578,14.417,0 -101.599,14.417,0 -101.599,14.417,0 -101.641,14.418,0 -101.662,14.42,0 -101.683,14.422,0 -101.704,14.425,0 -101.725,14.429,0 -101.745,14.434,0 -101.765,14.439,0 -101.786,14.445,0 -101.805,14.452,0 -101.825,14.459,0 -101.844,14.467,0 -101.863,14.475,0 -101.882,14.485,0 -101.901,14.494,0 -101.919,14.505,0 -101.936,14.516,0 -101.953,14.528,0 -101.97,14.54,0 -101.987,14.553,0 -102.003,14.566,0 -102.018,14.58,0 -102.033,14.594,0 -102.047,14.609,0 -102.061,14.624,0 -102.074,14.64,0 -102.087,14.656,0 -102.099,14.673,0 -102.111,14.69,0 -102.121,14.707,0 -102.132,14.725,0 -102.141,14.743,0 -102.15,14.762,0 -102.158,14.78,0 -102.166,14.799,0 -102.173,14.819,0 -102.179,14.838,0 -102.185,14.858,0 -102.189,14.878,0 -102.194,14.898,0 -102.197,14.918,0 -102.2,14.938,0 -102.201,14.958,0 -102.203,14.978,0 -102.203,14.999,0 -102.117,14.999,0 -102.116,15.034,0 -102.114,15.051,0 -102.112,15.068,0 -102.109,15.086,0 -102.106,15.103,0 -102.102,15.12,0 -102.097,15.137,0 -102.092,15.153,0 -102.086,15.17,0 -102.08,15.186,0 -102.073,15.202,0 -102.065,15.218,0 -102.057,15.234,0 -102.048,15.249,0 -102.039,15.264,0 -102.029,15.279,0 -102.019,15.293,0 -102.008,15.307,0 -101.996,15.32,0 -101.985,15.334,0 -101.972,15.346,0 -101.959,15.359,0 -101.946,15.371,0 -101.933,15.382,0 -101.919,15.393,0 -101.904,15.404,0 -101.889,15.414,0 -101.874,15.423,0 -101.859,15.432,0 -101.843,15.441,0 -101.827,15.448,0 -101.81,15.456,0 -101.794,15.463,0 -101.777,15.469,0 -101.76,15.475,0 -101.742,15.48,0 -101.725,15.484,0 -101.707,15.488,0 -101.69,15.492,0 -101.672,15.494,0 -101.654,15.496,0 -101.636,15.498,0 -101.618,15.499,0 -101.6,15.499,0 -101.6,15.582,0 
								</coordinates>
							</LinearRing>
						</outerBoundaryIs>
					</Polygon>
				</Placemark>
				<Placemark>
					<name>24/00Z - 145 knots</name>
					<Snippet maxLines="0">empty</Snippet>
					<description><![CDATA[<html>
<head>
<title>Requested Information</title>
</head>
<table width="400" bgcolor="white" border="1">
<tr><td><B>NAME</B></td><td><B>POLO</B></td></tr>
<tr><td><B>TIME</B></td><td><B>TAU 24 - 2026092400Z</B></td></tr>
<tr><td><B>POSIT</B></td><td><B>15.9 N, -102.8 W</B></td></tr>
<tr><td><B>WRNG NMBR</B></td><td><B>10</B></td></tr>
<tr><td><B>WIND SPD</B></td><td><B>145 KTS</B></td></tr>
<tr><td><B>MOVEMENT</B></td><td><B>310 DEG AT 07 KTS</B></td></tr>
</table></body></html>]]></description>
					<styleUrl>#TropicalBalloonStyle</styleUrl>
					<Style>
						<IconStyle>
							<color>ffffffff</color>
							<scale>1</scale>
							<heading>0</heading>
							<Icon>
								<href>images/TY.png</href>
							</Icon>
						</IconStyle>
					</Style>
					<Point>
						<coordinates>-102.8,15.9,0</coordinates>
					</Point>
				</Placemark>
				<Placemark>
					<name>RADIUS OF 34 KT WINDS</name>
					<styleUrl>#WindRadii34</styleUrl>
					<Polygon>
						<tessellate>1</tessellate>
						<outerBoundaryIs>
							<LinearRing>
								<coordinates>
									-102.8,17.565,0 -102.739,17.564,0 -102.678,17.561,0 -102.617,17.556,0 -102.556,17.549,0 -102.496,17.54,0 -102.436,17.528,0 -102.377,17.515,0 -102.318,17.5,0 -102.26,17.483,0 -102.202,17.464,0 -102.146,17.443,0 -102.09,17.42,0 -102.034,17.395,0 -101.98,17.369,0 -101.927,17.34,0 -101.875,17.31,0 -101.824,17.278,0 -101.775,17.244,0 -101.726,17.209,0 -101.679,17.172,0 -101.633,17.134,0 -101.589,17.094,0 -101.546,17.053,0 -101.505,17.01,0 -101.466,16.966,0 -101.428,16.921,0 -101.391,16.874,0 -101.357,16.826,0 -101.324,16.777,0 -101.293,16.727,0 -101.264,16.676,0 -101.237,16.624,0 -101.212,16.571,0 -101.189,16.517,0 -101.168,16.463,0 -101.148,16.408,0 -101.131,16.352,0 -101.116,16.296,0 -101.103,16.239,0 -101.092,16.182,0 -101.083,16.124,0 -101.076,16.067,0 -101.071,16.009,0 -101.068,15.951,0 -101.068,15.893,0 -101.241,15.894,0 -101.246,15.789,0 -101.251,15.737,0 -101.258,15.685,0 -101.267,15.634,0 -101.277,15.583,0 -101.29,15.532,0 -101.304,15.481,0 -101.321,15.431,0 -101.339,15.382,0 -101.358,15.333,0 -101.38,15.285,0 -101.403,15.238,0 -101.428,15.191,0 -101.455,15.146,0 -101.483,15.101,0 -101.513,15.058,0 -101.544,15.015,0 -101.577,14.973,0 -101.611,14.933,0 -101.647,14.893,0 -101.684,14.855,0 -101.722,14.819,0 -101.762,14.783,0 -101.803,14.749,0 -101.845,14.716,0 -101.889,14.685,0 -101.933,14.655,0 -101.979,14.627,0 -102.025,14.6,0 -102.072,14.575,0 -102.121,14.551,0 -102.17,14.529,0 -102.22,14.509,0 -102.27,14.49,0 -102.321,14.473,0 -102.373,14.458,0 -102.425,14.445,0 -102.478,14.433,0 -102.531,14.423,0 -102.584,14.415,0 -102.638,14.409,0 -102.692,14.404,0 -102.745,14.401,0 -102.799,14.401,0 -102.799,14.567,0 -102.896,14.57,0 -102.943,14.574,0 -102.991,14.58,0 -103.039,14.587,0 -103.086,14.596,0 -103.133,14.606,0 -103.179,14.618,0 -103.225,14.632,0 -103.27,14.647,0 -103.315,14.663,0 -103.36,14.682,0 -103.403,14.701,0 -103.446,14.722,0 -103.488,14.745,0 -103.53,14.768,0 -103.57,14.794,0 -103.61,14.82,0 -103.648,14.848,0 -103.686,14.877,0 -103.722,14.907,0 -103.757,14.939,0 -103.792,14.972,0 -103.825,15.006,0 -103.856,15.04,0 -103.887,15.076,0 -103.916,15.113,0 -103.944,15.151,0 -103.97,15.19,0 -103.995,15.23,0 -104.019,15.271,0 -104.041,15.312,0 -104.062,15.354,0 -104.081,15.397,0 -104.098,15.44,0 -104.114,15.484,0 -104.129,15.528,0 -104.142,15.573,0 -104.153,15.618,0 -104.162,15.664,0 -104.17,15.71,0 -104.176,15.756,0 -104.181,15.802,0 -104.184,15.849,0 -104.185,15.895,0 -104.185,15.895,0 -104.182,15.988,0 -104.178,16.034,0 -104.173,16.081,0 -104.165,16.127,0 -104.157,16.172,0 -104.146,16.218,0 -104.134,16.263,0 -104.12,16.307,0 -104.104,16.351,0 -104.087,16.395,0 -104.069,16.438,0 -104.048,16.48,0 -104.027,16.522,0 -104.003,16.562,0 -103.979,16.602,0 -103.952,16.641,0 -103.925,16.68,0 -103.896,16.717,0 -103.865,16.753,0 -103.834,16.789,0 -103.801,16.823,0 -103.767,16.856,0 -103.731,16.888,0 -103.695,16.918,0 -103.657,16.948,0 -103.618,16.976,0 -103.579,17.003,0 -103.538,17.028,0 -103.496,17.052,0 -103.454,17.075,0 -103.411,17.096,0 -103.367,17.116,0 -103.322,17.134,0 -103.276,17.151,0 -103.23,17.166,0 -103.184,17.18,0 -103.137,17.192,0 -103.089,17.203,0 -103.042,17.212,0 -102.994,17.219,0 -102.945,17.225,0 -102.897,17.229,0 -102.848,17.231,0 -102.8,17.232,0 -102.8,17.565,0 
								</coordinates>
							</LinearRing>
						</outerBoundaryIs>
					</Polygon>
				</Placemark>
				<Placemark>
					<name>RADIUS OF 50 KT WINDS</name>
					<styleUrl>#WindRadii50</styleUrl>
					<Polygon>
						<tessellate>1</tessellate>
						<outerBoundaryIs>
							<LinearRing>
								<coordinates>
									-102.8,16.816,0 -102.766,16.815,0 -102.733,16.813,0 -102.699,16.811,0 -102.666,16.807,0 -102.633,16.802,0 -102.601,16.795,0 -102.568,16.788,0 -102.536,16.78,0 -102.504,16.771,0 -102.472,16.76,0 -102.441,16.749,0 -102.41,16.736,0 -102.38,16.722,0 -102.35,16.708,0 -102.321,16.692,0 -102.293,16.676,0 -102.265,16.658,0 -102.238,16.64,0 -102.211,16.621,0 -102.185,16.6,0 -102.16,16.579,0 -102.136,16.557,0 -102.112,16.535,0 -102.089,16.511,0 -102.068,16.487,0 -102.047,16.462,0 -102.027,16.437,0 -102.008,16.41,0 -101.99,16.383,0 -101.973,16.356,0 -101.957,16.328,0 -101.942,16.299,0 -101.928,16.27,0 -101.915,16.241,0 -101.903,16.211,0 -101.892,16.181,0 -101.883,16.15,0 -101.874,16.119,0 -101.867,16.088,0 -101.861,16.057,0 -101.856,16.025,0 -101.852,15.993,0 -101.849,15.961,0 -101.847,15.929,0 -101.847,15.897,0 -101.847,15.897,0 -101.85,15.834,0 -101.853,15.802,0 -101.857,15.77,0 -101.862,15.738,0 -101.869,15.707,0 -101.876,15.676,0 -101.885,15.645,0 -101.895,15.615,0 -101.906,15.584,0 -101.918,15.555,0 -101.931,15.525,0 -101.945,15.496,0 -101.96,15.468,0 -101.976,15.44,0 -101.994,15.413,0 -102.012,15.386,0 -102.031,15.36,0 -102.051,15.334,0 -102.072,15.309,0 -102.094,15.285,0 -102.116,15.262,0 -102.14,15.24,0 -102.164,15.218,0 -102.189,15.197,0 -102.215,15.177,0 -102.242,15.158,0 -102.269,15.139,0 -102.297,15.122,0 -102.325,15.106,0 -102.354,15.09,0 -102.384,15.076,0 -102.414,15.062,0 -102.444,15.05,0 -102.475,15.038,0 -102.506,15.028,0 -102.538,15.019,0 -102.57,15.011,0 -102.602,15.003,0 -102.635,14.997,0 -102.668,14.992,0 -102.7,14.988,0 -102.733,14.986,0 -102.766,14.984,0 -102.799,14.983,0 -102.799,15.067,0 -102.86,15.069,0 -102.89,15.071,0 -102.92,15.075,0 -102.949,15.079,0 -102.979,15.085,0 -103.008,15.091,0 -103.037,15.099,0 -103.066,15.107,0 -103.095,15.117,0 -103.123,15.127,0 -103.15,15.138,0 -103.178,15.151,0 -103.205,15.164,0 -103.231,15.178,0 -103.257,15.193,0 -103.282,15.209,0 -103.307,15.225,0 -103.331,15.243,0 -103.354,15.261,0 -103.377,15.28,0 -103.399,15.3,0 -103.421,15.32,0 -103.441,15.341,0 -103.461,15.363,0 -103.48,15.386,0 -103.498,15.409,0 -103.516,15.433,0 -103.532,15.457,0 -103.548,15.482,0 -103.563,15.507,0 -103.576,15.533,0 -103.589,15.559,0 -103.601,15.586,0 -103.612,15.613,0 -103.622,15.641,0 -103.631,15.668,0 -103.639,15.696,0 -103.646,15.725,0 -103.652,15.753,0 -103.656,15.782,0 -103.66,15.811,0 -103.663,15.84,0 -103.665,15.869,0 -103.665,15.898,0 -103.665,15.898,0 -103.664,15.956,0 -103.661,15.985,0 -103.657,16.014,0 -103.653,16.042,0 -103.647,16.071,0 -103.641,16.099,0 -103.633,16.127,0 -103.624,16.155,0 -103.614,16.183,0 -103.604,16.21,0 -103.592,16.237,0 -103.579,16.263,0 -103.566,16.289,0 -103.551,16.315,0 -103.535,16.34,0 -103.519,16.364,0 -103.502,16.388,0 -103.484,16.411,0 -103.465,16.434,0 -103.445,16.456,0 -103.424,16.477,0 -103.403,16.498,0 -103.381,16.518,0 -103.358,16.537,0 -103.334,16.555,0 -103.31,16.573,0 -103.285,16.589,0 -103.26,16.605,0 -103.234,16.62,0 -103.208,16.634,0 -103.181,16.648,0 -103.153,16.66,0 -103.125,16.671,0 -103.097,16.682,0 -103.068,16.691,0 -103.039,16.7,0 -103.01,16.707,0 -102.98,16.714,0 -102.95,16.72,0 -102.921,16.724,0 -102.89,16.728,0 -102.86,16.73,0 -102.83,16.732,0 -102.8,16.732,0 -102.8,16.816,0 
								</coordinates>
							</LinearRing>
						</outerBoundaryIs>
					</Polygon>
				</Placemark>
				<Placemark>
					<name>RADIUS OF 64 KT WINDS</name>
					<styleUrl>#WindRadii64</styleUrl>
					<Polygon>
						<tessellate>1</tessellate>
						<outerBoundaryIs>
							<LinearRing>
								<coordinates>
									-102.8,16.482,0 -102.778,16.482,0 -102.757,16.481,0 -102.736,16.479,0 -102.715,16.477,0 -102.694,16.474,0 -102.673,16.47,0 -102.652,16.465,0 -102.632,16.46,0 -102.612,16.454,0 -102.592,16.447,0 -102.572,16.44,0 -102.552,16.432,0 -102.533,16.423,0 -102.514,16.414,0 -102.496,16.404,0 -102.478,16.394,0 -102.46,16.383,0 -102.442,16.371,0 -102.425,16.359,0 -102.409,16.346,0 -102.393,16.332,0 -102.378,16.318,0 -102.363,16.304,0 -102.348,16.289,0 -102.334,16.274,0 -102.321,16.258,0 -102.308,16.242,0 -102.296,16.225,0 -102.285,16.208,0 -102.274,16.19,0 -102.264,16.173,0 -102.254,16.154,0 -102.245,16.136,0 -102.237,16.117,0 -102.229,16.098,0 -102.223,16.079,0 -102.216,16.059,0 -102.211,16.04,0 -102.206,16.02,0 -102.202,16,0 -102.199,15.98,0 -102.197,15.96,0 -102.195,15.939,0 -102.194,15.919,0 -102.193,15.899,0 -102.193,15.899,0 -102.195,15.858,0 -102.197,15.838,0 -102.2,15.818,0 -102.203,15.797,0 -102.207,15.777,0 -102.212,15.758,0 -102.217,15.738,0 -102.224,15.719,0 -102.23,15.699,0 -102.238,15.68,0 -102.246,15.662,0 -102.255,15.643,0 -102.265,15.625,0 -102.275,15.607,0 -102.286,15.59,0 -102.298,15.573,0 -102.31,15.556,0 -102.323,15.54,0 -102.336,15.524,0 -102.35,15.509,0 -102.364,15.494,0 -102.379,15.48,0 -102.395,15.466,0 -102.411,15.453,0 -102.427,15.44,0 -102.444,15.428,0 -102.461,15.416,0 -102.479,15.405,0 -102.497,15.394,0 -102.516,15.385,0 -102.534,15.375,0 -102.554,15.367,0 -102.573,15.359,0 -102.593,15.352,0 -102.613,15.345,0 -102.633,15.339,0 -102.653,15.334,0 -102.674,15.329,0 -102.695,15.325,0 -102.715,15.322,0 -102.736,15.32,0 -102.757,15.318,0 -102.778,15.317,0 -102.799,15.317,0 -102.799,15.4,0 -102.836,15.401,0 -102.854,15.403,0 -102.872,15.405,0 -102.889,15.407,0 -102.907,15.411,0 -102.925,15.415,0 -102.942,15.419,0 -102.96,15.424,0 -102.977,15.43,0 -102.994,15.436,0 -103.01,15.443,0 -103.027,15.45,0 -103.043,15.458,0 -103.059,15.467,0 -103.074,15.476,0 -103.089,15.485,0 -103.104,15.495,0 -103.119,15.506,0 -103.133,15.516,0 -103.147,15.528,0 -103.16,15.54,0 -103.173,15.552,0 -103.185,15.565,0 -103.197,15.578,0 -103.208,15.591,0 -103.219,15.605,0 -103.23,15.62,0 -103.24,15.634,0 -103.249,15.649,0 -103.258,15.664,0 -103.266,15.68,0 -103.274,15.696,0 -103.281,15.712,0 -103.287,15.728,0 -103.293,15.745,0 -103.299,15.761,0 -103.303,15.778,0 -103.307,15.795,0 -103.311,15.812,0 -103.314,15.829,0 -103.316,15.847,0 -103.318,15.864,0 -103.319,15.881,0 -103.319,15.899,0 -103.319,15.899,0 -103.318,15.934,0 -103.316,15.951,0 -103.314,15.968,0 -103.311,15.986,0 -103.308,16.003,0 -103.304,16.02,0 -103.299,16.037,0 -103.294,16.053,0 -103.288,16.07,0 -103.282,16.086,0 -103.275,16.102,0 -103.267,16.118,0 -103.259,16.134,0 -103.25,16.149,0 -103.241,16.164,0 -103.231,16.178,0 -103.22,16.193,0 -103.21,16.207,0 -103.198,16.22,0 -103.186,16.233,0 -103.174,16.246,0 -103.161,16.259,0 -103.148,16.271,0 -103.134,16.282,0 -103.12,16.293,0 -103.105,16.304,0 -103.091,16.314,0 -103.075,16.323,0 -103.06,16.332,0 -103.044,16.341,0 -103.028,16.348,0 -103.011,16.356,0 -102.995,16.363,0 -102.978,16.369,0 -102.96,16.375,0 -102.943,16.38,0 -102.925,16.384,0 -102.908,16.388,0 -102.89,16.392,0 -102.872,16.394,0 -102.854,16.396,0 -102.836,16.398,0 -102.818,16.399,0 -102.8,16.399,0 -102.8,16.482,0 
								</coordinates>
							</LinearRing>
						</outerBoundaryIs>
					</Polygon>
				</Placemark>
				<Placemark>
					<name>24/12Z - 140 knots</name>
					<Snippet maxLines="0">empty</Snippet>
					<description><![CDATA[<html>
<head>
<title>Requested Information</title>
</head>
<table width="400" bgcolor="white" border="1">
<tr><td><B>NAME</B></td><td><B>POLO</B></td></tr>
<tr><td><B>TIME</B></td><td><B>TAU 36 - 2026092412Z</B></td></tr>
<tr><td><B>POSIT</B></td><td><B>16.4 N, -104.3 W</B></td></tr>
<tr><td><B>WRNG NMBR</B></td><td><B>10</B></td></tr>
<tr><td><B>WIND SPD</B></td><td><B>140 KTS</B></td></tr>
<tr><td><B>MOVEMENT</B></td><td><B>290 DEG AT 08 KTS</B></td></tr>
</table></body></html>]]></description>
					<styleUrl>#TropicalBalloonStyle</styleUrl>
					<Style>
						<IconStyle>
							<color>ffffffff</color>
							<scale>1</scale>
							<heading>0</heading>
							<Icon>
								<href>images/TY.png</href>
							</Icon>
						</IconStyle>
					</Style>
					<Point>
						<coordinates>-104.3,16.4,0</coordinates>
					</Point>
				</Placemark>
				<Placemark>
					<name>RADIUS OF 34 KT WINDS</name>
					<styleUrl>#WindRadii34</styleUrl>
					<Polygon>
						<tessellate>1</tessellate>
						<outerBoundaryIs>
							<LinearRing>
								<coordinates>
									-104.3,18.065,0 -104.238,18.064,0 -104.177,18.061,0 -104.116,18.056,0 -104.056,18.049,0 -103.995,18.04,0 -103.935,18.028,0 -103.876,18.015,0 -103.817,18,0 -103.758,17.983,0 -103.701,17.964,0 -103.644,17.943,0 -103.588,17.92,0 -103.532,17.895,0 -103.478,17.868,0 -103.425,17.84,0 -103.373,17.81,0 -103.322,17.778,0 -103.272,17.744,0 -103.223,17.709,0 -103.176,17.672,0 -103.13,17.634,0 -103.086,17.594,0 -103.043,17.553,0 -103.002,17.51,0 -102.962,17.466,0 -102.924,17.42,0 -102.888,17.374,0 -102.853,17.326,0 -102.82,17.277,0 -102.789,17.227,0 -102.76,17.176,0 -102.733,17.124,0 -102.708,17.071,0 -102.685,17.017,0 -102.663,16.963,0 -102.644,16.908,0 -102.627,16.852,0 -102.611,16.796,0 -102.598,16.739,0 -102.587,16.682,0 -102.578,16.624,0 -102.571,16.567,0 -102.567,16.509,0 -102.564,16.451,0 -102.563,16.392,0 -102.911,16.395,0 -102.915,16.302,0 -102.919,16.256,0 -102.925,16.21,0 -102.933,16.164,0 -102.943,16.118,0 -102.954,16.073,0 -102.967,16.028,0 -102.981,15.984,0 -102.997,15.94,0 -103.015,15.896,0 -103.034,15.854,0 -103.055,15.812,0 -103.077,15.77,0 -103.101,15.73,0 -103.126,15.69,0 -103.152,15.651,0 -103.18,15.613,0 -103.21,15.576,0 -103.24,15.54,0 -103.272,15.505,0 -103.305,15.472,0 -103.339,15.439,0 -103.375,15.407,0 -103.411,15.377,0 -103.449,15.348,0 -103.488,15.32,0 -103.527,15.293,0 -103.568,15.268,0 -103.609,15.244,0 -103.651,15.222,0 -103.694,15.201,0 -103.738,15.182,0 -103.782,15.163,0 -103.827,15.147,0 -103.873,15.132,0 -103.919,15.118,0 -103.966,15.106,0 -104.013,15.096,0 -104.06,15.087,0 -104.107,15.08,0 -104.155,15.074,0 -104.203,15.07,0 -104.251,15.068,0 -104.299,15.067,0 -104.299,15.067,0 -104.396,15.07,0 -104.444,15.074,0 -104.492,15.08,0 -104.539,15.087,0 -104.586,15.096,0 -104.633,15.106,0 -104.68,15.118,0 -104.726,15.132,0 -104.772,15.147,0 -104.817,15.163,0 -104.861,15.182,0 -104.905,15.201,0 -104.948,15.222,0 -104.99,15.244,0 -105.031,15.268,0 -105.072,15.293,0 -105.111,15.32,0 -105.15,15.348,0 -105.188,15.377,0 -105.224,15.407,0 -105.26,15.439,0 -105.294,15.472,0 -105.327,15.505,0 -105.359,15.54,0 -105.389,15.576,0 -105.419,15.613,0 -105.447,15.651,0 -105.473,15.69,0 -105.498,15.73,0 -105.522,15.77,0 -105.544,15.812,0 -105.565,15.854,0 -105.584,15.896,0 -105.602,15.94,0 -105.618,15.984,0 -105.632,16.028,0 -105.645,16.073,0 -105.656,16.118,0 -105.666,16.164,0 -105.674,16.21,0 -105.68,16.256,0 -105.684,16.302,0 -105.687,16.348,0 -105.688,16.395,0 -105.862,16.394,0 -105.859,16.498,0 -105.855,16.55,0 -105.848,16.602,0 -105.84,16.654,0 -105.83,16.706,0 -105.818,16.757,0 -105.805,16.807,0 -105.789,16.857,0 -105.772,16.907,0 -105.752,16.956,0 -105.731,17.004,0 -105.709,17.052,0 -105.684,17.099,0 -105.658,17.145,0 -105.63,17.19,0 -105.601,17.234,0 -105.569,17.277,0 -105.537,17.319,0 -105.503,17.36,0 -105.467,17.399,0 -105.43,17.438,0 -105.391,17.475,0 -105.351,17.511,0 -105.31,17.545,0 -105.268,17.578,0 -105.224,17.61,0 -105.179,17.64,0 -105.133,17.669,0 -105.086,17.696,0 -105.038,17.722,0 -104.989,17.746,0 -104.94,17.768,0 -104.889,17.788,0 -104.838,17.807,0 -104.786,17.825,0 -104.734,17.84,0 -104.68,17.854,0 -104.627,17.865,0 -104.573,17.876,0 -104.519,17.884,0 -104.464,17.89,0 -104.409,17.895,0 -104.354,17.898,0 -104.3,17.898,0 -104.3,18.065,0 
								</coordinates>
							</LinearRing>
						</outerBoundaryIs>
					</Polygon>
				</Placemark>
				<Placemark>
					<name>RADIUS OF 50 KT WINDS</name>
					<styleUrl>#WindRadii50</styleUrl>
					<Polygon>
						<tessellate>1</tessellate>
						<outerBoundaryIs>
							<LinearRing>
								<coordinates>
									-104.3,17.316,0 -104.266,17.315,0 -104.233,17.313,0 -104.199,17.311,0 -104.166,17.307,0 -104.133,17.302,0 -104.1,17.295,0 -104.067,17.288,0 -104.035,17.28,0 -104.003,17.271,0 -103.971,17.26,0 -103.94,17.249,0 -103.909,17.236,0 -103.879,17.222,0 -103.849,17.208,0 -103.82,17.192,0 -103.791,17.176,0 -103.763,17.158,0 -103.736,17.14,0 -103.709,17.121,0 -103.683,17.1,0 -103.658,17.079,0 -103.634,17.057,0 -103.61,17.035,0 -103.588,17.011,0 -103.566,16.987,0 -103.545,16.962,0 -103.525,16.937,0 -103.506,16.91,0 -103.488,16.883,0 -103.471,16.856,0 -103.454,16.828,0 -103.439,16.799,0 -103.425,16.77,0 -103.413,16.741,0 -103.401,16.711,0 -103.39,16.681,0 -103.38,16.65,0 -103.372,16.619,0 -103.365,16.588,0 -103.358,16.556,0 -103.353,16.525,0 -103.349,16.493,0 -103.347,16.461,0 -103.345,16.429,0 -103.345,16.397,0 -103.345,16.397,0 -103.347,16.333,0 -103.35,16.302,0 -103.355,16.27,0 -103.36,16.238,0 -103.366,16.207,0 -103.374,16.176,0 -103.383,16.145,0 -103.393,16.114,0 -103.404,16.084,0 -103.416,16.055,0 -103.429,16.025,0 -103.443,15.996,0 -103.458,15.968,0 -103.474,15.94,0 -103.492,15.913,0 -103.51,15.886,0 -103.529,15.86,0 -103.549,15.834,0 -103.57,15.809,0 -103.592,15.785,0 -103.615,15.762,0 -103.638,15.74,0 -103.663,15.718,0 -103.688,15.697,0 -103.714,15.677,0 -103.74,15.658,0 -103.768,15.639,0 -103.795,15.622,0 -103.824,15.606,0 -103.853,15.59,0 -103.883,15.576,0 -103.913,15.562,0 -103.943,15.55,0 -103.974,15.538,0 -104.006,15.528,0 -104.037,15.519,0 -104.07,15.511,0 -104.102,15.503,0 -104.134,15.497,0 -104.167,15.492,0 -104.2,15.488,0 -104.233,15.486,0 -104.266,15.484,0 -104.299,15.483,0 -104.299,15.567,0 -104.36,15.569,0 -104.39,15.571,0 -104.42,15.575,0 -104.45,15.579,0 -104.479,15.585,0 -104.509,15.591,0 -104.538,15.599,0 -104.567,15.607,0 -104.595,15.617,0 -104.623,15.627,0 -104.651,15.638,0 -104.679,15.651,0 -104.706,15.664,0 -104.732,15.678,0 -104.758,15.693,0 -104.783,15.709,0 -104.808,15.725,0 -104.832,15.743,0 -104.856,15.761,0 -104.879,15.78,0 -104.901,15.8,0 -104.922,15.82,0 -104.943,15.841,0 -104.963,15.863,0 -104.982,15.886,0 -105,15.909,0 -105.017,15.933,0 -105.034,15.957,0 -105.05,15.982,0 -105.064,16.007,0 -105.078,16.033,0 -105.091,16.059,0 -105.103,16.086,0 -105.114,16.113,0 -105.124,16.141,0 -105.133,16.168,0 -105.141,16.196,0 -105.148,16.225,0 -105.154,16.253,0 -105.159,16.282,0 -105.162,16.311,0 -105.165,16.34,0 -105.167,16.369,0 -105.168,16.398,0 -105.168,16.398,0 -105.166,16.456,0 -105.163,16.485,0 -105.16,16.514,0 -105.155,16.542,0 -105.149,16.571,0 -105.143,16.599,0 -105.135,16.627,0 -105.126,16.655,0 -105.116,16.683,0 -105.106,16.71,0 -105.094,16.737,0 -105.081,16.763,0 -105.068,16.789,0 -105.053,16.815,0 -105.037,16.84,0 -105.021,16.864,0 -105.004,16.888,0 -104.985,16.911,0 -104.966,16.934,0 -104.946,16.956,0 -104.926,16.977,0 -104.904,16.998,0 -104.882,17.018,0 -104.859,17.037,0 -104.836,17.055,0 -104.812,17.073,0 -104.787,17.089,0 -104.761,17.105,0 -104.735,17.12,0 -104.709,17.134,0 -104.682,17.148,0 -104.654,17.16,0 -104.626,17.171,0 -104.598,17.182,0 -104.569,17.191,0 -104.54,17.2,0 -104.51,17.207,0 -104.481,17.214,0 -104.451,17.22,0 -104.421,17.224,0 -104.391,17.228,0 -104.36,17.23,0 -104.33,17.232,0 -104.3,17.232,0 -104.3,17.316,0 
								</coordinates>
							</LinearRing>
						</outerBoundaryIs>
					</Polygon>
				</Placemark>
				<Placemark>
					<name>RADIUS OF 64 KT WINDS</name>
					<styleUrl>#WindRadii64</styleUrl>
					<Polygon>
						<tessellate>1</tessellate>
						<outerBoundaryIs>
							<LinearRing>
								<coordinates>
									-104.3,16.982,0 -104.278,16.982,0 -104.257,16.981,0 -104.236,16.979,0 -104.215,16.977,0 -104.194,16.974,0 -104.173,16.97,0 -104.152,16.965,0 -104.132,16.96,0 -104.111,16.954,0 -104.091,16.947,0 -104.071,16.94,0 -104.052,16.932,0 -104.032,16.923,0 -104.013,16.914,0 -103.995,16.904,0 -103.977,16.894,0 -103.959,16.883,0 -103.941,16.871,0 -103.924,16.859,0 -103.908,16.846,0 -103.892,16.832,0 -103.876,16.818,0 -103.861,16.804,0 -103.847,16.789,0 -103.833,16.774,0 -103.82,16.758,0 -103.807,16.742,0 -103.795,16.725,0 -103.783,16.708,0 -103.772,16.69,0 -103.762,16.672,0 -103.753,16.654,0 -103.744,16.636,0 -103.735,16.617,0 -103.728,16.598,0 -103.721,16.579,0 -103.715,16.559,0 -103.709,16.54,0 -103.705,16.52,0 -103.701,16.5,0 -103.698,16.48,0 -103.695,16.46,0 -103.693,16.439,0 -103.692,16.419,0 -103.692,16.399,0 -103.779,16.399,0 -103.78,16.364,0 -103.782,16.347,0 -103.784,16.329,0 -103.787,16.312,0 -103.79,16.295,0 -103.794,16.278,0 -103.799,16.261,0 -103.805,16.245,0 -103.81,16.228,0 -103.817,16.212,0 -103.824,16.196,0 -103.832,16.18,0 -103.84,16.164,0 -103.849,16.149,0 -103.858,16.134,0 -103.868,16.12,0 -103.879,16.105,0 -103.89,16.091,0 -103.901,16.078,0 -103.913,16.065,0 -103.925,16.052,0 -103.938,16.04,0 -103.952,16.028,0 -103.965,16.016,0 -103.979,16.006,0 -103.994,15.995,0 -104.009,15.985,0 -104.024,15.976,0 -104.04,15.967,0 -104.056,15.958,0 -104.072,15.95,0 -104.088,15.943,0 -104.105,15.936,0 -104.122,15.93,0 -104.139,15.924,0 -104.156,15.919,0 -104.174,15.915,0 -104.191,15.911,0 -104.209,15.907,0 -104.227,15.905,0 -104.245,15.903,0 -104.263,15.901,0 -104.281,15.9,0 -104.299,15.9,0 -104.299,15.9,0 -104.336,15.901,0 -104.354,15.903,0 -104.372,15.905,0 -104.39,15.907,0 -104.408,15.911,0 -104.425,15.915,0 -104.443,15.919,0 -104.46,15.924,0 -104.477,15.93,0 -104.494,15.936,0 -104.511,15.943,0 -104.527,15.95,0 -104.543,15.958,0 -104.559,15.967,0 -104.575,15.976,0 -104.59,15.985,0 -104.605,15.995,0 -104.62,16.006,0 -104.634,16.016,0 -104.647,16.028,0 -104.661,16.04,0 -104.674,16.052,0 -104.686,16.065,0 -104.698,16.078,0 -104.709,16.091,0 -104.72,16.105,0 -104.731,16.12,0 -104.741,16.134,0 -104.75,16.149,0 -104.759,16.164,0 -104.767,16.18,0 -104.775,16.196,0 -104.782,16.212,0 -104.789,16.228,0 -104.794,16.245,0 -104.8,16.261,0 -104.805,16.278,0 -104.809,16.295,0 -104.812,16.312,0 -104.815,16.329,0 -104.817,16.347,0 -104.819,16.364,0 -104.82,16.381,0 -104.82,16.399,0 -104.82,16.399,0 -104.819,16.434,0 -104.818,16.451,0 -104.815,16.468,0 -104.813,16.486,0 -104.809,16.503,0 -104.805,16.52,0 -104.801,16.537,0 -104.795,16.553,0 -104.789,16.57,0 -104.783,16.586,0 -104.776,16.602,0 -104.768,16.618,0 -104.76,16.634,0 -104.751,16.649,0 -104.742,16.664,0 -104.732,16.678,0 -104.722,16.693,0 -104.711,16.707,0 -104.699,16.72,0 -104.687,16.733,0 -104.675,16.746,0 -104.662,16.759,0 -104.649,16.771,0 -104.635,16.782,0 -104.621,16.793,0 -104.606,16.804,0 -104.591,16.814,0 -104.576,16.823,0 -104.561,16.832,0 -104.545,16.841,0 -104.528,16.848,0 -104.512,16.856,0 -104.495,16.863,0 -104.478,16.869,0 -104.461,16.875,0 -104.443,16.88,0 -104.426,16.884,0 -104.408,16.888,0 -104.39,16.892,0 -104.372,16.894,0 -104.354,16.896,0 -104.336,16.898,0 -104.318,16.899,0 -104.3,16.899,0 -104.3,16.982,0 
								</coordinates>
							</LinearRing>
						</outerBoundaryIs>
					</Polygon>
				</Placemark>
				<Placemark>
					<name>25/00Z - 135 knots</name>
					<Snippet maxLines="0">empty</Snippet>
					<description><![CDATA[<html>
<head>
<title>Requested Information</title>
</head>
<table width="400" bgcolor="white" border="1">
<tr><td><B>NAME</B></td><td><B>POLO</B></td></tr>
<tr><td><B>TIME</B></td><td><B>TAU 48 - 2026092500Z</B></td></tr>
<tr><td><B>POSIT</B></td><td><B>16.6 N, -106.1 W</B></td></tr>
<tr><td><B>WRNG NMBR</B></td><td><B>10</B></td></tr>
<tr><td><B>WIND SPD</B></td><td><B>135 KTS</B></td></tr>
<tr><td><B>MOVEMENT</B></td><td><B>275 DEG AT 09 KTS</B></td></tr>
</table></body></html>]]></description>
					<styleUrl>#TropicalBalloonStyle</styleUrl>
					<Style>
						<IconStyle>
							<color>ffffffff</color>
							<scale>1</scale>
							<heading>0</heading>
							<Icon>
								<href>images/TY.png</href>
							</Icon>
						</IconStyle>
					</Style>
					<Point>
						<coordinates>-106.1,16.6,0</coordinates>
					</Point>
				</Placemark>
				<Placemark>
					<name>RADIUS OF 34 KT WINDS</name>
					<styleUrl>#WindRadii34</styleUrl>
					<Polygon>
						<tessellate>1</tessellate>
						<outerBoundaryIs>
							<LinearRing>
								<coordinates>
									-106.1,18.098,0 -106.044,18.098,0 -105.99,18.095,0 -105.935,18.09,0 -105.88,18.084,0 -105.826,18.076,0 -105.772,18.065,0 -105.718,18.054,0 -105.665,18.04,0 -105.612,18.025,0 -105.56,18.007,0 -105.509,17.988,0 -105.459,17.968,0 -105.409,17.946,0 -105.36,17.922,0 -105.312,17.896,0 -105.265,17.869,0 -105.219,17.84,0 -105.174,17.81,0 -105.13,17.778,0 -105.088,17.745,0 -105.047,17.711,0 -105.007,17.675,0 -104.968,17.638,0 -104.931,17.599,0 -104.895,17.56,0 -104.861,17.519,0 -104.828,17.477,0 -104.797,17.434,0 -104.767,17.39,0 -104.74,17.345,0 -104.713,17.299,0 -104.689,17.252,0 -104.666,17.204,0 -104.645,17.156,0 -104.626,17.107,0 -104.608,17.057,0 -104.593,17.007,0 -104.579,16.957,0 -104.567,16.906,0 -104.557,16.854,0 -104.549,16.802,0 -104.543,16.75,0 -104.538,16.698,0 -104.536,16.646,0 -104.535,16.594,0 -104.709,16.595,0 -104.713,16.502,0 -104.718,16.456,0 -104.724,16.41,0 -104.732,16.364,0 -104.741,16.318,0 -104.753,16.273,0 -104.766,16.228,0 -104.78,16.184,0 -104.796,16.14,0 -104.814,16.096,0 -104.833,16.054,0 -104.854,16.012,0 -104.876,15.97,0 -104.9,15.93,0 -104.925,15.89,0 -104.951,15.851,0 -104.979,15.813,0 -105.008,15.776,0 -105.039,15.74,0 -105.071,15.705,0 -105.104,15.672,0 -105.138,15.639,0 -105.174,15.607,0 -105.21,15.577,0 -105.248,15.548,0 -105.287,15.52,0 -105.326,15.493,0 -105.367,15.468,0 -105.408,15.444,0 -105.451,15.422,0 -105.494,15.401,0 -105.537,15.382,0 -105.582,15.363,0 -105.627,15.347,0 -105.673,15.332,0 -105.719,15.318,0 -105.765,15.306,0 -105.812,15.296,0 -105.86,15.287,0 -105.907,15.28,0 -105.955,15.274,0 -106.003,15.27,0 -106.051,15.268,0 -106.099,15.267,0 -106.099,15.267,0 -106.196,15.27,0 -106.244,15.274,0 -106.292,15.28,0 -106.339,15.287,0 -106.387,15.296,0 -106.434,15.306,0 -106.48,15.318,0 -106.526,15.332,0 -106.572,15.347,0 -106.617,15.363,0 -106.662,15.382,0 -106.705,15.401,0 -106.748,15.422,0 -106.791,15.444,0 -106.832,15.468,0 -106.873,15.493,0 -106.912,15.52,0 -106.951,15.548,0 -106.989,15.577,0 -107.025,15.607,0 -107.061,15.639,0 -107.095,15.672,0 -107.128,15.705,0 -107.16,15.74,0 -107.191,15.776,0 -107.22,15.813,0 -107.248,15.851,0 -107.274,15.89,0 -107.299,15.93,0 -107.323,15.97,0 -107.345,16.012,0 -107.366,16.054,0 -107.385,16.096,0 -107.403,16.14,0 -107.419,16.184,0 -107.433,16.228,0 -107.446,16.273,0 -107.458,16.318,0 -107.467,16.364,0 -107.475,16.41,0 -107.481,16.456,0 -107.486,16.502,0 -107.489,16.548,0 -107.49,16.595,0 -107.664,16.594,0 -107.661,16.698,0 -107.656,16.75,0 -107.65,16.802,0 -107.642,16.854,0 -107.632,16.906,0 -107.62,16.957,0 -107.606,17.007,0 -107.591,17.057,0 -107.573,17.107,0 -107.554,17.156,0 -107.533,17.204,0 -107.51,17.252,0 -107.486,17.299,0 -107.459,17.345,0 -107.432,17.39,0 -107.402,17.434,0 -107.371,17.477,0 -107.338,17.519,0 -107.304,17.56,0 -107.268,17.599,0 -107.231,17.638,0 -107.192,17.675,0 -107.152,17.711,0 -107.111,17.745,0 -107.069,17.778,0 -107.025,17.81,0 -106.98,17.84,0 -106.934,17.869,0 -106.887,17.896,0 -106.839,17.922,0 -106.79,17.946,0 -106.74,17.968,0 -106.69,17.988,0 -106.639,18.007,0 -106.587,18.025,0 -106.534,18.04,0 -106.481,18.054,0 -106.427,18.065,0 -106.373,18.076,0 -106.319,18.084,0 -106.264,18.09,0 -106.209,18.095,0 -106.155,18.098,0 -106.1,18.098,0 -106.1,18.098,0 
								</coordinates>
							</LinearRing>
						</outerBoundaryIs>
					</Polygon>
				</Placemark>
				<Placemark>
					<name>RADIUS OF 50 KT WINDS</name>
					<styleUrl>#WindRadii50</styleUrl>
					<Polygon>
						<tessellate>1</tessellate>
						<outerBoundaryIs>
							<LinearRing>
								<coordinates>
									-106.1,17.432,0 -106.069,17.432,0 -106.039,17.43,0 -106.008,17.428,0 -105.978,17.424,0 -105.948,17.42,0 -105.918,17.414,0 -105.888,17.407,0 -105.859,17.4,0 -105.83,17.391,0 -105.801,17.382,0 -105.773,17.371,0 -105.745,17.36,0 -105.717,17.348,0 -105.69,17.334,0 -105.663,17.32,0 -105.637,17.305,0 -105.612,17.289,0 -105.587,17.273,0 -105.563,17.255,0 -105.539,17.237,0 -105.516,17.218,0 -105.494,17.198,0 -105.472,17.177,0 -105.452,17.156,0 -105.432,17.134,0 -105.413,17.111,0 -105.395,17.088,0 -105.377,17.064,0 -105.361,17.039,0 -105.345,17.015,0 -105.331,16.989,0 -105.317,16.963,0 -105.304,16.937,0 -105.292,16.91,0 -105.282,16.883,0 -105.272,16.855,0 -105.263,16.827,0 -105.255,16.799,0 -105.249,16.771,0 -105.243,16.742,0 -105.238,16.714,0 -105.235,16.685,0 -105.232,16.656,0 -105.231,16.627,0 -105.231,16.598,0 -105.231,16.598,0 -105.233,16.54,0 -105.236,16.511,0 -105.239,16.482,0 -105.244,16.453,0 -105.25,16.425,0 -105.257,16.396,0 -105.265,16.368,0 -105.274,16.341,0 -105.284,16.313,0 -105.295,16.286,0 -105.307,16.259,0 -105.32,16.233,0 -105.334,16.207,0 -105.349,16.182,0 -105.364,16.157,0 -105.381,16.133,0 -105.398,16.109,0 -105.417,16.086,0 -105.436,16.063,0 -105.456,16.041,0 -105.476,16.02,0 -105.498,16,0 -105.52,15.98,0 -105.543,15.961,0 -105.566,15.943,0 -105.59,15.925,0 -105.615,15.909,0 -105.641,15.893,0 -105.667,15.878,0 -105.693,15.864,0 -105.72,15.851,0 -105.747,15.838,0 -105.775,15.827,0 -105.803,15.817,0 -105.832,15.807,0 -105.861,15.799,0 -105.89,15.791,0 -105.92,15.785,0 -105.949,15.779,0 -105.979,15.775,0 -106.009,15.771,0 -106.039,15.769,0 -106.069,15.767,0 -106.099,15.767,0 -106.099,15.85,0 -106.154,15.852,0 -106.181,15.854,0 -106.208,15.857,0 -106.235,15.861,0 -106.261,15.866,0 -106.288,15.872,0 -106.314,15.879,0 -106.34,15.887,0 -106.366,15.895,0 -106.391,15.904,0 -106.416,15.915,0 -106.441,15.926,0 -106.465,15.937,0 -106.489,15.95,0 -106.513,15.963,0 -106.535,15.978,0 -106.558,15.993,0 -106.58,16.008,0 -106.601,16.025,0 -106.621,16.042,0 -106.641,16.06,0 -106.661,16.078,0 -106.679,16.097,0 -106.697,16.117,0 -106.714,16.137,0 -106.731,16.158,0 -106.746,16.179,0 -106.761,16.201,0 -106.775,16.224,0 -106.789,16.247,0 -106.801,16.27,0 -106.813,16.293,0 -106.824,16.317,0 -106.833,16.342,0 -106.842,16.367,0 -106.85,16.392,0 -106.858,16.417,0 -106.864,16.442,0 -106.869,16.468,0 -106.874,16.494,0 -106.877,16.52,0 -106.879,16.546,0 -106.881,16.572,0 -106.882,16.598,0 -106.968,16.598,0 -106.967,16.656,0 -106.964,16.685,0 -106.961,16.714,0 -106.956,16.742,0 -106.95,16.771,0 -106.944,16.799,0 -106.936,16.827,0 -106.927,16.855,0 -106.917,16.883,0 -106.907,16.91,0 -106.895,16.937,0 -106.882,16.963,0 -106.868,16.989,0 -106.854,17.015,0 -106.838,17.039,0 -106.822,17.064,0 -106.804,17.088,0 -106.786,17.111,0 -106.767,17.134,0 -106.747,17.156,0 -106.727,17.177,0 -106.705,17.198,0 -106.683,17.218,0 -106.66,17.237,0 -106.636,17.255,0 -106.612,17.273,0 -106.587,17.289,0 -106.562,17.305,0 -106.536,17.32,0 -106.509,17.334,0 -106.482,17.348,0 -106.454,17.36,0 -106.426,17.371,0 -106.398,17.382,0 -106.369,17.391,0 -106.34,17.4,0 -106.311,17.407,0 -106.281,17.414,0 -106.251,17.42,0 -106.221,17.424,0 -106.191,17.428,0 -106.16,17.43,0 -106.13,17.432,0 -106.1,17.432,0 -106.1,17.432,0 
								</coordinates>
							</LinearRing>
						</outerBoundaryIs>
					</Polygon>
				</Placemark>
				<Placemark>
					<name>RADIUS OF 64 KT WINDS</name>
					<styleUrl>#WindRadii64</styleUrl>
					<Polygon>
						<tessellate>1</tessellate>
						<outerBoundaryIs>
							<LinearRing>
								<coordinates>
									-106.1,17.182,0 -106.078,17.182,0 -106.057,17.181,0 -106.036,17.179,0 -106.015,17.177,0 -105.994,17.174,0 -105.973,17.17,0 -105.952,17.165,0 -105.931,17.16,0 -105.911,17.154,0 -105.891,17.147,0 -105.871,17.14,0 -105.851,17.132,0 -105.832,17.123,0 -105.813,17.114,0 -105.795,17.104,0 -105.776,17.094,0 -105.758,17.082,0 -105.741,17.071,0 -105.724,17.059,0 -105.708,17.046,0 -105.692,17.032,0 -105.676,17.018,0 -105.661,17.004,0 -105.647,16.989,0 -105.633,16.974,0 -105.619,16.958,0 -105.606,16.942,0 -105.594,16.925,0 -105.583,16.908,0 -105.572,16.89,0 -105.562,16.872,0 -105.552,16.854,0 -105.543,16.836,0 -105.535,16.817,0 -105.527,16.798,0 -105.52,16.779,0 -105.514,16.759,0 -105.509,16.74,0 -105.504,16.72,0 -105.5,16.7,0 -105.497,16.68,0 -105.494,16.66,0 -105.493,16.639,0 -105.492,16.619,0 -105.491,16.599,0 -105.578,16.599,0 -105.579,16.564,0 -105.581,16.547,0 -105.583,16.529,0 -105.586,16.512,0 -105.59,16.495,0 -105.594,16.478,0 -105.599,16.461,0 -105.604,16.445,0 -105.61,16.428,0 -105.617,16.412,0 -105.624,16.396,0 -105.631,16.38,0 -105.64,16.364,0 -105.649,16.349,0 -105.658,16.334,0 -105.668,16.32,0 -105.678,16.305,0 -105.689,16.291,0 -105.701,16.278,0 -105.713,16.265,0 -105.725,16.252,0 -105.738,16.24,0 -105.751,16.228,0 -105.765,16.216,0 -105.779,16.206,0 -105.794,16.195,0 -105.809,16.185,0 -105.824,16.176,0 -105.839,16.167,0 -105.855,16.158,0 -105.871,16.15,0 -105.888,16.143,0 -105.905,16.136,0 -105.922,16.13,0 -105.939,16.124,0 -105.956,16.119,0 -105.974,16.115,0 -105.991,16.111,0 -106.009,16.107,0 -106.027,16.105,0 -106.045,16.103,0 -106.063,16.101,0 -106.081,16.1,0 -106.099,16.1,0 -106.099,16.1,0 -106.136,16.101,0 -106.154,16.103,0 -106.172,16.105,0 -106.19,16.107,0 -106.208,16.111,0 -106.225,16.115,0 -106.243,16.119,0 -106.26,16.124,0 -106.277,16.13,0 -106.294,16.136,0 -106.311,16.143,0 -106.328,16.15,0 -106.344,16.158,0 -106.36,16.167,0 -106.375,16.176,0 -106.39,16.185,0 -106.405,16.195,0 -106.42,16.206,0 -106.434,16.216,0 -106.448,16.228,0 -106.461,16.24,0 -106.474,16.252,0 -106.486,16.265,0 -106.498,16.278,0 -106.51,16.291,0 -106.521,16.305,0 -106.531,16.32,0 -106.541,16.334,0 -106.55,16.349,0 -106.559,16.364,0 -106.568,16.38,0 -106.575,16.396,0 -106.582,16.412,0 -106.589,16.428,0 -106.595,16.445,0 -106.6,16.461,0 -106.605,16.478,0 -106.609,16.495,0 -106.613,16.512,0 -106.616,16.529,0 -106.618,16.547,0 -106.62,16.564,0 -106.621,16.581,0 -106.621,16.599,0 -106.708,16.599,0 -106.706,16.639,0 -106.705,16.66,0 -106.702,16.68,0 -106.699,16.7,0 -106.695,16.72,0 -106.69,16.74,0 -106.685,16.759,0 -106.679,16.779,0 -106.672,16.798,0 -106.664,16.817,0 -106.656,16.836,0 -106.647,16.854,0 -106.637,16.872,0 -106.627,16.89,0 -106.616,16.908,0 -106.605,16.925,0 -106.593,16.942,0 -106.58,16.958,0 -106.566,16.974,0 -106.552,16.989,0 -106.538,17.004,0 -106.523,17.018,0 -106.507,17.032,0 -106.491,17.046,0 -106.475,17.059,0 -106.458,17.071,0 -106.441,17.082,0 -106.423,17.094,0 -106.404,17.104,0 -106.386,17.114,0 -106.367,17.123,0 -106.348,17.132,0 -106.328,17.14,0 -106.308,17.147,0 -106.288,17.154,0 -106.268,17.16,0 -106.247,17.165,0 -106.226,17.17,0 -106.205,17.174,0 -106.184,17.177,0 -106.163,17.179,0 -106.142,17.181,0 -106.121,17.182,0 -106.1,17.182,0 -106.1,17.182,0 
								</coordinates>
							</LinearRing>
						</outerBoundaryIs>
					</Polygon>
				</Placemark>
				<Placemark>
					<name>25/12Z - 125 knots</name>
					<Snippet maxLines="0">empty</Snippet>
					<description><![CDATA[<html>
<head>
<title>Requested Information</title>
</head>
<table width="400" bgcolor="white" border="1">
<tr><td><B>NAME</B></td><td><B>POLO</B></td></tr>
<tr><td><B>TIME</B></td><td><B>TAU 60 - 2026092512Z</B></td></tr>
<tr><td><B>POSIT</B></td><td><B>16.8 N, -108 W</B></td></tr>
<tr><td><B>WRNG NMBR</B></td><td><B>10</B></td></tr>
<tr><td><B>WIND SPD</B></td><td><B>125 KTS</B></td></tr>
<tr><td><B>MOVEMENT</B></td><td><B>275 DEG AT 09 KTS</B></td></tr>
</table></body></html>]]></description>
					<styleUrl>#TropicalBalloonStyle</styleUrl>
					<Style>
						<IconStyle>
							<color>ffffffff</color>
							<scale>1</scale>
							<heading>0</heading>
							<Icon>
								<href>images/TY.png</href>
							</Icon>
						</IconStyle>
					</Style>
					<Point>
						<coordinates>-108,16.8,0</coordinates>
					</Point>
				</Placemark>
				<Placemark>
					<name>RADIUS OF 34 KT WINDS</name>
					<styleUrl>#WindRadii34</styleUrl>
					<Polygon>
						<tessellate>1</tessellate>
						<outerBoundaryIs>
							<LinearRing>
								<coordinates>
									-108,18.298,0 -107.944,18.298,0 -107.889,18.295,0 -107.834,18.29,0 -107.78,18.284,0 -107.725,18.276,0 -107.671,18.265,0 -107.618,18.254,0 -107.565,18.24,0 -107.512,18.225,0 -107.46,18.207,0 -107.408,18.188,0 -107.358,18.168,0 -107.308,18.146,0 -107.259,18.122,0 -107.211,18.096,0 -107.164,18.069,0 -107.118,18.04,0 -107.073,18.01,0 -107.029,17.978,0 -106.987,17.945,0 -106.945,17.911,0 -106.905,17.875,0 -106.867,17.838,0 -106.83,17.799,0 -106.794,17.759,0 -106.759,17.719,0 -106.727,17.677,0 -106.696,17.634,0 -106.666,17.59,0 -106.638,17.544,0 -106.612,17.499,0 -106.587,17.452,0 -106.564,17.404,0 -106.543,17.356,0 -106.524,17.307,0 -106.507,17.257,0 -106.491,17.207,0 -106.477,17.157,0 -106.465,17.105,0 -106.455,17.054,0 -106.447,17.002,0 -106.441,16.95,0 -106.437,16.898,0 -106.434,16.846,0 -106.434,16.794,0 -106.608,16.795,0 -106.612,16.702,0 -106.616,16.656,0 -106.623,16.609,0 -106.63,16.564,0 -106.64,16.518,0 -106.651,16.473,0 -106.664,16.428,0 -106.679,16.384,0 -106.695,16.34,0 -106.712,16.296,0 -106.732,16.254,0 -106.752,16.212,0 -106.775,16.17,0 -106.798,16.13,0 -106.823,16.09,0 -106.85,16.051,0 -106.878,16.013,0 -106.907,15.976,0 -106.938,15.94,0 -106.97,15.905,0 -107.003,15.872,0 -107.037,15.839,0 -107.073,15.807,0 -107.11,15.777,0 -107.147,15.748,0 -107.186,15.72,0 -107.226,15.693,0 -107.266,15.668,0 -107.308,15.644,0 -107.35,15.622,0 -107.393,15.601,0 -107.437,15.582,0 -107.481,15.563,0 -107.527,15.547,0 -107.572,15.532,0 -107.618,15.518,0 -107.665,15.506,0 -107.712,15.496,0 -107.759,15.487,0 -107.807,15.48,0 -107.855,15.474,0 -107.903,15.47,0 -107.951,15.468,0 -107.999,15.467,0 -107.999,15.467,0 -108.096,15.47,0 -108.144,15.474,0 -108.192,15.48,0 -108.24,15.487,0 -108.287,15.496,0 -108.334,15.506,0 -108.381,15.518,0 -108.427,15.532,0 -108.472,15.547,0 -108.518,15.563,0 -108.562,15.582,0 -108.606,15.601,0 -108.649,15.622,0 -108.691,15.644,0 -108.733,15.668,0 -108.773,15.693,0 -108.813,15.72,0 -108.852,15.748,0 -108.889,15.777,0 -108.926,15.807,0 -108.962,15.839,0 -108.996,15.872,0 -109.029,15.905,0 -109.061,15.94,0 -109.092,15.976,0 -109.121,16.013,0 -109.149,16.051,0 -109.176,16.09,0 -109.201,16.13,0 -109.224,16.17,0 -109.247,16.212,0 -109.267,16.254,0 -109.287,16.296,0 -109.304,16.34,0 -109.32,16.384,0 -109.335,16.428,0 -109.348,16.473,0 -109.359,16.518,0 -109.369,16.564,0 -109.376,16.609,0 -109.383,16.656,0 -109.387,16.702,0 -109.39,16.748,0 -109.391,16.795,0 -109.565,16.794,0 -109.562,16.898,0 -109.558,16.95,0 -109.552,17.002,0 -109.544,17.054,0 -109.534,17.105,0 -109.522,17.157,0 -109.508,17.207,0 -109.492,17.257,0 -109.475,17.307,0 -109.456,17.356,0 -109.435,17.404,0 -109.412,17.452,0 -109.387,17.499,0 -109.361,17.544,0 -109.333,17.59,0 -109.303,17.634,0 -109.272,17.677,0 -109.24,17.719,0 -109.205,17.759,0 -109.169,17.799,0 -109.132,17.838,0 -109.094,17.875,0 -109.054,17.911,0 -109.012,17.945,0 -108.97,17.978,0 -108.926,18.01,0 -108.881,18.04,0 -108.835,18.069,0 -108.788,18.096,0 -108.74,18.122,0 -108.691,18.146,0 -108.641,18.168,0 -108.591,18.188,0 -108.539,18.207,0 -108.487,18.225,0 -108.434,18.24,0 -108.381,18.254,0 -108.328,18.265,0 -108.274,18.276,0 -108.219,18.284,0 -108.165,18.29,0 -108.11,18.295,0 -108.055,18.298,0 -108,18.298,0 -108,18.298,0 
								</coordinates>
							</LinearRing>
						</outerBoundaryIs>
					</Polygon>
				</Placemark>
				<Placemark>
					<name>RADIUS OF 50 KT WINDS</name>
					<styleUrl>#WindRadii50</styleUrl>
					<Polygon>
						<tessellate>1</tessellate>
						<outerBoundaryIs>
							<LinearRing>
								<coordinates>
									-108,17.716,0 -107.966,17.715,0 -107.932,17.713,0 -107.899,17.711,0 -107.866,17.707,0 -107.833,17.702,0 -107.8,17.695,0 -107.767,17.688,0 -107.734,17.68,0 -107.702,17.67,0 -107.671,17.66,0 -107.639,17.649,0 -107.609,17.636,0 -107.578,17.622,0 -107.548,17.608,0 -107.519,17.592,0 -107.49,17.576,0 -107.462,17.558,0 -107.435,17.54,0 -107.408,17.521,0 -107.382,17.5,0 -107.357,17.479,0 -107.332,17.457,0 -107.309,17.435,0 -107.286,17.411,0 -107.264,17.387,0 -107.243,17.362,0 -107.223,17.336,0 -107.204,17.31,0 -107.186,17.283,0 -107.169,17.256,0 -107.153,17.228,0 -107.138,17.199,0 -107.124,17.17,0 -107.111,17.141,0 -107.099,17.111,0 -107.088,17.081,0 -107.078,17.05,0 -107.07,17.019,0 -107.063,16.988,0 -107.056,16.956,0 -107.051,16.925,0 -107.047,16.893,0 -107.045,16.861,0 -107.043,16.829,0 -107.043,16.797,0 -107.13,16.798,0 -107.132,16.74,0 -107.135,16.711,0 -107.139,16.682,0 -107.143,16.653,0 -107.149,16.625,0 -107.156,16.596,0 -107.164,16.568,0 -107.173,16.541,0 -107.183,16.513,0 -107.194,16.486,0 -107.206,16.459,0 -107.219,16.433,0 -107.233,16.407,0 -107.248,16.382,0 -107.263,16.357,0 -107.28,16.333,0 -107.298,16.309,0 -107.316,16.286,0 -107.335,16.263,0 -107.355,16.241,0 -107.376,16.22,0 -107.397,16.2,0 -107.419,16.18,0 -107.442,16.161,0 -107.466,16.143,0 -107.49,16.125,0 -107.515,16.109,0 -107.54,16.093,0 -107.566,16.078,0 -107.593,16.064,0 -107.62,16.051,0 -107.647,16.038,0 -107.675,16.027,0 -107.703,16.017,0 -107.732,16.007,0 -107.761,15.999,0 -107.79,15.991,0 -107.819,15.985,0 -107.849,15.979,0 -107.879,15.975,0 -107.909,15.971,0 -107.939,15.969,0 -107.969,15.967,0 -107.999,15.967,0 -107.999,16.05,0 -108.054,16.052,0 -108.081,16.054,0 -108.108,16.057,0 -108.135,16.061,0 -108.162,16.066,0 -108.188,16.072,0 -108.214,16.079,0 -108.241,16.087,0 -108.266,16.095,0 -108.292,16.104,0 -108.317,16.115,0 -108.342,16.126,0 -108.366,16.137,0 -108.39,16.15,0 -108.413,16.163,0 -108.436,16.178,0 -108.458,16.193,0 -108.48,16.208,0 -108.501,16.225,0 -108.522,16.242,0 -108.542,16.26,0 -108.561,16.278,0 -108.58,16.297,0 -108.598,16.317,0 -108.615,16.337,0 -108.631,16.358,0 -108.647,16.379,0 -108.662,16.401,0 -108.676,16.424,0 -108.689,16.446,0 -108.702,16.47,0 -108.714,16.493,0 -108.724,16.517,0 -108.734,16.542,0 -108.743,16.567,0 -108.751,16.592,0 -108.758,16.617,0 -108.765,16.642,0 -108.77,16.668,0 -108.774,16.694,0 -108.778,16.72,0 -108.78,16.746,0 -108.782,16.772,0 -108.782,16.798,0 -108.869,16.798,0 -108.868,16.856,0 -108.865,16.885,0 -108.861,16.914,0 -108.857,16.942,0 -108.851,16.971,0 -108.844,16.999,0 -108.837,17.027,0 -108.828,17.055,0 -108.818,17.083,0 -108.807,17.11,0 -108.796,17.137,0 -108.783,17.163,0 -108.769,17.189,0 -108.755,17.215,0 -108.739,17.239,0 -108.722,17.264,0 -108.705,17.288,0 -108.687,17.311,0 -108.668,17.334,0 -108.648,17.356,0 -108.627,17.377,0 -108.606,17.398,0 -108.584,17.418,0 -108.561,17.437,0 -108.537,17.455,0 -108.513,17.473,0 -108.488,17.489,0 -108.462,17.505,0 -108.436,17.52,0 -108.41,17.534,0 -108.382,17.548,0 -108.355,17.56,0 -108.327,17.571,0 -108.298,17.582,0 -108.269,17.591,0 -108.24,17.6,0 -108.211,17.607,0 -108.181,17.614,0 -108.151,17.62,0 -108.121,17.624,0 -108.091,17.628,0 -108.06,17.63,0 -108.03,17.632,0 -108,17.632,0 -108,17.716,0 
								</coordinates>
							</LinearRing>
						</outerBoundaryIs>
					</Polygon>
				</Placemark>
				<Placemark>
					<name>RADIUS OF 64 KT WINDS</name>
					<styleUrl>#WindRadii64</styleUrl>
					<Polygon>
						<tessellate>1</tessellate>
						<outerBoundaryIs>
							<LinearRing>
								<coordinates>
									-108,17.382,0 -107.978,17.382,0 -107.957,17.381,0 -107.936,17.379,0 -107.914,17.377,0 -107.893,17.374,0 -107.873,17.37,0 -107.852,17.365,0 -107.831,17.36,0 -107.811,17.354,0 -107.791,17.347,0 -107.771,17.34,0 -107.751,17.332,0 -107.732,17.323,0 -107.713,17.314,0 -107.694,17.304,0 -107.676,17.294,0 -107.658,17.282,0 -107.641,17.271,0 -107.624,17.259,0 -107.607,17.246,0 -107.591,17.232,0 -107.576,17.218,0 -107.561,17.204,0 -107.546,17.189,0 -107.532,17.174,0 -107.519,17.158,0 -107.506,17.142,0 -107.494,17.125,0 -107.482,17.108,0 -107.471,17.09,0 -107.461,17.072,0 -107.451,17.054,0 -107.443,17.036,0 -107.434,17.017,0 -107.427,16.998,0 -107.42,16.979,0 -107.414,16.959,0 -107.408,16.94,0 -107.403,16.92,0 -107.4,16.9,0 -107.396,16.88,0 -107.394,16.86,0 -107.392,16.839,0 -107.391,16.819,0 -107.391,16.799,0 -107.478,16.799,0 -107.479,16.764,0 -107.481,16.747,0 -107.483,16.729,0 -107.486,16.712,0 -107.489,16.695,0 -107.493,16.678,0 -107.498,16.661,0 -107.504,16.645,0 -107.509,16.628,0 -107.516,16.612,0 -107.523,16.596,0 -107.531,16.58,0 -107.539,16.564,0 -107.548,16.549,0 -107.557,16.534,0 -107.567,16.52,0 -107.578,16.505,0 -107.589,16.491,0 -107.6,16.478,0 -107.612,16.465,0 -107.625,16.452,0 -107.638,16.44,0 -107.651,16.428,0 -107.665,16.416,0 -107.679,16.406,0 -107.693,16.395,0 -107.708,16.385,0 -107.724,16.376,0 -107.739,16.367,0 -107.755,16.358,0 -107.771,16.35,0 -107.788,16.343,0 -107.804,16.336,0 -107.821,16.33,0 -107.839,16.324,0 -107.856,16.319,0 -107.874,16.315,0 -107.891,16.311,0 -107.909,16.307,0 -107.927,16.305,0 -107.945,16.303,0 -107.963,16.301,0 -107.981,16.3,0 -107.999,16.3,0 -107.999,16.3,0 -108.036,16.301,0 -108.054,16.303,0 -108.072,16.305,0 -108.09,16.307,0 -108.108,16.311,0 -108.125,16.315,0 -108.143,16.319,0 -108.16,16.324,0 -108.178,16.33,0 -108.195,16.336,0 -108.211,16.343,0 -108.228,16.35,0 -108.244,16.358,0 -108.26,16.367,0 -108.275,16.376,0 -108.291,16.385,0 -108.306,16.395,0 -108.32,16.406,0 -108.334,16.416,0 -108.348,16.428,0 -108.361,16.44,0 -108.374,16.452,0 -108.387,16.465,0 -108.399,16.478,0 -108.41,16.491,0 -108.421,16.505,0 -108.432,16.52,0 -108.442,16.534,0 -108.451,16.549,0 -108.46,16.564,0 -108.468,16.58,0 -108.476,16.596,0 -108.483,16.612,0 -108.49,16.628,0 -108.495,16.645,0 -108.501,16.661,0 -108.506,16.678,0 -108.51,16.695,0 -108.513,16.712,0 -108.516,16.729,0 -108.518,16.747,0 -108.52,16.764,0 -108.521,16.781,0 -108.521,16.799,0 -108.608,16.799,0 -108.607,16.839,0 -108.605,16.86,0 -108.603,16.88,0 -108.599,16.9,0 -108.596,16.92,0 -108.591,16.94,0 -108.585,16.959,0 -108.579,16.979,0 -108.572,16.998,0 -108.565,17.017,0 -108.556,17.036,0 -108.548,17.054,0 -108.538,17.072,0 -108.528,17.09,0 -108.517,17.108,0 -108.505,17.125,0 -108.493,17.142,0 -108.48,17.158,0 -108.467,17.174,0 -108.453,17.189,0 -108.438,17.204,0 -108.423,17.218,0 -108.408,17.232,0 -108.392,17.246,0 -108.375,17.259,0 -108.358,17.271,0 -108.341,17.282,0 -108.323,17.294,0 -108.305,17.304,0 -108.286,17.314,0 -108.267,17.323,0 -108.248,17.332,0 -108.228,17.34,0 -108.208,17.347,0 -108.188,17.354,0 -108.168,17.36,0 -108.147,17.365,0 -108.126,17.37,0 -108.106,17.374,0 -108.085,17.377,0 -108.063,17.379,0 -108.042,17.381,0 -108.021,17.382,0 -108,17.382,0 -108,17.382,0 
								</coordinates>
							</LinearRing>
						</outerBoundaryIs>
					</Polygon>
				</Placemark>
				<Placemark>
					<name>26/00Z - 120 knots</name>
					<Snippet maxLines="0">empty</Snippet>
					<description><![CDATA[<html>
<head>
<title>Requested Information</title>
</head>
<table width="400" bgcolor="white" border="1">
<tr><td><B>NAME</B></td><td><B>POLO</B></td></tr>
<tr><td><B>TIME</B></td><td><B>TAU 72 - 2026092600Z</B></td></tr>
<tr><td><B>POSIT</B></td><td><B>17.0 N, -110 W</B></td></tr>
<tr><td><B>WRNG NMBR</B></td><td><B>10</B></td></tr>
<tr><td><B>WIND SPD</B></td><td><B>120 KTS</B></td></tr>
<tr><td><B>MOVEMENT</B></td><td><B>275 DEG AT 10 KTS</B></td></tr>
</table></body></html>]]></description>
					<styleUrl>#TropicalBalloonStyle</styleUrl>
					<Style>
						<IconStyle>
							<color>ffffffff</color>
							<scale>1</scale>
							<heading>0</heading>
							<Icon>
								<href>images/TY.png</href>
							</Icon>
						</IconStyle>
					</Style>
					<Point>
						<coordinates>-110,17,0</coordinates>
					</Point>
				</Placemark>
				<Placemark>
					<name>RADIUS OF 34 KT WINDS</name>
					<styleUrl>#WindRadii34</styleUrl>
					<Polygon>
						<tessellate>1</tessellate>
						<outerBoundaryIs>
							<LinearRing>
								<coordinates>
									-110,18.498,0 -109.944,18.498,0 -109.889,18.495,0 -109.834,18.49,0 -109.78,18.484,0 -109.725,18.476,0 -109.671,18.465,0 -109.617,18.454,0 -109.564,18.44,0 -109.511,18.425,0 -109.459,18.407,0 -109.408,18.388,0 -109.357,18.368,0 -109.307,18.346,0 -109.258,18.322,0 -109.21,18.296,0 -109.163,18.269,0 -109.117,18.24,0 -109.072,18.21,0 -109.028,18.178,0 -108.986,18.145,0 -108.944,18.111,0 -108.904,18.075,0 -108.866,18.038,0 -108.828,17.999,0 -108.792,17.959,0 -108.758,17.919,0 -108.725,17.877,0 -108.694,17.834,0 -108.664,17.789,0 -108.637,17.744,0 -108.61,17.698,0 -108.586,17.652,0 -108.563,17.604,0 -108.542,17.556,0 -108.523,17.507,0 -108.505,17.457,0 -108.489,17.407,0 -108.476,17.356,0 -108.464,17.305,0 -108.454,17.254,0 -108.446,17.202,0 -108.439,17.15,0 -108.435,17.098,0 -108.433,17.046,0 -108.432,16.994,0 -108.606,16.995,0 -108.61,16.902,0 -108.615,16.856,0 -108.621,16.809,0 -108.629,16.764,0 -108.639,16.718,0 -108.65,16.673,0 -108.663,16.628,0 -108.677,16.584,0 -108.693,16.54,0 -108.711,16.496,0 -108.73,16.454,0 -108.751,16.412,0 -108.773,16.37,0 -108.797,16.33,0 -108.822,16.29,0 -108.849,16.251,0 -108.877,16.213,0 -108.906,16.176,0 -108.937,16.14,0 -108.969,16.105,0 -109.002,16.072,0 -109.036,16.039,0 -109.072,16.007,0 -109.109,15.977,0 -109.146,15.948,0 -109.185,15.92,0 -109.225,15.893,0 -109.265,15.868,0 -109.307,15.844,0 -109.349,15.822,0 -109.393,15.801,0 -109.436,15.782,0 -109.481,15.763,0 -109.526,15.747,0 -109.572,15.732,0 -109.618,15.718,0 -109.665,15.706,0 -109.712,15.696,0 -109.759,15.687,0 -109.807,15.68,0 -109.855,15.674,0 -109.903,15.67,0 -109.951,15.668,0 -109.999,15.667,0 -109.999,15.667,0 -110.096,15.67,0 -110.144,15.674,0 -110.192,15.68,0 -110.24,15.687,0 -110.287,15.696,0 -110.334,15.706,0 -110.381,15.718,0 -110.427,15.732,0 -110.473,15.747,0 -110.518,15.763,0 -110.563,15.782,0 -110.606,15.801,0 -110.65,15.822,0 -110.692,15.844,0 -110.734,15.868,0 -110.774,15.893,0 -110.814,15.92,0 -110.853,15.948,0 -110.89,15.977,0 -110.927,16.007,0 -110.963,16.039,0 -110.997,16.072,0 -111.03,16.105,0 -111.062,16.14,0 -111.093,16.176,0 -111.122,16.213,0 -111.15,16.251,0 -111.177,16.29,0 -111.202,16.33,0 -111.226,16.37,0 -111.248,16.412,0 -111.269,16.454,0 -111.288,16.496,0 -111.306,16.54,0 -111.322,16.584,0 -111.336,16.628,0 -111.349,16.673,0 -111.36,16.718,0 -111.37,16.764,0 -111.378,16.809,0 -111.384,16.856,0 -111.389,16.902,0 -111.392,16.948,0 -111.393,16.995,0 -111.567,16.994,0 -111.564,17.098,0 -111.56,17.15,0 -111.553,17.202,0 -111.545,17.254,0 -111.535,17.305,0 -111.523,17.356,0 -111.51,17.407,0 -111.494,17.457,0 -111.476,17.507,0 -111.457,17.556,0 -111.436,17.604,0 -111.413,17.652,0 -111.389,17.698,0 -111.362,17.744,0 -111.335,17.789,0 -111.305,17.834,0 -111.274,17.877,0 -111.241,17.919,0 -111.207,17.959,0 -111.171,17.999,0 -111.133,18.038,0 -111.095,18.075,0 -111.055,18.111,0 -111.013,18.145,0 -110.971,18.178,0 -110.927,18.21,0 -110.882,18.24,0 -110.836,18.269,0 -110.789,18.296,0 -110.741,18.322,0 -110.692,18.346,0 -110.642,18.368,0 -110.591,18.388,0 -110.54,18.407,0 -110.488,18.425,0 -110.435,18.44,0 -110.382,18.454,0 -110.328,18.465,0 -110.274,18.476,0 -110.219,18.484,0 -110.165,18.49,0 -110.11,18.495,0 -110.055,18.498,0 -110,18.498,0 -110,18.498,0 
								</coordinates>
							</LinearRing>
						</outerBoundaryIs>
					</Polygon>
				</Placemark>
				<Placemark>
					<name>RADIUS OF 50 KT WINDS</name>
					<styleUrl>#WindRadii50</styleUrl>
					<Polygon>
						<tessellate>1</tessellate>
						<outerBoundaryIs>
							<LinearRing>
								<coordinates>
									-110,17.832,0 -109.969,17.832,0 -109.938,17.83,0 -109.908,17.828,0 -109.878,17.824,0 -109.848,17.82,0 -109.818,17.814,0 -109.788,17.807,0 -109.758,17.8,0 -109.729,17.791,0 -109.7,17.782,0 -109.672,17.771,0 -109.644,17.76,0 -109.616,17.748,0 -109.589,17.734,0 -109.562,17.72,0 -109.536,17.705,0 -109.511,17.689,0 -109.486,17.673,0 -109.461,17.655,0 -109.438,17.637,0 -109.415,17.618,0 -109.393,17.598,0 -109.371,17.577,0 -109.35,17.556,0 -109.33,17.534,0 -109.311,17.511,0 -109.293,17.488,0 -109.276,17.464,0 -109.259,17.439,0 -109.244,17.414,0 -109.229,17.389,0 -109.215,17.363,0 -109.203,17.337,0 -109.191,17.31,0 -109.18,17.283,0 -109.17,17.255,0 -109.161,17.227,0 -109.154,17.199,0 -109.147,17.171,0 -109.141,17.142,0 -109.137,17.114,0 -109.133,17.085,0 -109.131,17.056,0 -109.129,17.027,0 -109.129,16.998,0 -109.129,16.998,0 -109.131,16.94,0 -109.134,16.911,0 -109.138,16.882,0 -109.143,16.853,0 -109.148,16.825,0 -109.155,16.796,0 -109.163,16.768,0 -109.172,16.74,0 -109.182,16.713,0 -109.193,16.686,0 -109.205,16.659,0 -109.218,16.633,0 -109.232,16.607,0 -109.247,16.582,0 -109.263,16.557,0 -109.279,16.533,0 -109.297,16.509,0 -109.315,16.486,0 -109.334,16.463,0 -109.354,16.441,0 -109.375,16.42,0 -109.396,16.4,0 -109.419,16.38,0 -109.442,16.361,0 -109.465,16.343,0 -109.489,16.325,0 -109.514,16.309,0 -109.54,16.293,0 -109.566,16.278,0 -109.592,16.264,0 -109.619,16.251,0 -109.647,16.238,0 -109.675,16.227,0 -109.703,16.217,0 -109.732,16.207,0 -109.76,16.199,0 -109.79,16.191,0 -109.819,16.185,0 -109.849,16.179,0 -109.879,16.175,0 -109.909,16.171,0 -109.939,16.169,0 -109.969,16.167,0 -109.999,16.167,0 -109.999,16.25,0 -110.054,16.252,0 -110.081,16.254,0 -110.108,16.257,0 -110.135,16.261,0 -110.162,16.266,0 -110.188,16.272,0 -110.215,16.279,0 -110.241,16.287,0 -110.267,16.295,0 -110.292,16.304,0 -110.317,16.315,0 -110.342,16.326,0 -110.366,16.337,0 -110.39,16.35,0 -110.413,16.363,0 -110.436,16.378,0 -110.459,16.393,0 -110.481,16.408,0 -110.502,16.425,0 -110.522,16.442,0 -110.542,16.46,0 -110.562,16.478,0 -110.58,16.497,0 -110.598,16.517,0 -110.616,16.537,0 -110.632,16.558,0 -110.648,16.579,0 -110.663,16.601,0 -110.677,16.624,0 -110.69,16.646,0 -110.703,16.67,0 -110.714,16.693,0 -110.725,16.717,0 -110.735,16.742,0 -110.744,16.767,0 -110.752,16.792,0 -110.759,16.817,0 -110.765,16.842,0 -110.771,16.868,0 -110.775,16.894,0 -110.779,16.92,0 -110.781,16.946,0 -110.783,16.972,0 -110.783,16.998,0 -110.87,16.998,0 -110.868,17.056,0 -110.866,17.085,0 -110.862,17.114,0 -110.858,17.142,0 -110.852,17.171,0 -110.845,17.199,0 -110.838,17.227,0 -110.829,17.255,0 -110.819,17.283,0 -110.808,17.31,0 -110.796,17.337,0 -110.784,17.363,0 -110.77,17.389,0 -110.755,17.414,0 -110.74,17.439,0 -110.723,17.464,0 -110.706,17.488,0 -110.688,17.511,0 -110.669,17.534,0 -110.649,17.556,0 -110.628,17.577,0 -110.606,17.598,0 -110.584,17.618,0 -110.561,17.637,0 -110.538,17.655,0 -110.513,17.673,0 -110.488,17.689,0 -110.463,17.705,0 -110.437,17.72,0 -110.41,17.734,0 -110.383,17.748,0 -110.355,17.76,0 -110.327,17.771,0 -110.299,17.782,0 -110.27,17.791,0 -110.241,17.8,0 -110.211,17.807,0 -110.181,17.814,0 -110.151,17.82,0 -110.121,17.824,0 -110.091,17.828,0 -110.061,17.83,0 -110.03,17.832,0 -110,17.832,0 -110,17.832,0 
								</coordinates>
							</LinearRing>
						</outerBoundaryIs>
					</Polygon>
				</Placemark>
				<Placemark>
					<name>RADIUS OF 64 KT WINDS</name>
					<styleUrl>#WindRadii64</styleUrl>
					<Polygon>
						<tessellate>1</tessellate>
						<outerBoundaryIs>
							<LinearRing>
								<coordinates>
									-110,17.582,0 -109.978,17.582,0 -109.957,17.581,0 -109.936,17.579,0 -109.914,17.577,0 -109.893,17.574,0 -109.872,17.57,0 -109.852,17.565,0 -109.831,17.56,0 -109.811,17.554,0 -109.79,17.547,0 -109.77,17.54,0 -109.751,17.532,0 -109.732,17.523,0 -109.713,17.514,0 -109.694,17.504,0 -109.676,17.494,0 -109.658,17.482,0 -109.64,17.471,0 -109.623,17.459,0 -109.607,17.446,0 -109.591,17.432,0 -109.575,17.418,0 -109.56,17.404,0 -109.546,17.389,0 -109.532,17.374,0 -109.518,17.358,0 -109.505,17.342,0 -109.493,17.325,0 -109.482,17.308,0 -109.471,17.29,0 -109.46,17.272,0 -109.451,17.254,0 -109.442,17.236,0 -109.434,17.217,0 -109.426,17.198,0 -109.419,17.179,0 -109.413,17.159,0 -109.408,17.14,0 -109.403,17.12,0 -109.399,17.1,0 -109.396,17.08,0 -109.393,17.06,0 -109.391,17.039,0 -109.39,17.019,0 -109.39,16.999,0 -109.477,16.999,0 -109.478,16.964,0 -109.48,16.947,0 -109.482,16.929,0 -109.485,16.912,0 -109.489,16.895,0 -109.493,16.878,0 -109.498,16.861,0 -109.503,16.844,0 -109.509,16.828,0 -109.516,16.812,0 -109.523,16.796,0 -109.53,16.78,0 -109.539,16.764,0 -109.548,16.749,0 -109.557,16.734,0 -109.567,16.72,0 -109.577,16.705,0 -109.588,16.691,0 -109.6,16.678,0 -109.612,16.665,0 -109.624,16.652,0 -109.637,16.64,0 -109.651,16.628,0 -109.664,16.616,0 -109.678,16.606,0 -109.693,16.595,0 -109.708,16.585,0 -109.723,16.576,0 -109.739,16.567,0 -109.755,16.558,0 -109.771,16.55,0 -109.787,16.543,0 -109.804,16.536,0 -109.821,16.53,0 -109.838,16.524,0 -109.856,16.519,0 -109.873,16.515,0 -109.891,16.511,0 -109.909,16.507,0 -109.927,16.505,0 -109.945,16.503,0 -109.963,16.501,0 -109.981,16.5,0 -109.999,16.5,0 -109.999,16.5,0 -110.036,16.501,0 -110.054,16.503,0 -110.072,16.505,0 -110.09,16.507,0 -110.108,16.511,0 -110.126,16.515,0 -110.143,16.519,0 -110.161,16.524,0 -110.178,16.53,0 -110.195,16.536,0 -110.212,16.543,0 -110.228,16.55,0 -110.244,16.558,0 -110.26,16.567,0 -110.276,16.576,0 -110.291,16.585,0 -110.306,16.595,0 -110.321,16.606,0 -110.335,16.616,0 -110.348,16.628,0 -110.362,16.64,0 -110.375,16.652,0 -110.387,16.665,0 -110.399,16.678,0 -110.411,16.691,0 -110.422,16.705,0 -110.432,16.72,0 -110.442,16.734,0 -110.451,16.749,0 -110.46,16.764,0 -110.469,16.78,0 -110.476,16.796,0 -110.483,16.812,0 -110.49,16.828,0 -110.496,16.844,0 -110.501,16.861,0 -110.506,16.878,0 -110.51,16.895,0 -110.514,16.912,0 -110.517,16.929,0 -110.519,16.947,0 -110.521,16.964,0 -110.522,16.981,0 -110.522,16.999,0 -110.609,16.999,0 -110.608,17.039,0 -110.606,17.06,0 -110.603,17.08,0 -110.6,17.1,0 -110.596,17.12,0 -110.591,17.14,0 -110.586,17.159,0 -110.58,17.179,0 -110.573,17.198,0 -110.565,17.217,0 -110.557,17.236,0 -110.548,17.254,0 -110.539,17.272,0 -110.528,17.29,0 -110.517,17.308,0 -110.506,17.325,0 -110.494,17.342,0 -110.481,17.358,0 -110.467,17.374,0 -110.453,17.389,0 -110.439,17.404,0 -110.424,17.418,0 -110.408,17.432,0 -110.392,17.446,0 -110.376,17.459,0 -110.359,17.471,0 -110.341,17.482,0 -110.323,17.494,0 -110.305,17.504,0 -110.286,17.514,0 -110.267,17.523,0 -110.248,17.532,0 -110.229,17.54,0 -110.209,17.547,0 -110.188,17.554,0 -110.168,17.56,0 -110.147,17.565,0 -110.127,17.57,0 -110.106,17.574,0 -110.085,17.577,0 -110.063,17.579,0 -110.042,17.581,0 -110.021,17.582,0 -110,17.582,0 -110,17.582,0 
								</coordinates>
							</LinearRing>
						</outerBoundaryIs>
					</Polygon>
				</Placemark>
				<Placemark>
					<name>27/00Z - 110 knots</name>
					<Snippet maxLines="0">empty</Snippet>
					<description><![CDATA[<html>
<head>
<title>Requested Information</title>
</head>
<table width="400" bgcolor="white" border="1">
<tr><td><B>NAME</B></td><td><B>POLO</B></td></tr>
<tr><td><B>TIME</B></td><td><B>TAU 96 - 2026092700Z</B></td></tr>
<tr><td><B>POSIT</B></td><td><B>18.2 N, -112.7 W</B></td></tr>
<tr><td><B>WRNG NMBR</B></td><td><B>10</B></td></tr>
<tr><td><B>WIND SPD</B></td><td><B>110 KTS</B></td></tr>
<tr><td><B>MOVEMENT</B></td><td><B>295 DEG AT 07 KTS</B></td></tr>
</table></body></html>]]></description>
					<styleUrl>#TropicalBalloonStyle</styleUrl>
					<Style>
						<IconStyle>
							<color>ffffffff</color>
							<scale>1</scale>
							<heading>0</heading>
							<Icon>
								<href>images/TY.png</href>
							</Icon>
						</IconStyle>
					</Style>
					<Point>
						<coordinates>-112.7,18.2,0</coordinates>
					</Point>
				</Placemark>
				<Placemark>
					<name>RADIUS OF 34 KT WINDS</name>
					<styleUrl>#WindRadii34</styleUrl>
					<Polygon>
						<tessellate>1</tessellate>
						<outerBoundaryIs>
							<LinearRing>
								<coordinates>
									-112.7,19.698,0 -112.644,19.698,0 -112.588,19.695,0 -112.533,19.69,0 -112.478,19.684,0 -112.423,19.676,0 -112.369,19.665,0 -112.314,19.654,0 -112.261,19.64,0 -112.208,19.624,0 -112.155,19.607,0 -112.104,19.588,0 -112.052,19.568,0 -112.002,19.546,0 -111.953,19.522,0 -111.904,19.496,0 -111.857,19.469,0 -111.811,19.44,0 -111.765,19.41,0 -111.721,19.378,0 -111.678,19.345,0 -111.637,19.311,0 -111.596,19.275,0 -111.557,19.237,0 -111.52,19.199,0 -111.484,19.159,0 -111.449,19.118,0 -111.416,19.076,0 -111.385,19.033,0 -111.355,18.989,0 -111.327,18.944,0 -111.301,18.898,0 -111.276,18.851,0 -111.253,18.804,0 -111.232,18.755,0 -111.212,18.706,0 -111.195,18.657,0 -111.179,18.607,0 -111.165,18.556,0 -111.153,18.505,0 -111.143,18.454,0 -111.135,18.402,0 -111.129,18.35,0 -111.125,18.298,0 -111.122,18.245,0 -111.122,18.193,0 -111.297,18.194,0 -111.301,18.101,0 -111.306,18.055,0 -111.312,18.009,0 -111.32,17.963,0 -111.33,17.918,0 -111.341,17.872,0 -111.354,17.828,0 -111.369,17.783,0 -111.385,17.739,0 -111.403,17.696,0 -111.422,17.653,0 -111.443,17.611,0 -111.465,17.57,0 -111.489,17.53,0 -111.515,17.49,0 -111.542,17.451,0 -111.57,17.413,0 -111.599,17.376,0 -111.63,17.34,0 -111.662,17.305,0 -111.696,17.271,0 -111.73,17.239,0 -111.766,17.207,0 -111.803,17.177,0 -111.841,17.148,0 -111.88,17.12,0 -111.92,17.093,0 -111.961,17.068,0 -112.003,17.044,0 -112.045,17.022,0 -112.089,17.001,0 -112.133,16.981,0 -112.178,16.963,0 -112.223,16.947,0 -112.269,16.932,0 -112.316,16.918,0 -112.363,16.906,0 -112.41,16.896,0 -112.458,16.887,0 -112.506,16.88,0 -112.554,16.874,0 -112.602,16.87,0 -112.651,16.868,0 -112.699,16.867,0 -112.699,16.867,0 -112.797,16.87,0 -112.845,16.874,0 -112.893,16.88,0 -112.941,16.887,0 -112.989,16.896,0 -113.036,16.906,0 -113.083,16.918,0 -113.13,16.932,0 -113.176,16.947,0 -113.221,16.963,0 -113.266,16.981,0 -113.31,17.001,0 -113.354,17.022,0 -113.396,17.044,0 -113.438,17.068,0 -113.479,17.093,0 -113.519,17.12,0 -113.558,17.148,0 -113.596,17.177,0 -113.633,17.207,0 -113.669,17.239,0 -113.703,17.271,0 -113.737,17.305,0 -113.769,17.34,0 -113.8,17.376,0 -113.829,17.413,0 -113.857,17.451,0 -113.884,17.49,0 -113.91,17.53,0 -113.934,17.57,0 -113.956,17.611,0 -113.977,17.653,0 -113.996,17.696,0 -114.014,17.739,0 -114.03,17.783,0 -114.045,17.828,0 -114.058,17.872,0 -114.069,17.918,0 -114.079,17.963,0 -114.087,18.009,0 -114.093,18.055,0 -114.098,18.101,0 -114.101,18.148,0 -114.102,18.194,0 -114.277,18.193,0 -114.274,18.298,0 -114.27,18.35,0 -114.264,18.402,0 -114.256,18.454,0 -114.246,18.505,0 -114.234,18.556,0 -114.22,18.607,0 -114.204,18.657,0 -114.187,18.706,0 -114.167,18.755,0 -114.146,18.804,0 -114.123,18.851,0 -114.098,18.898,0 -114.072,18.944,0 -114.044,18.989,0 -114.014,19.033,0 -113.983,19.076,0 -113.95,19.118,0 -113.915,19.159,0 -113.879,19.199,0 -113.842,19.237,0 -113.803,19.275,0 -113.762,19.311,0 -113.721,19.345,0 -113.678,19.378,0 -113.634,19.41,0 -113.588,19.44,0 -113.542,19.469,0 -113.495,19.496,0 -113.446,19.522,0 -113.397,19.546,0 -113.347,19.568,0 -113.295,19.588,0 -113.244,19.607,0 -113.191,19.624,0 -113.138,19.64,0 -113.085,19.654,0 -113.03,19.665,0 -112.976,19.676,0 -112.921,19.684,0 -112.866,19.69,0 -112.811,19.695,0 -112.755,19.698,0 -112.7,19.698,0 -112.7,19.698,0 
								</coordinates>
							</LinearRing>
						</outerBoundaryIs>
					</Polygon>
				</Placemark>
				<Placemark>
					<name>RADIUS OF 50 KT WINDS</name>
					<styleUrl>#WindRadii50</styleUrl>
					<Polygon>
						<tessellate>1</tessellate>
						<outerBoundaryIs>
							<LinearRing>
								<coordinates>
									-112.7,19.032,0 -112.669,19.032,0 -112.638,19.03,0 -112.607,19.028,0 -112.577,19.024,0 -112.547,19.02,0 -112.516,19.014,0 -112.486,19.007,0 -112.457,19,0 -112.427,18.991,0 -112.398,18.982,0 -112.37,18.971,0 -112.341,18.96,0 -112.314,18.948,0 -112.286,18.934,0 -112.259,18.92,0 -112.233,18.905,0 -112.207,18.889,0 -112.182,18.873,0 -112.158,18.855,0 -112.134,18.837,0 -112.111,18.817,0 -112.088,18.798,0 -112.067,18.777,0 -112.046,18.756,0 -112.026,18.734,0 -112.007,18.711,0 -111.988,18.688,0 -111.971,18.664,0 -111.954,18.639,0 -111.938,18.614,0 -111.924,18.589,0 -111.91,18.563,0 -111.897,18.537,0 -111.885,18.51,0 -111.874,18.483,0 -111.865,18.455,0 -111.856,18.427,0 -111.848,18.399,0 -111.841,18.371,0 -111.835,18.342,0 -111.831,18.313,0 -111.827,18.285,0 -111.825,18.256,0 -111.823,18.227,0 -111.823,18.198,0 -111.911,18.198,0 -111.913,18.146,0 -111.915,18.12,0 -111.919,18.094,0 -111.923,18.068,0 -111.928,18.042,0 -111.935,18.017,0 -111.942,17.991,0 -111.95,17.966,0 -111.959,17.942,0 -111.969,17.917,0 -111.98,17.893,0 -111.992,17.87,0 -112.004,17.846,0 -112.018,17.824,0 -112.032,17.801,0 -112.047,17.779,0 -112.063,17.758,0 -112.079,17.737,0 -112.097,17.717,0 -112.115,17.697,0 -112.134,17.678,0 -112.153,17.66,0 -112.173,17.642,0 -112.194,17.625,0 -112.215,17.608,0 -112.237,17.593,0 -112.26,17.578,0 -112.283,17.563,0 -112.306,17.55,0 -112.33,17.537,0 -112.355,17.526,0 -112.38,17.515,0 -112.405,17.504,0 -112.431,17.495,0 -112.457,17.487,0 -112.483,17.479,0 -112.509,17.472,0 -112.536,17.466,0 -112.563,17.461,0 -112.59,17.457,0 -112.617,17.454,0 -112.645,17.452,0 -112.672,17.45,0 -112.699,17.45,0 -112.699,17.45,0 -112.754,17.452,0 -112.782,17.454,0 -112.809,17.457,0 -112.836,17.461,0 -112.863,17.466,0 -112.89,17.472,0 -112.916,17.479,0 -112.942,17.487,0 -112.968,17.495,0 -112.994,17.504,0 -113.019,17.515,0 -113.044,17.526,0 -113.069,17.537,0 -113.093,17.55,0 -113.116,17.563,0 -113.139,17.578,0 -113.162,17.593,0 -113.184,17.608,0 -113.205,17.625,0 -113.226,17.642,0 -113.246,17.66,0 -113.265,17.678,0 -113.284,17.697,0 -113.302,17.717,0 -113.32,17.737,0 -113.336,17.758,0 -113.352,17.779,0 -113.367,17.801,0 -113.381,17.824,0 -113.395,17.846,0 -113.407,17.87,0 -113.419,17.893,0 -113.43,17.917,0 -113.44,17.942,0 -113.449,17.966,0 -113.457,17.991,0 -113.464,18.017,0 -113.471,18.042,0 -113.476,18.068,0 -113.48,18.094,0 -113.484,18.12,0 -113.486,18.146,0 -113.488,18.172,0 -113.488,18.198,0 -113.576,18.198,0 -113.574,18.256,0 -113.572,18.285,0 -113.568,18.313,0 -113.564,18.342,0 -113.558,18.371,0 -113.551,18.399,0 -113.543,18.427,0 -113.534,18.455,0 -113.525,18.483,0 -113.514,18.51,0 -113.502,18.537,0 -113.489,18.563,0 -113.475,18.589,0 -113.461,18.614,0 -113.445,18.639,0 -113.428,18.664,0 -113.411,18.688,0 -113.392,18.711,0 -113.373,18.734,0 -113.353,18.756,0 -113.332,18.777,0 -113.311,18.798,0 -113.288,18.817,0 -113.265,18.837,0 -113.241,18.855,0 -113.217,18.873,0 -113.192,18.889,0 -113.166,18.905,0 -113.14,18.92,0 -113.113,18.934,0 -113.085,18.948,0 -113.058,18.96,0 -113.029,18.971,0 -113.001,18.982,0 -112.972,18.991,0 -112.942,19,0 -112.913,19.007,0 -112.883,19.014,0 -112.852,19.02,0 -112.822,19.024,0 -112.792,19.028,0 -112.761,19.03,0 -112.73,19.032,0 -112.7,19.032,0 -112.7,19.032,0 
								</coordinates>
							</LinearRing>
						</outerBoundaryIs>
					</Polygon>
				</Placemark>
				<Placemark>
					<name>28/00Z - 95 knots</name>
					<Snippet maxLines="0">empty</Snippet>
					<description><![CDATA[<html>
<head>
<title>Requested Information</title>
</head>
<table width="400" bgcolor="white" border="1">
<tr><td><B>NAME</B></td><td><B>POLO</B></td></tr>
<tr><td><B>TIME</B></td><td><B>TAU 120 - 2026092800Z</B></td></tr>
<tr><td><B>POSIT</B></td><td><B>20.9 N, -113.7 W</B></td></tr>
<tr><td><B>WRNG NMBR</B></td><td><B>10</B></td></tr>
<tr><td><B>WIND SPD</B></td><td><B>95 KTS</B></td></tr>
<tr><td><B>MOVEMENT</B></td><td><B>340 DEG AT 07 KTS</B></td></tr>
</table></body></html>]]></description>
					<styleUrl>#TropicalBalloonStyle</styleUrl>
					<Style>
						<IconStyle>
							<color>ffffffff</color>
							<scale>1</scale>
							<heading>0</heading>
							<Icon>
								<href>images/TY.png</href>
							</Icon>
						</IconStyle>
					</Style>
					<Point>
						<coordinates>-113.7,20.9,0</coordinates>
					</Point>
				</Placemark>
				<Placemark>
					<name>RADIUS OF 34 KT WINDS</name>
					<styleUrl>#WindRadii34</styleUrl>
					<Polygon>
						<tessellate>1</tessellate>
						<outerBoundaryIs>
							<LinearRing>
								<coordinates>
									-113.7,22.398,0 -113.643,22.398,0 -113.586,22.395,0 -113.53,22.39,0 -113.474,22.384,0 -113.418,22.375,0 -113.363,22.365,0 -113.307,22.354,0 -113.253,22.34,0 -113.199,22.324,0 -113.145,22.307,0 -113.093,22.288,0 -113.041,22.268,0 -112.99,22.245,0 -112.939,22.221,0 -112.89,22.196,0 -112.842,22.169,0 -112.795,22.14,0 -112.749,22.11,0 -112.704,22.078,0 -112.66,22.045,0 -112.618,22.01,0 -112.577,21.974,0 -112.537,21.937,0 -112.499,21.898,0 -112.462,21.859,0 -112.427,21.818,0 -112.394,21.776,0 -112.362,21.732,0 -112.331,21.688,0 -112.303,21.643,0 -112.276,21.597,0 -112.251,21.55,0 -112.228,21.503,0 -112.206,21.455,0 -112.187,21.405,0 -112.169,21.356,0 -112.153,21.306,0 -112.139,21.255,0 -112.127,21.204,0 -112.117,21.152,0 -112.108,21.101,0 -112.102,21.049,0 -112.098,20.997,0 -112.095,20.944,0 -112.095,20.892,0 -112.095,20.892,0 -112.1,20.788,0 -112.105,20.735,0 -112.113,20.684,0 -112.122,20.632,0 -112.133,20.581,0 -112.146,20.53,0 -112.161,20.479,0 -112.178,20.43,0 -112.197,20.38,0 -112.217,20.332,0 -112.24,20.284,0 -112.264,20.236,0 -112.289,20.19,0 -112.317,20.144,0 -112.346,20.1,0 -112.377,20.056,0 -112.409,20.014,0 -112.443,19.972,0 -112.478,19.932,0 -112.515,19.892,0 -112.553,19.854,0 -112.593,19.818,0 -112.634,19.782,0 -112.676,19.748,0 -112.719,19.716,0 -112.764,19.684,0 -112.809,19.655,0 -112.856,19.626,0 -112.904,19.6,0 -112.953,19.574,0 -113.002,19.551,0 -113.053,19.529,0 -113.104,19.509,0 -113.156,19.49,0 -113.208,19.473,0 -113.261,19.458,0 -113.315,19.445,0 -113.369,19.433,0 -113.424,19.423,0 -113.478,19.415,0 -113.533,19.409,0 -113.589,19.404,0 -113.644,19.401,0 -113.699,19.401,0 -113.699,19.567,0 -113.798,19.57,0 -113.847,19.574,0 -113.896,19.58,0 -113.945,19.587,0 -113.994,19.596,0 -114.042,19.606,0 -114.089,19.618,0 -114.137,19.632,0 -114.183,19.647,0 -114.23,19.663,0 -114.275,19.681,0 -114.32,19.701,0 -114.364,19.722,0 -114.407,19.744,0 -114.45,19.768,0 -114.491,19.793,0 -114.532,19.82,0 -114.572,19.847,0 -114.61,19.876,0 -114.648,19.907,0 -114.684,19.938,0 -114.719,19.971,0 -114.753,20.005,0 -114.786,20.04,0 -114.817,20.076,0 -114.847,20.113,0 -114.876,20.15,0 -114.903,20.189,0 -114.929,20.229,0 -114.954,20.269,0 -114.976,20.311,0 -114.998,20.353,0 -115.018,20.395,0 -115.036,20.439,0 -115.052,20.482,0 -115.067,20.527,0 -115.08,20.572,0 -115.092,20.617,0 -115.102,20.662,0 -115.11,20.708,0 -115.117,20.754,0 -115.121,20.801,0 -115.124,20.847,0 -115.126,20.894,0 -115.126,20.894,0 -115.123,20.987,0 -115.119,21.033,0 -115.114,21.079,0 -115.106,21.125,0 -115.097,21.171,0 -115.086,21.216,0 -115.074,21.261,0 -115.06,21.306,0 -115.044,21.35,0 -115.026,21.393,0 -115.007,21.436,0 -114.986,21.479,0 -114.964,21.52,0 -114.94,21.561,0 -114.915,21.601,0 -114.888,21.64,0 -114.859,21.679,0 -114.83,21.716,0 -114.798,21.752,0 -114.766,21.788,0 -114.732,21.822,0 -114.697,21.855,0 -114.66,21.887,0 -114.623,21.918,0 -114.584,21.947,0 -114.544,21.975,0 -114.503,22.002,0 -114.461,22.028,0 -114.418,22.052,0 -114.374,22.075,0 -114.33,22.096,0 -114.284,22.116,0 -114.238,22.134,0 -114.191,22.151,0 -114.144,22.166,0 -114.096,22.18,0 -114.048,22.192,0 -113.999,22.203,0 -113.949,22.212,0 -113.9,22.219,0 -113.85,22.225,0 -113.8,22.229,0 -113.75,22.231,0 -113.7,22.232,0 -113.7,22.398,0 
								</coordinates>
							</LinearRing>
						</outerBoundaryIs>
					</Polygon>
				</Placemark>
				<Placemark>
					<name>RADIUS OF 50 KT WINDS</name>
					<styleUrl>#WindRadii50</styleUrl>
					<Polygon>
						<tessellate>1</tessellate>
						<outerBoundaryIs>
							<LinearRing>
								<coordinates>
									-113.7,21.732,0 -113.668,21.732,0 -113.637,21.73,0 -113.606,21.728,0 -113.575,21.724,0 -113.544,21.72,0 -113.513,21.714,0 -113.483,21.707,0 -113.452,21.7,0 -113.423,21.691,0 -113.393,21.682,0 -113.364,21.671,0 -113.335,21.66,0 -113.307,21.648,0 -113.279,21.634,0 -113.252,21.62,0 -113.225,21.605,0 -113.199,21.589,0 -113.173,21.572,0 -113.148,21.555,0 -113.124,21.536,0 -113.101,21.517,0 -113.078,21.497,0 -113.056,21.477,0 -113.035,21.455,0 -113.014,21.433,0 -112.995,21.411,0 -112.976,21.387,0 -112.958,21.364,0 -112.941,21.339,0 -112.925,21.314,0 -112.91,21.289,0 -112.896,21.263,0 -112.883,21.236,0 -112.871,21.209,0 -112.86,21.182,0 -112.85,21.155,0 -112.841,21.127,0 -112.833,21.099,0 -112.827,21.07,0 -112.821,21.042,0 -112.816,21.013,0 -112.812,20.984,0 -112.81,20.955,0 -112.808,20.926,0 -112.808,20.897,0 -112.808,20.897,0 -112.811,20.839,0 -112.813,20.81,0 -112.817,20.781,0 -112.822,20.753,0 -112.829,20.724,0 -112.836,20.696,0 -112.844,20.668,0 -112.853,20.64,0 -112.863,20.613,0 -112.875,20.586,0 -112.887,20.559,0 -112.9,20.533,0 -112.914,20.507,0 -112.93,20.481,0 -112.946,20.457,0 -112.963,20.432,0 -112.981,20.409,0 -112.999,20.385,0 -113.019,20.363,0 -113.039,20.341,0 -113.061,20.32,0 -113.083,20.299,0 -113.105,20.28,0 -113.129,20.261,0 -113.153,20.242,0 -113.178,20.225,0 -113.203,20.208,0 -113.229,20.193,0 -113.256,20.178,0 -113.283,20.164,0 -113.311,20.151,0 -113.339,20.138,0 -113.367,20.127,0 -113.396,20.117,0 -113.425,20.107,0 -113.455,20.099,0 -113.485,20.091,0 -113.515,20.085,0 -113.546,20.079,0 -113.576,20.075,0 -113.607,20.071,0 -113.638,20.069,0 -113.669,20.067,0 -113.699,20.067,0 -113.699,20.15,0 -113.755,20.152,0 -113.783,20.154,0 -113.811,20.157,0 -113.838,20.161,0 -113.866,20.166,0 -113.893,20.172,0 -113.92,20.179,0 -113.946,20.187,0 -113.973,20.195,0 -113.999,20.204,0 -114.024,20.214,0 -114.05,20.226,0 -114.075,20.237,0 -114.099,20.25,0 -114.123,20.263,0 -114.146,20.278,0 -114.169,20.293,0 -114.192,20.308,0 -114.213,20.325,0 -114.234,20.342,0 -114.255,20.359,0 -114.275,20.378,0 -114.294,20.397,0 -114.312,20.417,0 -114.33,20.437,0 -114.347,20.458,0 -114.363,20.479,0 -114.378,20.501,0 -114.393,20.523,0 -114.406,20.546,0 -114.419,20.569,0 -114.431,20.593,0 -114.442,20.617,0 -114.452,20.642,0 -114.461,20.666,0 -114.47,20.691,0 -114.477,20.716,0 -114.483,20.742,0 -114.489,20.768,0 -114.493,20.793,0 -114.497,20.819,0 -114.5,20.845,0 -114.501,20.871,0 -114.502,20.898,0 -114.591,20.897,0 -114.589,20.955,0 -114.587,20.984,0 -114.583,21.013,0 -114.578,21.042,0 -114.572,21.07,0 -114.566,21.099,0 -114.558,21.127,0 -114.549,21.155,0 -114.539,21.182,0 -114.528,21.209,0 -114.516,21.236,0 -114.503,21.263,0 -114.489,21.289,0 -114.474,21.314,0 -114.458,21.339,0 -114.441,21.364,0 -114.423,21.387,0 -114.404,21.411,0 -114.385,21.433,0 -114.364,21.455,0 -114.343,21.477,0 -114.321,21.497,0 -114.298,21.517,0 -114.275,21.536,0 -114.251,21.555,0 -114.226,21.572,0 -114.2,21.589,0 -114.174,21.605,0 -114.147,21.62,0 -114.12,21.634,0 -114.092,21.648,0 -114.064,21.66,0 -114.035,21.671,0 -114.006,21.682,0 -113.976,21.691,0 -113.947,21.7,0 -113.916,21.707,0 -113.886,21.714,0 -113.855,21.72,0 -113.824,21.724,0 -113.793,21.728,0 -113.762,21.73,0 -113.731,21.732,0 -113.7,21.732,0 -113.7,21.732,0 
								</coordinates>
							</LinearRing>
						</outerBoundaryIs>
					</Polygon>
				</Placemark>
				<Placemark>
					<name>ep17 Storm Track</name>
					<styleUrl>#TropicalBalloonStyle</styleUrl>
					<LineString>
						<tessellate>1</tessellate>
						<coordinates>
							-101.4,14.6,0 -101.6,15,0 -102.8,15.9,0 -104.3,16.4,0 -106.1,16.6,0 -108,16.8,0 -110,17,0 -112.7,18.2,0 -113.7,20.9,0 
						</coordinates>
					</LineString>
				</Placemark>
				<Placemark>
					<name>34 knot Danger Swath</name>
					<styleUrl>#msn_ylw-pushpin</styleUrl>
					<Polygon>
						<tessellate>1</tessellate>
						<outerBoundaryIs>
							<LinearRing>
								<coordinates>
									-113.44,25.39,0 -113.3697,25.3856,0 -113.3009,25.381,0 -113.2352,25.3762,0 -113.173,25.3711,0 -113.1145,25.3655,0 -113.0593,25.3594,0 -113.0063,25.3528,0 -112.9545,25.3456,0 -112.9027,25.3376,0 -112.85,25.3289,0 -112.7954,25.3192,0 -112.7381,25.3084,0 -112.6777,25.2962,0 -112.6136,25.2825,0 -112.5459,25.2671,0 -112.4745,25.2499,0 -112.4001,25.231,0 -112.3231,25.2104,0 -112.2444,25.1882,0 -112.1648,25.1644,0 -112.0851,25.1394,0 -112.0059,25.1133,0 -111.9282,25.0863,0 -111.8525,25.0589,0 -111.7795,25.0313,0 -111.7097,25.0037,0 -111.6431,24.9764,0 -111.5797,24.9492,0 -111.5189,24.9222,0 -111.46,24.8949,0 -111.4023,24.8671,0 -111.3453,24.8388,0 -111.2889,24.8099,0 -111.2333,24.7806,0 -111.1791,24.7512,0 -111.1268,24.7221,0 -111.0768,24.6934,0 -111.0291,24.66529999999999,0 -110.9834,24.6377,0 -110.9391,24.6099,0 -110.8954,24.5817,0 -110.8513,24.5522,0 -110.806,24.5211,0 -110.7591,24.4879,0 -110.7104,24.4526,0 -110.6601,24.4151,0 -110.6084,24.3756,0 -110.5556,24.3341,0 -110.502,24.2908,0 -110.4477,24.2455,0 -110.3926,24.1983,0 -110.3372,24.1492,0 -110.2816,24.0985,0 -110.2264,24.0468,0 -110.1724,23.9946,0 -110.12,23.9427,0 -110.0698,23.8915,0 -110.0221,23.8415,0 -109.9771,23.7928,0 -109.9345,23.7454,0 -109.8944,23.6993,0 -109.8562,23.654,0 -109.8198,23.6093,0 -109.7848,23.565,0 -109.7508,23.5206,0 -109.7176,23.476,0 -109.685,23.4309,0 -109.6527,23.385,0 -109.6207,23.3382,0 -109.5888,23.29029999999999,0 -109.5572,23.2414,0 -109.5258,23.1914,0 -109.4947,23.1406,0 -109.4641,23.0889,0 -109.434,23.0364,0 -109.4044,22.9832,0 -109.3754,22.92920000000001,0 -109.3469,22.8745,0 -109.3189,22.819,0 -109.2916,22.7627,0 -109.2649,22.7059,0 -109.2392,22.6487,0 -109.2144,22.5914,0 -109.1908,22.5344,0 -109.1685,22.4779,0 -109.1473,22.4217,0 -109.1271,22.3655,0 -109.1077,22.3086,0 -109.0889,22.2502,0 -109.0704,22.1893,0 -109.0521,22.1255,0 -109.0341,22.0586,0 -109.0164,21.9887,0 -108.9995,21.9164,0 -108.9833,21.8421,0 -108.9681,21.7665,0 -108.9541,21.6899,0 -108.9413,21.6128,0 -108.93,21.5353,0 -108.92,21.4576,0 -108.9114,21.3797,0 -108.9041,21.3016,0 -108.8979,21.2233,0 -108.8924,21.1446,0 -108.8866,21.0651,0 -108.8789,20.9842,0 -108.8663,20.9012,0 -108.8447,20.815,0 -108.8087,20.7248,0 -108.753,20.6306,0 -108.6729,20.5329,0 -108.5667,20.4339,0 -108.4366,20.3368,0 -108.2888,20.2456,0 -108.1329,20.1639,0 -107.9794,20.0946,0 -107.8375,20.039,0 -107.7131,19.9965,0 -107.6084,19.9653,0 -107.5222,19.9429,0 -107.4514,19.9266,0 -107.3922,19.9142,0 -107.3412,19.904,0 -107.2959,19.8949,0 -107.2545,19.8862,0 -107.2159,19.8778,0 -107.1792,19.8693,0 -107.1438,19.8606,0 -107.1093,19.8516,0 -107.0749,19.8423,0 -107.0402,19.8324,0 -107.0046,19.8218,0 -106.9679,19.8104,0 -106.9299,19.7981,0 -106.8905,19.7849,0 -106.8501,19.7709,0 -106.8091,19.7563,0 -106.7681,19.7411,0 -106.7277,19.7257,0 -106.6882,19.71,0 -106.6496,19.694,0 -106.6116,19.6777,0 -106.5734,19.6606,0 -106.5345,19.6425,0 -106.4945,19.6232,0 -106.4529,19.6026,0 -106.41,19.5806,0 -106.3662,19.5575,0 -106.322,19.5335,0 -106.2784,19.5091,0 -106.2358,19.4846,0 -106.1949,19.4605,0 -106.1557,19.437,0 -106.1183,19.4142,0 -106.0818,19.3922,0 -106.0454,19.3712,0 -106.0075,19.351,0 -105.9661,19.3315,0 -105.9189,19.3126,0 -105.8622,19.2939,0 -105.792,19.2747,0 -105.7031,19.2543,0 -105.5903,19.2317,0 -105.4495,19.2061,0 -105.2799,19.1771,0 -105.0847,19.1449,0 -104.8723,19.1105,0 -104.6546,19.0756,0 -104.4453,19.0421,0 -104.256,19.0118,0 -104.0944,18.9858,0 -103.9631,18.9642,0 -103.8602,18.9468,0 -103.7807,18.9327,0 -103.7186,18.9208,0 -103.6685,18.9104,0 -103.6263,18.9009,0 -103.589,18.8919,0 -103.555,18.8832,0 -103.5231,18.8745,0 -103.4929,18.8659,0 -103.4638,18.8573,0 -103.4354,18.8485,0 -103.4075,18.8395,0 -103.3798,18.8302,0 -103.3521,18.8205,0 -103.324,18.8104,0 -103.2955,18.7997,0 -103.2663,18.7883,0 -103.2361,18.7761,0 -103.2047,18.763,0 -103.1723,18.7489,0 -103.1388,18.7339,0 -103.1043,18.7179,0 -103.0685,18.7009,0 -103.0305,18.6824,0 -102.9883,18.6617,0 -102.939,18.6374,0 -102.8791,18.6082,0 -102.8053,18.5726,0 -102.7158,18.53,0 -102.6114,18.481,0 -102.4958,18.4274,0 -102.3752,18.3721,0 -102.2567,18.3184,0 -102.1472,18.2693,0 -102.0512,18.2269,0 -101.9708,18.1919,0 -101.9052,18.1637,0 -101.8521,18.1412,0 -101.8083,18.1225,0 -101.7705,18.1062,0 -101.7359,18.0909,0 -101.7027,18.0756,0 -101.6695,18.0596,0 -101.6356,18.0427,0 -101.601,18.0247,0 -101.5655,18.0057,0 -101.5294,17.9856,0 -101.4929,17.9647,0 -101.4565,17.943,0 -101.4203,17.9207,0 -101.3848,17.898,0 -101.3499,17.875,0 -101.3158,17.8517,0 -101.2828,17.8284,0 -101.2508,17.805,0 -101.2198,17.7814,0 -101.1895,17.7575,0 -101.1597,17.733,0 -101.1301,17.7078,0 -101.1004,17.6817,0 -101.0707,17.6547,0 -101.0409,17.6267,0 -101.011,17.5979,0 -100.9814,17.5686,0 -100.9521,17.539,0 -100.9234,17.5092,0 -100.8955,17.4794,0 -100.8687,17.4497,0 -100.8428,17.4203,0 -100.8181,17.391,0 -100.7943,17.3618,0 -100.7713,17.3325,0 -100.7489,17.303,0 -100.727,17.2731,0 -100.7054,17.2427,0 -100.6837,17.2116,0 -100.6618,17.1793,0 -100.6388,17.145,0 -100.6139,17.1078,0 -100.586,17.0668,0 -100.5544,17.0213,0 -100.5186,16.9714,0 -100.479,16.9179,0 -100.4368,16.8628,0 -100.3939,16.8086,0 -100.3523,16.7578,0 -100.3138,16.7126,0 -100.2796,16.674,0 -100.25,16.6423,0 -100.2247,16.6166,0 -100.2031,16.5956,0 -100.184,16.578,0 -100.1668,16.5626,0 -100.1508,16.5485,0 -100.1356,16.5351,0 -100.1209,16.5222,0 -100.1069,16.5096,0 -100.0934,16.4975,0 -100.0806,16.4858,0 -100.0686,16.4747,0 -100.0573,16.4641,0 -100.0468,16.454,0 -100.0367,16.444,0 -100.0269,16.434,0 -100.017,16.4238,0 -100.0071,16.4132,0 -99.99690000000001,16.4021,0 -99.98639999999999,16.3906,0 -99.9756,16.3786,0 -99.96460000000002,16.3661,0 -99.9533,16.3533,0 -99.94160000000001,16.3399,0 -99.92960000000001,16.3259,0 -99.9171,16.3112,0 -99.904,16.2956,0 -99.8904,16.2791,0 -99.87629999999999,16.2613,0 -99.8616,16.2423,0 -99.8463,16.2219,0 -99.8304,16.1999,0 -99.8139,16.1763,0 -99.797,16.1514,0 -99.7799,16.1255,0 -99.76300000000001,16.0991,0 -99.7465,16.0728,0 -99.7308,16.0469,0 -99.7161,16.0219,0 -99.7024,15.998,0 -99.68980000000001,15.9752,0 -99.6781,15.9534,0 -99.66720000000001,15.9323,0 -99.65689999999999,15.9116,0 -99.64700000000001,15.8911,0 -99.63720000000001,15.8704,0 -99.6276,15.8494,0 -99.61790000000001,15.8279,0 -99.6082,15.8058,0 -99.59860000000002,15.7832,0 -99.58910000000002,15.7602,0 -99.57980000000001,15.7368,0 -99.57070000000002,15.7132,0 -99.56189999999999,15.6894,0 -99.55319999999999,15.6652,0 -99.5448,15.6407,0 -99.53660000000001,15.6157,0 -99.5286,15.5902,0 -99.5209,15.564,0 -99.51349999999999,15.537,0 -99.50640000000001,15.5092,0 -99.4996,15.4806,0 -99.49299999999999,15.4509,0 -99.4868,15.4203,0 -99.48090000000001,15.3886,0 -99.4753,15.3559,0 -99.47010000000002,15.3222,0 -99.4653,15.2878,0 -99.4609,15.2528,0 -99.45699999999998,15.2173,0 -99.45360000000001,15.1816,0 -99.4508,15.1458,0 -99.4485,15.11,0 -99.4469,15.0743,0 -99.44589999999999,15.039,0 -99.4455,15.0041,0 -99.44580000000001,14.9697,0 -99.4468,14.9359,0 -99.4485,14.9024,0 -99.4507,14.8692,0 -99.4534,14.8361,0 -99.4567,14.803,0 -99.4603,14.7698,0 -99.4644,14.7367,0 -99.4689,14.7038,0 -99.4738,14.6713,0 -99.4791,14.6392,0 -99.48489999999998,14.6077,0 -99.4911,14.5767,0 -99.49789999999999,14.5459,0 -99.5052,14.5154,0 -99.51300000000001,14.4853,0 -99.5211,14.4556,0 -99.5294,14.4266,0 -99.53789999999999,14.3987,0 -99.54640000000001,14.372,0 -99.5548,14.3467,0 -99.56310000000001,14.3228,0 -99.57129999999999,14.3001,0 -99.57940000000001,14.2786,0 -99.5874,14.2582,0 -99.59529999999999,14.2386,0 -99.60300000000001,14.2198,0 -99.61069999999999,14.2016,0 -99.61840000000001,14.1839,0 -99.62600000000002,14.1665,0 -99.6337,14.1493,0 -99.64140000000002,14.1322,0 -99.64930000000001,14.1148,0 -99.65729999999999,14.0971,0 -99.6656,14.0789,0 -99.6743,14.0599,0 -99.68320000000001,14.0401,0 -99.69240000000001,14.0194,0 -99.70199999999998,13.9978,0 -99.7119,13.9755,0 -99.72200000000001,13.9526,0 -99.73250000000002,13.9293,0 -99.7432,13.9057,0 -99.7542,13.8822,0 -99.7654,13.8587,0 -99.777,13.8353,0 -99.7891,13.8121,0 -99.8018,13.7888,0 -99.81509999999999,13.7652,0 -99.8292,13.7412,0 -99.8441,13.7169,0 -99.8596,13.6921,0 -99.87590000000002,13.6671,0 -99.89280000000001,13.642,0 -99.9101,13.6169,0 -99.92789999999999,13.592,0 -99.9462,13.5673,0 -99.9648,13.5429,0 -99.9841,13.5187,0 -100.0038,13.4949,0 -100.024,13.4714,0 -100.0447,13.4481,0 -100.0659,13.4252,0 -100.0873,13.4025,0 -100.1092,13.3802,0 -100.1313,13.3584,0 -100.1535,13.337,0 -100.1757,13.3164,0 -100.1977,13.2966,0 -100.2194,13.2778,0 -100.2408,13.2599,0 -100.2618,13.243,0 -100.2828,13.2267,0 -100.3036,13.2111,0 -100.3246,13.1958,0 -100.3456,13.1809,0 -100.367,13.1663,0 -100.3886,13.1519,0 -100.4106,13.1378,0 -100.433,13.124,0 -100.4557,13.1104,0 -100.4788,13.097,0 -100.502,13.084,0 -100.5252,13.0713,0 -100.5481,13.0592,0 -100.5706,13.0475,0 -100.5928,13.0364,0 -100.6148,13.0258,0 -100.6369,13.0154,0 -100.6593,13.0053,0 -100.6824,12.9952,0 -100.7061,12.9852,0 -100.7305,12.9753,0 -100.7553,12.9657,0 -100.7805,12.9564,0 -100.806,12.9475,0 -100.8318,12.9392,0 -100.8582,12.9313,0 -100.8853,12.9237,0 -100.9131,12.9165,0 -100.9418,12.9095,0 -100.9715,12.9028,0 -101.0024,12.8963,0 -101.0349,12.8902,0 -101.0697,12.8845,0 -101.1078,12.8793,0 -101.1502,12.8745,0 -101.1978,12.8705,0 -101.2509,12.8672,0 -101.3088,12.865,0 -101.3704,12.8638,0 -101.4332,12.8638,0 -101.4949,12.8649,0 -101.5532,12.8671,0 -101.6064,12.8703,0 -101.6538,12.8741,0 -101.6954,12.8786,0 -101.732,12.8835,0 -101.7647,12.8889,0 -101.7946,12.8946,0 -101.8229,12.9007,0 -101.8503,12.9071,0 -101.8774,12.914,0 -101.9048,12.9212,0 -101.9327,12.9287,0 -101.9612,12.9364,0 -101.9905,12.9442,0 -102.0206,12.9522,0 -102.0514,12.9602,0 -102.0828,12.9684,0 -102.1145,12.9767,0 -102.1464,12.9852,0 -102.178,12.9938,0 -102.2091,13.0026,0 -102.2393,13.0115,0 -102.2684,13.0204,0 -102.296,13.0293,0 -102.322,13.038,0 -102.3464,13.0466,0 -102.3691,13.0549,0 -102.3904,13.0629,0 -102.4103,13.0708,0 -102.429,13.0785,0 -102.447,13.0861,0 -102.4643,13.0937,0 -102.4813,13.1012,0 -102.4984,13.1089,0 -102.5157,13.1166,0 -102.5333,13.1247,0 -102.5516,13.1332,0 -102.5706,13.1422,0 -102.5905,13.152,0 -102.6114,13.1626,0 -102.6334,13.1741,0 -102.6564,13.1865,0 -102.6803,13.1997,0 -102.7049,13.2136,0 -102.73,13.2281,0 -102.7557,13.2432,0 -102.7825,13.259,0 -102.8111,13.2758,0 -102.843,13.2942,0 -102.88,13.3146,0 -102.9235,13.3377,0 -102.9747,13.3635,0 -103.0339,13.3917,0 -103.1006,13.4218,0 -103.1744,13.4526,0 -103.2561,13.4833,0 -103.3485,13.5136,0 -103.458,13.5438,0 -103.5932,13.5749,0 -103.7639,13.608,0 -103.9772,13.6443,0 -104.2349,13.6838,0 -104.5305,13.7258,0 -104.8495,13.7681,0 -105.1722,13.8081,0 -105.4782,13.8433,0 -105.7512,13.8715,0 -105.982,13.8917,0 -106.1695,13.9036,0 -106.3184,13.908,0 -106.4369,13.9059,0 -106.5334,13.8988,0 -106.6146,13.888,0 -106.6852,13.8747,0 -106.7479,13.86,0 -106.8044,13.8447,0 -106.8554,13.8297,0 -106.9019,13.8153,0 -106.9446,13.8017,0 -106.9842,13.7892,0 -107.0215,13.7776,0 -107.0574,13.7669,0 -107.0923,13.7569,0 -107.127,13.7475,0 -107.1619,13.7385,0 -107.1973,13.7298,0 -107.2333,13.7213,0 -107.27,13.7131,0 -107.3076,13.7051,0 -107.3461,13.6974,0 -107.3857,13.69,0 -107.427,13.683,0 -107.4705,13.6764,0 -107.5167,13.6702,0 -107.5667,13.6645,0 -107.6211,13.6592,0 -107.6806,13.6545,0 -107.7454,13.6504,0 -107.8152,13.6471,0 -107.8891,13.6446,0 -107.9659,13.6431,0 -108.0446,13.6426,0 -108.1254,13.643,0 -108.2102,13.6442,0 -108.3036,13.6461,0 -108.4118,13.6485,0 -108.542,13.6512,0 -108.6995,13.6543,0 -108.8857,13.6578,0 -109.0965,13.6615,0 -109.3224,13.6656,0 -109.5501,13.6698,0 -109.7659,13.6743,0 -109.9586,13.679,0 -110.1217,13.684,0 -110.254,13.6892,0 -110.3585,13.6947,0 -110.4407,13.7006,0 -110.5066,13.7068,0 -110.5614,13.7134,0 -110.6089,13.7201,0 -110.6515,13.727,0 -110.6902,13.7338,0 -110.7256,13.7405,0 -110.7578,13.747,0 -110.787,13.7533,0 -110.8137,13.7592,0 -110.8381,13.7649,0 -110.8608,13.7704,0 -110.8825,13.7758,0 -110.9038,13.7813,0 -110.9254,13.787,0 -110.9477,13.7931,0 -110.9713,13.7998,0 -110.9966,13.8072,0 -111.024,13.8156,0 -111.0538,13.8249,0 -111.0863,13.8354,0 -111.1221,13.847,0 -111.1626,13.8602,0 -111.2099,13.8752,0 -111.2678,13.8928,0 -111.3411,13.914,0 -111.4356,13.9397,0 -111.5561,13.9707,0 -111.705,14.0072,0 -111.8807,14.0484,0 -112.0767,14.0927,0 -112.2827,14.1376,0 -112.4864,14.1802,0 -112.6766,14.2184,0 -112.8452,14.2507,0 -112.9888,14.2768,0 -113.1077,14.2973,0 -113.2052,14.3132,0 -113.2856,14.3259,0 -113.3531,14.3365,0 -113.4112,14.3459,0 -113.4622,14.3545,0 -113.5082,14.3628,0 -113.5506,14.3709,0 -113.5904,14.3789,0 -113.6288,14.387,0 -113.6667,14.3954,0 -113.7048,14.4043,0 -113.7438,14.4138,0 -113.7838,14.4241,0 -113.8252,14.4352,0 -113.8677,14.4471,0 -113.9111,14.4599,0 -113.9551,14.4734,0 -113.9995,14.4876,0 -114.0442,14.5024,0 -114.0888,14.5179,0 -114.1335,14.5338,0 -114.1779,14.5501,0 -114.2217,14.5667,0 -114.2646,14.5833,0 -114.3063,14.5998,0 -114.3465,14.6161,0 -114.3851,14.6322,0 -114.4223,14.6482,0 -114.4584,14.6641,0 -114.4935,14.6802,0 -114.5281,14.6964,0 -114.562,14.7129,0 -114.5955,14.7295,0 -114.6284,14.7462,0 -114.6609,14.7632,0 -114.6931,14.7804,0 -114.7256,14.7982,0 -114.7589,14.8169,0 -114.7936,14.8368,0 -114.8298,14.858,0 -114.8677,14.8806,0 -114.907,14.9046,0 -114.9472,14.9295,0 -114.9877,14.9552,0 -115.0278,14.9812,0 -115.0671,15.0073,0 -115.1051,15.0331,0 -115.1414,15.0584,0 -115.1758,15.083,0 -115.2082,15.1066,0 -115.2386,15.1292,0 -115.2671,15.151,0 -115.294,15.1718,0 -115.3196,15.192,0 -115.344,15.2115,0 -115.3674,15.2303,0 -115.3899,15.2487,0 -115.4113,15.2664,0 -115.4317,15.2835,0 -115.4511,15.3,0 -115.4695,15.316,0 -115.4869,15.3314,0 -115.5034,15.3464,0 -115.5192,15.3611,0 -115.5345,15.3756,0 -115.5497,15.3903,0 -115.565,15.4053,0 -115.5808,15.421,0 -115.5975,15.4376,0 -115.6152,15.4552,0 -115.6337,15.4737,0 -115.6528,15.4928,0 -115.6721,15.5122,0 -115.6913,15.5314,0 -115.7099,15.55,0 -115.7277,15.5678,0 -115.7445,15.5848,0 -115.7605,15.6011,0 -115.7759,15.617,0 -115.7911,15.6329,0 -115.8065,15.6495,0 -115.8228,15.6672,0 -115.8401,15.6866,0 -115.8589,15.708,0 -115.8793,15.7317,0 -115.9012,15.7576,0 -115.9245,15.7855,0 -115.9486,15.8152,0 -115.9733,15.8459,0 -115.9979,15.8772,0 -116.0222,15.9085,0 -116.0459,15.9398,0 -116.0689,15.9708,0 -116.0915,16.0019,0 -116.1138,16.0333,0 -116.1361,16.0653,0 -116.1582,16.098,0 -116.1804,16.1311,0 -116.2023,16.1645,0 -116.2238,16.1981,0 -116.2449,16.2318,0 -116.2657,16.2658,0 -116.2864,16.3005,0 -116.3073,16.3368,0 -116.3288,16.3753,0 -116.3512,16.4167,0 -116.375,16.4617,0 -116.4009,16.5112,0 -116.4299,16.5663,0 -116.4635,16.6292,0 -116.504,16.7024,0 -116.554,16.7894,0 -116.6161,16.8931,0 -116.6917,17.0151,0 -116.7805,17.154,0 -116.8799,17.3057,0 -116.9856,17.463,0 -117.0921,17.6179,0 -117.194,17.7631,0 -117.2876,17.8934,0 -117.371,18.0072,0 -117.4442,18.1053,0 -117.5087,18.1909,0 -117.5663,18.2674,0 -117.619,18.3385,0 -117.6683,18.4066,0 -117.7152,18.4735,0 -117.7605,18.5403,0 -117.8043,18.6074,0 -117.8467,18.675,0 -117.8879,18.743,0 -117.9277,18.8114,0 -117.9662,18.8798,0 -118.0031,18.9478,0 -118.0383,19.015,0 -118.0716,19.0807,0 -118.1028,19.1444,0 -118.1318,19.2054,0 -118.1584,19.2634,0 -118.1827,19.3182,0 -118.2047,19.3698,0 -118.2246,19.4186,0 -118.2428,19.465,0 -118.2595,19.5098,0 -118.2752,19.5539,0 -118.2902,19.5982,0 -118.3049,19.6438,0 -118.3196,19.6918,0 -118.3345,19.743,0 -118.3497,19.7982,0 -118.3651,19.8576,0 -118.3807,19.9212,0 -118.3962,19.9885,0 -118.4113,20.0588,0 -118.4259,20.1312,0 -118.4396,20.2049,0 -118.4523,20.279,0 -118.4639,20.3527,0 -118.4743,20.4254,0 -118.4835,20.4967,0 -118.4914,20.5664,0 -118.4981,20.6344,0 -118.5036,20.7007,0 -118.5079,20.7654,0 -118.5111,20.8285,0 -118.5132,20.8899,0 -118.5141,20.9499,0 -118.514,21.0088,0 -118.5128,21.0673,0 -118.5106,21.1264,0 -118.5074,21.1866,0 -118.5033,21.2483,0 -118.4983,21.3114,0 -118.4926,21.375,0 -118.4863,21.4381,0 -118.4794,21.4994,0 -118.472,21.5582,0 -118.4644,21.6138,0 -118.4563,21.6665,0 -118.4479,21.7167,0 -118.439,21.7653,0 -118.4294,21.8134,0 -118.4191,21.8618,0 -118.4078,21.9115,0 -118.3954,21.9626,0 -118.3819,22.0156,0 -118.3672,22.0702,0 -118.3514,22.1262,0 -118.3343,22.1835,0 -118.316,22.2419,0 -118.2964,22.3011,0 -118.2755,22.3612,0 -118.2533,22.4219,0 -118.2297,22.4833,0 -118.2048,22.5451,0 -118.1788,22.6068,0 -118.1519,22.6681,0 -118.1247,22.7281,0 -118.0973,22.7863,0 -118.0703,22.8421,0 -118.0435,22.8954,0 -118.017,22.9466,0 -117.9903,22.9962,0 -117.9631,23.045,0 -117.9349,23.0938,0 -117.9052,23.1432,0 -117.874,23.1935,0 -117.841,23.24480000000001,0 -117.8063,23.297,0 -117.7701,23.35,0 -117.7326,23.4034,0 -117.6938,23.457,0 -117.6539,23.5106,0 -117.6131,23.564,0 -117.5712,23.617,0 -117.5284,23.6695,0 -117.4846,23.7215,0 -117.4397,23.773,0 -117.3937,23.824,0 -117.3467,23.8744,0 -117.299,23.9241,0 -117.2511,23.9726,0 -117.2033,24.0196,0 -117.156,24.0649,0 -117.1089,24.1086,0 -117.0615,24.1513,0 -117.0131,24.1935,0 -116.9628,24.2361,0 -116.91,24.2794,0 -116.8546,24.3237,0 -116.797,24.3685,0 -116.7379,24.4133,0 -116.6783,24.4572,0 -116.6192,24.4995,0 -116.5616,24.5396,0 -116.5059,24.5773,0 -116.4524,24.6123,0 -116.4011,24.645,0 -116.3516,24.6757,0 -116.3036,24.7046,0 -116.2566,24.7321,0 -116.2103,24.7585,0 -116.1644,24.7838,0 -116.1187,24.8083,0 -116.0729,24.8322,0 -116.0265,24.8556,0 -115.9792,24.8787,0 -115.9307,24.9018,0 -115.8804,24.9249,0 -115.8282,24.9483,0 -115.7738,24.9718,0 -115.7169,24.9956,0 -115.6572,25.0197,0 -115.5944,25.044,0 -115.5284,25.0685,0 -115.4591,25.0932,0 -115.3866,25.1179,0 -115.3113,25.1424,0 -115.2335,25.1664,0 -115.1539,25.1897,0 -115.073,25.2119,0 -114.9913,25.233,0 -114.9094,25.2528,0 -114.8276,25.2712,0 -114.7465,25.2881,0 -114.6662,25.3036,0 -114.5871,25.3176,0 -114.5085,25.3302,0 -114.4297,25.3414,0 -114.3492,25.3514,0 -114.2647,25.3601,0 -114.1741,25.3676,0 -114.0751,25.374,0 -113.9661,25.3791,0 -113.8466,25.3831,0 -113.7174,25.3861,0 -113.5807,25.3883,0 -113.44,25.39,0 
								</coordinates>
							</LinearRing>
						</outerBoundaryIs>
					</Polygon>
				</Placemark>
			</Folder>
			<Folder>
				<name>Previous Best Track Posits</name>
				<Placemark>
					<name>26091712Z</name>
					<description>Intensity: 20 knots</description>
					<styleUrl>#BestTrackStyle1</styleUrl>
					<Point>
						<coordinates>-102.7,7,0</coordinates>
					</Point>
				</Placemark>
				<Placemark>
					<name>26091718Z</name>
					<description>Intensity: 20 knots</description>
					<styleUrl>#BestTrackStyle1</styleUrl>
					<Point>
						<coordinates>-103.3,7,0</coordinates>
					</Point>
				</Placemark>
				<Placemark>
					<name>26091800Z</name>
					<description>Intensity: 20 knots</description>
					<styleUrl>#BestTrackStyle1</styleUrl>
					<Point>
						<coordinates>-103.9,7,0</coordinates>
					</Point>
				</Placemark>
				<Placemark>
					<name>26091806Z</name>
					<description>Intensity: 20 knots</description>
					<styleUrl>#BestTrackStyle1</styleUrl>
					<Point>
						<coordinates>-104.3,7.1,0</coordinates>
					</Point>
				</Placemark>
				<Placemark>
					<name>26091812Z</name>
					<description>Intensity: 20 knots</description>
					<styleUrl>#BestTrackStyle1</styleUrl>
					<Point>
						<coordinates>-105,7.3,0</coordinates>
					</Point>
				</Placemark>
				<Placemark>
					<name>26091818Z</name>
					<description>Intensity: 20 knots</description>
					<styleUrl>#BestTrackStyle1</styleUrl>
					<Point>
						<coordinates>-105.4,7.699999999999999,0</coordinates>
					</Point>
				</Placemark>
				<Placemark>
					<name>26091900Z</name>
					<description>Intensity: 20 knots</description>
					<styleUrl>#BestTrackStyle1</styleUrl>
					<Point>
						<coordinates>-105.7,8.4,0</coordinates>
					</Point>
				</Placemark>
				<Placemark>
					<name>26091906Z</name>
					<description>Intensity: 20 knots</description>
					<styleUrl>#BestTrackStyle1</styleUrl>
					<Point>
						<coordinates>-105.9,9.4,0</coordinates>
					</Point>
				</Placemark>
				<Placemark>
					<name>26091912Z</name>
					<description>Intensity: 25 knots</description>
					<styleUrl>#BestTrackStyle1</styleUrl>
					<Point>
						<coordinates>-106,10.3,0</coordinates>
					</Point>
				</Placemark>
				<Placemark>
					<name>26091918Z</name>
					<description>Intensity: 25 knots</description>
					<styleUrl>#BestTrackStyle1</styleUrl>
					<Point>
						<coordinates>-106,11.2,0</coordinates>
					</Point>
				</Placemark>
				<Placemark>
					<name>26092000Z</name>
					<description>Intensity: 25 knots</description>
					<styleUrl>#BestTrackStyle1</styleUrl>
					<Point>
						<coordinates>-106.3,12.6,0</coordinates>
					</Point>
				</Placemark>
				<Placemark>
					<name>26092006Z</name>
					<description>Intensity: 30 knots</description>
					<styleUrl>#BestTrackStyle1</styleUrl>
					<Point>
						<coordinates>-105.8,13.4,0</coordinates>
					</Point>
				</Placemark>
				<Placemark>
					<name>26092012Z</name>
					<description>Intensity: 30 knots</description>
					<styleUrl>#BestTrackStyle1</styleUrl>
					<Point>
						<coordinates>-105.5,14,0</coordinates>
					</Point>
				</Placemark>
				<Placemark>
					<name>26092018Z</name>
					<description>Intensity: 30 knots</description>
					<styleUrl>#BestTrackStyle1</styleUrl>
					<Point>
						<coordinates>-105.1,14.5,0</coordinates>
					</Point>
				</Placemark>
				<Placemark>
					<name>26092100Z</name>
					<description>Intensity: 35 knots</description>
					<styleUrl>#BestTrackStyle5</styleUrl>
					<Point>
						<coordinates>-104.8,15.1,0</coordinates>
					</Point>
				</Placemark>
				<Placemark>
					<name>26092106Z</name>
					<description>Intensity: 40 knots</description>
					<styleUrl>#BestTrackStyle5</styleUrl>
					<Point>
						<coordinates>-104.1,15.5,0</coordinates>
					</Point>
				</Placemark>
				<Placemark>
					<name>26092112Z</name>
					<description>Intensity: 55 knots</description>
					<styleUrl>#BestTrackStyle5</styleUrl>
					<Point>
						<coordinates>-103.6,15.4,0</coordinates>
					</Point>
				</Placemark>
				<Placemark>
					<name>26092118Z</name>
					<description>Intensity: 70 knots</description>
					<styleUrl>#BestTrackStyle0</styleUrl>
					<Point>
						<coordinates>-103,15.2,0</coordinates>
					</Point>
				</Placemark>
				<Placemark>
					<name>26092200Z</name>
					<description>Intensity: 90 knots</description>
					<styleUrl>#BestTrackStyle0</styleUrl>
					<Point>
						<coordinates>-102.5,15.1,0</coordinates>
					</Point>
				</Placemark>
				<Placemark>
					<name>26092206Z</name>
					<description>Intensity: 120 knots</description>
					<styleUrl>#BestTrackStyle0</styleUrl>
					<Point>
						<coordinates>-102,14.7,0</coordinates>
					</Point>
				</Placemark>
				<Placemark>
					<name>26092212Z</name>
					<description>Intensity: 140 knots</description>
					<styleUrl>#BestTrackStyle0</styleUrl>
					<Point>
						<coordinates>-101.6,14.6,0</coordinates>
					</Point>
				</Placemark>
				<Placemark>
					<name>26092218Z</name>
					<description>Intensity: 155 knots</description>
					<styleUrl>#BestTrackStyle0</styleUrl>
					<Point>
						<coordinates>-101.5,14.6,0</coordinates>
					</Point>
				</Placemark>
				<Placemark>
					<name>Best Track</name>
					<styleUrl>#BestTrack</styleUrl>
					<LineString>
						<tessellate>1</tessellate>
						<coordinates>
							-102.7,7,0 -103.3,7,0 -103.9,7,0 -104.3,7.1,0 -105,7.3,0 -105.4,7.699999999999999,0 -105.7,8.4,0 -105.9,9.4,0 -106,10.3,0 -106,11.2,0 -106.3,12.6,0 -105.8,13.4,0 -105.5,14,0 -105.1,14.5,0 -104.8,15.1,0 -104.1,15.5,0 -103.6,15.4,0 -103,15.2,0 -102.5,15.1,0 -102,14.7,0 -101.6,14.6,0 -101.5,14.6,0 -101.4,14.6,0 
						</coordinates>
					</LineString>
				</Placemark>
			</Folder>
			<ScreenOverlay>
				<name>JTWC Logo</name>
				<Icon>
					<href>images/JTWCtranslogo.png</href>
				</Icon>
				<overlayXY x="0" y="0" xunits="fraction" yunits="fraction"/>
				<screenXY x="0.02" y="0.025" xunits="fraction" yunits="fraction"/>
				<rotationXY x="0" y="0" xunits="fraction" yunits="fraction"/>
				<size x="0.1" y="0" xunits="fraction" yunits="fraction"/>
			</ScreenOverlay>
		</Folder>
	</Document>
	<Document>
		<name>JTWC WARNINGS</name>
		<LookAt>
			<longitude>-129.4</longitude>
			<latitude>15.3</latitude>
			<altitude>0</altitude>
			<heading>0</heading>
			<tilt>0</tilt>
			<range>2750000</range>
		</LookAt>
		<Style id="BestTrackStyle10">
			<IconStyle>
				<scale>0.8</scale>
				<heading>0</heading>
				<Icon>
					<href>images/TDgray.png</href>
				</Icon>
				<hotSpot x="0.5" y="0.5" xunits="fraction" yunits="fraction"/>
			</IconStyle>
			<LabelStyle>
				<scale>0</scale>
			</LabelStyle>
			<BalloonStyle>
				<text><![CDATA[<table width="300" bgcolor="white" border="1" padding ="1">
</table><b><font size="+3">$[name]</font></b><br/><font face="Courier">$[description]</font>]]></text>
				<bgColor>ffd9d1d1</bgColor>
			</BalloonStyle>
			<LineStyle>
				<color>ff7faaaa</color>
				<width>2</width>
			</LineStyle>
			<PolyStyle>
				<color>7f7faaaa</color>
				<colorMode>random</colorMode>
			</PolyStyle>
		</Style>
		<Style id="BestTrackStyle50">
			<IconStyle>
				<scale>1.1</scale>
				<heading>0</heading>
				<Icon>
					<href>images/TSgray.png</href>
				</Icon>
				<hotSpot x="0.5" y="0.5" xunits="fraction" yunits="fraction"/>
			</IconStyle>
			<LabelStyle>
				<scale>0</scale>
			</LabelStyle>
			<BalloonStyle>
				<text><![CDATA[<table width="300" bgcolor="white" border="1" padding ="1">
</table><b><font size="+3">$[name]</font></b><br/><font face="Courier">$[description]</font>]]></text>
				<bgColor>ffd9d1d1</bgColor>
			</BalloonStyle>
			<LineStyle>
				<color>ff7faaaa</color>
				<width>2</width>
			</LineStyle>
			<PolyStyle>
				<color>7f7faaaa</color>
				<colorMode>random</colorMode>
			</PolyStyle>
		</Style>
		<Style id="TropicalBalloonStyle0">
			<LabelStyle>
				<scale>1.2</scale>
			</LabelStyle>
			<BalloonStyle>
				<text><![CDATA[<table width="300" bgcolor="white" border="1" padding ="1">
</table><b><font size="+3">$[name]</font></b><br/><font face="Courier">$[description]</font>]]></text>
				<bgColor>ffd9d1d1</bgColor>
			</BalloonStyle>
			<LineStyle id="IDstormtrack">
				<color>ffff00ff</color>
				<width>2</width>
			</LineStyle>
			<PolyStyle>
				<color>7f7faaaa</color>
				<colorMode>random</colorMode>
			</PolyStyle>
		</Style>
		<Style id="WindRadii340">
			<LineStyle>
				<color>ffff00ff</color>
				<width>2</width>
			</LineStyle>
			<PolyStyle>
				<fill>0</fill>
			</PolyStyle>
		</Style>
		<Style id="WindRadii500">
			<LineStyle>
				<color>ff5f1faf</color>
				<width>2</width>
			</LineStyle>
			<PolyStyle>
				<fill>0</fill>
			</PolyStyle>
		</Style>
		<Style id="WindRadii640">
			<LineStyle>
				<color>ff0000ff</color>
				<width>2</width>
			</LineStyle>
			<PolyStyle>
				<fill>0</fill>
			</PolyStyle>
		</Style>
		<StyleMap id="msn_ylw-pushpin0">
			<Pair>
				<key>normal</key>
				<styleUrl>#sn_ylw-pushpin0</styleUrl>
			</Pair>
			<Pair>
				<key>highlight</key>
				<styleUrl>#sh_ylw-pushpin0</styleUrl>
			</Pair>
		</StyleMap>
		<Style id="sh_ylw-pushpin0">
			<IconStyle>
				<scale>1.3</scale>
				<Icon>
					<href>http://maps.google.com/mapfiles/kml/pushpin/ylw-pushpin.png</href>
				</Icon>
				<hotSpot x="20" y="2" xunits="pixels" yunits="pixels"/>
			</IconStyle>
			<LineStyle>
				<color>ff0000ac</color>
				<width>3.1</width>
			</LineStyle>
			<PolyStyle>
				<color>400000ff</color>
				<fill>0</fill>
			</PolyStyle>
		</Style>
		<Style id="sn_ylw-pushpin0">
			<IconStyle>
				<scale>1.1</scale>
				<Icon>
					<href>http://maps.google.com/mapfiles/kml/pushpin/ylw-pushpin.png</href>
				</Icon>
				<hotSpot x="20" y="2" xunits="pixels" yunits="pixels"/>
			</IconStyle>
			<LineStyle>
				<color>ff0000ac</color>
				<width>3.1</width>
			</LineStyle>
			<PolyStyle>
				<color>400000ff</color>
				<fill>0</fill>
			</PolyStyle>
		</Style>
		<Folder>
			<name>ODALYS</name>
			<open>1</open>
			<description>TROPICAL STORM 16E (ODALYS) WARNING NR 12</description>
			<Folder>
				<name>Forecast</name>
				<Placemark>
					<name>23/00Z (TROPICAL STORM 16E (ODALYS) WARNING NR 12    - 60 knots)</name>
					<Snippet maxLines="0">empty</Snippet>
					<description><![CDATA[<pre>
TROPICAL STORM 16E (ODALYS) WARNING #12
WTPN31 PHNC 230400    
230000Z POSIT: NEAR 15.3N 129.4W
MOVING 075 DEGREES TRUE AT 10 KNOTS
MAXIMUM SIGNIFICANT WAVE HEIGHT: 23 FEET 
23/00Z, WINDS 060 KTS, GUSTS TO 075 KTS
23/12Z, WINDS 065 KTS, GUSTS TO 080 KTS
24/00Z, WINDS 070 KTS, GUSTS TO 085 KTS
24/12Z, WINDS 070 KTS, GUSTS TO 085 KTS
25/00Z, WINDS 070 KTS, GUSTS TO 085 KTS
25/12Z, WINDS 065 KTS, GUSTS TO 080 KTS
26/00Z, WINDS 065 KTS, GUSTS TO 080 KTS
27/00Z, WINDS 055 KTS, GUSTS TO 070 KTS
28/00Z, WINDS 040 KTS, GUSTS TO 050 KTS
________________________________________
          
CPA TO:               NM     DTG
Cabo_San_Lucas        666  09/28/00Z
El_Centro             754  09/28/00Z
Manzanillo            996  09/28/00Z
Mazatlan              860  09/28/00Z
Puerto_Vallarta       931  09/28/00Z
San_Diego             717  09/28/00Z
Socorro_Island        631  09/28/00Z
Yuma_USMC             769  09/28/00Z
________________________________________
          
Bearing and Distance      Dir  Dist  TAU
                               (nm) (hrs)
Cabo_San_Lucas            251  1194    0
El_Centro                 219  1291    0
Mazatlan                  254  1384    0
Puerto_Vallarta           261  1416    0
San_Diego                 216  1240    0
Socorro_Island            262  1075    0
Yuma_USMC                 221  1314    0
               </pre>]]></description>
					<styleUrl>#TropicalBalloonStyle0</styleUrl>
					<Style>
						<IconStyle>
							<color>ffffffff</color>
							<scale>1</scale>
							<heading>0</heading>
							<Icon>
								<href>images/TSgray.png</href>
							</Icon>
						</IconStyle>
					</Style>
					<Point>
						<coordinates>-129.4,15.3,0</coordinates>
					</Point>
				</Placemark>
				<Placemark>
					<name>RADIUS OF 34 KT WINDS</name>
					<styleUrl>#WindRadii340</styleUrl>
					<Polygon>
						<tessellate>1</tessellate>
						<outerBoundaryIs>
							<LinearRing>
								<coordinates>
									-129.4,16.798,0 -129.345,16.798,0 -129.29,16.795,0 -129.236,16.79,0 -129.182,16.784,0 -129.128,16.776,0 -129.074,16.765,0 -129.021,16.754,0 -128.968,16.74,0 -128.916,16.725,0 -128.864,16.707,0 -128.813,16.689,0 -128.763,16.668,0 -128.714,16.646,0 -128.665,16.622,0 -128.617,16.596,0 -128.571,16.569,0 -128.525,16.54,0 -128.481,16.51,0 -128.437,16.479,0 -128.395,16.446,0 -128.354,16.411,0 -128.314,16.375,0 -128.276,16.338,0 -128.239,16.299,0 -128.203,16.26,0 -128.169,16.219,0 -128.137,16.177,0 -128.106,16.134,0 -128.076,16.09,0 -128.049,16.045,0 -128.023,15.999,0 -127.998,15.952,0 -127.976,15.905,0 -127.955,15.856,0 -127.936,15.807,0 -127.918,15.758,0 -127.903,15.708,0 -127.889,15.657,0 -127.877,15.606,0 -127.867,15.555,0 -127.859,15.503,0 -127.853,15.451,0 -127.848,15.399,0 -127.846,15.346,0 -127.845,15.294,0 -127.155,15.288,0 -127.162,15.137,0 -127.17,15.062,0 -127.18,14.987,0 -127.193,14.913,0 -127.209,14.839,0 -127.227,14.765,0 -127.248,14.693,0 -127.271,14.62,0 -127.297,14.549,0 -127.326,14.479,0 -127.357,14.41,0 -127.391,14.342,0 -127.427,14.275,0 -127.465,14.209,0 -127.506,14.144,0 -127.549,14.081,0 -127.594,14.02,0 -127.642,13.96,0 -127.691,13.901,0 -127.742,13.845,0 -127.796,13.79,0 -127.851,13.737,0 -127.909,13.686,0 -127.968,13.636,0 -128.028,13.589,0 -128.091,13.544,0 -128.155,13.501,0 -128.22,13.46,0 -128.287,13.422,0 -128.355,13.385,0 -128.424,13.351,0 -128.495,13.32,0 -128.566,13.29,0 -128.639,13.264,0 -128.712,13.239,0 -128.787,13.217,0 -128.862,13.198,0 -128.937,13.181,0 -129.013,13.167,0 -129.09,13.155,0 -129.167,13.146,0 -129.244,13.14,0 -129.322,13.136,0 -129.399,13.134,0 -129.399,14.3,0 -129.471,14.303,0 -129.507,14.306,0 -129.543,14.31,0 -129.579,14.315,0 -129.614,14.322,0 -129.649,14.33,0 -129.684,14.339,0 -129.718,14.349,0 -129.752,14.36,0 -129.786,14.373,0 -129.819,14.386,0 -129.852,14.401,0 -129.884,14.417,0 -129.915,14.433,0 -129.946,14.451,0 -129.977,14.47,0 -130.006,14.49,0 -130.035,14.511,0 -130.063,14.533,0 -130.09,14.556,0 -130.117,14.58,0 -130.142,14.604,0 -130.167,14.63,0 -130.191,14.656,0 -130.214,14.683,0 -130.235,14.711,0 -130.256,14.739,0 -130.276,14.768,0 -130.295,14.798,0 -130.312,14.829,0 -130.329,14.86,0 -130.344,14.891,0 -130.358,14.923,0 -130.371,14.956,0 -130.383,14.989,0 -130.394,15.022,0 -130.404,15.056,0 -130.412,15.089,0 -130.419,15.124,0 -130.425,15.158,0 -130.429,15.193,0 -130.433,15.227,0 -130.435,15.262,0 -130.436,15.297,0 -130.608,15.296,0 -130.606,15.378,0 -130.602,15.418,0 -130.597,15.459,0 -130.591,15.499,0 -130.583,15.539,0 -130.574,15.578,0 -130.563,15.618,0 -130.551,15.657,0 -130.537,15.695,0 -130.523,15.733,0 -130.506,15.771,0 -130.489,15.808,0 -130.47,15.844,0 -130.449,15.88,0 -130.428,15.915,0 -130.405,15.949,0 -130.381,15.983,0 -130.355,16.015,0 -130.329,16.047,0 -130.301,16.078,0 -130.272,16.108,0 -130.243,16.137,0 -130.212,16.164,0 -130.18,16.191,0 -130.147,16.217,0 -130.113,16.242,0 -130.079,16.265,0 -130.043,16.287,0 -130.007,16.308,0 -129.97,16.328,0 -129.932,16.347,0 -129.894,16.364,0 -129.855,16.38,0 -129.815,16.395,0 -129.775,16.408,0 -129.735,16.42,0 -129.694,16.431,0 -129.652,16.44,0 -129.611,16.448,0 -129.569,16.454,0 -129.527,16.459,0 -129.484,16.463,0 -129.442,16.465,0 -129.4,16.465,0 -129.4,16.798,0 
								</coordinates>
							</LinearRing>
						</outerBoundaryIs>
					</Polygon>
				</Placemark>
				<Placemark>
					<name>RADIUS OF 50 KT WINDS</name>
					<styleUrl>#WindRadii500</styleUrl>
					<Polygon>
						<tessellate>1</tessellate>
						<outerBoundaryIs>
							<LinearRing>
								<coordinates>
									-129.4,16.132,0 -129.369,16.132,0 -129.339,16.13,0 -129.309,16.128,0 -129.279,16.124,0 -129.249,16.12,0 -129.219,16.114,0 -129.19,16.107,0 -129.161,16.1,0 -129.132,16.091,0 -129.103,16.082,0 -129.075,16.071,0 -129.047,16.06,0 -129.02,16.048,0 -128.993,16.034,0 -128.966,16.02,0 -128.94,16.005,0 -128.915,15.989,0 -128.89,15.973,0 -128.866,15.955,0 -128.843,15.937,0 -128.82,15.918,0 -128.798,15.898,0 -128.777,15.877,0 -128.756,15.856,0 -128.736,15.834,0 -128.717,15.811,0 -128.699,15.788,0 -128.682,15.764,0 -128.666,15.74,0 -128.65,15.715,0 -128.636,15.689,0 -128.622,15.663,0 -128.609,15.637,0 -128.598,15.61,0 -128.587,15.583,0 -128.577,15.555,0 -128.569,15.528,0 -128.561,15.499,0 -128.554,15.471,0 -128.549,15.442,0 -128.544,15.414,0 -128.541,15.385,0 -128.538,15.356,0 -128.537,15.327,0 -128.536,15.298,0 -128.536,15.298,0 -128.538,15.24,0 -128.541,15.211,0 -128.545,15.182,0 -128.55,15.153,0 -128.556,15.125,0 -128.563,15.096,0 -128.57,15.068,0 -128.579,15.041,0 -128.589,15.013,0 -128.6,14.986,0 -128.612,14.959,0 -128.625,14.933,0 -128.639,14.907,0 -128.653,14.882,0 -128.669,14.857,0 -128.685,14.833,0 -128.703,14.809,0 -128.721,14.786,0 -128.74,14.763,0 -128.76,14.741,0 -128.78,14.72,0 -128.801,14.7,0 -128.823,14.68,0 -128.846,14.661,0 -128.87,14.643,0 -128.894,14.625,0 -128.918,14.609,0 -128.943,14.593,0 -128.969,14.578,0 -128.996,14.564,0 -129.022,14.551,0 -129.05,14.538,0 -129.077,14.527,0 -129.105,14.517,0 -129.134,14.507,0 -129.162,14.499,0 -129.191,14.491,0 -129.221,14.485,0 -129.25,14.479,0 -129.28,14.475,0 -129.31,14.471,0 -129.34,14.469,0 -129.369,14.467,0 -129.399,14.467,0 -129.4,15.3,0 -129.4,15.3,0 -129.4,15.3,0 -129.4,15.3,0 -129.4,15.3,0 -129.4,15.3,0 -129.4,15.3,0 -129.4,15.3,0 -129.4,15.3,0 -129.4,15.3,0 -129.4,15.3,0 -129.4,15.3,0 -129.4,15.3,0 -129.4,15.3,0 -129.4,15.3,0 -129.4,15.3,0 -129.4,15.3,0 -129.4,15.3,0 -129.4,15.3,0 -129.4,15.3,0 -129.4,15.3,0 -129.4,15.3,0 -129.4,15.3,0 -129.4,15.3,0 -129.4,15.3,0 -129.4,15.3,0 -129.4,15.3,0 -129.4,15.3,0 -129.4,15.3,0 -129.4,15.3,0 -129.4,15.3,0 -129.4,15.3,0 -129.4,15.3,0 -129.4,15.3,0 -129.4,15.3,0 -129.4,15.3,0 -129.4,15.3,0 -129.4,15.3,0 -129.4,15.3,0 -129.4,15.3,0 -129.4,15.3,0 -129.4,15.3,0 -129.4,15.3,0 -129.4,15.3,0 -129.4,15.3,0 -129.4,15.3,0 -129.4,15.3,0 -129.4,15.3,0 -129.4,15.3,0 -129.4,15.3,0 -129.4,15.3,0 -129.4,15.3,0 -129.4,15.3,0 -129.4,15.3,0 -129.4,15.3,0 -129.4,15.3,0 -129.4,15.3,0 -129.4,15.3,0 -129.4,15.3,0 -129.4,15.3,0 -129.4,15.3,0 -129.4,15.3,0 -129.4,15.3,0 -129.4,15.3,0 -129.4,15.3,0 -129.4,15.3,0 -129.4,15.3,0 -129.4,15.3,0 -129.4,15.3,0 -129.4,15.3,0 -129.4,15.3,0 -129.4,15.3,0 -129.4,15.3,0 -129.4,15.3,0 -129.4,15.3,0 -129.4,15.3,0 -129.4,15.3,0 -129.4,15.3,0 -129.4,15.3,0 -129.4,15.3,0 -129.4,15.3,0 -129.4,15.3,0 -129.4,15.3,0 -129.4,15.3,0 -129.4,15.3,0 -129.4,15.3,0 -129.4,15.3,0 -129.4,15.3,0 -129.4,15.3,0 -129.4,15.3,0 -129.4,16.132,0 
								</coordinates>
							</LinearRing>
						</outerBoundaryIs>
					</Polygon>
				</Placemark>
				<Placemark>
					<name>23/12Z - 65 knots</name>
					<Snippet maxLines="0">empty</Snippet>
					<description><![CDATA[<html>
<head>
<title>Requested Information</title>
</head>
<table width="400" bgcolor="white" border="1">
<tr><td><B>NAME</B></td><td><B>ODALYS</B></td></tr>
<tr><td><B>TIME</B></td><td><B>TAU 12 - 2026092312Z</B></td></tr>
<tr><td><B>POSIT</B></td><td><B>15.5 N, -128 W</B></td></tr>
<tr><td><B>WRNG NMBR</B></td><td><B>12</B></td></tr>
<tr><td><B>WIND SPD</B></td><td><B>65 KTS</B></td></tr>
<tr><td><B>MOVEMENT</B></td><td><B></B></td></tr>
</table></body></html>]]></description>
					<styleUrl>#TropicalBalloonStyle0</styleUrl>
					<Style>
						<IconStyle>
							<color>ffffffff</color>
							<scale>1</scale>
							<heading>0</heading>
							<Icon>
								<href>images/TY.png</href>
							</Icon>
						</IconStyle>
					</Style>
					<Point>
						<coordinates>-128,15.5,0</coordinates>
					</Point>
				</Placemark>
				<Placemark>
					<name>RADIUS OF 34 KT WINDS</name>
					<styleUrl>#WindRadii340</styleUrl>
					<Polygon>
						<tessellate>1</tessellate>
						<outerBoundaryIs>
							<LinearRing>
								<coordinates>
									-128,17.165,0 -127.939,17.164,0 -127.878,17.161,0 -127.817,17.156,0 -127.757,17.149,0 -127.697,17.14,0 -127.637,17.128,0 -127.578,17.115,0 -127.519,17.1,0 -127.461,17.083,0 -127.404,17.064,0 -127.347,17.043,0 -127.291,17.02,0 -127.236,16.995,0 -127.182,16.969,0 -127.129,16.94,0 -127.077,16.91,0 -127.026,16.878,0 -126.977,16.845,0 -126.928,16.809,0 -126.881,16.773,0 -126.836,16.734,0 -126.792,16.694,0 -126.749,16.653,0 -126.708,16.61,0 -126.668,16.566,0 -126.631,16.521,0 -126.594,16.474,0 -126.56,16.426,0 -126.527,16.377,0 -126.497,16.327,0 -126.468,16.276,0 -126.44,16.224,0 -126.415,16.171,0 -126.392,16.118,0 -126.371,16.063,0 -126.352,16.008,0 -126.334,15.952,0 -126.319,15.896,0 -126.306,15.839,0 -126.295,15.782,0 -126.286,15.725,0 -126.279,15.667,0 -126.274,15.609,0 -126.272,15.551,0 -126.271,15.493,0 -125.753,15.488,0 -125.76,15.337,0 -125.767,15.262,0 -125.778,15.187,0 -125.791,15.113,0 -125.806,15.039,0 -125.825,14.965,0 -125.846,14.892,0 -125.869,14.82,0 -125.896,14.749,0 -125.924,14.679,0 -125.955,14.61,0 -125.989,14.541,0 -126.025,14.474,0 -126.064,14.409,0 -126.104,14.344,0 -126.147,14.281,0 -126.193,14.22,0 -126.24,14.16,0 -126.289,14.101,0 -126.341,14.045,0 -126.395,13.99,0 -126.45,13.937,0 -126.507,13.886,0 -126.566,13.836,0 -126.627,13.789,0 -126.69,13.744,0 -126.753,13.701,0 -126.819,13.66,0 -126.886,13.622,0 -126.954,13.585,0 -127.023,13.551,0 -127.094,13.52,0 -127.166,13.49,0 -127.238,13.464,0 -127.312,13.439,0 -127.386,13.417,0 -127.461,13.398,0 -127.537,13.381,0 -127.613,13.367,0 -127.69,13.355,0 -127.767,13.346,0 -127.844,13.34,0 -127.922,13.336,0 -127.999,13.334,0 -127.999,14.5,0 -128.072,14.503,0 -128.107,14.506,0 -128.143,14.51,0 -128.179,14.515,0 -128.214,14.522,0 -128.249,14.53,0 -128.284,14.539,0 -128.319,14.549,0 -128.353,14.56,0 -128.386,14.573,0 -128.419,14.586,0 -128.452,14.601,0 -128.484,14.617,0 -128.516,14.633,0 -128.547,14.651,0 -128.577,14.67,0 -128.607,14.69,0 -128.636,14.711,0 -128.664,14.733,0 -128.691,14.756,0 -128.717,14.78,0 -128.743,14.804,0 -128.768,14.83,0 -128.791,14.856,0 -128.814,14.883,0 -128.836,14.911,0 -128.857,14.939,0 -128.877,14.968,0 -128.895,14.998,0 -128.913,15.028,0 -128.93,15.059,0 -128.945,15.091,0 -128.959,15.123,0 -128.972,15.156,0 -128.984,15.189,0 -128.995,15.222,0 -129.005,15.255,0 -129.013,15.289,0 -129.02,15.324,0 -129.026,15.358,0 -129.03,15.393,0 -129.034,15.427,0 -129.036,15.462,0 -129.037,15.497,0 -129.209,15.496,0 -129.207,15.578,0 -129.203,15.618,0 -129.199,15.659,0 -129.192,15.699,0 -129.184,15.739,0 -129.175,15.778,0 -129.164,15.818,0 -129.152,15.857,0 -129.139,15.895,0 -129.124,15.933,0 -129.107,15.971,0 -129.09,16.008,0 -129.071,16.044,0 -129.05,16.08,0 -129.029,16.115,0 -129.006,16.149,0 -128.982,16.183,0 -128.956,16.215,0 -128.93,16.247,0 -128.902,16.278,0 -128.873,16.308,0 -128.843,16.337,0 -128.813,16.364,0 -128.781,16.391,0 -128.748,16.417,0 -128.714,16.442,0 -128.679,16.465,0 -128.644,16.487,0 -128.607,16.508,0 -128.57,16.528,0 -128.533,16.547,0 -128.494,16.564,0 -128.455,16.58,0 -128.416,16.595,0 -128.375,16.608,0 -128.335,16.62,0 -128.294,16.631,0 -128.252,16.64,0 -128.211,16.648,0 -128.169,16.654,0 -128.127,16.659,0 -128.084,16.663,0 -128.042,16.665,0 -128,16.665,0 -128,17.165,0 
								</coordinates>
							</LinearRing>
						</outerBoundaryIs>
					</Polygon>
				</Placemark>
				<Placemark>
					<name>RADIUS OF 50 KT WINDS</name>
					<styleUrl>#WindRadii500</styleUrl>
					<Polygon>
						<tessellate>1</tessellate>
						<outerBoundaryIs>
							<LinearRing>
								<coordinates>
									-128,16.332,0 -127.969,16.332,0 -127.939,16.33,0 -127.909,16.328,0 -127.879,16.324,0 -127.849,16.32,0 -127.819,16.314,0 -127.79,16.307,0 -127.76,16.3,0 -127.731,16.291,0 -127.703,16.282,0 -127.675,16.271,0 -127.647,16.26,0 -127.619,16.248,0 -127.592,16.234,0 -127.566,16.22,0 -127.54,16.205,0 -127.515,16.189,0 -127.49,16.173,0 -127.466,16.155,0 -127.442,16.137,0 -127.419,16.118,0 -127.397,16.098,0 -127.376,16.077,0 -127.356,16.056,0 -127.336,16.034,0 -127.317,16.011,0 -127.299,15.988,0 -127.281,15.964,0 -127.265,15.94,0 -127.25,15.915,0 -127.235,15.889,0 -127.221,15.863,0 -127.209,15.837,0 -127.197,15.81,0 -127.186,15.783,0 -127.177,15.755,0 -127.168,15.727,0 -127.16,15.699,0 -127.153,15.671,0 -127.148,15.642,0 -127.143,15.614,0 -127.14,15.585,0 -127.137,15.556,0 -127.136,15.527,0 -127.135,15.498,0 -127.135,15.498,0 -127.138,15.44,0 -127.14,15.411,0 -127.144,15.382,0 -127.149,15.353,0 -127.155,15.325,0 -127.162,15.296,0 -127.17,15.268,0 -127.179,15.241,0 -127.189,15.213,0 -127.199,15.186,0 -127.211,15.159,0 -127.224,15.133,0 -127.238,15.107,0 -127.253,15.082,0 -127.268,15.057,0 -127.285,15.033,0 -127.302,15.009,0 -127.32,14.986,0 -127.339,14.963,0 -127.359,14.941,0 -127.38,14.92,0 -127.401,14.9,0 -127.423,14.88,0 -127.446,14.861,0 -127.469,14.843,0 -127.493,14.825,0 -127.518,14.809,0 -127.543,14.793,0 -127.569,14.778,0 -127.595,14.764,0 -127.622,14.751,0 -127.649,14.738,0 -127.677,14.727,0 -127.705,14.717,0 -127.733,14.707,0 -127.762,14.699,0 -127.791,14.691,0 -127.821,14.685,0 -127.85,14.679,0 -127.88,14.675,0 -127.91,14.671,0 -127.939,14.669,0 -127.969,14.667,0 -127.999,14.667,0 -127.999,15.166,0 -128.024,15.167,0 -128.036,15.168,0 -128.048,15.17,0 -128.059,15.171,0 -128.071,15.174,0 -128.083,15.176,0 -128.095,15.179,0 -128.106,15.183,0 -128.118,15.186,0 -128.129,15.191,0 -128.14,15.195,0 -128.151,15.2,0 -128.162,15.205,0 -128.172,15.211,0 -128.182,15.217,0 -128.193,15.223,0 -128.202,15.23,0 -128.212,15.237,0 -128.221,15.244,0 -128.231,15.252,0 -128.239,15.26,0 -128.248,15.268,0 -128.256,15.276,0 -128.264,15.285,0 -128.272,15.294,0 -128.279,15.304,0 -128.286,15.313,0 -128.292,15.323,0 -128.299,15.333,0 -128.304,15.343,0 -128.31,15.353,0 -128.315,15.364,0 -128.32,15.374,0 -128.324,15.385,0 -128.328,15.396,0 -128.332,15.407,0 -128.335,15.419,0 -128.338,15.43,0 -128.34,15.441,0 -128.342,15.453,0 -128.343,15.464,0 -128.344,15.476,0 -128.345,15.488,0 -128.345,15.499,0 -128.172,15.499,0 -128.172,15.511,0 -128.171,15.517,0 -128.171,15.523,0 -128.17,15.528,0 -128.169,15.534,0 -128.167,15.54,0 -128.166,15.545,0 -128.164,15.551,0 -128.162,15.556,0 -128.16,15.562,0 -128.157,15.567,0 -128.155,15.572,0 -128.152,15.578,0 -128.149,15.583,0 -128.146,15.588,0 -128.143,15.593,0 -128.139,15.597,0 -128.136,15.602,0 -128.132,15.607,0 -128.128,15.611,0 -128.124,15.615,0 -128.12,15.619,0 -128.115,15.623,0 -128.111,15.627,0 -128.106,15.631,0 -128.101,15.634,0 -128.096,15.638,0 -128.091,15.641,0 -128.086,15.644,0 -128.081,15.647,0 -128.075,15.649,0 -128.07,15.652,0 -128.064,15.654,0 -128.059,15.656,0 -128.053,15.658,0 -128.047,15.66,0 -128.041,15.661,0 -128.035,15.662,0 -128.03,15.664,0 -128.024,15.664,0 -128.018,15.665,0 -128.012,15.666,0 -128.006,15.666,0 -128,15.666,0 -128,16.332,0 
								</coordinates>
							</LinearRing>
						</outerBoundaryIs>
					</Polygon>
				</Placemark>
				<Placemark>
					<name>RADIUS OF 64 KT WINDS</name>
					<styleUrl>#WindRadii640</styleUrl>
					<Polygon>
						<tessellate>1</tessellate>
						<outerBoundaryIs>
							<LinearRing>
								<coordinates>
									-128,15.666,0 -127.993,15.666,0 -127.987,15.666,0 -127.981,15.665,0 -127.975,15.664,0 -127.969,15.664,0 -127.964,15.662,0 -127.958,15.661,0 -127.952,15.66,0 -127.946,15.658,0 -127.94,15.656,0 -127.935,15.654,0 -127.929,15.652,0 -127.924,15.649,0 -127.918,15.647,0 -127.913,15.644,0 -127.908,15.641,0 -127.903,15.638,0 -127.898,15.634,0 -127.893,15.631,0 -127.888,15.627,0 -127.884,15.623,0 -127.879,15.619,0 -127.875,15.615,0 -127.871,15.611,0 -127.867,15.607,0 -127.863,15.602,0 -127.86,15.597,0 -127.856,15.593,0 -127.853,15.588,0 -127.85,15.583,0 -127.847,15.578,0 -127.844,15.572,0 -127.842,15.567,0 -127.839,15.562,0 -127.837,15.556,0 -127.835,15.551,0 -127.833,15.545,0 -127.832,15.54,0 -127.83,15.534,0 -127.829,15.528,0 -127.828,15.523,0 -127.828,15.517,0 -127.827,15.511,0 -127.827,15.505,0 -127.827,15.499,0 -127.827,15.499,0 -127.827,15.488,0 -127.828,15.482,0 -127.828,15.476,0 -127.829,15.471,0 -127.83,15.465,0 -127.832,15.459,0 -127.833,15.454,0 -127.835,15.448,0 -127.837,15.442,0 -127.839,15.437,0 -127.842,15.432,0 -127.844,15.426,0 -127.847,15.421,0 -127.85,15.416,0 -127.853,15.411,0 -127.856,15.406,0 -127.86,15.402,0 -127.863,15.397,0 -127.867,15.392,0 -127.871,15.388,0 -127.875,15.384,0 -127.88,15.38,0 -127.884,15.376,0 -127.888,15.372,0 -127.893,15.368,0 -127.898,15.365,0 -127.903,15.361,0 -127.908,15.358,0 -127.913,15.355,0 -127.918,15.352,0 -127.924,15.35,0 -127.929,15.347,0 -127.935,15.345,0 -127.94,15.343,0 -127.946,15.341,0 -127.952,15.339,0 -127.958,15.338,0 -127.964,15.337,0 -127.97,15.335,0 -127.975,15.335,0 -127.981,15.334,0 -127.987,15.333,0 -127.993,15.333,0 -128,15.333,0 -128,15.5,0 -128,15.5,0 -128,15.5,0 -128,15.5,0 -128,15.5,0 -128,15.5,0 -128,15.5,0 -128,15.5,0 -128,15.5,0 -128,15.5,0 -128,15.5,0 -128,15.5,0 -128,15.5,0 -128,15.5,0 -128,15.5,0 -128,15.5,0 -128,15.5,0 -128,15.5,0 -128,15.5,0 -128,15.5,0 -128,15.5,0 -128,15.5,0 -128,15.5,0 -128,15.5,0 -128,15.5,0 -128,15.5,0 -128,15.5,0 -128,15.5,0 -128,15.5,0 -128,15.5,0 -128,15.5,0 -128,15.5,0 -128,15.5,0 -128,15.5,0 -128,15.5,0 -128,15.5,0 -128,15.5,0 -128,15.5,0 -128,15.5,0 -128,15.5,0 -128,15.5,0 -128,15.5,0 -128,15.5,0 -128,15.5,0 -128,15.5,0 -128,15.5,0 -128,15.5,0 -128,15.5,0 -128,15.5,0 -128,15.5,0 -128,15.5,0 -128,15.5,0 -128,15.5,0 -128,15.5,0 -128,15.5,0 -128,15.5,0 -128,15.5,0 -128,15.5,0 -128,15.5,0 -128,15.5,0 -128,15.5,0 -128,15.5,0 -128,15.5,0 -128,15.5,0 -128,15.5,0 -128,15.5,0 -128,15.5,0 -128,15.5,0 -128,15.5,0 -128,15.5,0 -128,15.5,0 -128,15.5,0 -128,15.5,0 -128,15.5,0 -128,15.5,0 -128,15.5,0 -128,15.5,0 -128,15.5,0 -128,15.5,0 -128,15.5,0 -128,15.5,0 -128,15.5,0 -128,15.5,0 -128,15.5,0 -128,15.5,0 -128,15.5,0 -128,15.5,0 -128,15.5,0 -128,15.5,0 -128,15.5,0 -128,15.666,0 
								</coordinates>
							</LinearRing>
						</outerBoundaryIs>
					</Polygon>
				</Placemark>
				<Placemark>
					<name>24/00Z - 70 knots</name>
					<Snippet maxLines="0">empty</Snippet>
					<description><![CDATA[<html>
<head>
<title>Requested Information</title>
</head>
<table width="400" bgcolor="white" border="1">
<tr><td><B>NAME</B></td><td><B>ODALYS</B></td></tr>
<tr><td><B>TIME</B></td><td><B>TAU 24 - 2026092400Z</B></td></tr>
<tr><td><B>POSIT</B></td><td><B>15.8 N, -126.6 W</B></td></tr>
<tr><td><B>WRNG NMBR</B></td><td><B>12</B></td></tr>
<tr><td><B>WIND SPD</B></td><td><B>70 KTS</B></td></tr>
<tr><td><B>MOVEMENT</B></td><td><B>075 DEG AT 07 KTS</B></td></tr>
</table></body></html>]]></description>
					<styleUrl>#TropicalBalloonStyle0</styleUrl>
					<Style>
						<IconStyle>
							<color>ffffffff</color>
							<scale>1</scale>
							<heading>0</heading>
							<Icon>
								<href>images/TY.png</href>
							</Icon>
						</IconStyle>
					</Style>
					<Point>
						<coordinates>-126.6,15.8,0</coordinates>
					</Point>
				</Placemark>
				<Placemark>
					<name>RADIUS OF 34 KT WINDS</name>
					<styleUrl>#WindRadii340</styleUrl>
					<Polygon>
						<tessellate>1</tessellate>
						<outerBoundaryIs>
							<LinearRing>
								<coordinates>
									-126.6,17.465,0 -126.539,17.464,0 -126.478,17.461,0 -126.417,17.456,0 -126.357,17.449,0 -126.296,17.44,0 -126.237,17.428,0 -126.177,17.415,0 -126.118,17.4,0 -126.06,17.383,0 -126.003,17.364,0 -125.946,17.343,0 -125.89,17.32,0 -125.835,17.295,0 -125.781,17.269,0 -125.728,17.24,0 -125.676,17.21,0 -125.625,17.178,0 -125.575,17.145,0 -125.527,17.109,0 -125.48,17.072,0 -125.434,17.034,0 -125.39,16.994,0 -125.347,16.953,0 -125.306,16.91,0 -125.266,16.866,0 -125.228,16.821,0 -125.192,16.774,0 -125.158,16.726,0 -125.125,16.677,0 -125.094,16.627,0 -125.065,16.576,0 -125.038,16.524,0 -125.013,16.471,0 -124.99,16.417,0 -124.968,16.363,0 -124.949,16.308,0 -124.932,16.252,0 -124.917,16.196,0 -124.904,16.139,0 -124.892,16.082,0 -124.883,16.025,0 -124.877,15.967,0 -124.872,15.909,0 -124.869,15.851,0 -124.869,15.793,0 -124.349,15.788,0 -124.357,15.637,0 -124.364,15.562,0 -124.375,15.487,0 -124.388,15.412,0 -124.403,15.338,0 -124.422,15.265,0 -124.443,15.192,0 -124.466,15.12,0 -124.493,15.049,0 -124.521,14.979,0 -124.553,14.909,0 -124.586,14.841,0 -124.622,14.774,0 -124.661,14.708,0 -124.702,14.644,0 -124.745,14.581,0 -124.79,14.519,0 -124.838,14.46,0 -124.887,14.401,0 -124.939,14.345,0 -124.992,14.29,0 -125.048,14.237,0 -125.105,14.185,0 -125.164,14.136,0 -125.225,14.089,0 -125.288,14.044,0 -125.352,14.001,0 -125.417,13.96,0 -125.484,13.922,0 -125.553,13.885,0 -125.622,13.851,0 -125.693,13.82,0 -125.764,13.79,0 -125.837,13.764,0 -125.911,13.739,0 -125.985,13.717,0 -126.06,13.698,0 -126.136,13.681,0 -126.213,13.667,0 -126.289,13.655,0 -126.367,13.646,0 -126.444,13.64,0 -126.522,13.636,0 -126.599,13.634,0 -126.599,14.634,0 -126.684,14.636,0 -126.725,14.64,0 -126.767,14.645,0 -126.809,14.651,0 -126.85,14.659,0 -126.891,14.668,0 -126.932,14.679,0 -126.972,14.69,0 -127.012,14.704,0 -127.051,14.718,0 -127.09,14.734,0 -127.128,14.751,0 -127.166,14.769,0 -127.202,14.789,0 -127.239,14.81,0 -127.274,14.832,0 -127.308,14.855,0 -127.342,14.88,0 -127.375,14.905,0 -127.407,14.932,0 -127.438,14.959,0 -127.468,14.988,0 -127.497,15.018,0 -127.524,15.048,0 -127.551,15.08,0 -127.576,15.112,0 -127.601,15.145,0 -127.624,15.179,0 -127.646,15.214,0 -127.666,15.25,0 -127.686,15.286,0 -127.704,15.323,0 -127.721,15.36,0 -127.736,15.398,0 -127.75,15.436,0 -127.762,15.475,0 -127.774,15.514,0 -127.783,15.554,0 -127.792,15.594,0 -127.798,15.634,0 -127.804,15.674,0 -127.808,15.715,0 -127.81,15.755,0 -127.811,15.796,0 -127.811,15.796,0 -127.809,15.877,0 -127.805,15.918,0 -127.8,15.958,0 -127.794,15.999,0 -127.786,16.039,0 -127.777,16.078,0 -127.766,16.118,0 -127.754,16.157,0 -127.74,16.195,0 -127.725,16.233,0 -127.709,16.271,0 -127.691,16.308,0 -127.672,16.344,0 -127.652,16.38,0 -127.63,16.415,0 -127.607,16.449,0 -127.583,16.483,0 -127.558,16.515,0 -127.531,16.547,0 -127.503,16.578,0 -127.475,16.608,0 -127.445,16.637,0 -127.414,16.664,0 -127.382,16.691,0 -127.349,16.717,0 -127.315,16.742,0 -127.28,16.765,0 -127.245,16.787,0 -127.208,16.808,0 -127.171,16.828,0 -127.133,16.847,0 -127.095,16.864,0 -127.056,16.88,0 -127.016,16.895,0 -126.976,16.908,0 -126.935,16.92,0 -126.894,16.931,0 -126.853,16.94,0 -126.811,16.948,0 -126.769,16.954,0 -126.727,16.959,0 -126.685,16.963,0 -126.642,16.965,0 -126.6,16.965,0 -126.6,17.465,0 
								</coordinates>
							</LinearRing>
						</outerBoundaryIs>
					</Polygon>
				</Placemark>
				<Placemark>
					<name>RADIUS OF 50 KT WINDS</name>
					<styleUrl>#WindRadii500</styleUrl>
					<Polygon>
						<tessellate>1</tessellate>
						<outerBoundaryIs>
							<LinearRing>
								<coordinates>
									-126.6,16.632,0 -126.569,16.632,0 -126.539,16.63,0 -126.509,16.628,0 -126.479,16.624,0 -126.449,16.62,0 -126.419,16.614,0 -126.389,16.607,0 -126.36,16.6,0 -126.331,16.591,0 -126.302,16.582,0 -126.274,16.571,0 -126.246,16.56,0 -126.219,16.548,0 -126.192,16.534,0 -126.165,16.52,0 -126.139,16.505,0 -126.114,16.489,0 -126.089,16.473,0 -126.065,16.455,0 -126.041,16.437,0 -126.019,16.418,0 -125.996,16.398,0 -125.975,16.377,0 -125.955,16.356,0 -125.935,16.334,0 -125.916,16.311,0 -125.898,16.288,0 -125.88,16.264,0 -125.864,16.24,0 -125.848,16.215,0 -125.834,16.189,0 -125.82,16.163,0 -125.808,16.137,0 -125.796,16.11,0 -125.785,16.083,0 -125.775,16.055,0 -125.767,16.027,0 -125.759,15.999,0 -125.752,15.971,0 -125.747,15.942,0 -125.742,15.914,0 -125.738,15.885,0 -125.736,15.856,0 -125.734,15.827,0 -125.734,15.798,0 -125.734,15.798,0 -125.736,15.74,0 -125.739,15.711,0 -125.743,15.682,0 -125.748,15.653,0 -125.754,15.625,0 -125.761,15.596,0 -125.768,15.568,0 -125.777,15.541,0 -125.787,15.513,0 -125.798,15.486,0 -125.81,15.459,0 -125.823,15.433,0 -125.837,15.407,0 -125.852,15.382,0 -125.867,15.357,0 -125.884,15.333,0 -125.901,15.309,0 -125.919,15.286,0 -125.938,15.263,0 -125.958,15.241,0 -125.979,15.22,0 -126,15.2,0 -126.022,15.18,0 -126.045,15.161,0 -126.068,15.143,0 -126.092,15.125,0 -126.117,15.109,0 -126.142,15.093,0 -126.168,15.078,0 -126.195,15.064,0 -126.221,15.051,0 -126.249,15.038,0 -126.277,15.027,0 -126.305,15.017,0 -126.333,15.007,0 -126.362,14.999,0 -126.391,14.991,0 -126.42,14.985,0 -126.45,14.979,0 -126.48,14.975,0 -126.509,14.971,0 -126.539,14.969,0 -126.569,14.967,0 -126.599,14.967,0 -126.599,15.466,0 -126.624,15.467,0 -126.636,15.468,0 -126.648,15.47,0 -126.66,15.471,0 -126.671,15.474,0 -126.683,15.476,0 -126.695,15.479,0 -126.706,15.483,0 -126.718,15.486,0 -126.729,15.491,0 -126.74,15.495,0 -126.751,15.5,0 -126.762,15.505,0 -126.772,15.511,0 -126.783,15.517,0 -126.793,15.523,0 -126.803,15.53,0 -126.812,15.537,0 -126.822,15.544,0 -126.831,15.552,0 -126.84,15.56,0 -126.848,15.568,0 -126.856,15.576,0 -126.864,15.585,0 -126.872,15.594,0 -126.879,15.604,0 -126.886,15.613,0 -126.893,15.623,0 -126.899,15.633,0 -126.905,15.643,0 -126.91,15.653,0 -126.916,15.664,0 -126.92,15.674,0 -126.925,15.685,0 -126.929,15.696,0 -126.932,15.707,0 -126.935,15.719,0 -126.938,15.73,0 -126.94,15.741,0 -126.942,15.753,0 -126.944,15.764,0 -126.945,15.776,0 -126.945,15.788,0 -126.946,15.799,0 -126.946,15.799,0 -126.945,15.822,0 -126.944,15.834,0 -126.942,15.846,0 -126.941,15.857,0 -126.938,15.868,0 -126.936,15.88,0 -126.932,15.891,0 -126.929,15.902,0 -126.925,15.913,0 -126.921,15.924,0 -126.916,15.935,0 -126.911,15.945,0 -126.905,15.956,0 -126.9,15.966,0 -126.893,15.976,0 -126.887,15.986,0 -126.88,15.995,0 -126.873,16.004,0 -126.865,16.013,0 -126.857,16.022,0 -126.849,16.031,0 -126.84,16.039,0 -126.831,16.047,0 -126.822,16.055,0 -126.813,16.062,0 -126.803,16.069,0 -126.793,16.076,0 -126.783,16.082,0 -126.773,16.088,0 -126.762,16.094,0 -126.751,16.099,0 -126.741,16.104,0 -126.729,16.108,0 -126.718,16.112,0 -126.707,16.116,0 -126.695,16.12,0 -126.683,16.123,0 -126.672,16.125,0 -126.66,16.128,0 -126.648,16.129,0 -126.636,16.131,0 -126.624,16.132,0 -126.612,16.132,0 -126.6,16.133,0 -126.6,16.632,0 
								</coordinates>
							</LinearRing>
						</outerBoundaryIs>
					</Polygon>
				</Placemark>
				<Placemark>
					<name>RADIUS OF 64 KT WINDS</name>
					<styleUrl>#WindRadii640</styleUrl>
					<Polygon>
						<tessellate>1</tessellate>
						<outerBoundaryIs>
							<LinearRing>
								<coordinates>
									-126.6,15.966,0 -126.593,15.966,0 -126.587,15.966,0 -126.581,15.965,0 -126.575,15.964,0 -126.569,15.964,0 -126.563,15.962,0 -126.558,15.961,0 -126.552,15.96,0 -126.546,15.958,0 -126.54,15.956,0 -126.535,15.954,0 -126.529,15.952,0 -126.524,15.949,0 -126.518,15.947,0 -126.513,15.944,0 -126.508,15.941,0 -126.503,15.938,0 -126.498,15.934,0 -126.493,15.931,0 -126.488,15.927,0 -126.484,15.923,0 -126.479,15.919,0 -126.475,15.915,0 -126.471,15.911,0 -126.467,15.907,0 -126.463,15.902,0 -126.459,15.897,0 -126.456,15.893,0 -126.453,15.888,0 -126.45,15.883,0 -126.447,15.878,0 -126.444,15.872,0 -126.441,15.867,0 -126.439,15.862,0 -126.437,15.856,0 -126.435,15.851,0 -126.433,15.845,0 -126.432,15.84,0 -126.43,15.834,0 -126.429,15.828,0 -126.428,15.823,0 -126.427,15.817,0 -126.427,15.811,0 -126.427,15.805,0 -126.426,15.799,0 -126.34,15.799,0 -126.341,15.782,0 -126.341,15.773,0 -126.342,15.765,0 -126.344,15.756,0 -126.346,15.747,0 -126.348,15.739,0 -126.35,15.73,0 -126.353,15.722,0 -126.356,15.714,0 -126.359,15.706,0 -126.362,15.698,0 -126.366,15.69,0 -126.37,15.682,0 -126.375,15.674,0 -126.379,15.667,0 -126.384,15.66,0 -126.39,15.653,0 -126.395,15.646,0 -126.401,15.639,0 -126.407,15.632,0 -126.413,15.626,0 -126.419,15.62,0 -126.426,15.614,0 -126.433,15.608,0 -126.44,15.603,0 -126.447,15.597,0 -126.454,15.592,0 -126.462,15.588,0 -126.47,15.583,0 -126.478,15.579,0 -126.486,15.575,0 -126.494,15.571,0 -126.502,15.568,0 -126.511,15.565,0 -126.519,15.562,0 -126.528,15.559,0 -126.537,15.557,0 -126.546,15.555,0 -126.554,15.553,0 -126.563,15.552,0 -126.572,15.551,0 -126.581,15.55,0 -126.59,15.55,0 -126.6,15.55,0 -126.6,15.633,0 -126.612,15.633,0 -126.618,15.634,0 -126.624,15.635,0 -126.63,15.635,0 -126.635,15.637,0 -126.641,15.638,0 -126.647,15.639,0 -126.653,15.641,0 -126.659,15.643,0 -126.664,15.645,0 -126.67,15.647,0 -126.675,15.65,0 -126.681,15.652,0 -126.686,15.655,0 -126.691,15.658,0 -126.696,15.661,0 -126.701,15.665,0 -126.706,15.668,0 -126.711,15.672,0 -126.715,15.676,0 -126.72,15.68,0 -126.724,15.684,0 -126.728,15.688,0 -126.732,15.692,0 -126.736,15.697,0 -126.739,15.702,0 -126.743,15.706,0 -126.746,15.711,0 -126.749,15.716,0 -126.752,15.721,0 -126.755,15.726,0 -126.758,15.732,0 -126.76,15.737,0 -126.762,15.742,0 -126.764,15.748,0 -126.766,15.754,0 -126.767,15.759,0 -126.769,15.765,0 -126.77,15.771,0 -126.771,15.776,0 -126.772,15.782,0 -126.772,15.788,0 -126.772,15.794,0 -126.773,15.799,0 -126.686,15.799,0 -126.686,15.805,0 -126.686,15.808,0 -126.685,15.811,0 -126.685,15.814,0 -126.684,15.817,0 -126.683,15.82,0 -126.683,15.822,0 -126.682,15.825,0 -126.681,15.828,0 -126.68,15.831,0 -126.679,15.833,0 -126.677,15.836,0 -126.676,15.839,0 -126.674,15.841,0 -126.673,15.844,0 -126.671,15.846,0 -126.67,15.848,0 -126.668,15.851,0 -126.666,15.853,0 -126.664,15.855,0 -126.662,15.857,0 -126.66,15.859,0 -126.657,15.861,0 -126.655,15.863,0 -126.653,15.865,0 -126.65,15.867,0 -126.648,15.869,0 -126.645,15.87,0 -126.643,15.872,0 -126.64,15.873,0 -126.637,15.874,0 -126.635,15.876,0 -126.632,15.877,0 -126.629,15.878,0 -126.626,15.879,0 -126.623,15.88,0 -126.62,15.88,0 -126.618,15.881,0 -126.615,15.882,0 -126.612,15.882,0 -126.609,15.882,0 -126.606,15.883,0 -126.603,15.883,0 -126.6,15.883,0 -126.6,15.966,0 
								</coordinates>
							</LinearRing>
						</outerBoundaryIs>
					</Polygon>
				</Placemark>
				<Placemark>
					<name>24/12Z - 70 knots</name>
					<Snippet maxLines="0">empty</Snippet>
					<description><![CDATA[<html>
<head>
<title>Requested Information</title>
</head>
<table width="400" bgcolor="white" border="1">
<tr><td><B>NAME</B></td><td><B>ODALYS</B></td></tr>
<tr><td><B>TIME</B></td><td><B>TAU 36 - 2026092412Z</B></td></tr>
<tr><td><B>POSIT</B></td><td><B>16.4 N, -125.3 W</B></td></tr>
<tr><td><B>WRNG NMBR</B></td><td><B>12</B></td></tr>
<tr><td><B>WIND SPD</B></td><td><B>70 KTS</B></td></tr>
<tr><td><B>MOVEMENT</B></td><td><B>065 DEG AT 07 KTS</B></td></tr>
</table></body></html>]]></description>
					<styleUrl>#TropicalBalloonStyle0</styleUrl>
					<Style>
						<IconStyle>
							<color>ffffffff</color>
							<scale>1</scale>
							<heading>0</heading>
							<Icon>
								<href>images/TY.png</href>
							</Icon>
						</IconStyle>
					</Style>
					<Point>
						<coordinates>-125.3,16.4,0</coordinates>
					</Point>
				</Placemark>
				<Placemark>
					<name>RADIUS OF 34 KT WINDS</name>
					<styleUrl>#WindRadii340</styleUrl>
					<Polygon>
						<tessellate>1</tessellate>
						<outerBoundaryIs>
							<LinearRing>
								<coordinates>
									-125.3,17.898,0 -125.245,17.898,0 -125.19,17.895,0 -125.135,17.89,0 -125.08,17.884,0 -125.026,17.876,0 -124.972,17.865,0 -124.919,17.854,0 -124.865,17.84,0 -124.813,17.825,0 -124.761,17.807,0 -124.71,17.788,0 -124.659,17.768,0 -124.61,17.746,0 -124.561,17.722,0 -124.513,17.696,0 -124.466,17.669,0 -124.42,17.64,0 -124.375,17.61,0 -124.331,17.578,0 -124.289,17.545,0 -124.248,17.511,0 -124.208,17.475,0 -124.169,17.438,0 -124.132,17.399,0 -124.096,17.36,0 -124.062,17.319,0 -124.03,17.277,0 -123.998,17.234,0 -123.969,17.19,0 -123.941,17.145,0 -123.915,17.099,0 -123.89,17.052,0 -123.868,17.004,0 -123.847,16.956,0 -123.827,16.907,0 -123.81,16.857,0 -123.794,16.807,0 -123.781,16.757,0 -123.769,16.706,0 -123.759,16.654,0 -123.751,16.602,0 -123.744,16.55,0 -123.74,16.498,0 -123.738,16.446,0 -123.737,16.394,0 -123.216,16.389,0 -123.223,16.25,0 -123.23,16.18,0 -123.239,16.111,0 -123.251,16.043,0 -123.266,15.974,0 -123.283,15.906,0 -123.302,15.839,0 -123.324,15.773,0 -123.349,15.707,0 -123.375,15.642,0 -123.404,15.578,0 -123.435,15.515,0 -123.469,15.453,0 -123.504,15.393,0 -123.542,15.333,0 -123.582,15.275,0 -123.624,15.218,0 -123.668,15.163,0 -123.714,15.109,0 -123.762,15.057,0 -123.811,15.006,0 -123.863,14.957,0 -123.916,14.91,0 -123.97,14.864,0 -124.027,14.821,0 -124.085,14.779,0 -124.144,14.739,0 -124.205,14.702,0 -124.267,14.666,0 -124.33,14.633,0 -124.394,14.601,0 -124.46,14.572,0 -124.526,14.545,0 -124.593,14.52,0 -124.662,14.498,0 -124.731,14.478,0 -124.8,14.46,0 -124.87,14.444,0 -124.941,14.431,0 -125.012,14.42,0 -125.084,14.412,0 -125.156,14.406,0 -125.227,14.402,0 -125.299,14.401,0 -125.299,15.234,0 -125.384,15.236,0 -125.426,15.24,0 -125.468,15.245,0 -125.509,15.251,0 -125.551,15.259,0 -125.592,15.268,0 -125.633,15.279,0 -125.673,15.29,0 -125.713,15.304,0 -125.752,15.318,0 -125.791,15.334,0 -125.829,15.351,0 -125.867,15.369,0 -125.904,15.389,0 -125.94,15.41,0 -125.976,15.432,0 -126.01,15.455,0 -126.044,15.479,0 -126.077,15.505,0 -126.109,15.532,0 -126.14,15.559,0 -126.17,15.588,0 -126.199,15.617,0 -126.227,15.648,0 -126.254,15.68,0 -126.279,15.712,0 -126.304,15.745,0 -126.327,15.779,0 -126.349,15.814,0 -126.37,15.849,0 -126.389,15.886,0 -126.407,15.922,0 -126.424,15.96,0 -126.439,15.998,0 -126.453,16.036,0 -126.466,16.075,0 -126.477,16.114,0 -126.487,16.154,0 -126.495,16.194,0 -126.502,16.234,0 -126.507,16.274,0 -126.511,16.315,0 -126.514,16.355,0 -126.515,16.396,0 -126.515,16.396,0 -126.512,16.477,0 -126.509,16.518,0 -126.504,16.558,0 -126.498,16.599,0 -126.49,16.639,0 -126.48,16.678,0 -126.47,16.718,0 -126.457,16.757,0 -126.444,16.795,0 -126.429,16.833,0 -126.412,16.871,0 -126.395,16.908,0 -126.376,16.944,0 -126.355,16.98,0 -126.333,17.015,0 -126.31,17.049,0 -126.286,17.082,0 -126.261,17.115,0 -126.234,17.147,0 -126.206,17.178,0 -126.177,17.208,0 -126.147,17.236,0 -126.116,17.264,0 -126.084,17.291,0 -126.051,17.317,0 -126.017,17.341,0 -125.983,17.365,0 -125.947,17.387,0 -125.91,17.408,0 -125.873,17.428,0 -125.835,17.447,0 -125.797,17.464,0 -125.757,17.48,0 -125.718,17.495,0 -125.677,17.508,0 -125.636,17.52,0 -125.595,17.531,0 -125.554,17.54,0 -125.512,17.548,0 -125.47,17.554,0 -125.427,17.559,0 -125.385,17.563,0 -125.342,17.565,0 -125.3,17.565,0 -125.3,17.898,0 
								</coordinates>
							</LinearRing>
						</outerBoundaryIs>
					</Polygon>
				</Placemark>
				<Placemark>
					<name>RADIUS OF 50 KT WINDS</name>
					<styleUrl>#WindRadii500</styleUrl>
					<Polygon>
						<tessellate>1</tessellate>
						<outerBoundaryIs>
							<LinearRing>
								<coordinates>
									-125.3,17.232,0 -125.269,17.232,0 -125.239,17.23,0 -125.208,17.228,0 -125.178,17.224,0 -125.148,17.22,0 -125.118,17.214,0 -125.089,17.207,0 -125.059,17.2,0 -125.03,17.191,0 -125.001,17.182,0 -124.973,17.171,0 -124.945,17.16,0 -124.917,17.148,0 -124.89,17.134,0 -124.864,17.12,0 -124.838,17.105,0 -124.812,17.089,0 -124.787,17.073,0 -124.763,17.055,0 -124.74,17.037,0 -124.717,17.018,0 -124.695,16.998,0 -124.673,16.977,0 -124.653,16.956,0 -124.633,16.934,0 -124.614,16.911,0 -124.595,16.888,0 -124.578,16.864,0 -124.562,16.84,0 -124.546,16.815,0 -124.531,16.789,0 -124.518,16.763,0 -124.505,16.737,0 -124.493,16.71,0 -124.483,16.683,0 -124.473,16.655,0 -124.464,16.627,0 -124.456,16.599,0 -124.45,16.571,0 -124.444,16.542,0 -124.439,16.514,0 -124.436,16.485,0 -124.433,16.456,0 -124.432,16.427,0 -124.431,16.398,0 -124.431,16.398,0 -124.434,16.34,0 -124.437,16.311,0 -124.44,16.282,0 -124.445,16.253,0 -124.451,16.225,0 -124.458,16.196,0 -124.466,16.168,0 -124.475,16.141,0 -124.485,16.113,0 -124.496,16.086,0 -124.508,16.059,0 -124.521,16.033,0 -124.535,16.007,0 -124.549,15.982,0 -124.565,15.957,0 -124.582,15.933,0 -124.599,15.909,0 -124.617,15.886,0 -124.636,15.863,0 -124.656,15.841,0 -124.677,15.82,0 -124.698,15.8,0 -124.72,15.78,0 -124.743,15.761,0 -124.767,15.743,0 -124.791,15.725,0 -124.816,15.709,0 -124.841,15.693,0 -124.867,15.678,0 -124.893,15.664,0 -124.92,15.651,0 -124.948,15.638,0 -124.976,15.627,0 -125.004,15.617,0 -125.032,15.607,0 -125.061,15.599,0 -125.09,15.591,0 -125.12,15.585,0 -125.149,15.579,0 -125.179,15.575,0 -125.209,15.571,0 -125.239,15.569,0 -125.269,15.567,0 -125.299,15.567,0 -125.299,16.066,0 -125.324,16.067,0 -125.336,16.068,0 -125.348,16.07,0 -125.36,16.071,0 -125.372,16.074,0 -125.383,16.076,0 -125.395,16.079,0 -125.407,16.083,0 -125.418,16.086,0 -125.429,16.091,0 -125.441,16.095,0 -125.451,16.1,0 -125.462,16.105,0 -125.473,16.111,0 -125.483,16.117,0 -125.493,16.123,0 -125.503,16.13,0 -125.513,16.137,0 -125.522,16.144,0 -125.532,16.152,0 -125.54,16.16,0 -125.549,16.168,0 -125.557,16.176,0 -125.565,16.185,0 -125.573,16.194,0 -125.58,16.204,0 -125.587,16.213,0 -125.594,16.223,0 -125.6,16.233,0 -125.606,16.243,0 -125.611,16.253,0 -125.616,16.264,0 -125.621,16.274,0 -125.626,16.285,0 -125.63,16.296,0 -125.633,16.307,0 -125.636,16.319,0 -125.639,16.33,0 -125.641,16.341,0 -125.643,16.353,0 -125.645,16.364,0 -125.646,16.376,0 -125.647,16.388,0 -125.647,16.399,0 -125.647,16.399,0 -125.646,16.422,0 -125.645,16.434,0 -125.643,16.446,0 -125.642,16.457,0 -125.639,16.468,0 -125.637,16.48,0 -125.633,16.491,0 -125.63,16.502,0 -125.626,16.513,0 -125.622,16.524,0 -125.617,16.535,0 -125.612,16.545,0 -125.606,16.556,0 -125.6,16.566,0 -125.594,16.576,0 -125.588,16.586,0 -125.581,16.595,0 -125.573,16.604,0 -125.566,16.613,0 -125.558,16.622,0 -125.55,16.631,0 -125.541,16.639,0 -125.532,16.647,0 -125.523,16.655,0 -125.514,16.662,0 -125.504,16.669,0 -125.494,16.676,0 -125.484,16.682,0 -125.473,16.688,0 -125.463,16.694,0 -125.452,16.699,0 -125.441,16.704,0 -125.43,16.708,0 -125.418,16.712,0 -125.407,16.716,0 -125.395,16.72,0 -125.384,16.723,0 -125.372,16.725,0 -125.36,16.728,0 -125.348,16.729,0 -125.336,16.731,0 -125.324,16.732,0 -125.312,16.732,0 -125.3,16.733,0 -125.3,17.232,0 
								</coordinates>
							</LinearRing>
						</outerBoundaryIs>
					</Polygon>
				</Placemark>
				<Placemark>
					<name>RADIUS OF 64 KT WINDS</name>
					<styleUrl>#WindRadii640</styleUrl>
					<Polygon>
						<tessellate>1</tessellate>
						<outerBoundaryIs>
							<LinearRing>
								<coordinates>
									-125.3,16.566,0 -125.293,16.566,0 -125.287,16.566,0 -125.281,16.565,0 -125.275,16.564,0 -125.269,16.564,0 -125.263,16.562,0 -125.257,16.561,0 -125.252,16.56,0 -125.246,16.558,0 -125.24,16.556,0 -125.234,16.554,0 -125.229,16.552,0 -125.223,16.549,0 -125.218,16.547,0 -125.213,16.544,0 -125.207,16.541,0 -125.202,16.538,0 -125.197,16.534,0 -125.193,16.531,0 -125.188,16.527,0 -125.183,16.523,0 -125.179,16.519,0 -125.175,16.515,0 -125.17,16.511,0 -125.166,16.507,0 -125.163,16.502,0 -125.159,16.497,0 -125.155,16.493,0 -125.152,16.488,0 -125.149,16.483,0 -125.146,16.478,0 -125.143,16.472,0 -125.141,16.467,0 -125.138,16.462,0 -125.136,16.456,0 -125.134,16.451,0 -125.133,16.445,0 -125.131,16.44,0 -125.13,16.434,0 -125.128,16.428,0 -125.128,16.423,0 -125.127,16.417,0 -125.126,16.411,0 -125.126,16.405,0 -125.126,16.399,0 -125.039,16.399,0 -125.04,16.382,0 -125.041,16.373,0 -125.042,16.365,0 -125.043,16.356,0 -125.045,16.347,0 -125.047,16.339,0 -125.049,16.33,0 -125.052,16.322,0 -125.055,16.314,0 -125.058,16.306,0 -125.062,16.298,0 -125.066,16.29,0 -125.07,16.282,0 -125.074,16.274,0 -125.079,16.267,0 -125.084,16.26,0 -125.089,16.253,0 -125.094,16.246,0 -125.1,16.239,0 -125.106,16.232,0 -125.112,16.226,0 -125.119,16.22,0 -125.125,16.214,0 -125.132,16.208,0 -125.139,16.203,0 -125.147,16.197,0 -125.154,16.192,0 -125.162,16.188,0 -125.169,16.183,0 -125.177,16.179,0 -125.185,16.175,0 -125.194,16.171,0 -125.202,16.168,0 -125.211,16.165,0 -125.219,16.162,0 -125.228,16.159,0 -125.237,16.157,0 -125.245,16.155,0 -125.254,16.153,0 -125.263,16.152,0 -125.272,16.151,0 -125.281,16.15,0 -125.29,16.15,0 -125.3,16.15,0 -125.3,16.316,0 -125.306,16.316,0 -125.309,16.317,0 -125.312,16.317,0 -125.315,16.317,0 -125.318,16.318,0 -125.32,16.319,0 -125.323,16.319,0 -125.326,16.32,0 -125.329,16.321,0 -125.332,16.322,0 -125.335,16.323,0 -125.338,16.325,0 -125.34,16.326,0 -125.343,16.327,0 -125.345,16.329,0 -125.348,16.33,0 -125.351,16.332,0 -125.353,16.334,0 -125.355,16.336,0 -125.358,16.338,0 -125.36,16.34,0 -125.362,16.342,0 -125.364,16.344,0 -125.366,16.346,0 -125.368,16.348,0 -125.37,16.351,0 -125.371,16.353,0 -125.373,16.355,0 -125.375,16.358,0 -125.376,16.36,0 -125.378,16.363,0 -125.379,16.366,0 -125.38,16.368,0 -125.381,16.371,0 -125.382,16.374,0 -125.383,16.377,0 -125.384,16.379,0 -125.384,16.382,0 -125.385,16.385,0 -125.385,16.388,0 -125.386,16.391,0 -125.386,16.394,0 -125.386,16.397,0 -125.386,16.399,0 -125.386,16.399,0 -125.386,16.405,0 -125.386,16.408,0 -125.385,16.411,0 -125.385,16.414,0 -125.384,16.417,0 -125.384,16.42,0 -125.383,16.422,0 -125.382,16.425,0 -125.381,16.428,0 -125.38,16.431,0 -125.379,16.433,0 -125.378,16.436,0 -125.376,16.439,0 -125.375,16.441,0 -125.373,16.444,0 -125.371,16.446,0 -125.37,16.448,0 -125.368,16.451,0 -125.366,16.453,0 -125.364,16.455,0 -125.362,16.457,0 -125.36,16.459,0 -125.358,16.461,0 -125.355,16.463,0 -125.353,16.465,0 -125.351,16.467,0 -125.348,16.469,0 -125.346,16.47,0 -125.343,16.472,0 -125.34,16.473,0 -125.338,16.474,0 -125.335,16.476,0 -125.332,16.477,0 -125.329,16.478,0 -125.326,16.479,0 -125.323,16.48,0 -125.321,16.48,0 -125.318,16.481,0 -125.315,16.482,0 -125.312,16.482,0 -125.309,16.482,0 -125.306,16.483,0 -125.303,16.483,0 -125.3,16.483,0 -125.3,16.566,0 
								</coordinates>
							</LinearRing>
						</outerBoundaryIs>
					</Polygon>
				</Placemark>
				<Placemark>
					<name>25/00Z - 70 knots</name>
					<Snippet maxLines="0">empty</Snippet>
					<description><![CDATA[<html>
<head>
<title>Requested Information</title>
</head>
<table width="400" bgcolor="white" border="1">
<tr><td><B>NAME</B></td><td><B>ODALYS</B></td></tr>
<tr><td><B>TIME</B></td><td><B>TAU 48 - 2026092500Z</B></td></tr>
<tr><td><B>POSIT</B></td><td><B>17.1 N, -124.1 W</B></td></tr>
<tr><td><B>WRNG NMBR</B></td><td><B>12</B></td></tr>
<tr><td><B>WIND SPD</B></td><td><B>70 KTS</B></td></tr>
<tr><td><B>MOVEMENT</B></td><td><B>060 DEG AT 07 KTS</B></td></tr>
</table></body></html>]]></description>
					<styleUrl>#TropicalBalloonStyle0</styleUrl>
					<Style>
						<IconStyle>
							<color>ffffffff</color>
							<scale>1</scale>
							<heading>0</heading>
							<Icon>
								<href>images/TY.png</href>
							</Icon>
						</IconStyle>
					</Style>
					<Point>
						<coordinates>-124.1,17.1,0</coordinates>
					</Point>
				</Placemark>
				<Placemark>
					<name>RADIUS OF 34 KT WINDS</name>
					<styleUrl>#WindRadii340</styleUrl>
					<Polygon>
						<tessellate>1</tessellate>
						<outerBoundaryIs>
							<LinearRing>
								<coordinates>
									-124.1,18.598,0 -124.044,18.598,0 -123.989,18.595,0 -123.934,18.59,0 -123.879,18.584,0 -123.825,18.576,0 -123.771,18.565,0 -123.717,18.554,0 -123.664,18.54,0 -123.611,18.525,0 -123.559,18.507,0 -123.507,18.488,0 -123.457,18.468,0 -123.407,18.446,0 -123.358,18.422,0 -123.31,18.396,0 -123.263,18.369,0 -123.216,18.34,0 -123.171,18.31,0 -123.128,18.278,0 -123.085,18.245,0 -123.044,18.211,0 -123.004,18.175,0 -122.965,18.138,0 -122.928,18.099,0 -122.892,18.059,0 -122.857,18.019,0 -122.825,17.977,0 -122.793,17.933,0 -122.764,17.889,0 -122.736,17.844,0 -122.709,17.798,0 -122.685,17.752,0 -122.662,17.704,0 -122.641,17.656,0 -122.622,17.607,0 -122.604,17.557,0 -122.589,17.507,0 -122.575,17.456,0 -122.563,17.405,0 -122.553,17.354,0 -122.545,17.302,0 -122.538,17.25,0 -122.534,17.198,0 -122.532,17.146,0 -122.531,17.093,0 -122.183,17.09,0 -122.189,16.963,0 -122.195,16.899,0 -122.204,16.836,0 -122.215,16.773,0 -122.228,16.71,0 -122.244,16.648,0 -122.262,16.586,0 -122.282,16.525,0 -122.304,16.465,0 -122.329,16.406,0 -122.355,16.347,0 -122.384,16.289,0 -122.415,16.233,0 -122.447,16.177,0 -122.482,16.122,0 -122.519,16.069,0 -122.558,16.017,0 -122.598,15.966,0 -122.64,15.917,0 -122.684,15.869,0 -122.73,15.822,0 -122.777,15.777,0 -122.826,15.734,0 -122.876,15.692,0 -122.928,15.652,0 -122.981,15.614,0 -123.036,15.578,0 -123.092,15.543,0 -123.149,15.511,0 -123.207,15.48,0 -123.266,15.451,0 -123.327,15.424,0 -123.388,15.4,0 -123.45,15.377,0 -123.512,15.356,0 -123.576,15.338,0 -123.64,15.321,0 -123.705,15.307,0 -123.77,15.295,0 -123.835,15.285,0 -123.901,15.277,0 -123.967,15.272,0 -124.033,15.269,0 -124.099,15.267,0 -124.099,15.934,0 -124.184,15.936,0 -124.226,15.94,0 -124.268,15.945,0 -124.31,15.951,0 -124.352,15.959,0 -124.393,15.968,0 -124.434,15.979,0 -124.474,15.99,0 -124.514,16.004,0 -124.554,16.018,0 -124.593,16.034,0 -124.631,16.051,0 -124.669,16.069,0 -124.706,16.089,0 -124.743,16.11,0 -124.778,16.132,0 -124.813,16.155,0 -124.847,16.179,0 -124.88,16.205,0 -124.912,16.231,0 -124.943,16.259,0 -124.973,16.288,0 -125.002,16.317,0 -125.03,16.348,0 -125.057,16.379,0 -125.083,16.412,0 -125.107,16.445,0 -125.131,16.479,0 -125.153,16.514,0 -125.173,16.549,0 -125.193,16.586,0 -125.211,16.622,0 -125.228,16.66,0 -125.243,16.698,0 -125.257,16.736,0 -125.27,16.775,0 -125.281,16.814,0 -125.291,16.854,0 -125.299,16.894,0 -125.306,16.934,0 -125.312,16.974,0 -125.316,17.015,0 -125.318,17.055,0 -125.319,17.096,0 -125.494,17.095,0 -125.491,17.188,0 -125.487,17.234,0 -125.481,17.28,0 -125.474,17.326,0 -125.465,17.372,0 -125.454,17.417,0 -125.442,17.462,0 -125.428,17.507,0 -125.413,17.551,0 -125.396,17.594,0 -125.377,17.637,0 -125.356,17.68,0 -125.335,17.721,0 -125.311,17.762,0 -125.286,17.802,0 -125.26,17.841,0 -125.232,17.88,0 -125.203,17.917,0 -125.172,17.953,0 -125.141,17.988,0 -125.107,18.023,0 -125.073,18.056,0 -125.037,18.088,0 -125.001,18.118,0 -124.963,18.148,0 -124.924,18.176,0 -124.884,18.203,0 -124.843,18.228,0 -124.801,18.252,0 -124.758,18.275,0 -124.715,18.296,0 -124.67,18.316,0 -124.625,18.334,0 -124.58,18.351,0 -124.533,18.366,0 -124.486,18.38,0 -124.439,18.392,0 -124.391,18.403,0 -124.343,18.412,0 -124.295,18.419,0 -124.246,18.425,0 -124.197,18.429,0 -124.149,18.431,0 -124.1,18.432,0 -124.1,18.598,0 
								</coordinates>
							</LinearRing>
						</outerBoundaryIs>
					</Polygon>
				</Placemark>
				<Placemark>
					<name>RADIUS OF 50 KT WINDS</name>
					<styleUrl>#WindRadii500</styleUrl>
					<Polygon>
						<tessellate>1</tessellate>
						<outerBoundaryIs>
							<LinearRing>
								<coordinates>
									-124.1,17.932,0 -124.069,17.932,0 -124.038,17.93,0 -124.008,17.928,0 -123.978,17.924,0 -123.948,17.92,0 -123.918,17.914,0 -123.888,17.907,0 -123.858,17.9,0 -123.829,17.891,0 -123.8,17.882,0 -123.772,17.871,0 -123.744,17.86,0 -123.716,17.848,0 -123.689,17.834,0 -123.662,17.82,0 -123.636,17.805,0 -123.61,17.789,0 -123.585,17.773,0 -123.561,17.755,0 -123.538,17.737,0 -123.515,17.718,0 -123.492,17.698,0 -123.471,17.677,0 -123.45,17.656,0 -123.43,17.634,0 -123.411,17.611,0 -123.393,17.588,0 -123.375,17.564,0 -123.359,17.539,0 -123.343,17.514,0 -123.329,17.489,0 -123.315,17.463,0 -123.302,17.437,0 -123.29,17.41,0 -123.28,17.383,0 -123.27,17.355,0 -123.261,17.327,0 -123.253,17.299,0 -123.246,17.271,0 -123.241,17.242,0 -123.236,17.214,0 -123.233,17.185,0 -123.23,17.156,0 -123.229,17.127,0 -123.228,17.098,0 -123.228,17.098,0 -123.231,17.04,0 -123.233,17.011,0 -123.237,16.982,0 -123.242,16.953,0 -123.248,16.925,0 -123.255,16.896,0 -123.263,16.868,0 -123.272,16.84,0 -123.282,16.813,0 -123.293,16.786,0 -123.305,16.759,0 -123.318,16.733,0 -123.332,16.707,0 -123.347,16.682,0 -123.362,16.657,0 -123.379,16.633,0 -123.396,16.609,0 -123.415,16.586,0 -123.434,16.563,0 -123.454,16.541,0 -123.475,16.52,0 -123.496,16.5,0 -123.518,16.48,0 -123.541,16.461,0 -123.565,16.443,0 -123.589,16.425,0 -123.614,16.409,0 -123.64,16.393,0 -123.666,16.378,0 -123.692,16.364,0 -123.719,16.351,0 -123.747,16.338,0 -123.774,16.327,0 -123.803,16.317,0 -123.831,16.307,0 -123.86,16.299,0 -123.89,16.291,0 -123.919,16.285,0 -123.949,16.279,0 -123.979,16.275,0 -124.009,16.271,0 -124.039,16.269,0 -124.069,16.267,0 -124.099,16.267,0 -124.099,16.766,0 -124.124,16.767,0 -124.136,16.768,0 -124.148,16.77,0 -124.16,16.771,0 -124.172,16.774,0 -124.184,16.776,0 -124.195,16.779,0 -124.207,16.783,0 -124.219,16.786,0 -124.23,16.791,0 -124.241,16.795,0 -124.252,16.8,0 -124.263,16.805,0 -124.273,16.811,0 -124.284,16.817,0 -124.294,16.823,0 -124.304,16.83,0 -124.314,16.837,0 -124.323,16.844,0 -124.332,16.852,0 -124.341,16.86,0 -124.35,16.868,0 -124.358,16.876,0 -124.366,16.885,0 -124.374,16.894,0 -124.381,16.904,0 -124.388,16.913,0 -124.395,16.923,0 -124.401,16.933,0 -124.407,16.943,0 -124.412,16.953,0 -124.418,16.964,0 -124.422,16.974,0 -124.427,16.985,0 -124.431,16.996,0 -124.434,17.007,0 -124.438,17.019,0 -124.44,17.03,0 -124.443,17.041,0 -124.445,17.053,0 -124.446,17.064,0 -124.447,17.076,0 -124.448,17.088,0 -124.448,17.099,0 -124.448,17.099,0 -124.447,17.122,0 -124.446,17.134,0 -124.445,17.146,0 -124.443,17.157,0 -124.441,17.168,0 -124.438,17.18,0 -124.435,17.191,0 -124.431,17.202,0 -124.427,17.213,0 -124.423,17.224,0 -124.418,17.235,0 -124.413,17.245,0 -124.407,17.256,0 -124.402,17.266,0 -124.395,17.276,0 -124.389,17.286,0 -124.382,17.295,0 -124.374,17.304,0 -124.367,17.313,0 -124.359,17.322,0 -124.351,17.331,0 -124.342,17.339,0 -124.333,17.347,0 -124.324,17.355,0 -124.314,17.362,0 -124.305,17.369,0 -124.295,17.376,0 -124.284,17.382,0 -124.274,17.388,0 -124.263,17.394,0 -124.253,17.399,0 -124.241,17.404,0 -124.23,17.408,0 -124.219,17.412,0 -124.207,17.416,0 -124.196,17.42,0 -124.184,17.423,0 -124.172,17.425,0 -124.16,17.428,0 -124.148,17.429,0 -124.136,17.431,0 -124.124,17.432,0 -124.112,17.432,0 -124.1,17.433,0 -124.1,17.932,0 
								</coordinates>
							</LinearRing>
						</outerBoundaryIs>
					</Polygon>
				</Placemark>
				<Placemark>
					<name>RADIUS OF 64 KT WINDS</name>
					<styleUrl>#WindRadii640</styleUrl>
					<Polygon>
						<tessellate>1</tessellate>
						<outerBoundaryIs>
							<LinearRing>
								<coordinates>
									-124.1,17.349,0 -124.09,17.349,0 -124.081,17.349,0 -124.072,17.348,0 -124.063,17.347,0 -124.054,17.346,0 -124.045,17.344,0 -124.036,17.342,0 -124.027,17.34,0 -124.019,17.337,0 -124.01,17.334,0 -124.001,17.331,0 -123.993,17.328,0 -123.985,17.324,0 -123.977,17.32,0 -123.969,17.316,0 -123.961,17.311,0 -123.953,17.307,0 -123.946,17.302,0 -123.938,17.296,0 -123.931,17.291,0 -123.924,17.285,0 -123.918,17.279,0 -123.911,17.273,0 -123.905,17.267,0 -123.899,17.26,0 -123.893,17.253,0 -123.888,17.246,0 -123.883,17.239,0 -123.878,17.232,0 -123.873,17.224,0 -123.869,17.217,0 -123.864,17.209,0 -123.861,17.201,0 -123.857,17.193,0 -123.854,17.185,0 -123.851,17.177,0 -123.848,17.168,0 -123.846,17.16,0 -123.844,17.151,0 -123.842,17.143,0 -123.841,17.134,0 -123.84,17.125,0 -123.839,17.117,0 -123.838,17.108,0 -123.838,17.099,0 -123.838,17.099,0 -123.839,17.082,0 -123.84,17.073,0 -123.841,17.065,0 -123.842,17.056,0 -123.844,17.047,0 -123.846,17.039,0 -123.848,17.03,0 -123.851,17.022,0 -123.854,17.014,0 -123.857,17.006,0 -123.861,16.998,0 -123.865,16.99,0 -123.869,16.982,0 -123.873,16.974,0 -123.878,16.967,0 -123.883,16.96,0 -123.888,16.953,0 -123.894,16.946,0 -123.899,16.939,0 -123.905,16.932,0 -123.912,16.926,0 -123.918,16.92,0 -123.925,16.914,0 -123.932,16.908,0 -123.939,16.903,0 -123.946,16.897,0 -123.953,16.892,0 -123.961,16.888,0 -123.969,16.883,0 -123.977,16.879,0 -123.985,16.875,0 -123.993,16.871,0 -124.002,16.868,0 -124.01,16.865,0 -124.019,16.862,0 -124.028,16.859,0 -124.036,16.857,0 -124.045,16.855,0 -124.054,16.853,0 -124.063,16.852,0 -124.072,16.851,0 -124.081,16.85,0 -124.09,16.85,0 -124.099,16.85,0 -124.1,17.016,0 -124.106,17.016,0 -124.109,17.017,0 -124.112,17.017,0 -124.115,17.017,0 -124.118,17.018,0 -124.121,17.019,0 -124.124,17.019,0 -124.126,17.02,0 -124.129,17.021,0 -124.132,17.022,0 -124.135,17.023,0 -124.138,17.025,0 -124.14,17.026,0 -124.143,17.027,0 -124.146,17.029,0 -124.148,17.03,0 -124.151,17.032,0 -124.153,17.034,0 -124.155,17.036,0 -124.158,17.038,0 -124.16,17.04,0 -124.162,17.042,0 -124.164,17.044,0 -124.166,17.046,0 -124.168,17.048,0 -124.17,17.051,0 -124.172,17.053,0 -124.173,17.055,0 -124.175,17.058,0 -124.176,17.06,0 -124.178,17.063,0 -124.179,17.066,0 -124.18,17.068,0 -124.181,17.071,0 -124.182,17.074,0 -124.183,17.077,0 -124.184,17.079,0 -124.185,17.082,0 -124.185,17.085,0 -124.186,17.088,0 -124.186,17.091,0 -124.186,17.094,0 -124.187,17.097,0 -124.187,17.099,0 -124.274,17.099,0 -124.273,17.111,0 -124.273,17.117,0 -124.272,17.123,0 -124.271,17.128,0 -124.27,17.134,0 -124.269,17.14,0 -124.267,17.145,0 -124.265,17.151,0 -124.263,17.156,0 -124.261,17.162,0 -124.259,17.167,0 -124.256,17.172,0 -124.253,17.178,0 -124.25,17.183,0 -124.247,17.188,0 -124.244,17.193,0 -124.241,17.197,0 -124.237,17.202,0 -124.233,17.207,0 -124.229,17.211,0 -124.225,17.215,0 -124.221,17.219,0 -124.216,17.223,0 -124.212,17.227,0 -124.207,17.231,0 -124.202,17.234,0 -124.197,17.238,0 -124.192,17.241,0 -124.187,17.244,0 -124.181,17.247,0 -124.176,17.249,0 -124.17,17.252,0 -124.165,17.254,0 -124.159,17.256,0 -124.153,17.258,0 -124.148,17.26,0 -124.142,17.261,0 -124.136,17.262,0 -124.13,17.264,0 -124.124,17.264,0 -124.118,17.265,0 -124.112,17.266,0 -124.106,17.266,0 -124.1,17.266,0 -124.1,17.349,0 
								</coordinates>
							</LinearRing>
						</outerBoundaryIs>
					</Polygon>
				</Placemark>
				<Placemark>
					<name>25/12Z - 65 knots</name>
					<Snippet maxLines="0">empty</Snippet>
					<description><![CDATA[<html>
<head>
<title>Requested Information</title>
</head>
<table width="400" bgcolor="white" border="1">
<tr><td><B>NAME</B></td><td><B>ODALYS</B></td></tr>
<tr><td><B>TIME</B></td><td><B>TAU 60 - 2026092512Z</B></td></tr>
<tr><td><B>POSIT</B></td><td><B>17.9 N, -123.2 W</B></td></tr>
<tr><td><B>WRNG NMBR</B></td><td><B>12</B></td></tr>
<tr><td><B>WIND SPD</B></td><td><B>65 KTS</B></td></tr>
<tr><td><B>MOVEMENT</B></td><td><B>045 DEG AT 06 KTS</B></td></tr>
</table></body></html>]]></description>
					<styleUrl>#TropicalBalloonStyle0</styleUrl>
					<Style>
						<IconStyle>
							<color>ffffffff</color>
							<scale>1</scale>
							<heading>0</heading>
							<Icon>
								<href>images/TY.png</href>
							</Icon>
						</IconStyle>
					</Style>
					<Point>
						<coordinates>-123.2,17.9,0</coordinates>
					</Point>
				</Placemark>
				<Placemark>
					<name>RADIUS OF 34 KT WINDS</name>
					<styleUrl>#WindRadii340</styleUrl>
					<Polygon>
						<tessellate>1</tessellate>
						<outerBoundaryIs>
							<LinearRing>
								<coordinates>
									-123.2,19.398,0 -123.144,19.398,0 -123.089,19.395,0 -123.033,19.39,0 -122.978,19.384,0 -122.924,19.376,0 -122.869,19.365,0 -122.815,19.354,0 -122.762,19.34,0 -122.709,19.324,0 -122.656,19.307,0 -122.605,19.288,0 -122.554,19.268,0 -122.504,19.246,0 -122.454,19.222,0 -122.406,19.196,0 -122.359,19.169,0 -122.312,19.14,0 -122.267,19.11,0 -122.223,19.078,0 -122.18,19.045,0 -122.139,19.011,0 -122.098,18.975,0 -122.06,18.937,0 -122.022,18.899,0 -121.986,18.859,0 -121.952,18.818,0 -121.919,18.776,0 -121.887,18.733,0 -121.858,18.689,0 -121.829,18.644,0 -121.803,18.598,0 -121.778,18.551,0 -121.755,18.504,0 -121.734,18.456,0 -121.715,18.407,0 -121.697,18.357,0 -121.682,18.307,0 -121.668,18.256,0 -121.656,18.205,0 -121.646,18.154,0 -121.638,18.102,0 -121.632,18.05,0 -121.627,17.998,0 -121.625,17.945,0 -121.624,17.893,0 -121.624,17.893,0 -121.629,17.789,0 -121.634,17.737,0 -121.641,17.685,0 -121.65,17.633,0 -121.661,17.582,0 -121.674,17.531,0 -121.689,17.481,0 -121.705,17.431,0 -121.724,17.381,0 -121.744,17.333,0 -121.765,17.285,0 -121.789,17.237,0 -121.814,17.191,0 -121.841,17.145,0 -121.87,17.101,0 -121.9,17.057,0 -121.931,17.014,0 -121.965,16.973,0 -121.999,16.932,0 -122.035,16.893,0 -122.073,16.855,0 -122.112,16.818,0 -122.152,16.783,0 -122.193,16.749,0 -122.236,16.716,0 -122.28,16.685,0 -122.325,16.655,0 -122.371,16.627,0 -122.417,16.6,0 -122.465,16.575,0 -122.514,16.551,0 -122.564,16.529,0 -122.614,16.509,0 -122.665,16.49,0 -122.717,16.473,0 -122.769,16.458,0 -122.821,16.445,0 -122.875,16.433,0 -122.928,16.423,0 -122.982,16.415,0 -123.036,16.409,0 -123.091,16.404,0 -123.145,16.401,0 -123.199,16.401,0 -123.199,16.734,0 -123.284,16.736,0 -123.327,16.74,0 -123.369,16.745,0 -123.411,16.751,0 -123.453,16.759,0 -123.494,16.768,0 -123.535,16.779,0 -123.576,16.79,0 -123.616,16.803,0 -123.656,16.818,0 -123.695,16.834,0 -123.733,16.851,0 -123.771,16.869,0 -123.809,16.889,0 -123.845,16.91,0 -123.881,16.932,0 -123.916,16.955,0 -123.95,16.979,0 -123.983,17.005,0 -124.015,17.031,0 -124.047,17.059,0 -124.077,17.088,0 -124.106,17.117,0 -124.134,17.148,0 -124.161,17.179,0 -124.187,17.212,0 -124.212,17.245,0 -124.235,17.279,0 -124.257,17.314,0 -124.278,17.349,0 -124.298,17.385,0 -124.316,17.422,0 -124.333,17.459,0 -124.348,17.497,0 -124.362,17.536,0 -124.375,17.575,0 -124.386,17.614,0 -124.396,17.653,0 -124.405,17.693,0 -124.412,17.733,0 -124.417,17.774,0 -124.421,17.814,0 -124.424,17.855,0 -124.425,17.896,0 -124.6,17.894,0 -124.597,17.987,0 -124.593,18.034,0 -124.588,18.08,0 -124.58,18.126,0 -124.571,18.172,0 -124.561,18.217,0 -124.548,18.262,0 -124.534,18.307,0 -124.519,18.351,0 -124.501,18.394,0 -124.483,18.437,0 -124.462,18.48,0 -124.44,18.521,0 -124.417,18.562,0 -124.392,18.602,0 -124.365,18.641,0 -124.337,18.679,0 -124.308,18.717,0 -124.277,18.753,0 -124.245,18.788,0 -124.212,18.822,0 -124.178,18.856,0 -124.142,18.887,0 -124.105,18.918,0 -124.067,18.948,0 -124.028,18.976,0 -123.987,19.003,0 -123.946,19.028,0 -123.904,19.052,0 -123.861,19.075,0 -123.818,19.096,0 -123.773,19.116,0 -123.728,19.134,0 -123.682,19.151,0 -123.635,19.166,0 -123.588,19.18,0 -123.541,19.192,0 -123.493,19.203,0 -123.444,19.212,0 -123.396,19.219,0 -123.347,19.225,0 -123.298,19.229,0 -123.249,19.231,0 -123.2,19.232,0 -123.2,19.398,0 
								</coordinates>
							</LinearRing>
						</outerBoundaryIs>
					</Polygon>
				</Placemark>
				<Placemark>
					<name>RADIUS OF 50 KT WINDS</name>
					<styleUrl>#WindRadii500</styleUrl>
					<Polygon>
						<tessellate>1</tessellate>
						<outerBoundaryIs>
							<LinearRing>
								<coordinates>
									-123.2,18.566,0 -123.175,18.565,0 -123.15,18.564,0 -123.126,18.562,0 -123.102,18.559,0 -123.077,18.556,0 -123.053,18.551,0 -123.03,18.546,0 -123.006,18.54,0 -122.982,18.533,0 -122.959,18.525,0 -122.936,18.517,0 -122.914,18.508,0 -122.892,18.498,0 -122.87,18.487,0 -122.848,18.476,0 -122.827,18.464,0 -122.807,18.451,0 -122.787,18.438,0 -122.767,18.424,0 -122.748,18.409,0 -122.73,18.394,0 -122.712,18.378,0 -122.695,18.362,0 -122.678,18.345,0 -122.662,18.327,0 -122.647,18.309,0 -122.632,18.29,0 -122.618,18.271,0 -122.605,18.252,0 -122.592,18.232,0 -122.58,18.211,0 -122.569,18.191,0 -122.559,18.169,0 -122.549,18.148,0 -122.541,18.126,0 -122.533,18.104,0 -122.526,18.082,0 -122.52,18.059,0 -122.514,18.037,0 -122.51,18.014,0 -122.506,17.991,0 -122.503,17.968,0 -122.501,17.945,0 -122.5,17.922,0 -122.499,17.898,0 -122.499,17.898,0 -122.501,17.852,0 -122.504,17.829,0 -122.507,17.806,0 -122.51,17.783,0 -122.515,17.76,0 -122.521,17.737,0 -122.527,17.715,0 -122.534,17.693,0 -122.542,17.671,0 -122.551,17.649,0 -122.561,17.627,0 -122.571,17.606,0 -122.582,17.586,0 -122.594,17.565,0 -122.607,17.546,0 -122.62,17.526,0 -122.634,17.507,0 -122.649,17.489,0 -122.664,17.471,0 -122.681,17.453,0 -122.697,17.436,0 -122.714,17.42,0 -122.732,17.404,0 -122.751,17.389,0 -122.77,17.374,0 -122.789,17.36,0 -122.809,17.347,0 -122.83,17.334,0 -122.851,17.322,0 -122.872,17.311,0 -122.894,17.3,0 -122.916,17.291,0 -122.938,17.282,0 -122.961,17.273,0 -122.984,17.266,0 -123.007,17.259,0 -123.031,17.253,0 -123.054,17.248,0 -123.078,17.243,0 -123.102,17.24,0 -123.127,17.237,0 -123.151,17.235,0 -123.175,17.234,0 -123.199,17.233,0 -123.199,17.566,0 -123.224,17.567,0 -123.236,17.568,0 -123.248,17.57,0 -123.26,17.571,0 -123.272,17.574,0 -123.284,17.576,0 -123.296,17.579,0 -123.307,17.583,0 -123.319,17.586,0 -123.33,17.591,0 -123.342,17.595,0 -123.353,17.6,0 -123.364,17.605,0 -123.374,17.611,0 -123.385,17.617,0 -123.395,17.623,0 -123.405,17.63,0 -123.415,17.637,0 -123.424,17.644,0 -123.433,17.652,0 -123.442,17.66,0 -123.451,17.668,0 -123.459,17.676,0 -123.467,17.685,0 -123.475,17.694,0 -123.482,17.704,0 -123.489,17.713,0 -123.496,17.723,0 -123.502,17.733,0 -123.508,17.743,0 -123.514,17.753,0 -123.519,17.764,0 -123.524,17.774,0 -123.528,17.785,0 -123.532,17.796,0 -123.536,17.807,0 -123.539,17.819,0 -123.542,17.83,0 -123.544,17.841,0 -123.546,17.853,0 -123.548,17.864,0 -123.549,17.876,0 -123.549,17.888,0 -123.55,17.899,0 -123.55,17.899,0 -123.549,17.922,0 -123.548,17.934,0 -123.546,17.946,0 -123.544,17.957,0 -123.542,17.968,0 -123.539,17.98,0 -123.536,17.991,0 -123.533,18.002,0 -123.529,18.013,0 -123.524,18.024,0 -123.52,18.035,0 -123.514,18.045,0 -123.509,18.056,0 -123.503,18.066,0 -123.497,18.076,0 -123.49,18.086,0 -123.483,18.095,0 -123.476,18.104,0 -123.468,18.113,0 -123.46,18.122,0 -123.452,18.131,0 -123.443,18.139,0 -123.434,18.147,0 -123.425,18.155,0 -123.415,18.162,0 -123.406,18.169,0 -123.396,18.176,0 -123.385,18.182,0 -123.375,18.188,0 -123.364,18.194,0 -123.353,18.199,0 -123.342,18.204,0 -123.331,18.208,0 -123.319,18.212,0 -123.308,18.216,0 -123.296,18.22,0 -123.284,18.223,0 -123.272,18.225,0 -123.26,18.228,0 -123.248,18.229,0 -123.236,18.231,0 -123.224,18.232,0 -123.212,18.232,0 -123.2,18.233,0 -123.2,18.566,0 
								</coordinates>
							</LinearRing>
						</outerBoundaryIs>
					</Polygon>
				</Placemark>
				<Placemark>
					<name>RADIUS OF 64 KT WINDS</name>
					<styleUrl>#WindRadii640</styleUrl>
					<Polygon>
						<tessellate>1</tessellate>
						<outerBoundaryIs>
							<LinearRing>
								<coordinates>
									-123.2,18.149,0 -123.19,18.149,0 -123.181,18.149,0 -123.172,18.148,0 -123.163,18.147,0 -123.154,18.146,0 -123.145,18.144,0 -123.136,18.142,0 -123.127,18.14,0 -123.118,18.137,0 -123.11,18.134,0 -123.101,18.131,0 -123.093,18.128,0 -123.084,18.124,0 -123.076,18.12,0 -123.068,18.116,0 -123.06,18.111,0 -123.053,18.107,0 -123.045,18.102,0 -123.038,18.096,0 -123.031,18.091,0 -123.024,18.085,0 -123.017,18.079,0 -123.01,18.073,0 -123.004,18.067,0 -122.998,18.06,0 -122.992,18.053,0 -122.987,18.046,0 -122.982,18.039,0 -122.977,18.032,0 -122.972,18.024,0 -122.968,18.017,0 -122.963,18.009,0 -122.96,18.001,0 -122.956,17.993,0 -122.953,17.985,0 -122.95,17.977,0 -122.947,17.968,0 -122.945,17.96,0 -122.943,17.951,0 -122.941,17.943,0 -122.939,17.934,0 -122.938,17.925,0 -122.938,17.917,0 -122.937,17.908,0 -122.937,17.899,0 -123.024,17.899,0 -123.025,17.888,0 -123.025,17.882,0 -123.026,17.876,0 -123.027,17.871,0 -123.028,17.865,0 -123.03,17.859,0 -123.031,17.854,0 -123.033,17.848,0 -123.035,17.842,0 -123.037,17.837,0 -123.04,17.832,0 -123.042,17.826,0 -123.045,17.821,0 -123.048,17.816,0 -123.051,17.811,0 -123.054,17.806,0 -123.058,17.802,0 -123.062,17.797,0 -123.066,17.792,0 -123.07,17.788,0 -123.074,17.784,0 -123.078,17.78,0 -123.082,17.776,0 -123.087,17.772,0 -123.092,17.768,0 -123.097,17.765,0 -123.102,17.761,0 -123.107,17.758,0 -123.112,17.755,0 -123.117,17.752,0 -123.123,17.75,0 -123.128,17.747,0 -123.134,17.745,0 -123.14,17.743,0 -123.145,17.741,0 -123.151,17.739,0 -123.157,17.738,0 -123.163,17.737,0 -123.169,17.735,0 -123.175,17.735,0 -123.181,17.734,0 -123.187,17.733,0 -123.193,17.733,0 -123.199,17.733,0 -123.2,17.816,0 -123.206,17.816,0 -123.209,17.817,0 -123.212,17.817,0 -123.215,17.817,0 -123.218,17.818,0 -123.221,17.819,0 -123.224,17.819,0 -123.227,17.82,0 -123.229,17.821,0 -123.232,17.822,0 -123.235,17.823,0 -123.238,17.825,0 -123.241,17.826,0 -123.243,17.827,0 -123.246,17.829,0 -123.248,17.83,0 -123.251,17.832,0 -123.253,17.834,0 -123.256,17.836,0 -123.258,17.838,0 -123.26,17.84,0 -123.262,17.842,0 -123.265,17.844,0 -123.267,17.846,0 -123.268,17.848,0 -123.27,17.851,0 -123.272,17.853,0 -123.274,17.855,0 -123.275,17.858,0 -123.277,17.86,0 -123.278,17.863,0 -123.279,17.866,0 -123.281,17.868,0 -123.282,17.871,0 -123.283,17.874,0 -123.284,17.877,0 -123.284,17.879,0 -123.285,17.882,0 -123.286,17.885,0 -123.286,17.888,0 -123.287,17.891,0 -123.287,17.894,0 -123.287,17.897,0 -123.287,17.899,0 -123.375,17.899,0 -123.374,17.911,0 -123.374,17.917,0 -123.373,17.923,0 -123.372,17.928,0 -123.371,17.934,0 -123.369,17.94,0 -123.368,17.945,0 -123.366,17.951,0 -123.364,17.956,0 -123.362,17.962,0 -123.359,17.967,0 -123.357,17.972,0 -123.354,17.978,0 -123.351,17.983,0 -123.348,17.988,0 -123.345,17.993,0 -123.341,17.997,0 -123.338,18.002,0 -123.334,18.007,0 -123.33,18.011,0 -123.325,18.015,0 -123.321,18.019,0 -123.317,18.023,0 -123.312,18.027,0 -123.307,18.031,0 -123.302,18.034,0 -123.297,18.038,0 -123.292,18.041,0 -123.287,18.044,0 -123.282,18.047,0 -123.276,18.049,0 -123.271,18.052,0 -123.265,18.054,0 -123.259,18.056,0 -123.254,18.058,0 -123.248,18.06,0 -123.242,18.061,0 -123.236,18.062,0 -123.23,18.064,0 -123.224,18.064,0 -123.218,18.065,0 -123.212,18.066,0 -123.206,18.066,0 -123.2,18.066,0 -123.2,18.149,0 
								</coordinates>
							</LinearRing>
						</outerBoundaryIs>
					</Polygon>
				</Placemark>
				<Placemark>
					<name>26/00Z - 65 knots</name>
					<Snippet maxLines="0">empty</Snippet>
					<description><![CDATA[<html>
<head>
<title>Requested Information</title>
</head>
<table width="400" bgcolor="white" border="1">
<tr><td><B>NAME</B></td><td><B>ODALYS</B></td></tr>
<tr><td><B>TIME</B></td><td><B>TAU 72 - 2026092600Z</B></td></tr>
<tr><td><B>POSIT</B></td><td><B>18.6 N, -122.9 W</B></td></tr>
<tr><td><B>WRNG NMBR</B></td><td><B>12</B></td></tr>
<tr><td><B>WIND SPD</B></td><td><B>65 KTS</B></td></tr>
<tr><td><B>MOVEMENT</B></td><td><B>020 DEG AT 04 KTS</B></td></tr>
</table></body></html>]]></description>
					<styleUrl>#TropicalBalloonStyle0</styleUrl>
					<Style>
						<IconStyle>
							<color>ffffffff</color>
							<scale>1</scale>
							<heading>0</heading>
							<Icon>
								<href>images/TY.png</href>
							</Icon>
						</IconStyle>
					</Style>
					<Point>
						<coordinates>-122.9,18.6,0</coordinates>
					</Point>
				</Placemark>
				<Placemark>
					<name>RADIUS OF 34 KT WINDS</name>
					<styleUrl>#WindRadii340</styleUrl>
					<Polygon>
						<tessellate>1</tessellate>
						<outerBoundaryIs>
							<LinearRing>
								<coordinates>
									-122.9,19.932,0 -122.85,19.931,0 -122.801,19.929,0 -122.751,19.925,0 -122.702,19.919,0 -122.653,19.912,0 -122.605,19.903,0 -122.557,19.892,0 -122.509,19.88,0 -122.462,19.866,0 -122.415,19.851,0 -122.369,19.834,0 -122.323,19.816,0 -122.279,19.796,0 -122.235,19.775,0 -122.192,19.752,0 -122.149,19.728,0 -122.108,19.702,0 -122.068,19.676,0 -122.029,19.647,0 -121.99,19.618,0 -121.953,19.587,0 -121.917,19.555,0 -121.883,19.522,0 -121.849,19.488,0 -121.817,19.453,0 -121.786,19.417,0 -121.757,19.379,0 -121.729,19.341,0 -121.702,19.302,0 -121.677,19.262,0 -121.654,19.221,0 -121.632,19.179,0 -121.611,19.137,0 -121.592,19.094,0 -121.575,19.051,0 -121.559,19.006,0 -121.545,18.962,0 -121.533,18.917,0 -121.522,18.872,0 -121.513,18.826,0 -121.506,18.78,0 -121.5,18.734,0 -121.496,18.687,0 -121.494,18.641,0 -121.494,18.594,0 -121.669,18.596,0 -121.673,18.514,0 -121.677,18.474,0 -121.683,18.433,0 -121.69,18.393,0 -121.698,18.353,0 -121.708,18.314,0 -121.719,18.274,0 -121.732,18.236,0 -121.746,18.197,0 -121.762,18.159,0 -121.779,18.122,0 -121.797,18.085,0 -121.817,18.049,0 -121.838,18.014,0 -121.86,17.979,0 -121.884,17.945,0 -121.908,17.912,0 -121.934,17.879,0 -121.961,17.848,0 -121.989,17.817,0 -122.019,17.788,0 -122.049,17.759,0 -122.08,17.731,0 -122.113,17.705,0 -122.146,17.679,0 -122.18,17.655,0 -122.215,17.632,0 -122.251,17.61,0 -122.288,17.589,0 -122.325,17.569,0 -122.363,17.551,0 -122.402,17.534,0 -122.442,17.518,0 -122.481,17.503,0 -122.522,17.49,0 -122.563,17.478,0 -122.604,17.468,0 -122.645,17.459,0 -122.687,17.451,0 -122.729,17.445,0 -122.772,17.44,0 -122.814,17.436,0 -122.857,17.434,0 -122.899,17.434,0 -122.899,17.6,0 -122.973,17.603,0 -123.009,17.606,0 -123.045,17.61,0 -123.082,17.615,0 -123.117,17.622,0 -123.153,17.63,0 -123.189,17.639,0 -123.224,17.649,0 -123.258,17.66,0 -123.292,17.673,0 -123.326,17.686,0 -123.359,17.701,0 -123.392,17.717,0 -123.424,17.733,0 -123.456,17.751,0 -123.486,17.77,0 -123.516,17.79,0 -123.546,17.811,0 -123.574,17.833,0 -123.602,17.856,0 -123.629,17.879,0 -123.655,17.904,0 -123.68,17.929,0 -123.704,17.955,0 -123.727,17.982,0 -123.75,18.01,0 -123.771,18.039,0 -123.791,18.068,0 -123.81,18.098,0 -123.828,18.128,0 -123.845,18.159,0 -123.86,18.191,0 -123.875,18.223,0 -123.888,18.255,0 -123.9,18.288,0 -123.911,18.321,0 -123.921,18.355,0 -123.93,18.389,0 -123.937,18.423,0 -123.943,18.458,0 -123.947,18.492,0 -123.951,18.527,0 -123.953,18.562,0 -123.954,18.597,0 -124.13,18.596,0 -124.127,18.677,0 -124.124,18.717,0 -124.119,18.758,0 -124.112,18.798,0 -124.104,18.838,0 -124.095,18.878,0 -124.084,18.917,0 -124.072,18.956,0 -124.058,18.995,0 -124.043,19.033,0 -124.026,19.07,0 -124.008,19.107,0 -123.989,19.144,0 -123.969,19.179,0 -123.947,19.214,0 -123.923,19.249,0 -123.899,19.282,0 -123.873,19.315,0 -123.846,19.347,0 -123.818,19.377,0 -123.789,19.407,0 -123.758,19.436,0 -123.727,19.464,0 -123.694,19.491,0 -123.661,19.517,0 -123.627,19.541,0 -123.591,19.565,0 -123.555,19.587,0 -123.518,19.608,0 -123.481,19.628,0 -123.442,19.647,0 -123.403,19.664,0 -123.363,19.68,0 -123.323,19.695,0 -123.282,19.708,0 -123.241,19.72,0 -123.199,19.731,0 -123.157,19.74,0 -123.115,19.748,0 -123.072,19.754,0 -123.029,19.759,0 -122.986,19.763,0 -122.943,19.765,0 -122.9,19.765,0 -122.9,19.932,0 
								</coordinates>
							</LinearRing>
						</outerBoundaryIs>
					</Polygon>
				</Placemark>
				<Placemark>
					<name>RADIUS OF 50 KT WINDS</name>
					<styleUrl>#WindRadii500</styleUrl>
					<Polygon>
						<tessellate>1</tessellate>
						<outerBoundaryIs>
							<LinearRing>
								<coordinates>
									-122.9,19.266,0 -122.875,19.265,0 -122.85,19.264,0 -122.826,19.262,0 -122.801,19.259,0 -122.777,19.256,0 -122.753,19.251,0 -122.729,19.246,0 -122.705,19.24,0 -122.681,19.233,0 -122.658,19.225,0 -122.635,19.217,0 -122.613,19.208,0 -122.59,19.198,0 -122.568,19.187,0 -122.547,19.176,0 -122.526,19.164,0 -122.505,19.151,0 -122.485,19.138,0 -122.465,19.124,0 -122.446,19.109,0 -122.428,19.094,0 -122.41,19.078,0 -122.392,19.062,0 -122.376,19.045,0 -122.36,19.027,0 -122.344,19.009,0 -122.329,18.99,0 -122.315,18.971,0 -122.302,18.952,0 -122.29,18.932,0 -122.278,18.911,0 -122.267,18.89,0 -122.256,18.869,0 -122.247,18.848,0 -122.238,18.826,0 -122.23,18.804,0 -122.223,18.782,0 -122.217,18.759,0 -122.211,18.737,0 -122.207,18.714,0 -122.203,18.691,0 -122.2,18.668,0 -122.198,18.645,0 -122.197,18.621,0 -122.197,18.598,0 -122.372,18.599,0 -122.374,18.564,0 -122.375,18.547,0 -122.378,18.529,0 -122.381,18.512,0 -122.384,18.495,0 -122.388,18.478,0 -122.393,18.461,0 -122.399,18.444,0 -122.405,18.428,0 -122.411,18.412,0 -122.418,18.396,0 -122.426,18.38,0 -122.435,18.364,0 -122.444,18.349,0 -122.453,18.334,0 -122.463,18.32,0 -122.474,18.305,0 -122.485,18.291,0 -122.496,18.278,0 -122.508,18.265,0 -122.521,18.252,0 -122.534,18.24,0 -122.547,18.228,0 -122.561,18.216,0 -122.576,18.205,0 -122.59,18.195,0 -122.605,18.185,0 -122.621,18.176,0 -122.637,18.167,0 -122.653,18.158,0 -122.669,18.15,0 -122.686,18.143,0 -122.703,18.136,0 -122.72,18.13,0 -122.737,18.124,0 -122.755,18.119,0 -122.772,18.115,0 -122.79,18.111,0 -122.808,18.107,0 -122.826,18.105,0 -122.845,18.103,0 -122.863,18.101,0 -122.881,18.1,0 -122.899,18.1,0 -122.899,18.266,0 -122.924,18.267,0 -122.936,18.268,0 -122.948,18.27,0 -122.96,18.271,0 -122.972,18.274,0 -122.984,18.276,0 -122.996,18.279,0 -123.008,18.283,0 -123.019,18.286,0 -123.031,18.291,0 -123.042,18.295,0 -123.053,18.3,0 -123.064,18.305,0 -123.075,18.311,0 -123.085,18.317,0 -123.096,18.323,0 -123.106,18.33,0 -123.116,18.337,0 -123.125,18.344,0 -123.134,18.352,0 -123.143,18.36,0 -123.152,18.368,0 -123.16,18.376,0 -123.168,18.385,0 -123.176,18.394,0 -123.184,18.403,0 -123.191,18.413,0 -123.197,18.423,0 -123.204,18.433,0 -123.21,18.443,0 -123.215,18.453,0 -123.22,18.464,0 -123.225,18.474,0 -123.23,18.485,0 -123.234,18.496,0 -123.237,18.507,0 -123.24,18.519,0 -123.243,18.53,0 -123.246,18.541,0 -123.247,18.553,0 -123.249,18.564,0 -123.25,18.576,0 -123.251,18.588,0 -123.251,18.599,0 -123.251,18.599,0 -123.25,18.622,0 -123.249,18.634,0 -123.248,18.646,0 -123.246,18.657,0 -123.243,18.668,0 -123.241,18.68,0 -123.238,18.691,0 -123.234,18.702,0 -123.23,18.713,0 -123.226,18.724,0 -123.221,18.735,0 -123.216,18.745,0 -123.21,18.756,0 -123.204,18.766,0 -123.198,18.776,0 -123.191,18.786,0 -123.184,18.795,0 -123.177,18.804,0 -123.169,18.813,0 -123.161,18.822,0 -123.153,18.831,0 -123.144,18.839,0 -123.135,18.847,0 -123.126,18.855,0 -123.116,18.862,0 -123.106,18.869,0 -123.096,18.876,0 -123.086,18.882,0 -123.076,18.888,0 -123.065,18.894,0 -123.054,18.899,0 -123.043,18.904,0 -123.031,18.908,0 -123.02,18.912,0 -123.008,18.916,0 -122.997,18.92,0 -122.985,18.923,0 -122.973,18.925,0 -122.961,18.928,0 -122.949,18.929,0 -122.936,18.931,0 -122.924,18.932,0 -122.912,18.932,0 -122.9,18.933,0 -122.9,19.266,0 
								</coordinates>
							</LinearRing>
						</outerBoundaryIs>
					</Polygon>
				</Placemark>
				<Placemark>
					<name>RADIUS OF 64 KT WINDS</name>
					<styleUrl>#WindRadii640</styleUrl>
					<Polygon>
						<tessellate>1</tessellate>
						<outerBoundaryIs>
							<LinearRing>
								<coordinates>
									-122.9,18.766,0 -122.893,18.766,0 -122.887,18.766,0 -122.881,18.765,0 -122.875,18.764,0 -122.869,18.764,0 -122.863,18.762,0 -122.857,18.761,0 -122.851,18.76,0 -122.845,18.758,0 -122.839,18.756,0 -122.834,18.754,0 -122.828,18.752,0 -122.822,18.749,0 -122.817,18.747,0 -122.812,18.744,0 -122.806,18.741,0 -122.801,18.738,0 -122.796,18.734,0 -122.791,18.731,0 -122.786,18.727,0 -122.782,18.723,0 -122.777,18.719,0 -122.773,18.715,0 -122.769,18.711,0 -122.765,18.707,0 -122.761,18.702,0 -122.757,18.697,0 -122.754,18.693,0 -122.75,18.688,0 -122.747,18.683,0 -122.744,18.678,0 -122.741,18.672,0 -122.739,18.667,0 -122.737,18.662,0 -122.734,18.656,0 -122.732,18.651,0 -122.731,18.645,0 -122.729,18.64,0 -122.728,18.634,0 -122.726,18.628,0 -122.725,18.623,0 -122.725,18.617,0 -122.724,18.611,0 -122.724,18.605,0 -122.724,18.599,0 -122.9,18.6,0 -122.9,18.6,0 -122.9,18.6,0 -122.9,18.6,0 -122.9,18.6,0 -122.9,18.6,0 -122.9,18.6,0 -122.9,18.6,0 -122.9,18.6,0 -122.9,18.6,0 -122.9,18.6,0 -122.9,18.6,0 -122.9,18.6,0 -122.9,18.6,0 -122.9,18.6,0 -122.9,18.6,0 -122.9,18.6,0 -122.9,18.6,0 -122.9,18.6,0 -122.9,18.6,0 -122.9,18.6,0 -122.9,18.6,0 -122.9,18.6,0 -122.9,18.6,0 -122.9,18.6,0 -122.9,18.6,0 -122.9,18.6,0 -122.9,18.6,0 -122.9,18.6,0 -122.9,18.6,0 -122.9,18.6,0 -122.9,18.6,0 -122.9,18.6,0 -122.9,18.6,0 -122.9,18.6,0 -122.9,18.6,0 -122.9,18.6,0 -122.9,18.6,0 -122.9,18.6,0 -122.9,18.6,0 -122.9,18.6,0 -122.9,18.6,0 -122.9,18.6,0 -122.9,18.6,0 -122.9,18.6,0 -122.9,18.6,0 -122.9,18.6,0 -122.9,18.6,0 -122.9,18.6,0 -122.9,18.6,0 -122.9,18.6,0 -122.9,18.6,0 -122.9,18.6,0 -122.9,18.6,0 -122.9,18.6,0 -122.9,18.6,0 -122.9,18.6,0 -122.9,18.6,0 -122.9,18.6,0 -122.9,18.6,0 -122.9,18.6,0 -122.9,18.6,0 -122.9,18.6,0 -122.9,18.6,0 -122.9,18.6,0 -122.9,18.6,0 -122.9,18.6,0 -122.9,18.6,0 -122.9,18.6,0 -122.9,18.6,0 -122.9,18.6,0 -122.9,18.6,0 -122.9,18.6,0 -122.9,18.6,0 -122.9,18.6,0 -122.9,18.6,0 -122.9,18.6,0 -122.9,18.6,0 -122.9,18.6,0 -122.9,18.6,0 -122.9,18.6,0 -122.9,18.6,0 -122.9,18.6,0 -122.9,18.6,0 -122.9,18.6,0 -122.9,18.6,0 -122.9,18.6,0 -122.9,18.6,0 -122.9,18.6,0 -122.9,18.6,0 -122.9,18.6,0 -122.9,18.6,0 -122.9,18.6,0 -122.9,18.6,0 -122.9,18.6,0 -122.9,18.6,0 -122.9,18.6,0 -122.9,18.6,0 -122.9,18.6,0 -122.9,18.6,0 -122.9,18.6,0 -122.9,18.6,0 -122.9,18.6,0 -122.9,18.6,0 -122.9,18.6,0 -122.9,18.6,0 -122.9,18.6,0 -122.9,18.6,0 -122.9,18.6,0 -122.9,18.6,0 -122.9,18.6,0 -122.9,18.6,0 -122.9,18.6,0 -122.9,18.6,0 -122.9,18.6,0 -122.9,18.6,0 -122.9,18.6,0 -122.9,18.6,0 -122.9,18.6,0 -122.9,18.6,0 -122.9,18.6,0 -122.9,18.6,0 -122.9,18.6,0 -122.9,18.6,0 -122.9,18.6,0 -122.9,18.6,0 -122.9,18.6,0 -122.9,18.6,0 -122.9,18.6,0 -122.9,18.6,0 -122.9,18.6,0 -122.9,18.6,0 -122.9,18.6,0 -122.9,18.6,0 -122.9,18.6,0 -122.9,18.766,0 
								</coordinates>
							</LinearRing>
						</outerBoundaryIs>
					</Polygon>
				</Placemark>
				<Placemark>
					<name>27/00Z - 55 knots</name>
					<Snippet maxLines="0">empty</Snippet>
					<description><![CDATA[<html>
<head>
<title>Requested Information</title>
</head>
<table width="400" bgcolor="white" border="1">
<tr><td><B>NAME</B></td><td><B>ODALYS</B></td></tr>
<tr><td><B>TIME</B></td><td><B>TAU 96 - 2026092700Z</B></td></tr>
<tr><td><B>POSIT</B></td><td><B>20.2 N, -122.6 W</B></td></tr>
<tr><td><B>WRNG NMBR</B></td><td><B>12</B></td></tr>
<tr><td><B>WIND SPD</B></td><td><B>55 KTS</B></td></tr>
<tr><td><B>MOVEMENT</B></td><td><B>010 DEG AT 04 KTS</B></td></tr>
</table></body></html>]]></description>
					<styleUrl>#TropicalBalloonStyle0</styleUrl>
					<Style>
						<IconStyle>
							<color>ffffffff</color>
							<scale>1</scale>
							<heading>0</heading>
							<Icon>
								<href>images/TS.png</href>
							</Icon>
						</IconStyle>
					</Style>
					<Point>
						<coordinates>-122.6,20.2,0</coordinates>
					</Point>
				</Placemark>
				<Placemark>
					<name>RADIUS OF 34 KT WINDS</name>
					<styleUrl>#WindRadii340</styleUrl>
					<Polygon>
						<tessellate>1</tessellate>
						<outerBoundaryIs>
							<LinearRing>
								<coordinates>
									-122.6,21.199,0 -122.562,21.198,0 -122.525,21.196,0 -122.487,21.193,0 -122.45,21.189,0 -122.413,21.184,0 -122.377,21.177,0 -122.34,21.169,0 -122.304,21.16,0 -122.268,21.15,0 -122.233,21.138,0 -122.198,21.126,0 -122.164,21.112,0 -122.13,21.097,0 -122.097,21.081,0 -122.064,21.064,0 -122.032,21.046,0 -122.001,21.027,0 -121.97,21.007,0 -121.941,20.986,0 -121.912,20.964,0 -121.884,20.941,0 -121.856,20.917,0 -121.83,20.892,0 -121.805,20.866,0 -121.78,20.84,0 -121.757,20.813,0 -121.735,20.785,0 -121.714,20.756,0 -121.693,20.727,0 -121.674,20.697,0 -121.656,20.666,0 -121.64,20.635,0 -121.624,20.603,0 -121.61,20.571,0 -121.597,20.538,0 -121.585,20.505,0 -121.574,20.472,0 -121.565,20.438,0 -121.557,20.404,0 -121.55,20.37,0 -121.544,20.335,0 -121.54,20.301,0 -121.537,20.266,0 -121.535,20.231,0 -121.535,20.196,0 -121.712,20.197,0 -121.715,20.139,0 -121.718,20.11,0 -121.721,20.081,0 -121.726,20.053,0 -121.733,20.024,0 -121.74,19.996,0 -121.748,19.968,0 -121.757,19.94,0 -121.767,19.913,0 -121.778,19.886,0 -121.791,19.859,0 -121.804,19.833,0 -121.818,19.807,0 -121.833,19.781,0 -121.849,19.757,0 -121.866,19.732,0 -121.884,19.709,0 -121.903,19.685,0 -121.922,19.663,0 -121.942,19.641,0 -121.964,19.62,0 -121.985,19.599,0 -122.008,19.58,0 -122.031,19.561,0 -122.055,19.542,0 -122.08,19.525,0 -122.105,19.508,0 -122.131,19.493,0 -122.158,19.478,0 -122.185,19.464,0 -122.212,19.451,0 -122.24,19.438,0 -122.269,19.427,0 -122.298,19.417,0 -122.327,19.407,0 -122.356,19.399,0 -122.386,19.391,0 -122.416,19.385,0 -122.446,19.379,0 -122.477,19.375,0 -122.507,19.371,0 -122.538,19.369,0 -122.569,19.367,0 -122.599,19.367,0 -122.599,19.533,0 -122.649,19.535,0 -122.673,19.537,0 -122.698,19.54,0 -122.722,19.543,0 -122.746,19.548,0 -122.771,19.553,0 -122.794,19.559,0 -122.818,19.566,0 -122.841,19.573,0 -122.864,19.582,0 -122.887,19.591,0 -122.91,19.6,0 -122.932,19.611,0 -122.953,19.622,0 -122.974,19.634,0 -122.995,19.647,0 -123.015,19.66,0 -123.035,19.674,0 -123.054,19.689,0 -123.073,19.704,0 -123.091,19.72,0 -123.109,19.736,0 -123.126,19.753,0 -123.142,19.77,0 -123.157,19.788,0 -123.172,19.807,0 -123.187,19.826,0 -123.2,19.845,0 -123.213,19.865,0 -123.225,19.886,0 -123.236,19.906,0 -123.247,19.927,0 -123.257,19.949,0 -123.266,19.97,0 -123.274,19.992,0 -123.281,20.015,0 -123.288,20.037,0 -123.293,20.06,0 -123.298,20.082,0 -123.302,20.105,0 -123.305,20.128,0 -123.307,20.152,0 -123.309,20.175,0 -123.309,20.198,0 -123.664,20.196,0 -123.662,20.266,0 -123.659,20.301,0 -123.655,20.335,0 -123.649,20.37,0 -123.642,20.404,0 -123.634,20.438,0 -123.625,20.472,0 -123.614,20.505,0 -123.602,20.538,0 -123.589,20.571,0 -123.575,20.603,0 -123.559,20.635,0 -123.543,20.666,0 -123.525,20.697,0 -123.506,20.727,0 -123.485,20.756,0 -123.464,20.785,0 -123.442,20.813,0 -123.419,20.84,0 -123.394,20.866,0 -123.369,20.892,0 -123.343,20.917,0 -123.315,20.941,0 -123.287,20.964,0 -123.258,20.986,0 -123.229,21.007,0 -123.198,21.027,0 -123.167,21.046,0 -123.135,21.064,0 -123.102,21.081,0 -123.069,21.097,0 -123.035,21.112,0 -123.001,21.126,0 -122.966,21.138,0 -122.931,21.15,0 -122.895,21.16,0 -122.859,21.169,0 -122.822,21.177,0 -122.786,21.184,0 -122.749,21.189,0 -122.712,21.193,0 -122.674,21.196,0 -122.637,21.198,0 -122.6,21.199,0 -122.6,21.199,0 
								</coordinates>
							</LinearRing>
						</outerBoundaryIs>
					</Polygon>
				</Placemark>
				<Placemark>
					<name>RADIUS OF 50 KT WINDS</name>
					<styleUrl>#WindRadii500</styleUrl>
					<Polygon>
						<tessellate>1</tessellate>
						<outerBoundaryIs>
							<LinearRing>
								<coordinates>
									-122.6,20.699,0 -122.581,20.699,0 -122.562,20.698,0 -122.544,20.696,0 -122.525,20.694,0 -122.507,20.692,0 -122.488,20.688,0 -122.47,20.684,0 -122.452,20.68,0 -122.434,20.675,0 -122.417,20.669,0 -122.399,20.663,0 -122.382,20.656,0 -122.365,20.648,0 -122.349,20.64,0 -122.333,20.632,0 -122.317,20.623,0 -122.301,20.613,0 -122.286,20.603,0 -122.271,20.593,0 -122.256,20.582,0 -122.242,20.57,0 -122.229,20.559,0 -122.216,20.546,0 -122.203,20.533,0 -122.191,20.52,0 -122.179,20.507,0 -122.168,20.493,0 -122.157,20.478,0 -122.147,20.464,0 -122.138,20.449,0 -122.129,20.433,0 -122.12,20.418,0 -122.112,20.402,0 -122.105,20.386,0 -122.099,20.37,0 -122.093,20.353,0 -122.087,20.336,0 -122.083,20.32,0 -122.078,20.303,0 -122.075,20.285,0 -122.072,20.268,0 -122.07,20.251,0 -122.068,20.234,0 -122.067,20.216,0 -122.067,20.199,0 -122.245,20.199,0 -122.245,20.176,0 -122.247,20.164,0 -122.248,20.153,0 -122.25,20.141,0 -122.252,20.13,0 -122.255,20.119,0 -122.259,20.107,0 -122.262,20.096,0 -122.266,20.085,0 -122.271,20.074,0 -122.276,20.064,0 -122.281,20.053,0 -122.286,20.043,0 -122.292,20.033,0 -122.299,20.023,0 -122.306,20.013,0 -122.313,20.003,0 -122.32,19.994,0 -122.328,19.985,0 -122.336,19.976,0 -122.345,19.968,0 -122.353,19.96,0 -122.362,19.952,0 -122.372,19.944,0 -122.381,19.937,0 -122.391,19.93,0 -122.401,19.923,0 -122.412,19.917,0 -122.422,19.911,0 -122.433,19.905,0 -122.444,19.9,0 -122.455,19.895,0 -122.467,19.891,0 -122.478,19.886,0 -122.49,19.883,0 -122.502,19.879,0 -122.514,19.876,0 -122.526,19.874,0 -122.538,19.871,0 -122.55,19.87,0 -122.562,19.868,0 -122.575,19.867,0 -122.587,19.867,0 -122.599,19.866,0 -122.6,20.2,0 -122.6,20.2,0 -122.6,20.2,0 -122.6,20.2,0 -122.6,20.2,0 -122.6,20.2,0 -122.6,20.2,0 -122.6,20.2,0 -122.6,20.2,0 -122.6,20.2,0 -122.6,20.2,0 -122.6,20.2,0 -122.6,20.2,0 -122.6,20.2,0 -122.6,20.2,0 -122.6,20.2,0 -122.6,20.2,0 -122.6,20.2,0 -122.6,20.2,0 -122.6,20.2,0 -122.6,20.2,0 -122.6,20.2,0 -122.6,20.2,0 -122.6,20.2,0 -122.6,20.2,0 -122.6,20.2,0 -122.6,20.2,0 -122.6,20.2,0 -122.6,20.2,0 -122.6,20.2,0 -122.6,20.2,0 -122.6,20.2,0 -122.6,20.2,0 -122.6,20.2,0 -122.6,20.2,0 -122.6,20.2,0 -122.6,20.2,0 -122.6,20.2,0 -122.6,20.2,0 -122.6,20.2,0 -122.6,20.2,0 -122.6,20.2,0 -122.6,20.2,0 -122.6,20.2,0 -122.6,20.2,0 -122.6,20.2,0 -122.6,20.2,0 -122.6,20.2,0 -122.6,20.2,0 -122.6,20.2,0 -122.6,20.2,0 -122.6,20.2,0 -122.6,20.2,0 -122.6,20.2,0 -122.6,20.2,0 -122.6,20.2,0 -122.6,20.2,0 -122.6,20.2,0 -122.6,20.2,0 -122.6,20.2,0 -122.6,20.2,0 -122.6,20.2,0 -122.6,20.2,0 -122.6,20.2,0 -122.6,20.2,0 -122.6,20.2,0 -122.6,20.2,0 -122.6,20.2,0 -122.6,20.2,0 -122.6,20.2,0 -122.6,20.2,0 -122.6,20.2,0 -122.6,20.2,0 -122.6,20.2,0 -122.6,20.2,0 -122.6,20.2,0 -122.6,20.2,0 -122.6,20.2,0 -122.6,20.2,0 -122.6,20.2,0 -122.6,20.2,0 -122.6,20.2,0 -122.6,20.2,0 -122.6,20.2,0 -122.6,20.2,0 -122.6,20.2,0 -122.6,20.2,0 -122.6,20.2,0 -122.6,20.2,0 -122.6,20.2,0 -122.6,20.699,0 
								</coordinates>
							</LinearRing>
						</outerBoundaryIs>
					</Polygon>
				</Placemark>
				<Placemark>
					<name>28/00Z - 40 knots</name>
					<Snippet maxLines="0">empty</Snippet>
					<description><![CDATA[<html>
<head>
<title>Requested Information</title>
</head>
<table width="400" bgcolor="white" border="1">
<tr><td><B>NAME</B></td><td><B>ODALYS</B></td></tr>
<tr><td><B>TIME</B></td><td><B>TAU 120 - 2026092800Z</B></td></tr>
<tr><td><B>POSIT</B></td><td><B>21.5 N, -121.8 W</B></td></tr>
<tr><td><B>WRNG NMBR</B></td><td><B>12</B></td></tr>
<tr><td><B>WIND SPD</B></td><td><B>40 KTS</B></td></tr>
<tr><td><B>MOVEMENT</B></td><td><B>030 DEG AT 04 KTS</B></td></tr>
</table></body></html>]]></description>
					<styleUrl>#TropicalBalloonStyle0</styleUrl>
					<Style>
						<IconStyle>
							<color>ffffffff</color>
							<scale>1</scale>
							<heading>0</heading>
							<Icon>
								<href>images/TS.png</href>
							</Icon>
						</IconStyle>
					</Style>
					<Point>
						<coordinates>-121.8,21.5,0</coordinates>
					</Point>
				</Placemark>
				<Placemark>
					<name>RADIUS OF 34 KT WINDS</name>
					<styleUrl>#WindRadii340</styleUrl>
					<Polygon>
						<tessellate>1</tessellate>
						<outerBoundaryIs>
							<LinearRing>
								<coordinates>
									-121.8,22.332,0 -121.768,22.332,0 -121.737,22.33,0 -121.705,22.328,0 -121.674,22.324,0 -121.643,22.32,0 -121.612,22.314,0 -121.582,22.307,0 -121.551,22.3,0 -121.521,22.291,0 -121.492,22.282,0 -121.462,22.271,0 -121.434,22.26,0 -121.405,22.248,0 -121.377,22.234,0 -121.35,22.22,0 -121.323,22.205,0 -121.297,22.189,0 -121.271,22.172,0 -121.246,22.155,0 -121.222,22.136,0 -121.198,22.117,0 -121.175,22.097,0 -121.153,22.077,0 -121.132,22.055,0 -121.111,22.033,0 -121.092,22.011,0 -121.073,21.987,0 -121.055,21.964,0 -121.038,21.939,0 -121.022,21.914,0 -121.007,21.889,0 -120.993,21.863,0 -120.98,21.836,0 -120.968,21.809,0 -120.957,21.782,0 -120.947,21.755,0 -120.938,21.727,0 -120.93,21.699,0 -120.923,21.67,0 -120.917,21.642,0 -120.912,21.613,0 -120.909,21.584,0 -120.906,21.555,0 -120.905,21.526,0 -120.904,21.497,0 -121.262,21.499,0 -121.264,21.464,0 -121.266,21.446,0 -121.268,21.429,0 -121.271,21.412,0 -121.275,21.395,0 -121.279,21.378,0 -121.284,21.361,0 -121.289,21.344,0 -121.295,21.328,0 -121.302,21.312,0 -121.31,21.296,0 -121.318,21.28,0 -121.326,21.264,0 -121.335,21.249,0 -121.345,21.234,0 -121.355,21.22,0 -121.366,21.205,0 -121.377,21.191,0 -121.389,21.178,0 -121.401,21.165,0 -121.414,21.152,0 -121.427,21.14,0 -121.441,21.128,0 -121.455,21.116,0 -121.47,21.105,0 -121.485,21.095,0 -121.5,21.085,0 -121.516,21.076,0 -121.532,21.067,0 -121.548,21.058,0 -121.565,21.05,0 -121.582,21.043,0 -121.599,21.036,0 -121.616,21.03,0 -121.634,21.024,0 -121.652,21.019,0 -121.67,21.015,0 -121.688,21.011,0 -121.707,21.007,0 -121.725,21.005,0 -121.744,21.003,0 -121.762,21.001,0 -121.781,21,0 -121.799,21,0 -121.799,21.166,0 -121.824,21.167,0 -121.837,21.168,0 -121.849,21.17,0 -121.862,21.171,0 -121.874,21.174,0 -121.886,21.176,0 -121.898,21.179,0 -121.91,21.183,0 -121.922,21.186,0 -121.933,21.191,0 -121.945,21.195,0 -121.956,21.2,0 -121.967,21.205,0 -121.978,21.211,0 -121.989,21.217,0 -121.999,21.223,0 -122.01,21.23,0 -122.02,21.237,0 -122.029,21.244,0 -122.039,21.252,0 -122.048,21.26,0 -122.057,21.268,0 -122.065,21.276,0 -122.073,21.285,0 -122.081,21.294,0 -122.089,21.303,0 -122.096,21.313,0 -122.103,21.323,0 -122.109,21.333,0 -122.115,21.343,0 -122.121,21.353,0 -122.126,21.364,0 -122.131,21.374,0 -122.136,21.385,0 -122.14,21.396,0 -122.143,21.407,0 -122.147,21.419,0 -122.15,21.43,0 -122.152,21.441,0 -122.154,21.453,0 -122.155,21.464,0 -122.157,21.476,0 -122.157,21.487,0 -122.158,21.499,0 -122.516,21.498,0 -122.514,21.544,0 -122.512,21.568,0 -122.509,21.591,0 -122.505,21.614,0 -122.501,21.637,0 -122.495,21.659,0 -122.489,21.682,0 -122.481,21.704,0 -122.473,21.726,0 -122.465,21.748,0 -122.455,21.769,0 -122.444,21.79,0 -122.433,21.811,0 -122.421,21.831,0 -122.408,21.851,0 -122.395,21.871,0 -122.38,21.89,0 -122.365,21.909,0 -122.35,21.927,0 -122.333,21.944,0 -122.316,21.961,0 -122.299,21.978,0 -122.28,21.994,0 -122.261,22.009,0 -122.242,22.024,0 -122.222,22.038,0 -122.201,22.051,0 -122.18,22.064,0 -122.159,22.076,0 -122.137,22.087,0 -122.115,22.098,0 -122.092,22.108,0 -122.069,22.117,0 -122.045,22.125,0 -122.022,22.133,0 -121.998,22.14,0 -121.974,22.146,0 -121.949,22.151,0 -121.924,22.156,0 -121.9,22.159,0 -121.875,22.162,0 -121.85,22.164,0 -121.825,22.165,0 -121.8,22.166,0 -121.8,22.332,0 
								</coordinates>
							</LinearRing>
						</outerBoundaryIs>
					</Polygon>
				</Placemark>
				<Placemark>
					<name>ep16 Storm Track</name>
					<styleUrl>#TropicalBalloonStyle0</styleUrl>
					<LineString>
						<tessellate>1</tessellate>
						<coordinates>
							-129.4,15.3,0 -128,15.5,0 -126.6,15.8,0 -125.3,16.4,0 -124.1,17.1,0 -123.2,17.9,0 -122.9,18.6,0 -122.6,20.2,0 -121.8,21.5,0 
						</coordinates>
					</LineString>
				</Placemark>
				<Placemark>
					<name>34 knot Danger Swath</name>
					<styleUrl>#msn_ylw-pushpin0</styleUrl>
					<Polygon>
						<tessellate>1</tessellate>
						<outerBoundaryIs>
							<LinearRing>
								<coordinates>
									-121.5,25.32,0 -121.4327,25.314,0 -121.3658,25.3077,0 -121.3,25.301,0 -121.2357,25.2939,0 -121.1735,25.2862,0 -121.1139,25.278,0 -121.0571,25.2695,0 -121.0031,25.2608,0 -120.9519,25.2518,0 -120.9028,25.2425,0 -120.8553,25.233,0 -120.8087,25.223,0 -120.7624,25.2124,0 -120.7159,25.2013,0 -120.6688,25.1894,0 -120.6212,25.1767,0 -120.5732,25.1634,0 -120.5251,25.1495,0 -120.4774,25.1352,0 -120.4308,25.1206,0 -120.3855,25.1059,0 -120.3416,25.091,0 -120.2986,25.0758,0 -120.2558,25.0601,0 -120.2123,25.0434,0 -120.1673,25.0254,0 -120.1203,25.0059,0 -120.0712,24.985,0 -120.0205,24.963,0 -119.9694,24.9402,0 -119.9189,24.9172,0 -119.8701,24.8945,0 -119.8239,24.8725,0 -119.7802,24.8511,0 -119.7388,24.8301,0 -119.6987,24.809,0 -119.6589,24.7872,0 -119.6182,24.7642,0 -119.5759,24.7394,0 -119.5318,24.7128,0 -119.486,24.6845,0 -119.4392,24.6549,0 -119.3925,24.6247,0 -119.3471,24.5948,0 -119.3038,24.5656,0 -119.2633,24.5377,0 -119.2256,24.5112,0 -119.1904,24.4858,0 -119.1573,24.4611,0 -119.1254,24.4367,0 -119.0941,24.4121,0 -119.0629,24.3869,0 -119.0316,24.3612,0 -119.0001,24.3348,0 -118.9687,24.3081,0 -118.9377,24.28130000000001,0 -118.9075,24.2548,0 -118.8784,24.2288,0 -118.8504,24.2034,0 -118.8236,24.1785,0 -118.7977,24.1539,0 -118.7721,24.1289,0 -118.7465,24.1031,0 -118.7203,24.0762,0 -118.6934,24.0478,0 -118.666,24.0182,0 -118.6382,23.9877,0 -118.6107,23.9569,0 -118.5839,23.9264,0 -118.5581,23.8966,0 -118.5336,23.8677,0 -118.5103,23.8399,0 -118.4881,23.8129,0 -118.4669,23.7868,0 -118.4464,23.7611,0 -118.4264,23.7356,0 -118.4066,23.7098,0 -118.3866,23.6832,0 -118.3663,23.6555,0 -118.3455,23.6262,0 -118.324,23.5953,0 -118.302,23.5627,0 -118.2794,23.5286,0 -118.2565,23.493,0 -118.2334,23.4563,0 -118.2102,23.4186,0 -118.1871,23.3801,0 -118.1642,23.3411,0 -118.1416,23.3016,0 -118.1195,23.2617,0 -118.0977,23.2215,0 -118.0765,23.1811,0 -118.056,23.1408,0 -118.0363,23.1009,0 -118.0176,23.0619,0 -118,23.0241,0 -117.9838,22.988,0 -117.9686,22.9533,0 -117.9545,22.92000000000001,0 -117.9412,22.8874,0 -117.9282,22.8548,0 -117.9153,22.8215,0 -117.9025,22.787,0 -117.8894,22.7508,0 -117.8762,22.713,0 -117.863,22.6737,0 -117.8499,22.6331,0 -117.8372,22.5919,0 -117.8249,22.5505,0 -117.8132,22.5093,0 -117.8022,22.4687,0 -117.7918,22.4289,0 -117.7822,22.3898,0 -117.7731,22.3512,0 -117.7644,22.3126,0 -117.7562,22.2735,0 -117.7482,22.2335,0 -117.7404,22.1921,0 -117.733,22.1494,0 -117.7258,22.1051,0 -117.719,22.0595,0 -117.7127,22.0128,0 -117.7068,21.9652,0 -117.7014,21.9169,0 -117.6966,21.8683,0 -117.6925,21.8194,0 -117.6891,21.7701,0 -117.6865,21.72,0 -117.6847,21.6687,0 -117.6838,21.6156,0 -117.6837,21.5605,0 -117.6845,21.5032,0 -117.6861,21.4442,0 -117.6884,21.3844,0 -117.6915,21.3246,0 -117.6952,21.2659,0 -117.6995,21.2092,0 -117.7043,21.1551,0 -117.7097,21.1041,0 -117.7155,21.056,0 -117.7218,21.0106,0 -117.7285,20.9674,0 -117.7357,20.926,0 -117.7432,20.8856,0 -117.7511,20.8459,0 -117.7594,20.8064,0 -117.7681,20.7668,0 -117.7773,20.7269,0 -117.787,20.6863,0 -117.7974,20.6451,0 -117.8084,20.6031,0 -117.82,20.5606,0 -117.8321,20.5179,0 -117.8447,20.4754,0 -117.8576,20.4338,0 -117.8705,20.3935,0 -117.8835,20.3549,0 -117.8963,20.3183,0 -117.909,20.2835,0 -117.9214,20.2504,0 -117.9338,20.2186,0 -117.9462,20.1878,0 -117.9589,20.1574,0 -117.972,20.1269,0 -117.9859,20.0953,0 -118.0011,20.0619,0 -118.0179,20.026,0 -118.0366,19.9872,0 -118.0571,19.9455,0 -118.0793,19.9014,0 -118.1028,19.8558,0 -118.127,19.8098,0 -118.1514,19.7646,0 -118.1756,19.7212,0 -118.1992,19.68,0 -118.2221,19.6411,0 -118.2446,19.604,0 -118.2673,19.5679,0 -118.2908,19.5316,0 -118.3159,19.4939,0 -118.3434,19.4539,0 -118.3737,19.4112,0 -118.407,19.3657,0 -118.4431,19.3177,0 -118.4817,19.268,0 -118.5224,19.2172,0 -118.5648,19.1659,0 -118.6086,19.1146,0 -118.6536,19.0636,0 -118.6996,19.0131,0 -118.7466,18.9632,0 -118.7945,18.9139,0 -118.8433,18.8654,0 -118.8928,18.8176,0 -118.9431,18.7706,0 -118.9941,18.7243,0 -119.0459,18.6785,0 -119.0983,18.6331,0 -119.1512,18.5875,0 -119.2044,18.541,0 -119.2577,18.4928,0 -119.3104,18.4417,0 -119.362,18.3867,0 -119.4116,18.3275,0 -119.4582,18.2644,0 -119.501,18.1985,0 -119.5391,18.1318,0 -119.5721,18.0663,0 -119.6001,18.004,0 -119.6235,17.946,0 -119.6431,17.8925,0 -119.6599,17.843,0 -119.675,17.7966,0 -119.6892,17.7522,0 -119.7033,17.7089,0 -119.7177,17.666,0 -119.7326,17.6232,0 -119.7483,17.5802,0 -119.7648,17.5368,0 -119.7824,17.4925,0 -119.8011,17.4467,0 -119.8217,17.3981,0 -119.8445,17.345,0 -119.8703,17.2858,0 -119.8994,17.2197,0 -119.9316,17.1468,0 -119.966,17.069,0 -120.0013,16.9892,0 -120.0358,16.9114,0 -120.068,16.8391,0 -120.0966,16.7751,0 -120.1212,16.7206,0 -120.1417,16.6755,0 -120.1587,16.6386,0 -120.173,16.6082,0 -120.1854,16.5824,0 -120.1967,16.5593,0 -120.2077,16.5375,0 -120.2188,16.5158,0 -120.2306,16.4931,0 -120.2434,16.4691,0 -120.2574,16.4432,0 -120.2727,16.4157,0 -120.2893,16.3865,0 -120.3069,16.3563,0 -120.3254,16.3254,0 -120.3443,16.2946,0 -120.3634,16.2642,0 -120.3824,16.2347,0 -120.4012,16.2064,0 -120.4197,16.1792,0 -120.438,16.1529,0 -120.4563,16.1273,0 -120.4748,16.1021,0 -120.4934,16.0772,0 -120.5121,16.0526,0 -120.5308,16.0286,0 -120.5491,16.0052,0 -120.5668,15.9828,0 -120.5838,15.9616,0 -120.6001,15.9415,0 -120.6159,15.9223,0 -120.6315,15.9036,0 -120.6475,15.8848,0 -120.6645,15.8653,0 -120.683,15.8445,0 -120.7033,15.8223,0 -120.7254,15.7986,0 -120.7492,15.7737,0 -120.7742,15.7479,0 -120.8001,15.7216,0 -120.8266,15.6953,0 -120.8534,15.6691,0 -120.8805,15.6432,0 -120.9079,15.6177,0 -120.9354,15.5925,0 -120.9628,15.568,0 -120.9899,15.5444,0 -121.0164,15.5217,0 -121.0421,15.5002,0 -121.0671,15.4798,0 -121.0913,15.4603,0 -121.1151,15.4416,0 -121.1388,15.4234,0 -121.1628,15.4053,0 -121.1877,15.3869,0 -121.214,15.368,0 -121.2424,15.3483,0 -121.2731,15.3275,0 -121.3063,15.3056,0 -121.3418,15.2828,0 -121.3789,15.2594,0 -121.417,15.2358,0 -121.4554,15.2126,0 -121.4935,15.1899,0 -121.5311,15.1679,0 -121.5685,15.1462,0 -121.6063,15.1244,0 -121.6453,15.1016,0 -121.6864,15.0772,0 -121.73,15.0506,0 -121.776,15.0218,0 -121.8234,14.9913,0 -121.8709,14.9599,0 -121.9169,14.9287,0 -121.9599,14.8987,0 -121.9992,14.8706,0 -122.0348,14.8445,0 -122.067,14.8204,0 -122.097,14.7977,0 -122.1254,14.776,0 -122.153,14.755,0 -122.1802,14.7346,0 -122.207,14.7147,0 -122.2334,14.6956,0 -122.2593,14.6771,0 -122.2848,14.6594,0 -122.3099,14.6423,0 -122.335,14.6256,0 -122.3603,14.6092,0 -122.386,14.593,0 -122.4124,14.5767,0 -122.4393,14.5606,0 -122.4666,14.5445,0 -122.494,14.5288,0 -122.5215,14.5134,0 -122.5487,14.4984,0 -122.576,14.4836,0 -122.604,14.4688,0 -122.6338,14.4534,0 -122.6671,14.4364,0 -122.7066,14.4167,0 -122.755,14.3928,0 -122.8154,14.3631,0 -122.89,14.3265,0 -122.9792,14.2825,0 -123.0811,14.2322,0 -123.1912,14.1776,0 -123.303,14.1219,0 -123.4097,14.0683,0 -123.5053,14.0201,0 -123.586,13.9789,0 -123.6508,13.9455,0 -123.7009,13.9192,0 -123.7391,13.8989,0 -123.7688,13.8828,0 -123.7932,13.8695,0 -123.8152,13.8576,0 -123.8374,13.8458,0 -123.8623,13.8328,0 -123.8931,13.8174,0 -123.9336,13.7976,0 -123.9886,13.7713,0 -124.0631,13.7362,0 -124.1611,13.6906,0 -124.2841,13.6336,0 -124.4299,13.5664,0 -124.5918,13.4919,0 -124.7601,13.4149,0 -124.9235,13.3403,0 -125.072,13.2728,0 -125.1989,13.2156,0 -125.3016,13.1698,0 -125.3813,13.1348,0 -125.442,13.1089,0 -125.4886,13.0898,0 -125.5256,13.0753,0 -125.5569,13.0637,0 -125.5851,13.0537,0 -125.6119,13.0447,0 -125.638,13.0361,0 -125.6639,13.0278,0 -125.69,13.0197,0 -125.7162,13.0117,0 -125.7429,13.0038,0 -125.7699,12.996,0 -125.7973,12.9884,0 -125.825,12.9809,0 -125.8529,12.9737,0 -125.8811,12.9669,0 -125.9097,12.9603,0 -125.9391,12.9539,0 -125.9699,12.9477,0 -126.0028,12.9415,0 -126.0386,12.9353,0 -126.0778,12.9291,0 -126.121,12.9228,0 -126.1686,12.9167,0 -126.2212,12.911,0 -126.2793,12.9058,0 -126.3428,12.9013,0 -126.4118,12.8978,0 -126.4853,12.8953,0 -126.5618,12.8941,0 -126.6396,12.8943,0 -126.7166,12.8957,0 -126.7909,12.8984,0 -126.8612,12.9023,0 -126.9266,12.9072,0 -126.9872,12.9129,0 -127.0433,12.9193,0 -127.0957,12.9261,0 -127.145,12.9332,0 -127.1919,12.9402,0 -127.2369,12.9467,0 -127.2802,12.9523,0 -127.3221,12.9567,0 -127.3627,12.9596,0 -127.4023,12.9608,0 -127.4414,12.9604,0 -127.4807,12.9585,0 -127.5213,12.9556,0 -127.5648,12.9519,0 -127.6133,12.9478,0 -127.6693,12.9436,0 -127.7352,12.9395,0 -127.8135,12.9358,0 -127.9058,12.9324,0 -128.0125,12.9294,0 -128.1324,12.9267,0 -128.2631,12.924,0 -128.4003,12.9212,0 -128.539,12.9181,0 -128.674,12.9147,0 -128.8009,12.911,0 -128.917,12.9071,0 -129.0215,12.9033,0 -129.1154,12.8998,0 -129.201,12.8969,0 -129.2804,12.8948,0 -129.3556,12.8937,0 -129.4272,12.8938,0 -129.4955,12.8951,0 -129.5599,12.8975,0 -129.6198,12.9008,0 -129.6752,12.905,0 -129.726,12.9098,0 -129.7727,12.9151,0 -129.8158,12.9207,0 -129.8558,12.9266,0 -129.8932,12.9327,0 -129.9285,12.939,0 -129.9619,12.9456,0 -129.9938,12.9525,0 -130.0245,12.9597,0 -130.0542,12.9672,0 -130.0832,12.9749,0 -130.1115,12.9829,0 -130.1389,12.991,0 -130.1655,12.9991,0 -130.1911,13.0072,0 -130.2157,13.0153,0 -130.2395,13.0234,0 -130.2625,13.0316,0 -130.2852,13.0399,0 -130.3078,13.0485,0 -130.3307,13.0575,0 -130.354,13.0669,0 -130.378,13.0768,0 -130.4027,13.0874,0 -130.4283,13.0986,0 -130.4547,13.1105,0 -130.4818,13.1231,0 -130.5097,13.1364,0 -130.538,13.1504,0 -130.5665,13.1649,0 -130.5951,13.1799,0 -130.6234,13.1952,0 -130.6512,13.2106,0 -130.6785,13.2261,0 -130.7052,13.2417,0 -130.7314,13.2575,0 -130.7574,13.2734,0 -130.7832,13.2898,0 -130.8091,13.3068,0 -130.8354,13.3244,0 -130.8618,13.3426,0 -130.8883,13.3614,0 -130.9146,13.3804,0 -130.9402,13.3995,0 -130.9649,13.4185,0 -130.9886,13.4372,0 -131.0113,13.4556,0 -131.0333,13.4739,0 -131.0549,13.4923,0 -131.0764,13.5111,0 -131.0982,13.5306,0 -131.1207,13.5512,0 -131.144,13.573,0 -131.168,13.5962,0 -131.1927,13.6207,0 -131.2178,13.6462,0 -131.243,13.6725,0 -131.2678,13.6992,0 -131.292,13.7258,0 -131.3153,13.7522,0 -131.3375,13.7779,0 -131.3585,13.8028,0 -131.3782,13.8268,0 -131.3967,13.8498,0 -131.4139,13.8718,0 -131.43,13.8929,0 -131.4452,13.9133,0 -131.4597,13.9333,0 -131.4738,13.9533,0 -131.4879,13.9738,0 -131.5022,13.9951,0 -131.517,14.0177,0 -131.5323,14.0418,0 -131.5482,14.0676,0 -131.5648,14.095,0 -131.5816,14.1237,0 -131.5987,14.1535,0 -131.6155,14.1838,0 -131.6319,14.2141,0 -131.6475,14.244,0 -131.6623,14.2731,0 -131.6762,14.3012,0 -131.6892,14.3283,0 -131.7013,14.3546,0 -131.7127,14.38,0 -131.7234,14.405,0 -131.7334,14.4295,0 -131.743,14.4539,0 -131.7522,14.4783,0 -131.761,14.5029,0 -131.7696,14.528,0 -131.7781,14.5537,0 -131.7866,14.5805,0 -131.7951,14.6088,0 -131.8037,14.6387,0 -131.8125,14.6705,0 -131.8214,14.7041,0 -131.8302,14.7392,0 -131.839,14.7752,0 -131.8474,14.8115,0 -131.8553,14.8475,0 -131.8626,14.8826,0 -131.8692,14.9165,0 -131.875,14.9492,0 -131.8801,14.9808,0 -131.8844,15.0118,0 -131.8882,15.0424,0 -131.8915,15.073,0 -131.8943,15.1039,0 -131.8969,15.1352,0 -131.899,15.167,0 -131.9008,15.1991,0 -131.9023,15.2314,0 -131.9033,15.2638,0 -131.9038,15.2962,0 -131.9038,15.3285,0 -131.9034,15.3607,0 -131.9024,15.3929,0 -131.901,15.425,0 -131.8992,15.4569,0 -131.8972,15.4885,0 -131.8948,15.5198,0 -131.892,15.5506,0 -131.8889,15.5812,0 -131.8853,15.6118,0 -131.8812,15.6425,0 -131.8766,15.6736,0 -131.8714,15.7052,0 -131.8658,15.7372,0 -131.8596,15.7695,0 -131.8529,15.8018,0 -131.8458,15.8338,0 -131.8383,15.8652,0 -131.8305,15.8957,0 -131.8226,15.9251,0 -131.8145,15.9533,0 -131.8064,15.9803,0 -131.7984,16.0062,0 -131.7903,16.031,0 -131.7823,16.055,0 -131.7744,16.0783,0 -131.7664,16.101,0 -131.7583,16.1234,0 -131.7499,16.1458,0 -131.7413,16.1683,0 -131.7322,16.1913,0 -131.7224,16.2151,0 -131.7119,16.2398,0 -131.7004,16.2658,0 -131.6878,16.2932,0 -131.6742,16.3219,0 -131.6594,16.3519,0 -131.6437,16.3827,0 -131.6273,16.414,0 -131.6104,16.4452,0 -131.5934,16.4757,0 -131.5766,16.5049,0 -131.5601,16.5327,0 -131.544,16.559,0 -131.5282,16.5841,0 -131.5126,16.6082,0 -131.4967,16.6319,0 -131.4804,16.6555,0 -131.4635,16.6794,0 -131.4457,16.7037,0 -131.427,16.7286,0 -131.4073,16.754,0 -131.3867,16.7798,0 -131.3651,16.8061,0 -131.3425,16.8328,0 -131.319,16.8597,0 -131.2946,16.8869,0 -131.2694,16.9142,0 -131.2434,16.9414,0 -131.2171,16.9683,0 -131.1907,16.9945,0 -131.1647,17.0198,0 -131.1396,17.0437,0 -131.1158,17.0661,0 -131.0933,17.0867,0 -131.0721,17.1058,0 -131.0521,17.1233,0 -131.033,17.1396,0 -131.0146,17.1549,0 -130.9965,17.1693,0 -130.9788,17.1831,0 -130.9612,17.1963,0 -130.9437,17.2093,0 -130.9263,17.2219,0 -130.9088,17.2345,0 -130.8912,17.2469,0 -130.8733,17.2594,0 -130.855,17.272,0 -130.8361,17.2849,0 -130.8164,17.298,0 -130.7958,17.3115,0 -130.7741,17.3253,0 -130.7514,17.3395,0 -130.7276,17.3539,0 -130.7027,17.3687,0 -130.6768,17.3835,0 -130.65,17.3984,0 -130.6224,17.4133,0 -130.5941,17.4281,0 -130.5654,17.4426,0 -130.5365,17.4567,0 -130.5078,17.4703,0 -130.4796,17.4832,0 -130.4523,17.4954,0 -130.4258,17.5068,0 -130.4001,17.5176,0 -130.375,17.5278,0 -130.3499,17.5377,0 -130.3246,17.5474,0 -130.2987,17.557,0 -130.272,17.5665,0 -130.2445,17.5759,0 -130.2159,17.5853,0 -130.1862,17.5946,0 -130.1552,17.6038,0 -130.1225,17.6131,0 -130.0876,17.6224,0 -130.0499,17.632,0 -130.0085,17.6423,0 -129.9618,17.6536,0 -129.908,17.6665,0 -129.845,17.6816,0 -129.7711,17.6996,0 -129.6858,17.7206,0 -129.5906,17.7444,0 -129.4888,17.7703,0 -129.3858,17.797,0 -129.287,17.8232,0 -129.1976,17.8474,0 -129.1206,17.8689,0 -129.0569,17.8874,0 -129.0055,17.9028,0 -128.9641,17.9157,0 -128.9299,17.9267,0 -128.9004,17.9363,0 -128.8736,17.9449,0 -128.8479,17.9529,0 -128.8223,17.9607,0 -128.7963,17.9685,0 -128.7693,17.9764,0 -128.7414,17.9847,0 -128.7125,17.9935,0 -128.6829,18.0031,0 -128.6528,18.0137,0 -128.6227,18.0253,0 -128.5926,18.0383,0 -128.5627,18.0528,0 -128.533,18.0688,0 -128.5032,18.0864,0 -128.4731,18.1054,0 -128.4425,18.1255,0 -128.4113,18.1463,0 -128.3799,18.1675,0 -128.3484,18.1885,0 -128.3173,18.209,0 -128.2867,18.2287,0 -128.2569,18.2475,0 -128.2275,18.2656,0 -128.1983,18.2831,0 -128.1687,18.3004,0 -128.1375,18.318,0 -128.1032,18.3369,0 -128.0633,18.3585,0 -128.0136,18.3852,0 -127.9491,18.4204,0 -127.8635,18.4682,0 -127.7513,18.5332,0 -127.6097,18.6191,0 -127.4399,18.7278,0 -127.2489,18.8581,0 -127.0487,19.0052,0 -126.8537,19.1616,0 -126.6779,19.3184,0 -126.5317,19.4668,0 -126.4196,19.6005,0 -126.3408,19.7159,0 -126.2903,19.8127,0 -126.2611,19.8932,0 -126.2461,19.961,0 -126.2396,20.0204,0 -126.2374,20.075,0 -126.2369,20.1277,0 -126.2369,20.1804,0 -126.2365,20.234,0 -126.2355,20.2891,0 -126.2336,20.3456,0 -126.2309,20.4032,0 -126.2272,20.4617,0 -126.2225,20.5208,0 -126.2168,20.5801,0 -126.2099,20.6396,0 -126.202,20.699,0 -126.1928,20.7583,0 -126.1826,20.8172,0 -126.1712,20.8757,0 -126.1589,20.9338,0 -126.1456,20.9911,0 -126.1316,21.0476,0 -126.1168,21.103,0 -126.1015,21.157,0 -126.0856,21.2096,0 -126.0693,21.2607,0 -126.0526,21.3103,0 -126.0355,21.3587,0 -126.0183,21.4062,0 -126.0013,21.4531,0 -125.9848,21.4999,0 -125.9692,21.5469,0 -125.955,21.5948,0 -125.9424,21.6439,0 -125.9312,21.695,0 -125.9215,21.7485,0 -125.9128,21.8045,0 -125.9045,21.8632,0 -125.8964,21.9242,0 -125.8878,21.987,0 -125.8785,22.0511,0 -125.8682,22.1159,0 -125.8569,22.1811,0 -125.8443,22.2465,0 -125.8306,22.3118,0 -125.8156,22.377,0 -125.7994,22.442,0 -125.782,22.5068,0 -125.7633,22.5714,0 -125.7433,22.6357,0 -125.7221,22.6998,0 -125.6996,22.7634,0 -125.676,22.8267,0 -125.6512,22.88950000000001,0 -125.6253,22.9518,0 -125.5984,23.0134,0 -125.5706,23.0741,0 -125.5421,23.1337,0 -125.5131,23.1916,0 -125.484,23.2475,0 -125.4552,23.3009,0 -125.4269,23.35129999999999,0 -125.3995,23.3986,0 -125.3732,23.44279999999999,0 -125.3479,23.4839,0 -125.3237,23.5223,0 -125.3004,23.5581,0 -125.2778,23.5918,0 -125.2559,23.6237,0 -125.2343,23.6539,0 -125.2131,23.6829,0 -125.1919,23.711,0 -125.1707,23.7385,0 -125.1492,23.7657,0 -125.1272,23.793,0 -125.1046,23.8207,0 -125.081,23.8492,0 -125.056,23.8786,0 -125.0293,23.9095,0 -125.0005,23.9419,0 -124.9694,23.9762,0 -124.9361,24.0121,0 -124.9007,24.0492,0 -124.864,24.0869,0 -124.8266,24.1244,0 -124.7895,24.1608,0 -124.7533,24.1956,0 -124.7184,24.2283,0 -124.6851,24.2589,0 -124.6531,24.2875,0 -124.622,24.3146,0 -124.5914,24.3408,0 -124.5605,24.3664,0 -124.5291,24.3921,0 -124.4964,24.4181,0 -124.4621,24.4446,0 -124.4259,24.472,0 -124.3874,24.5004,0 -124.3463,24.5298,0 -124.3026,24.5603,0 -124.2564,24.5918,0 -124.2082,24.6238,0 -124.1588,24.6558,0 -124.1091,24.6873,0 -124.0597,24.7176,0 -124.0112,24.7466,0 -123.9634,24.7741,0 -123.916,24.8004,0 -123.8682,24.8259,0 -123.8194,24.8509,0 -123.7692,24.8758,0 -123.7176,24.9007,0 -123.665,24.9253,0 -123.6122,24.9493,0 -123.5601,24.9723,0 -123.5094,24.9941,0 -123.4604,25.0144,0 -123.4133,25.0334,0 -123.3677,25.0511,0 -123.3229,25.0678,0 -123.2783,25.0838,0 -123.2334,25.0992,0 -123.1878,25.1142,0 -123.1412,25.129,0 -123.0938,25.1433,0 -123.0458,25.1573,0 -122.9977,25.1707,0 -122.9498,25.1836,0 -122.9025,25.1957,0 -122.8562,25.2071,0 -122.8107,25.2177,0 -122.7655,25.2276,0 -122.7199,25.237,0 -122.6728,25.246,0 -122.6229,25.2548,0 -122.5688,25.2634,0 -122.5092,25.2718,0 -122.4424,25.2801,0 -122.3669,25.2881,0 -122.2808,25.2955,0 -122.1823,25.3021,0 -122.0699,25.3077,0 -121.9435,25.3121,0 -121.8041,25.3155,0 -121.6548,25.318,0 -121.5,25.32,0 
								</coordinates>
							</LinearRing>
						</outerBoundaryIs>
					</Polygon>
				</Placemark>
			</Folder>
			<Folder>
				<name>Previous Best Track Posits</name>
				<Placemark>
					<name>26091618Z</name>
					<description>Intensity: 20 knots</description>
					<styleUrl>#BestTrackStyle10</styleUrl>
					<Point>
						<coordinates>-109.8,10.6,0</coordinates>
					</Point>
				</Placemark>
				<Placemark>
					<name>26091700Z</name>
					<description>Intensity: 20 knots</description>
					<styleUrl>#BestTrackStyle10</styleUrl>
					<Point>
						<coordinates>-110.9,10.7,0</coordinates>
					</Point>
				</Placemark>
				<Placemark>
					<name>26091706Z</name>
					<description>Intensity: 20 knots</description>
					<styleUrl>#BestTrackStyle10</styleUrl>
					<Point>
						<coordinates>-112.1,10.9,0</coordinates>
					</Point>
				</Placemark>
				<Placemark>
					<name>26091712Z</name>
					<description>Intensity: 25 knots</description>
					<styleUrl>#BestTrackStyle10</styleUrl>
					<Point>
						<coordinates>-113.1,11.2,0</coordinates>
					</Point>
				</Placemark>
				<Placemark>
					<name>26091718Z</name>
					<description>Intensity: 20 knots</description>
					<styleUrl>#BestTrackStyle10</styleUrl>
					<Point>
						<coordinates>-115.1,11.5,0</coordinates>
					</Point>
				</Placemark>
				<Placemark>
					<name>26091800Z</name>
					<description>Intensity: 20 knots</description>
					<styleUrl>#BestTrackStyle10</styleUrl>
					<Point>
						<coordinates>-116.1,11.5,0</coordinates>
					</Point>
				</Placemark>
				<Placemark>
					<name>26091806Z</name>
					<description>Intensity: 20 knots</description>
					<styleUrl>#BestTrackStyle10</styleUrl>
					<Point>
						<coordinates>-116.7,11.5,0</coordinates>
					</Point>
				</Placemark>
				<Placemark>
					<name>26091812Z</name>
					<description>Intensity: 20 knots</description>
					<styleUrl>#BestTrackStyle10</styleUrl>
					<Point>
						<coordinates>-117.3,11.5,0</coordinates>
					</Point>
				</Placemark>
				<Placemark>
					<name>26091818Z</name>
					<description>Intensity: 20 knots</description>
					<styleUrl>#BestTrackStyle10</styleUrl>
					<Point>
						<coordinates>-117.9,11.4,0</coordinates>
					</Point>
				</Placemark>
				<Placemark>
					<name>26091900Z</name>
					<description>Intensity: 20 knots</description>
					<styleUrl>#BestTrackStyle10</styleUrl>
					<Point>
						<coordinates>-119.1,11.4,0</coordinates>
					</Point>
				</Placemark>
				<Placemark>
					<name>26091906Z</name>
					<description>Intensity: 25 knots</description>
					<styleUrl>#BestTrackStyle10</styleUrl>
					<Point>
						<coordinates>-120.3,11.4,0</coordinates>
					</Point>
				</Placemark>
				<Placemark>
					<name>26091912Z</name>
					<description>Intensity: 25 knots</description>
					<styleUrl>#BestTrackStyle10</styleUrl>
					<Point>
						<coordinates>-121.4,11.3,0</coordinates>
					</Point>
				</Placemark>
				<Placemark>
					<name>26091918Z</name>
					<description>Intensity: 25 knots</description>
					<styleUrl>#BestTrackStyle10</styleUrl>
					<Point>
						<coordinates>-122.5,11.2,0</coordinates>
					</Point>
				</Placemark>
				<Placemark>
					<name>26092000Z</name>
					<description>Intensity: 25 knots</description>
					<styleUrl>#BestTrackStyle10</styleUrl>
					<Point>
						<coordinates>-123.5,11.3,0</coordinates>
					</Point>
				</Placemark>
				<Placemark>
					<name>26092006Z</name>
					<description>Intensity: 35 knots</description>
					<styleUrl>#BestTrackStyle50</styleUrl>
					<Point>
						<coordinates>-124.3,11.1,0</coordinates>
					</Point>
				</Placemark>
				<Placemark>
					<name>26092012Z</name>
					<description>Intensity: 40 knots</description>
					<styleUrl>#BestTrackStyle50</styleUrl>
					<Point>
						<coordinates>-125.2,11.1,0</coordinates>
					</Point>
				</Placemark>
				<Placemark>
					<name>26092018Z</name>
					<description>Intensity: 45 knots</description>
					<styleUrl>#BestTrackStyle50</styleUrl>
					<Point>
						<coordinates>-126.3,11.6,0</coordinates>
					</Point>
				</Placemark>
				<Placemark>
					<name>26092100Z</name>
					<description>Intensity: 45 knots</description>
					<styleUrl>#BestTrackStyle50</styleUrl>
					<Point>
						<coordinates>-127.3,12.8,0</coordinates>
					</Point>
				</Placemark>
				<Placemark>
					<name>26092106Z</name>
					<description>Intensity: 40 knots</description>
					<styleUrl>#BestTrackStyle50</styleUrl>
					<Point>
						<coordinates>-128.3,13.3,0</coordinates>
					</Point>
				</Placemark>
				<Placemark>
					<name>26092112Z</name>
					<description>Intensity: 40 knots</description>
					<styleUrl>#BestTrackStyle50</styleUrl>
					<Point>
						<coordinates>-129,13.6,0</coordinates>
					</Point>
				</Placemark>
				<Placemark>
					<name>26092118Z</name>
					<description>Intensity: 45 knots</description>
					<styleUrl>#BestTrackStyle50</styleUrl>
					<Point>
						<coordinates>-129.7,13.8,0</coordinates>
					</Point>
				</Placemark>
				<Placemark>
					<name>26092200Z</name>
					<description>Intensity: 45 knots</description>
					<styleUrl>#BestTrackStyle50</styleUrl>
					<Point>
						<coordinates>-130.2,14.3,0</coordinates>
					</Point>
				</Placemark>
				<Placemark>
					<name>26092206Z</name>
					<description>Intensity: 50 knots</description>
					<styleUrl>#BestTrackStyle50</styleUrl>
					<Point>
						<coordinates>-130.5,14.5,0</coordinates>
					</Point>
				</Placemark>
				<Placemark>
					<name>26092212Z</name>
					<description>Intensity: 55 knots</description>
					<styleUrl>#BestTrackStyle50</styleUrl>
					<Point>
						<coordinates>-130.7,14.8,0</coordinates>
					</Point>
				</Placemark>
				<Placemark>
					<name>26092218Z</name>
					<description>Intensity: 60 knots</description>
					<styleUrl>#BestTrackStyle50</styleUrl>
					<Point>
						<coordinates>-130.4,15,0</coordinates>
					</Point>
				</Placemark>
				<Placemark>
					<name>Best Track</name>
					<styleUrl>#BestTrack</styleUrl>
					<LineString>
						<tessellate>1</tessellate>
						<coordinates>
							-109.8,10.6,0 -110.9,10.7,0 -112.1,10.9,0 -113.1,11.2,0 -115.1,11.5,0 -116.1,11.5,0 -116.7,11.5,0 -117.3,11.5,0 -117.9,11.4,0 -119.1,11.4,0 -120.3,11.4,0 -121.4,11.3,0 -122.5,11.2,0 -123.5,11.3,0 -124.3,11.1,0 -125.2,11.1,0 -126.3,11.6,0 -127.3,12.8,0 -128.3,13.3,0 -129,13.6,0 -129.7,13.8,0 -130.2,14.3,0 -130.5,14.5,0 -130.7,14.8,0 -130.4,15,0 -129.4,15.3,0 
						</coordinates>
					</LineString>
				</Placemark>
			</Folder>
			<ScreenOverlay>
				<name>JTWC Logo</name>
				<Icon>
					<href>images/JTWCtranslogo.png</href>
				</Icon>
				<overlayXY x="0" y="0" xunits="fraction" yunits="fraction"/>
				<screenXY x="0.02" y="0.025" xunits="fraction" yunits="fraction"/>
				<rotationXY x="0" y="0" xunits="fraction" yunits="fraction"/>
				<size x="0.1" y="0" xunits="fraction" yunits="fraction"/>
			</ScreenOverlay>
		</Folder>
	</Document>
	<Placemark>
		<name>RKSS</name>
		<description><![CDATA[<span style='white-space: nowrap;'>-<b>Airway :</b> <font color='blue'>DCT</font></span><br><br><span style='white-space: nowrap;'>-<b>Altitude :</b> <font color='blue'>59 ft</font></span><br><br><span style='white-space: nowrap;'>-<b>Fuel :</b> <font color='blue'>37951 lbs</font></span><br><br><span style='white-space: nowrap;'>-<b>OAT :</b> <font color='blue'>25</font></span><br><br><span style='white-space: nowrap;'>-<b>TAS :</b> <font color='blue'>None</font></span><br><br><span style='white-space: nowrap;'>-<b>Time 1 :</b> <font color='blue'>T/O + 00.00</font></span><br><br><span style='white-space: nowrap;'>-<b>Time 2 :</b> <font color='blue'>05:20Z, 23</font></span><br><br><span style='white-space: nowrap;'>-<b>MORA :</b> <font color='blue'>6200 ft</font></span><br><br>]]></description>
		<styleUrl>#style_2</styleUrl>
		<Point>
			<extrude>1</extrude>
			<altitudeMode>absolute</altitudeMode>
			<coordinates>126.796667,37.556667,17.9832</coordinates>
		</Point>
	</Placemark>
	<Placemark>
		<name>EGOBA</name>
		<description><![CDATA[<span style='white-space: nowrap;'>-<b>Airway :</b> <font color='blue'>Y697</font></span><br><br><span style='white-space: nowrap;'>-<b>Altitude :</b> <font color='blue'>FL152</font></span><br><br><span style='white-space: nowrap;'>-<b>Fuel :</b> <font color='blue'>37129 lbs</font></span><br><br><span style='white-space: nowrap;'>-<b>OAT :</b> <font color='blue'>8</font></span><br><br><span style='white-space: nowrap;'>-<b>TAS :</b> <font color='blue'>304</font></span><br><br><span style='white-space: nowrap;'>-<b>TAT :</b> <font color='blue'>19</font></span><br><br><span style='white-space: nowrap;'>-<b>Time 1 :</b> <font color='blue'>T/O + 00:05</font></span><br><br><span style='white-space: nowrap;'>-<b>Time 2 :</b> <font color='blue'>05:25Z, 23</font></span><br><br><span style='white-space: nowrap;'>-<b>Wind factor :</b> <font color='blue'>T.W 36kt</font></span><br><br><span style='white-space: nowrap;'>-<b>Shear rate :</b> <font color='blue'>2</font></span><br><br><span style='white-space: nowrap;'>-<b>MORA :</b> <font color='blue'>6200 ft</font></span><br><br>]]></description>
		<styleUrl>#style_3</styleUrl>
		<Point>
			<extrude>1</extrude>
			<altitudeMode>absolute</altitudeMode>
			<coordinates>127.38,37.486667,4632.96</coordinates>
		</Point>
	</Placemark>
	<Placemark>
		<name>KARBU</name>
		<description><![CDATA[<span style='white-space: nowrap;'>-<b>Airway :</b> <font color='blue'>Y697</font></span><br><br><span style='white-space: nowrap;'>-<b>Altitude :</b> <font color='blue'>FL194</font></span><br><br><span style='white-space: nowrap;'>-<b>Fuel :</b> <font color='blue'>36876 lbs</font></span><br><br><span style='white-space: nowrap;'>-<b>OAT :</b> <font color='blue'>-9</font></span><br><br><span style='white-space: nowrap;'>-<b>TAS :</b> <font color='blue'>392</font></span><br><br><span style='white-space: nowrap;'>-<b>TAT :</b> <font color='blue'>10</font></span><br><br><span style='white-space: nowrap;'>-<b>Time 1 :</b> <font color='blue'>T/O + 00:07</font></span><br><br><span style='white-space: nowrap;'>-<b>Time 2 :</b> <font color='blue'>05:27Z, 23</font></span><br><br><span style='white-space: nowrap;'>-<b>Wind factor :</b> <font color='blue'>T.W 41kt</font></span><br><br><span style='white-space: nowrap;'>-<b>Shear rate :</b> <font color='blue'>3</font></span><br><br><span style='white-space: nowrap;'>-<b>MORA :</b> <font color='blue'>6200 ft</font></span><br><br>]]></description>
		<styleUrl>#style_4</styleUrl>
		<Point>
			<extrude>1</extrude>
			<altitudeMode>absolute</altitudeMode>
			<coordinates>127.665,37.533333,5913.12</coordinates>
		</Point>
	</Placemark>
	<Placemark>
		<name>TORUS</name>
		<description><![CDATA[<span style='white-space: nowrap;'>-<b>Airway :</b> <font color='blue'>Y697</font></span><br><br><span style='white-space: nowrap;'>-<b>Altitude :</b> <font color='blue'>FL247</font></span><br><br><span style='white-space: nowrap;'>-<b>Fuel :</b> <font color='blue'>36530 lbs</font></span><br><br><span style='white-space: nowrap;'>-<b>OAT :</b> <font color='blue'>-18</font></span><br><br><span style='white-space: nowrap;'>-<b>TAS :</b> <font color='blue'>422</font></span><br><br><span style='white-space: nowrap;'>-<b>TAT :</b> <font color='blue'>4</font></span><br><br><span style='white-space: nowrap;'>-<b>Time 1 :</b> <font color='blue'>T/O + 00:10</font></span><br><br><span style='white-space: nowrap;'>-<b>Time 2 :</b> <font color='blue'>05:30Z, 23</font></span><br><br><span style='white-space: nowrap;'>-<b>Wind factor :</b> <font color='blue'>T.W 41kt</font></span><br><br><span style='white-space: nowrap;'>-<b>Shear rate :</b> <font color='blue'>6</font></span><br><br><span style='white-space: nowrap;'>-<b>MORA :</b> <font color='blue'>7500 ft</font></span><br><br>]]></description>
		<styleUrl>#style_5</styleUrl>
		<Point>
			<extrude>1</extrude>
			<altitudeMode>absolute</altitudeMode>
			<coordinates>128.135,37.606667,7528.56</coordinates>
		</Point>
	</Placemark>
	<Placemark>
		<name>BIKSI</name>
		<description><![CDATA[<span style='white-space: nowrap;'>-<b>Airway :</b> <font color='blue'>Y697</font></span><br><br><span style='white-space: nowrap;'>-<b>Altitude :</b> <font color='blue'>FL286</font></span><br><br><span style='white-space: nowrap;'>-<b>Fuel :</b> <font color='blue'>36258 lbs</font></span><br><br><span style='white-space: nowrap;'>-<b>OAT :</b> <font color='blue'>-28</font></span><br><br><span style='white-space: nowrap;'>-<b>TAS :</b> <font color='blue'>453</font></span><br><br><span style='white-space: nowrap;'>-<b>TAT :</b> <font color='blue'>-1</font></span><br><br><span style='white-space: nowrap;'>-<b>Time 1 :</b> <font color='blue'>T/O + 00:13</font></span><br><br><span style='white-space: nowrap;'>-<b>Time 2 :</b> <font color='blue'>05:33Z, 23</font></span><br><br><span style='white-space: nowrap;'>-<b>Wind factor :</b> <font color='blue'>T.W 39kt</font></span><br><br><span style='white-space: nowrap;'>-<b>Shear rate :</b> <font color='blue'>4</font></span><br><br><span style='white-space: nowrap;'>-<b>MORA :</b> <font color='blue'>7500 ft</font></span><br><br>]]></description>
		<styleUrl>#style_6</styleUrl>
		<Point>
			<extrude>1</extrude>
			<altitudeMode>absolute</altitudeMode>
			<coordinates>128.585,37.675,8717.280000000001</coordinates>
		</Point>
	</Placemark>
	<Placemark>
		<name>KAE</name>
		<description><![CDATA[<span style='white-space: nowrap;'>-<b>Airway :</b> <font color='blue'>Y697</font></span><br><br><span style='white-space: nowrap;'>-<b>Altitude :</b> <font color='blue'>FL299</font></span><br><br><span style='white-space: nowrap;'>-<b>Fuel :</b> <font color='blue'>36164 lbs</font></span><br><br><span style='white-space: nowrap;'>-<b>OAT :</b> <font color='blue'>-34</font></span><br><br><span style='white-space: nowrap;'>-<b>TAS :</b> <font color='blue'>467</font></span><br><br><span style='white-space: nowrap;'>-<b>TAT :</b> <font color='blue'>-5</font></span><br><br><span style='white-space: nowrap;'>-<b>Time 1 :</b> <font color='blue'>T/O + 00:13</font></span><br><br><span style='white-space: nowrap;'>-<b>Time 2 :</b> <font color='blue'>05:33Z, 23</font></span><br><br><span style='white-space: nowrap;'>-<b>Wind factor :</b> <font color='blue'>T.W 39kt</font></span><br><br><span style='white-space: nowrap;'>-<b>Shear rate :</b> <font color='blue'>2</font></span><br><br><span style='white-space: nowrap;'>-<b>MORA :</b> <font color='blue'>7500 ft</font></span><br><br>]]></description>
		<styleUrl>#style_7</styleUrl>
		<Point>
			<extrude>1</extrude>
			<altitudeMode>absolute</altitudeMode>
			<coordinates>128.753333,37.7,9113.52</coordinates>
		</Point>
	</Placemark>
	<Placemark>
		<name>PILIT</name>
		<description><![CDATA[<span style='white-space: nowrap;'>-<b>Airway :</b> <font color='blue'>Y697</font></span><br><br><span style='white-space: nowrap;'>-<b>Altitude :</b> <font color='blue'>FL340</font></span><br><br><span style='white-space: nowrap;'>-<b>Fuel :</b> <font color='blue'>35841 lbs</font></span><br><br><span style='white-space: nowrap;'>-<b>OAT :</b> <font color='blue'>-39</font></span><br><br><span style='white-space: nowrap;'>-<b>TAS :</b> <font color='blue'>491</font></span><br><br><span style='white-space: nowrap;'>-<b>TAT :</b> <font color='blue'>-7</font></span><br><br><span style='white-space: nowrap;'>-<b>Time 1 :</b> <font color='blue'>T/O + 00:17</font></span><br><br><span style='white-space: nowrap;'>-<b>Time 2 :</b> <font color='blue'>05:37Z, 23</font></span><br><br><span style='white-space: nowrap;'>-<b>Wind factor :</b> <font color='blue'>T.W 22kt</font></span><br><br><span style='white-space: nowrap;'>-<b>Shear rate :</b> <font color='blue'>1</font></span><br><br><span style='white-space: nowrap;'>-<b>MORA :</b> <font color='blue'>7500 ft</font></span><br><br>]]></description>
		<styleUrl>#style_8</styleUrl>
		<Point>
			<extrude>1</extrude>
			<altitudeMode>absolute</altitudeMode>
			<coordinates>129.291667,37.441667,10363.2</coordinates>
		</Point>
	</Placemark>
	<Placemark>
		<name>ESNEG</name>
		<description><![CDATA[<span style='white-space: nowrap;'>-<b>Airway :</b> <font color='blue'>Y697</font></span><br><br><span style='white-space: nowrap;'>-<b>Altitude :</b> <font color='blue'>FL387</font></span><br><br><span style='white-space: nowrap;'>-<b>Fuel :</b> <font color='blue'>35538 lbs</font></span><br><br><span style='white-space: nowrap;'>-<b>OAT :</b> <font color='blue'>-48</font></span><br><br><span style='white-space: nowrap;'>-<b>TAS :</b> <font color='blue'>508</font></span><br><br><span style='white-space: nowrap;'>-<b>TAT :</b> <font color='blue'>-14</font></span><br><br><span style='white-space: nowrap;'>-<b>Time 1 :</b> <font color='blue'>T/O + 00:20</font></span><br><br><span style='white-space: nowrap;'>-<b>Time 2 :</b> <font color='blue'>05:40Z, 23</font></span><br><br><span style='white-space: nowrap;'>-<b>Wind factor :</b> <font color='blue'>T.W 21kt</font></span><br><br><span style='white-space: nowrap;'>-<b>Shear rate :</b> <font color='blue'>1</font></span><br><br><span style='white-space: nowrap;'>-<b>MORA :</b> <font color='blue'>7500 ft</font></span><br><br>]]></description>
		<styleUrl>#style_9</styleUrl>
		<Point>
			<extrude>1</extrude>
			<altitudeMode>absolute</altitudeMode>
			<coordinates>129.846667,37.17,11795.76</coordinates>
		</Point>
	</Placemark>
	<Placemark>
		<name>-TOC-</name>
		<description><![CDATA[<span style='white-space: nowrap;'>-<b>Airway :</b> <font color='blue'>Y697</font></span><br><br><span style='white-space: nowrap;'>-<b>Altitude :</b> <font color='blue'>FL410</font></span><br><br><span style='white-space: nowrap;'>-<b>Fuel :</b> <font color='blue'>35349 lbs</font></span><br><br><span style='white-space: nowrap;'>-<b>OAT :</b> <font color='blue'>-52</font></span><br><br><span style='white-space: nowrap;'>-<b>TAS :</b> <font color='blue'>504</font></span><br><br><span style='white-space: nowrap;'>-<b>TAT :</b> <font color='blue'>-19</font></span><br><br><span style='white-space: nowrap;'>-<b>Time 1 :</b> <font color='blue'>T/O + 00:23</font></span><br><br><span style='white-space: nowrap;'>-<b>Time 2 :</b> <font color='blue'>05:43Z, 23</font></span><br><br><span style='white-space: nowrap;'>-<b>Wind factor :</b> <font color='blue'>T.W 20kt</font></span><br><br><span style='white-space: nowrap;'>-<b>Shear rate :</b> <font color='blue'>4</font></span><br><br><span style='white-space: nowrap;'>-<b>MORA :</b> <font color='blue'>7500 ft</font></span><br><br>]]></description>
		<styleUrl>#style_10</styleUrl>
		<Point>
			<extrude>1</extrude>
			<altitudeMode>absolute</altitudeMode>
			<coordinates>130.245,36.973333,12496.8</coordinates>
		</Point>
	</Placemark>
	<Placemark>
		<name>AGSUS</name>
		<description><![CDATA[<span style='white-space: nowrap;'>-<b>Airway :</b> <font color='blue'>Y697</font></span><br><br><span style='white-space: nowrap;'>-<b>Altitude :</b> <font color='blue'>FL410</font></span><br><br><span style='white-space: nowrap;'>-<b>Fuel :</b> <font color='blue'>35183 lbs</font></span><br><br><span style='white-space: nowrap;'>-<b>OAT :</b> <font color='blue'>-54</font></span><br><br><span style='white-space: nowrap;'>-<b>TAS :</b> <font color='blue'>502</font></span><br><br><span style='white-space: nowrap;'>-<b>TAT :</b> <font color='blue'>-20</font></span><br><br><span style='white-space: nowrap;'>-<b>Time 1 :</b> <font color='blue'>T/O + 00:25</font></span><br><br><span style='white-space: nowrap;'>-<b>Time 2 :</b> <font color='blue'>05:45Z, 23</font></span><br><br><span style='white-space: nowrap;'>-<b>Wind factor :</b> <font color='blue'>T.W 18kt</font></span><br><br><span style='white-space: nowrap;'>-<b>Shear rate :</b> <font color='blue'>4</font></span><br><br><span style='white-space: nowrap;'>-<b>MORA :</b> <font color='blue'>7500 ft</font></span><br><br>]]></description>
		<styleUrl>#style_11</styleUrl>
		<Point>
			<extrude>1</extrude>
			<altitudeMode>absolute</altitudeMode>
			<coordinates>130.678333,36.755,12496.8</coordinates>
		</Point>
	</Placemark>
	<Placemark>
		<name>LANAT</name>
		<description><![CDATA[<span style='white-space: nowrap;'>-<b>Airway :</b> <font color='blue'>Y51</font></span><br><br><span style='white-space: nowrap;'>-<b>Altitude :</b> <font color='blue'>FL410</font></span><br><br><span style='white-space: nowrap;'>-<b>Fuel :</b> <font color='blue'>34895 lbs</font></span><br><br><span style='white-space: nowrap;'>-<b>OAT :</b> <font color='blue'>-54</font></span><br><br><span style='white-space: nowrap;'>-<b>TAS :</b> <font color='blue'>501</font></span><br><br><span style='white-space: nowrap;'>-<b>TAT :</b> <font color='blue'>-21</font></span><br><br><span style='white-space: nowrap;'>-<b>Time 1 :</b> <font color='blue'>T/O + 00:30</font></span><br><br><span style='white-space: nowrap;'>-<b>Time 2 :</b> <font color='blue'>05:50Z, 23</font></span><br><br><span style='white-space: nowrap;'>-<b>Wind factor :</b> <font color='blue'>T.W 17kt</font></span><br><br><span style='white-space: nowrap;'>-<b>Shear rate :</b> <font color='blue'>3</font></span><br><br><span style='white-space: nowrap;'>-<b>MORA :</b> <font color='blue'>1500 ft</font></span><br><br>]]></description>
		<styleUrl>#style_12</styleUrl>
		<Point>
			<extrude>1</extrude>
			<altitudeMode>absolute</altitudeMode>
			<coordinates>131.428333,36.373333,12496.8</coordinates>
		</Point>
	</Placemark>
	<Placemark>
		<name>DISSH</name>
		<description><![CDATA[<span style='white-space: nowrap;'>-<b>Airway :</b> <font color='blue'>Y51</font></span><br><br><span style='white-space: nowrap;'>-<b>Altitude :</b> <font color='blue'>FL410</font></span><br><br><span style='white-space: nowrap;'>-<b>Fuel :</b> <font color='blue'>34163 lbs</font></span><br><br><span style='white-space: nowrap;'>-<b>OAT :</b> <font color='blue'>-55</font></span><br><br><span style='white-space: nowrap;'>-<b>TAS :</b> <font color='blue'>501</font></span><br><br><span style='white-space: nowrap;'>-<b>TAT :</b> <font color='blue'>-21</font></span><br><br><span style='white-space: nowrap;'>-<b>Time 1 :</b> <font color='blue'>T/O + 00:42</font></span><br><br><span style='white-space: nowrap;'>-<b>Time 2 :</b> <font color='blue'>06:02Z, 23</font></span><br><br><span style='white-space: nowrap;'>-<b>Wind factor :</b> <font color='blue'>T.W 33kt</font></span><br><br><span style='white-space: nowrap;'>-<b>Shear rate :</b> <font color='blue'>2</font></span><br><br><span style='white-space: nowrap;'>-<b>MORA :</b> <font color='blue'>3300 ft</font></span><br><br>]]></description>
		<styleUrl>#style_13</styleUrl>
		<Point>
			<extrude>1</extrude>
			<altitudeMode>absolute</altitudeMode>
			<coordinates>133.761667,36.281667,12496.8</coordinates>
		</Point>
	</Placemark>
	<Placemark>
		<name>OVSOS</name>
		<description><![CDATA[<span style='white-space: nowrap;'>-<b>Airway :</b> <font color='blue'>Y51</font></span><br><br><span style='white-space: nowrap;'>-<b>Altitude :</b> <font color='blue'>FL410</font></span><br><br><span style='white-space: nowrap;'>-<b>Fuel :</b> <font color='blue'>34060 lbs</font></span><br><br><span style='white-space: nowrap;'>-<b>OAT :</b> <font color='blue'>-55</font></span><br><br><span style='white-space: nowrap;'>-<b>TAS :</b> <font color='blue'>500</font></span><br><br><span style='white-space: nowrap;'>-<b>TAT :</b> <font color='blue'>-22</font></span><br><br><span style='white-space: nowrap;'>-<b>Time 1 :</b> <font color='blue'>T/O + 00:44</font></span><br><br><span style='white-space: nowrap;'>-<b>Time 2 :</b> <font color='blue'>06:04Z, 23</font></span><br><br><span style='white-space: nowrap;'>-<b>Wind factor :</b> <font color='blue'>T.W 32kt</font></span><br><br><span style='white-space: nowrap;'>-<b>Shear rate :</b> <font color='blue'>3</font></span><br><br><span style='white-space: nowrap;'>-<b>MORA :</b> <font color='blue'>3300 ft</font></span><br><br>]]></description>
		<styleUrl>#style_14</styleUrl>
		<Point>
			<extrude>1</extrude>
			<altitudeMode>absolute</altitudeMode>
			<coordinates>134.088333,36.265,12496.8</coordinates>
		</Point>
	</Placemark>
	<Placemark>
		<name>SAMON</name>
		<description><![CDATA[<span style='white-space: nowrap;'>-<b>Airway :</b> <font color='blue'>Y142</font></span><br><br><span style='white-space: nowrap;'>-<b>Altitude :</b> <font color='blue'>FL410</font></span><br><br><span style='white-space: nowrap;'>-<b>Fuel :</b> <font color='blue'>33929 lbs</font></span><br><br><span style='white-space: nowrap;'>-<b>OAT :</b> <font color='blue'>-55</font></span><br><br><span style='white-space: nowrap;'>-<b>TAS :</b> <font color='blue'>500</font></span><br><br><span style='white-space: nowrap;'>-<b>TAT :</b> <font color='blue'>-22</font></span><br><br><span style='white-space: nowrap;'>-<b>Time 1 :</b> <font color='blue'>T/O + 00:46</font></span><br><br><span style='white-space: nowrap;'>-<b>Time 2 :</b> <font color='blue'>06:06Z, 23</font></span><br><br><span style='white-space: nowrap;'>-<b>Wind factor :</b> <font color='blue'>T.W 31kt</font></span><br><br><span style='white-space: nowrap;'>-<b>Shear rate :</b> <font color='blue'>3</font></span><br><br><span style='white-space: nowrap;'>-<b>MORA :</b> <font color='blue'>1000 ft</font></span><br><br>]]></description>
		<styleUrl>#style_15</styleUrl>
		<Point>
			<extrude>1</extrude>
			<altitudeMode>absolute</altitudeMode>
			<coordinates>134.503333,36.243333,12496.8</coordinates>
		</Point>
	</Placemark>
	<Placemark>
		<name>NESKO</name>
		<description><![CDATA[<span style='white-space: nowrap;'>-<b>Airway :</b> <font color='blue'>Y142</font></span><br><br><span style='white-space: nowrap;'>-<b>Altitude :</b> <font color='blue'>FL410</font></span><br><br><span style='white-space: nowrap;'>-<b>Fuel :</b> <font color='blue'>33178 lbs</font></span><br><br><span style='white-space: nowrap;'>-<b>OAT :</b> <font color='blue'>-55</font></span><br><br><span style='white-space: nowrap;'>-<b>TAS :</b> <font color='blue'>500</font></span><br><br><span style='white-space: nowrap;'>-<b>TAT :</b> <font color='blue'>-22</font></span><br><br><span style='white-space: nowrap;'>-<b>Time 1 :</b> <font color='blue'>T/O + 00:59</font></span><br><br><span style='white-space: nowrap;'>-<b>Time 2 :</b> <font color='blue'>06:19Z, 23</font></span><br><br><span style='white-space: nowrap;'>-<b>Wind factor :</b> <font color='blue'>T.W 45kt</font></span><br><br><span style='white-space: nowrap;'>-<b>Shear rate :</b> <font color='blue'>3</font></span><br><br><span style='white-space: nowrap;'>-<b>MORA :</b> <font color='blue'>11200 ft</font></span><br><br>]]></description>
		<styleUrl>#style_16</styleUrl>
		<Point>
			<extrude>1</extrude>
			<altitudeMode>absolute</altitudeMode>
			<coordinates>136.72,37.1,12496.8</coordinates>
		</Point>
	</Placemark>
	<Placemark>
		<name>BEGSA</name>
		<description><![CDATA[<span style='white-space: nowrap;'>-<b>Airway :</b> <font color='blue'>Y142</font></span><br><br><span style='white-space: nowrap;'>-<b>Altitude :</b> <font color='blue'>FL410</font></span><br><br><span style='white-space: nowrap;'>-<b>Fuel :</b> <font color='blue'>32625 lbs</font></span><br><br><span style='white-space: nowrap;'>-<b>OAT :</b> <font color='blue'>-55</font></span><br><br><span style='white-space: nowrap;'>-<b>TAS :</b> <font color='blue'>500</font></span><br><br><span style='white-space: nowrap;'>-<b>TAT :</b> <font color='blue'>-22</font></span><br><br><span style='white-space: nowrap;'>-<b>Time 1 :</b> <font color='blue'>T/O + 01:08</font></span><br><br><span style='white-space: nowrap;'>-<b>Time 2 :</b> <font color='blue'>06:28Z, 23</font></span><br><br><span style='white-space: nowrap;'>-<b>Wind factor :</b> <font color='blue'>T.W 44kt</font></span><br><br><span style='white-space: nowrap;'>-<b>Shear rate :</b> <font color='blue'>3</font></span><br><br><span style='white-space: nowrap;'>-<b>MORA :</b> <font color='blue'>5900 ft</font></span><br><br>]]></description>
		<styleUrl>#style_17</styleUrl>
		<Point>
			<extrude>1</extrude>
			<altitudeMode>absolute</altitudeMode>
			<coordinates>138.403333,37.71,12496.8</coordinates>
		</Point>
	</Placemark>
	<Placemark>
		<name>GTC</name>
		<description><![CDATA[<span style='white-space: nowrap;'>-<b>Airway :</b> <font color='blue'>Y512</font></span><br><br><span style='white-space: nowrap;'>-<b>Altitude :</b> <font color='blue'>FL410</font></span><br><br><span style='white-space: nowrap;'>-<b>Fuel :</b> <font color='blue'>32397 lbs</font></span><br><br><span style='white-space: nowrap;'>-<b>OAT :</b> <font color='blue'>-55</font></span><br><br><span style='white-space: nowrap;'>-<b>TAS :</b> <font color='blue'>500</font></span><br><br><span style='white-space: nowrap;'>-<b>TAT :</b> <font color='blue'>-22</font></span><br><br><span style='white-space: nowrap;'>-<b>Time 1 :</b> <font color='blue'>T/O + 01:12</font></span><br><br><span style='white-space: nowrap;'>-<b>Time 2 :</b> <font color='blue'>06:32Z, 23</font></span><br><br><span style='white-space: nowrap;'>-<b>Wind factor :</b> <font color='blue'>T.W 49kt</font></span><br><br><span style='white-space: nowrap;'>-<b>Shear rate :</b> <font color='blue'>3</font></span><br><br><span style='white-space: nowrap;'>-<b>MORA :</b> <font color='blue'>9400 ft</font></span><br><br>]]></description>
		<styleUrl>#style_18</styleUrl>
		<Point>
			<extrude>1</extrude>
			<altitudeMode>absolute</altitudeMode>
			<coordinates>139.115,37.958333,12496.8</coordinates>
		</Point>
	</Placemark>
	<Placemark>
		<name>ELDAK</name>
		<description><![CDATA[<span style='white-space: nowrap;'>-<b>Airway :</b> <font color='blue'>Y512</font></span><br><br><span style='white-space: nowrap;'>-<b>Altitude :</b> <font color='blue'>FL410</font></span><br><br><span style='white-space: nowrap;'>-<b>Fuel :</b> <font color='blue'>32204 lbs</font></span><br><br><span style='white-space: nowrap;'>-<b>OAT :</b> <font color='blue'>-56</font></span><br><br><span style='white-space: nowrap;'>-<b>TAS :</b> <font color='blue'>500</font></span><br><br><span style='white-space: nowrap;'>-<b>TAT :</b> <font color='blue'>-23</font></span><br><br><span style='white-space: nowrap;'>-<b>Time 1 :</b> <font color='blue'>T/O + 01:16</font></span><br><br><span style='white-space: nowrap;'>-<b>Time 2 :</b> <font color='blue'>06:36Z, 23</font></span><br><br><span style='white-space: nowrap;'>-<b>Wind factor :</b> <font color='blue'>T.W 44kt</font></span><br><br><span style='white-space: nowrap;'>-<b>Shear rate :</b> <font color='blue'>3</font></span><br><br><span style='white-space: nowrap;'>-<b>MORA :</b> <font color='blue'>9400 ft</font></span><br><br>]]></description>
		<styleUrl>#style_19</styleUrl>
		<Point>
			<extrude>1</extrude>
			<altitudeMode>absolute</altitudeMode>
			<coordinates>139.761667,38.026667,12496.8</coordinates>
		</Point>
	</Placemark>
	<Placemark>
		<name>SDE</name>
		<description><![CDATA[<span style='white-space: nowrap;'>-<b>Airway :</b> <font color='blue'>Y512</font></span><br><br><span style='white-space: nowrap;'>-<b>Altitude :</b> <font color='blue'>FL410</font></span><br><br><span style='white-space: nowrap;'>-<b>Fuel :</b> <font color='blue'>31859 lbs</font></span><br><br><span style='white-space: nowrap;'>-<b>OAT :</b> <font color='blue'>-56</font></span><br><br><span style='white-space: nowrap;'>-<b>TAS :</b> <font color='blue'>500</font></span><br><br><span style='white-space: nowrap;'>-<b>TAT :</b> <font color='blue'>-23</font></span><br><br><span style='white-space: nowrap;'>-<b>Time 1 :</b> <font color='blue'>T/O + 01:22</font></span><br><br><span style='white-space: nowrap;'>-<b>Time 2 :</b> <font color='blue'>06:42Z, 23</font></span><br><br><span style='white-space: nowrap;'>-<b>Wind factor :</b> <font color='blue'>T.W 38kt</font></span><br><br><span style='white-space: nowrap;'>-<b>Shear rate :</b> <font color='blue'>2</font></span><br><br><span style='white-space: nowrap;'>-<b>MORA :</b> <font color='blue'>8800 ft</font></span><br><br>]]></description>
		<styleUrl>#style_20</styleUrl>
		<Point>
			<extrude>1</extrude>
			<altitudeMode>absolute</altitudeMode>
			<coordinates>140.921667,38.138333,12496.8</coordinates>
		</Point>
	</Placemark>
	<Placemark>
		<name>BEKEN</name>
		<description><![CDATA[<span style='white-space: nowrap;'>-<b>Airway :</b> <font color='blue'>Y512</font></span><br><br><span style='white-space: nowrap;'>-<b>Altitude :</b> <font color='blue'>FL410</font></span><br><br><span style='white-space: nowrap;'>-<b>Fuel :</b> <font color='blue'>31511 lbs</font></span><br><br><span style='white-space: nowrap;'>-<b>OAT :</b> <font color='blue'>-56</font></span><br><br><span style='white-space: nowrap;'>-<b>TAS :</b> <font color='blue'>500</font></span><br><br><span style='white-space: nowrap;'>-<b>TAT :</b> <font color='blue'>-23</font></span><br><br><span style='white-space: nowrap;'>-<b>Time 1 :</b> <font color='blue'>T/O + 01:28</font></span><br><br><span style='white-space: nowrap;'>-<b>Time 2 :</b> <font color='blue'>06:48Z, 23</font></span><br><br><span style='white-space: nowrap;'>-<b>Wind factor :</b> <font color='blue'>T.W 28kt</font></span><br><br><span style='white-space: nowrap;'>-<b>Shear rate :</b> <font color='blue'>2</font></span><br><br><span style='white-space: nowrap;'>-<b>MORA :</b> <font color='blue'>8800 ft</font></span><br><br>]]></description>
		<styleUrl>#style_21</styleUrl>
		<Point>
			<extrude>1</extrude>
			<altitudeMode>absolute</altitudeMode>
			<coordinates>142.061667,38.006667,12496.8</coordinates>
		</Point>
	</Placemark>
	<Placemark>
		<name>SOVMO</name>
		<description><![CDATA[<span style='white-space: nowrap;'>-<b>Airway :</b> <font color='blue'>Y512</font></span><br><br><span style='white-space: nowrap;'>-<b>Altitude :</b> <font color='blue'>FL410</font></span><br><br><span style='white-space: nowrap;'>-<b>Fuel :</b> <font color='blue'>31152 lbs</font></span><br><br><span style='white-space: nowrap;'>-<b>OAT :</b> <font color='blue'>-56</font></span><br><br><span style='white-space: nowrap;'>-<b>TAS :</b> <font color='blue'>500</font></span><br><br><span style='white-space: nowrap;'>-<b>TAT :</b> <font color='blue'>-23</font></span><br><br><span style='white-space: nowrap;'>-<b>Time 1 :</b> <font color='blue'>T/O + 01:34</font></span><br><br><span style='white-space: nowrap;'>-<b>Time 2 :</b> <font color='blue'>06:54Z, 23</font></span><br><br><span style='white-space: nowrap;'>-<b>Wind factor :</b> <font color='blue'>T.W 33kt</font></span><br><br><span style='white-space: nowrap;'>-<b>Shear rate :</b> <font color='blue'>3</font></span><br><br><span style='white-space: nowrap;'>-<b>MORA :</b> <font color='blue'>1000 ft</font></span><br><br>]]></description>
		<styleUrl>#style_22</styleUrl>
		<Point>
			<extrude>1</extrude>
			<altitudeMode>absolute</altitudeMode>
			<coordinates>143.233333,37.856667,12496.8</coordinates>
		</Point>
	</Placemark>
	<Placemark>
		<name>OATIS</name>
		<description><![CDATA[<span style='white-space: nowrap;'>-<b>Airway :</b> <font color='blue'>R580</font></span><br><br><span style='white-space: nowrap;'>-<b>Altitude :</b> <font color='blue'>FL410</font></span><br><br><span style='white-space: nowrap;'>-<b>Fuel :</b> <font color='blue'>31058 lbs</font></span><br><br><span style='white-space: nowrap;'>-<b>OAT :</b> <font color='blue'>-56</font></span><br><br><span style='white-space: nowrap;'>-<b>TAS :</b> <font color='blue'>500</font></span><br><br><span style='white-space: nowrap;'>-<b>TAT :</b> <font color='blue'>-23</font></span><br><br><span style='white-space: nowrap;'>-<b>Time 1 :</b> <font color='blue'>T/O + 01:35</font></span><br><br><span style='white-space: nowrap;'>-<b>Time 2 :</b> <font color='blue'>06:55Z, 23</font></span><br><br><span style='white-space: nowrap;'>-<b>Wind factor :</b> <font color='blue'>T.W 33kt</font></span><br><br><span style='white-space: nowrap;'>-<b>Shear rate :</b> <font color='blue'>3</font></span><br><br><span style='white-space: nowrap;'>-<b>MORA :</b> <font color='blue'>1000 ft</font></span><br><br>]]></description>
		<styleUrl>#style_23</styleUrl>
		<Point>
			<extrude>1</extrude>
			<altitudeMode>absolute</altitudeMode>
			<coordinates>143.54,37.816667,12496.8</coordinates>
		</Point>
	</Placemark>
	<Placemark>
		<name>MAKMU</name>
		<description><![CDATA[<span style='white-space: nowrap;'>-<b>Airway :</b> <font color='blue'>R580</font></span><br><br><span style='white-space: nowrap;'>-<b>Altitude :</b> <font color='blue'>FL410</font></span><br><br><span style='white-space: nowrap;'>-<b>Fuel :</b> <font color='blue'>30639 lbs</font></span><br><br><span style='white-space: nowrap;'>-<b>OAT :</b> <font color='blue'>-56</font></span><br><br><span style='white-space: nowrap;'>-<b>TAS :</b> <font color='blue'>500</font></span><br><br><span style='white-space: nowrap;'>-<b>TAT :</b> <font color='blue'>-23</font></span><br><br><span style='white-space: nowrap;'>-<b>Time 1 :</b> <font color='blue'>T/O + 01:43</font></span><br><br><span style='white-space: nowrap;'>-<b>Time 2 :</b> <font color='blue'>07:03Z, 23</font></span><br><br><span style='white-space: nowrap;'>-<b>Wind factor :</b> <font color='blue'>T.W 47kt</font></span><br><br><span style='white-space: nowrap;'>-<b>Shear rate :</b> <font color='blue'>3</font></span><br><br><span style='white-space: nowrap;'>-<b>MORA :</b> <font color='blue'>1000 ft</font></span><br><br>]]></description>
		<styleUrl>#style_24</styleUrl>
		<Point>
			<extrude>1</extrude>
			<altitudeMode>absolute</altitudeMode>
			<coordinates>144.511667,38.688333,12496.8</coordinates>
		</Point>
	</Placemark>
	<Placemark>
		<name>ONEMU</name>
		<description><![CDATA[<span style='white-space: nowrap;'>-<b>Airway :</b> <font color='blue'>R580</font></span><br><br><span style='white-space: nowrap;'>-<b>Altitude :</b> <font color='blue'>FL410</font></span><br><br><span style='white-space: nowrap;'>-<b>Fuel :</b> <font color='blue'>29166 lbs</font></span><br><br><span style='white-space: nowrap;'>-<b>OAT :</b> <font color='blue'>-55</font></span><br><br><span style='white-space: nowrap;'>-<b>TAS :</b> <font color='blue'>501</font></span><br><br><span style='white-space: nowrap;'>-<b>TAT :</b> <font color='blue'>-21</font></span><br><br><span style='white-space: nowrap;'>-<b>Time 1 :</b> <font color='blue'>T/O + 02:08</font></span><br><br><span style='white-space: nowrap;'>-<b>Time 2 :</b> <font color='blue'>07:28Z, 23</font></span><br><br><span style='white-space: nowrap;'>-<b>Wind factor :</b> <font color='blue'>T.W 67kt</font></span><br><br><span style='white-space: nowrap;'>-<b>Shear rate :</b> <font color='blue'>3</font></span><br><br><span style='white-space: nowrap;'>-<b>MORA :</b> <font color='blue'>1000 ft</font></span><br><br>]]></description>
		<styleUrl>#style_25</styleUrl>
		<Point>
			<extrude>1</extrude>
			<altitudeMode>absolute</altitudeMode>
			<coordinates>148.216667,41.74,12496.8</coordinates>
		</Point>
	</Placemark>
	<Placemark>
		<name>OPULO</name>
		<description><![CDATA[<span style='white-space: nowrap;'>-<b>Airway :</b> <font color='blue'>DCT</font></span><br><br><span style='white-space: nowrap;'>-<b>Altitude :</b> <font color='blue'>FL410</font></span><br><br><span style='white-space: nowrap;'>-<b>Fuel :</b> <font color='blue'>27274 lbs</font></span><br><br><span style='white-space: nowrap;'>-<b>OAT :</b> <font color='blue'>-52</font></span><br><br><span style='white-space: nowrap;'>-<b>TAS :</b> <font color='blue'>503</font></span><br><br><span style='white-space: nowrap;'>-<b>TAT :</b> <font color='blue'>-19</font></span><br><br><span style='white-space: nowrap;'>-<b>Time 1 :</b> <font color='blue'>T/O + 02:41</font></span><br><br><span style='white-space: nowrap;'>-<b>Time 2 :</b> <font color='blue'>08:01Z, 23</font></span><br><br><span style='white-space: nowrap;'>-<b>Wind factor :</b> <font color='blue'>T.W 81kt</font></span><br><br><span style='white-space: nowrap;'>-<b>Shear rate :</b> <font color='blue'>4</font></span><br><br><span style='white-space: nowrap;'>-<b>MORA :</b> <font color='blue'>1000 ft</font></span><br><br>]]></description>
		<styleUrl>#style_26</styleUrl>
		<Point>
			<extrude>1</extrude>
			<altitudeMode>absolute</altitudeMode>
			<coordinates>153.72,45.53166700000001,12496.8</coordinates>
		</Point>
	</Placemark>
	<Placemark>
		<name>OGDEN</name>
		<description><![CDATA[<span style='white-space: nowrap;'>-<b>Airway :</b> <font color='blue'>R580</font></span><br><br><span style='white-space: nowrap;'>-<b>Altitude :</b> <font color='blue'>FL410</font></span><br><br><span style='white-space: nowrap;'>-<b>Fuel :</b> <font color='blue'>25083 lbs</font></span><br><br><span style='white-space: nowrap;'>-<b>OAT :</b> <font color='blue'>-48</font></span><br><br><span style='white-space: nowrap;'>-<b>TAS :</b> <font color='blue'>508</font></span><br><br><span style='white-space: nowrap;'>-<b>TAT :</b> <font color='blue'>-14</font></span><br><br><span style='white-space: nowrap;'>-<b>Time 1 :</b> <font color='blue'>T/O + 03:20</font></span><br><br><span style='white-space: nowrap;'>-<b>Time 2 :</b> <font color='blue'>08:40Z, 23</font></span><br><br><span style='white-space: nowrap;'>-<b>Wind factor :</b> <font color='blue'>T.W 78kt</font></span><br><br><span style='white-space: nowrap;'>-<b>Shear rate :</b> <font color='blue'>3</font></span><br><br><span style='white-space: nowrap;'>-<b>MORA :</b> <font color='blue'>1000 ft</font></span><br><br>]]></description>
		<styleUrl>#style_27</styleUrl>
		<Point>
			<extrude>1</extrude>
			<altitudeMode>absolute</altitudeMode>
			<coordinates>161.13,49.51,12496.8</coordinates>
		</Point>
	</Placemark>
	<Placemark>
		<name>OPHET</name>
		<description><![CDATA[<span style='white-space: nowrap;'>-<b>Airway :</b> <font color='blue'>DCT</font></span><br><br><span style='white-space: nowrap;'>-<b>Altitude :</b> <font color='blue'>FL410</font></span><br><br><span style='white-space: nowrap;'>-<b>Fuel :</b> <font color='blue'>24208 lbs</font></span><br><br><span style='white-space: nowrap;'>-<b>OAT :</b> <font color='blue'>-46</font></span><br><br><span style='white-space: nowrap;'>-<b>TAS :</b> <font color='blue'>511</font></span><br><br><span style='white-space: nowrap;'>-<b>TAT :</b> <font color='blue'>-11</font></span><br><br><span style='white-space: nowrap;'>-<b>Time 1 :</b> <font color='blue'>T/O + 03:35</font></span><br><br><span style='white-space: nowrap;'>-<b>Time 2 :</b> <font color='blue'>08:55Z, 23</font></span><br><br><span style='white-space: nowrap;'>-<b>Wind factor :</b> <font color='blue'>T.W 71kt</font></span><br><br><span style='white-space: nowrap;'>-<b>Shear rate :</b> <font color='blue'>1</font></span><br><br><span style='white-space: nowrap;'>-<b>MORA :</b> <font color='blue'>1000 ft</font></span><br><br>]]></description>
		<styleUrl>#style_28</styleUrl>
		<Point>
			<extrude>1</extrude>
			<altitudeMode>absolute</altitudeMode>
			<coordinates>164.44,50.89833300000001,12496.8</coordinates>
		</Point>
	</Placemark>
	<Placemark>
		<name>51E70</name>
		<description><![CDATA[<span style='white-space: nowrap;'>-<b>Airway :</b> <font color='blue'>DCT</font></span><br><br><span style='white-space: nowrap;'>-<b>Altitude :</b> <font color='blue'>FL410</font></span><br><br><span style='white-space: nowrap;'>-<b>Fuel :</b> <font color='blue'>22999 lbs</font></span><br><br><span style='white-space: nowrap;'>-<b>OAT :</b> <font color='blue'>-46</font></span><br><br><span style='white-space: nowrap;'>-<b>TAS :</b> <font color='blue'>511</font></span><br><br><span style='white-space: nowrap;'>-<b>TAT :</b> <font color='blue'>-11</font></span><br><br><span style='white-space: nowrap;'>-<b>Time 1 :</b> <font color='blue'>T/O + 03:57</font></span><br><br><span style='white-space: nowrap;'>-<b>Time 2 :</b> <font color='blue'>09:17Z, 23</font></span><br><br><span style='white-space: nowrap;'>-<b>Wind factor :</b> <font color='blue'>T.W 76kt</font></span><br><br><span style='white-space: nowrap;'>-<b>Shear rate :</b> <font color='blue'>1</font></span><br><br><span style='white-space: nowrap;'>-<b>MORA :</b> <font color='blue'>1000 ft</font></span><br><br>]]></description>
		<styleUrl>#style_29</styleUrl>
		<Point>
			<extrude>1</extrude>
			<altitudeMode>absolute</altitudeMode>
			<coordinates>170,51,12496.8</coordinates>
		</Point>
	</Placemark>
	<Placemark>
		<name>50E80</name>
		<description><![CDATA[<span style='white-space: nowrap;'>-<b>Airway :</b> <font color='blue'>DCT</font></span><br><br><span style='white-space: nowrap;'>-<b>Altitude :</b> <font color='blue'>FL410</font></span><br><br><span style='white-space: nowrap;'>-<b>Fuel :</b> <font color='blue'>20829 lbs</font></span><br><br><span style='white-space: nowrap;'>-<b>OAT :</b> <font color='blue'>-50</font></span><br><br><span style='white-space: nowrap;'>-<b>TAS :</b> <font color='blue'>506</font></span><br><br><span style='white-space: nowrap;'>-<b>TAT :</b> <font color='blue'>-16</font></span><br><br><span style='white-space: nowrap;'>-<b>Time 1 :</b> <font color='blue'>T/O + 04:36</font></span><br><br><span style='white-space: nowrap;'>-<b>Time 2 :</b> <font color='blue'>09:56Z, 23</font></span><br><br><span style='white-space: nowrap;'>-<b>Wind factor :</b> <font color='blue'>T.W 84kt</font></span><br><br><span style='white-space: nowrap;'>-<b>Shear rate :</b> <font color='blue'>1</font></span><br><br><span style='white-space: nowrap;'>-<b>MORA :</b> <font color='blue'>1000 ft</font></span><br><br>]]></description>
		<styleUrl>#style_30</styleUrl>
		<Point>
			<extrude>1</extrude>
			<altitudeMode>absolute</altitudeMode>
			<coordinates>180,50,12496.8</coordinates>
		</Point>
	</Placemark>
	<Placemark>
		<name>49N70</name>
		<description><![CDATA[<span style='white-space: nowrap;'>-<b>Airway :</b> <font color='blue'>DCT</font></span><br><br><span style='white-space: nowrap;'>-<b>Altitude :</b> <font color='blue'>FL410</font></span><br><br><span style='white-space: nowrap;'>-<b>Fuel :</b> <font color='blue'>18715 lbs</font></span><br><br><span style='white-space: nowrap;'>-<b>OAT :</b> <font color='blue'>-56</font></span><br><br><span style='white-space: nowrap;'>-<b>TAS :</b> <font color='blue'>500</font></span><br><br><span style='white-space: nowrap;'>-<b>TAT :</b> <font color='blue'>-23</font></span><br><br><span style='white-space: nowrap;'>-<b>Time 1 :</b> <font color='blue'>T/O + 05:16</font></span><br><br><span style='white-space: nowrap;'>-<b>Time 2 :</b> <font color='blue'>10:36Z, 23</font></span><br><br><span style='white-space: nowrap;'>-<b>Wind factor :</b> <font color='blue'>T.W 95kt</font></span><br><br><span style='white-space: nowrap;'>-<b>Shear rate :</b> <font color='blue'>4</font></span><br><br><span style='white-space: nowrap;'>-<b>MORA :</b> <font color='blue'>1000 ft</font></span><br><br>]]></description>
		<styleUrl>#style_31</styleUrl>
		<Point>
			<extrude>1</extrude>
			<altitudeMode>absolute</altitudeMode>
			<coordinates>-170,48.99999999999999,12496.8</coordinates>
		</Point>
	</Placemark>
	<Placemark>
		<name>48N60</name>
		<description><![CDATA[<span style='white-space: nowrap;'>-<b>Airway :</b> <font color='blue'>DCT</font></span><br><br><span style='white-space: nowrap;'>-<b>Altitude :</b> <font color='blue'>FL410</font></span><br><br><span style='white-space: nowrap;'>-<b>Fuel :</b> <font color='blue'>16540 lbs</font></span><br><br><span style='white-space: nowrap;'>-<b>OAT :</b> <font color='blue'>-56</font></span><br><br><span style='white-space: nowrap;'>-<b>TAS :</b> <font color='blue'>500</font></span><br><br><span style='white-space: nowrap;'>-<b>TAT :</b> <font color='blue'>-23</font></span><br><br><span style='white-space: nowrap;'>-<b>Time 1 :</b> <font color='blue'>T/O + 05:57</font></span><br><br><span style='white-space: nowrap;'>-<b>Time 2 :</b> <font color='blue'>11:17Z, 23</font></span><br><br><span style='white-space: nowrap;'>-<b>Wind factor :</b> <font color='blue'>T.W 65kt</font></span><br><br><span style='white-space: nowrap;'>-<b>Shear rate :</b> <font color='blue'>4</font></span><br><br><span style='white-space: nowrap;'>-<b>MORA :</b> <font color='blue'>1000 ft</font></span><br><br>]]></description>
		<styleUrl>#style_32</styleUrl>
		<Point>
			<extrude>1</extrude>
			<altitudeMode>absolute</altitudeMode>
			<coordinates>-160,48,12496.8</coordinates>
		</Point>
	</Placemark>
	<Placemark>
		<name>46N50</name>
		<description><![CDATA[<span style='white-space: nowrap;'>-<b>Airway :</b> <font color='blue'>DCT</font></span><br><br><span style='white-space: nowrap;'>-<b>Altitude :</b> <font color='blue'>FL410</font></span><br><br><span style='white-space: nowrap;'>-<b>Fuel :</b> <font color='blue'>14169 lbs</font></span><br><br><span style='white-space: nowrap;'>-<b>OAT :</b> <font color='blue'>-54</font></span><br><br><span style='white-space: nowrap;'>-<b>TAS :</b> <font color='blue'>502</font></span><br><br><span style='white-space: nowrap;'>-<b>TAT :</b> <font color='blue'>-20</font></span><br><br><span style='white-space: nowrap;'>-<b>Time 1 :</b> <font color='blue'>T/O + 06:42</font></span><br><br><span style='white-space: nowrap;'>-<b>Time 2 :</b> <font color='blue'>12:02Z, 23</font></span><br><br><span style='white-space: nowrap;'>-<b>Wind factor :</b> <font color='blue'>T.W 73kt</font></span><br><br><span style='white-space: nowrap;'>-<b>Shear rate :</b> <font color='blue'>1</font></span><br><br><span style='white-space: nowrap;'>-<b>MORA :</b> <font color='blue'>1000 ft</font></span><br><br>]]></description>
		<styleUrl>#style_33</styleUrl>
		<Point>
			<extrude>1</extrude>
			<altitudeMode>absolute</altitudeMode>
			<coordinates>-150,46,12496.8</coordinates>
		</Point>
	</Placemark>
	<Placemark>
		<name>44N40</name>
		<description><![CDATA[<span style='white-space: nowrap;'>-<b>Airway :</b> <font color='blue'>DCT</font></span><br><br><span style='white-space: nowrap;'>-<b>Altitude :</b> <font color='blue'>FL410</font></span><br><br><span style='white-space: nowrap;'>-<b>Fuel :</b> <font color='blue'>11786 lbs</font></span><br><br><span style='white-space: nowrap;'>-<b>OAT :</b> <font color='blue'>-58</font></span><br><br><span style='white-space: nowrap;'>-<b>TAS :</b> <font color='blue'>498</font></span><br><br><span style='white-space: nowrap;'>-<b>TAT :</b> <font color='blue'>-25</font></span><br><br><span style='white-space: nowrap;'>-<b>Time 1 :</b> <font color='blue'>T/O + 07:29</font></span><br><br><span style='white-space: nowrap;'>-<b>Time 2 :</b> <font color='blue'>12:49Z, 23</font></span><br><br><span style='white-space: nowrap;'>-<b>Wind factor :</b> <font color='blue'>T.W 87kt</font></span><br><br><span style='white-space: nowrap;'>-<b>Shear rate :</b> <font color='blue'>5</font></span><br><br><span style='white-space: nowrap;'>-<b>MORA :</b> <font color='blue'>1000 ft</font></span><br><br>]]></description>
		<styleUrl>#style_34</styleUrl>
		<Point>
			<extrude>1</extrude>
			<altitudeMode>absolute</altitudeMode>
			<coordinates>-140,44,12496.8</coordinates>
		</Point>
	</Placemark>
	<Placemark>
		<name>41N30</name>
		<description><![CDATA[<span style='white-space: nowrap;'>-<b>Airway :</b> <font color='blue'>DCT</font></span><br><br><span style='white-space: nowrap;'>-<b>Altitude :</b> <font color='blue'>FL410</font></span><br><br><span style='white-space: nowrap;'>-<b>Fuel :</b> <font color='blue'>9235 lbs</font></span><br><br><span style='white-space: nowrap;'>-<b>OAT :</b> <font color='blue'>-62</font></span><br><br><span style='white-space: nowrap;'>-<b>TAS :</b> <font color='blue'>493</font></span><br><br><span style='white-space: nowrap;'>-<b>TAT :</b> <font color='blue'>-30</font></span><br><br><span style='white-space: nowrap;'>-<b>Time 1 :</b> <font color='blue'>T/O + 08:21</font></span><br><br><span style='white-space: nowrap;'>-<b>Time 2 :</b> <font color='blue'>13:41Z, 23</font></span><br><br><span style='white-space: nowrap;'>-<b>Wind factor :</b> <font color='blue'>T.W 54kt</font></span><br><br><span style='white-space: nowrap;'>-<b>Shear rate :</b> <font color='blue'>7</font></span><br><br><span style='white-space: nowrap;'>-<b>MORA :</b> <font color='blue'>1000 ft</font></span><br><br>]]></description>
		<styleUrl>#style_35</styleUrl>
		<Point>
			<extrude>1</extrude>
			<altitudeMode>absolute</altitudeMode>
			<coordinates>-130,41,12496.8</coordinates>
		</Point>
	</Placemark>
	<Placemark>
		<name>FATMO</name>
		<description><![CDATA[<span style='white-space: nowrap;'>-<b>Airway :</b> <font color='blue'>DCT</font></span><br><br><span style='white-space: nowrap;'>-<b>Altitude :</b> <font color='blue'>FL410</font></span><br><br><span style='white-space: nowrap;'>-<b>Fuel :</b> <font color='blue'>8226 lbs</font></span><br><br><span style='white-space: nowrap;'>-<b>OAT :</b> <font color='blue'>-63</font></span><br><br><span style='white-space: nowrap;'>-<b>TAS :</b> <font color='blue'>491</font></span><br><br><span style='white-space: nowrap;'>-<b>TAT :</b> <font color='blue'>-31</font></span><br><br><span style='white-space: nowrap;'>-<b>Time 1 :</b> <font color='blue'>T/O + 08:42</font></span><br><br><span style='white-space: nowrap;'>-<b>Time 2 :</b> <font color='blue'>14:02Z, 23</font></span><br><br><span style='white-space: nowrap;'>-<b>Wind factor :</b> <font color='blue'>T.W 25kt</font></span><br><br><span style='white-space: nowrap;'>-<b>Shear rate :</b> <font color='blue'>3</font></span><br><br><span style='white-space: nowrap;'>-<b>MORA :</b> <font color='blue'>1000 ft</font></span><br><br>]]></description>
		<styleUrl>#style_36</styleUrl>
		<Point>
			<extrude>1</extrude>
			<altitudeMode>absolute</altitudeMode>
			<coordinates>-127,39.063333,12496.8</coordinates>
		</Point>
	</Placemark>
	<Placemark>
		<name>PAINT</name>
		<description><![CDATA[<span style='white-space: nowrap;'>-<b>Airway :</b> <font color='blue'>DCT</font></span><br><br><span style='white-space: nowrap;'>-<b>Altitude :</b> <font color='blue'>FL410</font></span><br><br><span style='white-space: nowrap;'>-<b>Fuel :</b> <font color='blue'>7682 lbs</font></span><br><br><span style='white-space: nowrap;'>-<b>OAT :</b> <font color='blue'>-62</font></span><br><br><span style='white-space: nowrap;'>-<b>TAS :</b> <font color='blue'>492</font></span><br><br><span style='white-space: nowrap;'>-<b>TAT :</b> <font color='blue'>-30</font></span><br><br><span style='white-space: nowrap;'>-<b>Time 1 :</b> <font color='blue'>T/O + 08:53</font></span><br><br><span style='white-space: nowrap;'>-<b>Time 2 :</b> <font color='blue'>14:13Z, 23</font></span><br><br><span style='white-space: nowrap;'>-<b>Wind factor :</b> <font color='blue'>T.W 22kt</font></span><br><br><span style='white-space: nowrap;'>-<b>Shear rate :</b> <font color='blue'>2</font></span><br><br><span style='white-space: nowrap;'>-<b>MORA :</b> <font color='blue'>1000 ft</font></span><br><br>]]></description>
		<styleUrl>#style_37</styleUrl>
		<Point>
			<extrude>1</extrude>
			<altitudeMode>absolute</altitudeMode>
			<coordinates>-125.5,38,12496.8</coordinates>
		</Point>
	</Placemark>
	<Placemark>
		<name>PIRAT</name>
		<description><![CDATA[<span style='white-space: nowrap;'>-<b>Airway :</b> <font color='blue'>DCT</font></span><br><br><span style='white-space: nowrap;'>-<b>Altitude :</b> <font color='blue'>FL410</font></span><br><br><span style='white-space: nowrap;'>-<b>Fuel :</b> <font color='blue'>6931 lbs</font></span><br><br><span style='white-space: nowrap;'>-<b>OAT :</b> <font color='blue'>-62</font></span><br><br><span style='white-space: nowrap;'>-<b>TAS :</b> <font color='blue'>493</font></span><br><br><span style='white-space: nowrap;'>-<b>TAT :</b> <font color='blue'>-30</font></span><br><br><span style='white-space: nowrap;'>-<b>Time 1 :</b> <font color='blue'>T/O + 09:09</font></span><br><br><span style='white-space: nowrap;'>-<b>Time 2 :</b> <font color='blue'>14:29Z, 23</font></span><br><br><span style='white-space: nowrap;'>-<b>Wind factor :</b> <font color='blue'>T.W 21kt</font></span><br><br><span style='white-space: nowrap;'>-<b>Shear rate :</b> <font color='blue'>2</font></span><br><br><span style='white-space: nowrap;'>-<b>MORA :</b> <font color='blue'>6100 ft</font></span><br><br>]]></description>
		<styleUrl>#style_38</styleUrl>
		<Point>
			<extrude>1</extrude>
			<altitudeMode>absolute</altitudeMode>
			<coordinates>-122.863333,37.258333,12496.8</coordinates>
		</Point>
	</Placemark>
	<Placemark>
		<name>BURGL</name>
		<description><![CDATA[<span style='white-space: nowrap;'>-<b>Airway :</b> <font color='blue'>IRNMN2</font></span><br><br><span style='white-space: nowrap;'>-<b>Altitude :</b> <font color='blue'>FL410</font></span><br><br><span style='white-space: nowrap;'>-<b>Fuel :</b> <font color='blue'>6003 lbs</font></span><br><br><span style='white-space: nowrap;'>-<b>OAT :</b> <font color='blue'>-61</font></span><br><br><span style='white-space: nowrap;'>-<b>TAS :</b> <font color='blue'>493</font></span><br><br><span style='white-space: nowrap;'>-<b>TAT :</b> <font color='blue'>-29</font></span><br><br><span style='white-space: nowrap;'>-<b>Time 1 :</b> <font color='blue'>T/O + 09:28</font></span><br><br><span style='white-space: nowrap;'>-<b>Time 2 :</b> <font color='blue'>14:48Z, 23</font></span><br><br><span style='white-space: nowrap;'>-<b>Wind factor :</b> <font color='blue'>T.W 13kt</font></span><br><br><span style='white-space: nowrap;'>-<b>Shear rate :</b> <font color='blue'>1</font></span><br><br><span style='white-space: nowrap;'>-<b>MORA :</b> <font color='blue'>8200 ft</font></span><br><br>]]></description>
		<styleUrl>#style_39</styleUrl>
		<Point>
			<extrude>1</extrude>
			<altitudeMode>absolute</altitudeMode>
			<coordinates>-120.108333,35.666667,12496.8</coordinates>
		</Point>
	</Placemark>
	<Placemark>
		<name>DOUIT</name>
		<description><![CDATA[<span style='white-space: nowrap;'>-<b>Airway :</b> <font color='blue'>IRNMN2</font></span><br><br><span style='white-space: nowrap;'>-<b>Altitude :</b> <font color='blue'>FL410</font></span><br><br><span style='white-space: nowrap;'>-<b>Fuel :</b> <font color='blue'>5850 lbs</font></span><br><br><span style='white-space: nowrap;'>-<b>OAT :</b> <font color='blue'>-60</font></span><br><br><span style='white-space: nowrap;'>-<b>TAS :</b> <font color='blue'>495</font></span><br><br><span style='white-space: nowrap;'>-<b>TAT :</b> <font color='blue'>-27</font></span><br><br><span style='white-space: nowrap;'>-<b>Time 1 :</b> <font color='blue'>T/O + 09:31</font></span><br><br><span style='white-space: nowrap;'>-<b>Time 2 :</b> <font color='blue'>14:51Z, 23</font></span><br><br><span style='white-space: nowrap;'>-<b>Wind factor :</b> <font color='blue'>T.W 10kt</font></span><br><br><span style='white-space: nowrap;'>-<b>Shear rate :</b> <font color='blue'>2</font></span><br><br><span style='white-space: nowrap;'>-<b>MORA :</b> <font color='blue'>7500 ft</font></span><br><br>]]></description>
		<styleUrl>#style_40</styleUrl>
		<Point>
			<extrude>1</extrude>
			<altitudeMode>absolute</altitudeMode>
			<coordinates>-119.825,35.288333,12496.8</coordinates>
		</Point>
	</Placemark>
	<Placemark>
		<name>-TOD-</name>
		<description><![CDATA[<span style='white-space: nowrap;'>-<b>Airway :</b> <font color='blue'>IRNMN2</font></span><br><br><span style='white-space: nowrap;'>-<b>Altitude :</b> <font color='blue'>FL410</font></span><br><br><span style='white-space: nowrap;'>-<b>Fuel :</b> <font color='blue'>5840 lbs</font></span><br><br><span style='white-space: nowrap;'>-<b>OAT :</b> <font color='blue'>-59</font></span><br><br><span style='white-space: nowrap;'>-<b>TAS :</b> <font color='blue'>495</font></span><br><br><span style='white-space: nowrap;'>-<b>TAT :</b> <font color='blue'>-27</font></span><br><br><span style='white-space: nowrap;'>-<b>Time 1 :</b> <font color='blue'>T/O + 09:31</font></span><br><br><span style='white-space: nowrap;'>-<b>Time 2 :</b> <font color='blue'>14:51Z, 23</font></span><br><br><span style='white-space: nowrap;'>-<b>Wind factor :</b> <font color='blue'>T.W 11kt</font></span><br><br><span style='white-space: nowrap;'>-<b>Shear rate :</b> <font color='blue'>3</font></span><br><br><span style='white-space: nowrap;'>-<b>MORA :</b> <font color='blue'>11100 ft</font></span><br><br>]]></description>
		<styleUrl>#style_41</styleUrl>
		<Point>
			<extrude>1</extrude>
			<altitudeMode>absolute</altitudeMode>
			<coordinates>-119.803333,35.266667,12496.8</coordinates>
		</Point>
	</Placemark>
	<Placemark>
		<name>CROWY</name>
		<description><![CDATA[<span style='white-space: nowrap;'>-<b>Airway :</b> <font color='blue'>IRNMN2</font></span><br><br><span style='white-space: nowrap;'>-<b>Altitude :</b> <font color='blue'>FL290</font></span><br><br><span style='white-space: nowrap;'>-<b>Fuel :</b> <font color='blue'>5752 lbs</font></span><br><br><span style='white-space: nowrap;'>-<b>OAT :</b> <font color='blue'>-53</font></span><br><br><span style='white-space: nowrap;'>-<b>TAS :</b> <font color='blue'>485</font></span><br><br><span style='white-space: nowrap;'>-<b>TAT :</b> <font color='blue'>-22</font></span><br><br><span style='white-space: nowrap;'>-<b>Time 1 :</b> <font color='blue'>T/O + 09:35</font></span><br><br><span style='white-space: nowrap;'>-<b>Time 2 :</b> <font color='blue'>14:55Z, 23</font></span><br><br><span style='white-space: nowrap;'>-<b>Wind factor :</b> <font color='blue'>T.W 9kt</font></span><br><br><span style='white-space: nowrap;'>-<b>Shear rate :</b> <font color='blue'>4</font></span><br><br><span style='white-space: nowrap;'>-<b>MORA :</b> <font color='blue'>11100 ft</font></span><br><br>]]></description>
		<styleUrl>#style_42</styleUrl>
		<Point>
			<extrude>1</extrude>
			<altitudeMode>absolute</altitudeMode>
			<coordinates>-119.476667,34.915,8839.200000000001</coordinates>
		</Point>
	</Placemark>
	<Placemark>
		<name>MUPTT</name>
		<description><![CDATA[<span style='white-space: nowrap;'>-<b>Airway :</b> <font color='blue'>IRNMN2</font></span><br><br><span style='white-space: nowrap;'>-<b>Altitude :</b> <font color='blue'>FL270</font></span><br><br><span style='white-space: nowrap;'>-<b>Fuel :</b> <font color='blue'>5660 lbs</font></span><br><br><span style='white-space: nowrap;'>-<b>OAT :</b> <font color='blue'>-35</font></span><br><br><span style='white-space: nowrap;'>-<b>TAS :</b> <font color='blue'>491</font></span><br><br><span style='white-space: nowrap;'>-<b>TAT :</b> <font color='blue'>-3</font></span><br><br><span style='white-space: nowrap;'>-<b>Time 1 :</b> <font color='blue'>T/O + 09:36</font></span><br><br><span style='white-space: nowrap;'>-<b>Time 2 :</b> <font color='blue'>14:56Z, 23</font></span><br><br><span style='white-space: nowrap;'>-<b>Wind factor :</b> <font color='blue'>T.W 8kt</font></span><br><br><span style='white-space: nowrap;'>-<b>Shear rate :</b> <font color='blue'>1</font></span><br><br><span style='white-space: nowrap;'>-<b>MORA :</b> <font color='blue'>11100 ft</font></span><br><br>]]></description>
		<styleUrl>#style_43</styleUrl>
		<Point>
			<extrude>1</extrude>
			<altitudeMode>absolute</altitudeMode>
			<coordinates>-119.328333,34.75,8229.6</coordinates>
		</Point>
	</Placemark>
	<Placemark>
		<name>MDOTS</name>
		<description><![CDATA[<span style='white-space: nowrap;'>-<b>Airway :</b> <font color='blue'>IRNMN2</font></span><br><br><span style='white-space: nowrap;'>-<b>Altitude :</b> <font color='blue'>FL240</font></span><br><br><span style='white-space: nowrap;'>-<b>Fuel :</b> <font color='blue'>5633 lbs</font></span><br><br><span style='white-space: nowrap;'>-<b>OAT :</b> <font color='blue'>-28</font></span><br><br><span style='white-space: nowrap;'>-<b>TAS :</b> <font color='blue'>441</font></span><br><br><span style='white-space: nowrap;'>-<b>TAT :</b> <font color='blue'>-2</font></span><br><br><span style='white-space: nowrap;'>-<b>Time 1 :</b> <font color='blue'>T/O + 09:37</font></span><br><br><span style='white-space: nowrap;'>-<b>Time 2 :</b> <font color='blue'>14:57Z, 23</font></span><br><br><span style='white-space: nowrap;'>-<b>Wind factor :</b> <font color='blue'>T.W 7kt</font></span><br><br><span style='white-space: nowrap;'>-<b>Shear rate :</b> <font color='blue'>1</font></span><br><br><span style='white-space: nowrap;'>-<b>MORA :</b> <font color='blue'>11100 ft</font></span><br><br>]]></description>
		<styleUrl>#style_44</styleUrl>
		<Point>
			<extrude>1</extrude>
			<altitudeMode>absolute</altitudeMode>
			<coordinates>-119.243333,34.651667,7315.199999999999</coordinates>
		</Point>
	</Placemark>
	<Placemark>
		<name>GRIPR</name>
		<description><![CDATA[<span style='white-space: nowrap;'>-<b>Airway :</b> <font color='blue'>IRNMN2</font></span><br><br><span style='white-space: nowrap;'>-<b>Altitude :</b> <font color='blue'>FL230</font></span><br><br><span style='white-space: nowrap;'>-<b>Fuel :</b> <font color='blue'>5578 lbs</font></span><br><br><span style='white-space: nowrap;'>-<b>OAT :</b> <font color='blue'>-22</font></span><br><br><span style='white-space: nowrap;'>-<b>TAS :</b> <font color='blue'>443</font></span><br><br><span style='white-space: nowrap;'>-<b>TAT :</b> <font color='blue'>3</font></span><br><br><span style='white-space: nowrap;'>-<b>Time 1 :</b> <font color='blue'>T/O + 09:38</font></span><br><br><span style='white-space: nowrap;'>-<b>Time 2 :</b> <font color='blue'>14:58Z, 23</font></span><br><br><span style='white-space: nowrap;'>-<b>Wind factor :</b> <font color='blue'>T.W 6kt</font></span><br><br><span style='white-space: nowrap;'>-<b>Shear rate :</b> <font color='blue'>1</font></span><br><br><span style='white-space: nowrap;'>-<b>MORA :</b> <font color='blue'>11100 ft</font></span><br><br>]]></description>
		<styleUrl>#style_45</styleUrl>
		<Point>
			<extrude>1</extrude>
			<altitudeMode>absolute</altitudeMode>
			<coordinates>-119.166667,34.563333,7010.4</coordinates>
		</Point>
	</Placemark>
	<Placemark>
		<name>BIKNG</name>
		<description><![CDATA[<span style='white-space: nowrap;'>-<b>Airway :</b> <font color='blue'>IRNMN2</font></span><br><br><span style='white-space: nowrap;'>-<b>Altitude :</b> <font color='blue'>FL200</font></span><br><br><span style='white-space: nowrap;'>-<b>Fuel :</b> <font color='blue'>5528 lbs</font></span><br><br><span style='white-space: nowrap;'>-<b>OAT :</b> <font color='blue'>-17</font></span><br><br><span style='white-space: nowrap;'>-<b>TAS :</b> <font color='blue'>406</font></span><br><br><span style='white-space: nowrap;'>-<b>TAT :</b> <font color='blue'>4</font></span><br><br><span style='white-space: nowrap;'>-<b>Time 1 :</b> <font color='blue'>T/O + 09:39</font></span><br><br><span style='white-space: nowrap;'>-<b>Time 2 :</b> <font color='blue'>14:59Z, 23</font></span><br><br><span style='white-space: nowrap;'>-<b>Wind factor :</b> <font color='blue'>T.W 5kt</font></span><br><br><span style='white-space: nowrap;'>-<b>Shear rate :</b> <font color='blue'>1</font></span><br><br><span style='white-space: nowrap;'>-<b>MORA :</b> <font color='blue'>11100 ft</font></span><br><br>]]></description>
		<styleUrl>#style_46</styleUrl>
		<Point>
			<extrude>1</extrude>
			<altitudeMode>absolute</altitudeMode>
			<coordinates>-119.06,34.443333,6096</coordinates>
		</Point>
	</Placemark>
	<Placemark>
		<name>RUNNN</name>
		<description><![CDATA[<span style='white-space: nowrap;'>-<b>Airway :</b> <font color='blue'>IRNMN2</font></span><br><br><span style='white-space: nowrap;'>-<b>Altitude :</b> <font color='blue'>FL170</font></span><br><br><span style='white-space: nowrap;'>-<b>Fuel :</b> <font color='blue'>5495 lbs</font></span><br><br><span style='white-space: nowrap;'>-<b>OAT :</b> <font color='blue'>-10</font></span><br><br><span style='white-space: nowrap;'>-<b>TAS :</b> <font color='blue'>365</font></span><br><br><span style='white-space: nowrap;'>-<b>TAT :</b> <font color='blue'>7</font></span><br><br><span style='white-space: nowrap;'>-<b>Time 1 :</b> <font color='blue'>T/O + 09:40</font></span><br><br><span style='white-space: nowrap;'>-<b>Time 2 :</b> <font color='blue'>15:00Z, 23</font></span><br><br><span style='white-space: nowrap;'>-<b>Wind factor :</b> <font color='blue'>T.W 4kt</font></span><br><br><span style='white-space: nowrap;'>-<b>Shear rate :</b> <font color='blue'>2</font></span><br><br><span style='white-space: nowrap;'>-<b>MORA :</b> <font color='blue'>11100 ft</font></span><br><br>]]></description>
		<styleUrl>#style_47</styleUrl>
		<Point>
			<extrude>1</extrude>
			<altitudeMode>absolute</altitudeMode>
			<coordinates>-118.973333,34.343333,5181.6</coordinates>
		</Point>
	</Placemark>
	<Placemark>
		<name>IRNMN</name>
		<description><![CDATA[<span style='white-space: nowrap;'>-<b>Airway :</b> <font color='blue'>IRNMN2</font></span><br><br><span style='white-space: nowrap;'>-<b>Altitude :</b> <font color='blue'>FL158</font></span><br><br><span style='white-space: nowrap;'>-<b>Fuel :</b> <font color='blue'>5434 lbs</font></span><br><br><span style='white-space: nowrap;'>-<b>OAT :</b> <font color='blue'>-5</font></span><br><br><span style='white-space: nowrap;'>-<b>TAS :</b> <font color='blue'>378</font></span><br><br><span style='white-space: nowrap;'>-<b>TAT :</b> <font color='blue'>13</font></span><br><br><span style='white-space: nowrap;'>-<b>Time 1 :</b> <font color='blue'>T/O + 09:41</font></span><br><br><span style='white-space: nowrap;'>-<b>Time 2 :</b> <font color='blue'>15:01Z, 23</font></span><br><br><span style='white-space: nowrap;'>-<b>Wind factor :</b> <font color='blue'>T.W 3kt</font></span><br><br><span style='white-space: nowrap;'>-<b>Shear rate :</b> <font color='blue'>2</font></span><br><br><span style='white-space: nowrap;'>-<b>MORA :</b> <font color='blue'>10400 ft</font></span><br><br>]]></description>
		<styleUrl>#style_48</styleUrl>
		<Point>
			<extrude>1</extrude>
			<altitudeMode>absolute</altitudeMode>
			<coordinates>-118.893333,34.255,4815.84</coordinates>
		</Point>
	</Placemark>
	<Placemark>
		<name>SYMON</name>
		<description><![CDATA[<span style='white-space: nowrap;'>-<b>Airway :</b> <font color='blue'>IRNMN2</font></span><br><br><span style='white-space: nowrap;'>-<b>Altitude :</b> <font color='blue'>13000 ft</font></span><br><br><span style='white-space: nowrap;'>-<b>Fuel :</b> <font color='blue'>5399 lbs</font></span><br><br><span style='white-space: nowrap;'>-<b>OAT :</b> <font color='blue'>-1</font></span><br><br><span style='white-space: nowrap;'>-<b>TAS :</b> <font color='blue'>327</font></span><br><br><span style='white-space: nowrap;'>-<b>TAT :</b> <font color='blue'>12</font></span><br><br><span style='white-space: nowrap;'>-<b>Time 1 :</b> <font color='blue'>T/O + 09:43</font></span><br><br><span style='white-space: nowrap;'>-<b>Time 2 :</b> <font color='blue'>15:03Z, 23</font></span><br><br><span style='white-space: nowrap;'>-<b>Wind factor :</b> <font color='blue'>T.W 3kt</font></span><br><br><span style='white-space: nowrap;'>-<b>Shear rate :</b> <font color='blue'>1</font></span><br><br><span style='white-space: nowrap;'>-<b>MORA :</b> <font color='blue'>10400 ft</font></span><br><br>]]></description>
		<styleUrl>#style_49</styleUrl>
		<Point>
			<extrude>1</extrude>
			<altitudeMode>absolute</altitudeMode>
			<coordinates>-118.81,34.165,3962.400000000001</coordinates>
		</Point>
	</Placemark>
	<Placemark>
		<name>BAYST</name>
		<description><![CDATA[<span style='white-space: nowrap;'>-<b>Airway :</b> <font color='blue'>IRNMN2</font></span><br><br><span style='white-space: nowrap;'>-<b>Altitude :</b> <font color='blue'>11300 ft</font></span><br><br><span style='white-space: nowrap;'>-<b>Fuel :</b> <font color='blue'>5272 lbs</font></span><br><br><span style='white-space: nowrap;'>-<b>OAT :</b> <font color='blue'>3</font></span><br><br><span style='white-space: nowrap;'>-<b>TAS :</b> <font color='blue'>358</font></span><br><br><span style='white-space: nowrap;'>-<b>TAT :</b> <font color='blue'>19</font></span><br><br><span style='white-space: nowrap;'>-<b>Time 1 :</b> <font color='blue'>T/O + 09:44</font></span><br><br><span style='white-space: nowrap;'>-<b>Time 2 :</b> <font color='blue'>15:04Z, 23</font></span><br><br><span style='white-space: nowrap;'>-<b>Wind factor :</b> <font color='blue'>T.W 2kt</font></span><br><br><span style='white-space: nowrap;'>-<b>Shear rate :</b> <font color='blue'>0</font></span><br><br><span style='white-space: nowrap;'>-<b>MORA :</b> <font color='blue'>10400 ft</font></span><br><br>]]></description>
		<styleUrl>#style_50</styleUrl>
		<Point>
			<extrude>1</extrude>
			<altitudeMode>absolute</altitudeMode>
			<coordinates>-118.663333,34.03,3444.24</coordinates>
		</Point>
	</Placemark>
	<Placemark>
		<name>JUUSE</name>
		<description><![CDATA[<span style='white-space: nowrap;'>-<b>Airway :</b> <font color='blue'>IRNMN2</font></span><br><br><span style='white-space: nowrap;'>-<b>Altitude :</b> <font color='blue'>9000 ft</font></span><br><br><span style='white-space: nowrap;'>-<b>Fuel :</b> <font color='blue'>5236 lbs</font></span><br><br><span style='white-space: nowrap;'>-<b>OAT :</b> <font color='blue'>7</font></span><br><br><span style='white-space: nowrap;'>-<b>TAS :</b> <font color='blue'>298</font></span><br><br><span style='white-space: nowrap;'>-<b>TAT :</b> <font color='blue'>18</font></span><br><br><span style='white-space: nowrap;'>-<b>Time 1 :</b> <font color='blue'>T/O + 09:46</font></span><br><br><span style='white-space: nowrap;'>-<b>Time 2 :</b> <font color='blue'>15:06Z, 23</font></span><br><br><span style='white-space: nowrap;'>-<b>Wind factor :</b> <font color='blue'>T.W 7kt</font></span><br><br><span style='white-space: nowrap;'>-<b>Shear rate :</b> <font color='blue'>1</font></span><br><br><span style='white-space: nowrap;'>-<b>MORA :</b> <font color='blue'>10400 ft</font></span><br><br>]]></description>
		<styleUrl>#style_51</styleUrl>
		<Point>
			<extrude>1</extrude>
			<altitudeMode>absolute</altitudeMode>
			<coordinates>-118.553333,34.02,2743.2</coordinates>
		</Point>
	</Placemark>
	<Placemark>
		<name>CLIFY</name>
		<description><![CDATA[<span style='white-space: nowrap;'>-<b>Airway :</b> <font color='blue'>IRNMN2</font></span><br><br><span style='white-space: nowrap;'>-<b>Altitude :</b> <font color='blue'>8000 ft</font></span><br><br><span style='white-space: nowrap;'>-<b>Fuel :</b> <font color='blue'>5182 lbs</font></span><br><br><span style='white-space: nowrap;'>-<b>OAT :</b> <font color='blue'>11</font></span><br><br><span style='white-space: nowrap;'>-<b>TAS :</b> <font color='blue'>269</font></span><br><br><span style='white-space: nowrap;'>-<b>TAT :</b> <font color='blue'>20</font></span><br><br><span style='white-space: nowrap;'>-<b>Time 1 :</b> <font color='blue'>T/O + 09:47</font></span><br><br><span style='white-space: nowrap;'>-<b>Time 2 :</b> <font color='blue'>15:07Z, 23</font></span><br><br><span style='white-space: nowrap;'>-<b>Wind factor :</b> <font color='blue'>T.W 7kt</font></span><br><br><span style='white-space: nowrap;'>-<b>Shear rate :</b> <font color='blue'>2</font></span><br><br><span style='white-space: nowrap;'>-<b>MORA :</b> <font color='blue'>10400 ft</font></span><br><br>]]></description>
		<styleUrl>#style_52</styleUrl>
		<Point>
			<extrude>1</extrude>
			<altitudeMode>absolute</altitudeMode>
			<coordinates>-118.456667,34.01,2438.4</coordinates>
		</Point>
	</Placemark>
	<Placemark>
		<name>DAHJR</name>
		<description><![CDATA[<span style='white-space: nowrap;'>-<b>Airway :</b> <font color='blue'>IRNMN2</font></span><br><br><span style='white-space: nowrap;'>-<b>Altitude :</b> <font color='blue'>6000 ft</font></span><br><br><span style='white-space: nowrap;'>-<b>Fuel :</b> <font color='blue'>5143 lbs</font></span><br><br><span style='white-space: nowrap;'>-<b>OAT :</b> <font color='blue'>14</font></span><br><br><span style='white-space: nowrap;'>-<b>TAS :</b> <font color='blue'>278</font></span><br><br><span style='white-space: nowrap;'>-<b>TAT :</b> <font color='blue'>24</font></span><br><br><span style='white-space: nowrap;'>-<b>Time 1 :</b> <font color='blue'>T/O + 09:48</font></span><br><br><span style='white-space: nowrap;'>-<b>Time 2 :</b> <font color='blue'>15:08Z, 23</font></span><br><br><span style='white-space: nowrap;'>-<b>Wind factor :</b> <font color='blue'>T.W 9kt</font></span><br><br><span style='white-space: nowrap;'>-<b>Shear rate :</b> <font color='blue'>3</font></span><br><br><span style='white-space: nowrap;'>-<b>MORA :</b> <font color='blue'>10400 ft</font></span><br><br>]]></description>
		<styleUrl>#style_53</styleUrl>
		<Point>
			<extrude>1</extrude>
			<altitudeMode>absolute</altitudeMode>
			<coordinates>-118.358333,34.026667,1828.8</coordinates>
		</Point>
	</Placemark>
	<Placemark>
		<name>GADDO</name>
		<description><![CDATA[<span style='white-space: nowrap;'>-<b>Airway :</b> <font color='blue'>IRNMN2</font></span><br><br><span style='white-space: nowrap;'>-<b>Altitude :</b> <font color='blue'>6000 ft</font></span><br><br><span style='white-space: nowrap;'>-<b>Fuel :</b> <font color='blue'>5096 lbs</font></span><br><br><span style='white-space: nowrap;'>-<b>OAT :</b> <font color='blue'>18</font></span><br><br><span style='white-space: nowrap;'>-<b>TAS :</b> <font color='blue'>247</font></span><br><br><span style='white-space: nowrap;'>-<b>TAT :</b> <font color='blue'>25</font></span><br><br><span style='white-space: nowrap;'>-<b>Time 1 :</b> <font color='blue'>T/O + 09:49</font></span><br><br><span style='white-space: nowrap;'>-<b>Time 2 :</b> <font color='blue'>15:09Z, 23</font></span><br><br><span style='white-space: nowrap;'>-<b>Wind factor :</b> <font color='blue'>T.W 9kt</font></span><br><br><span style='white-space: nowrap;'>-<b>Shear rate :</b> <font color='blue'>3</font></span><br><br><span style='white-space: nowrap;'>-<b>MORA :</b> <font color='blue'>10400 ft</font></span><br><br>]]></description>
		<styleUrl>#style_54</styleUrl>
		<Point>
			<extrude>1</extrude>
			<altitudeMode>absolute</altitudeMode>
			<coordinates>-118.298333,34.033333,1828.8</coordinates>
		</Point>
	</Placemark>
	<Placemark>
		<name>KLAX</name>
		<description><![CDATA[<span style='white-space: nowrap;'>-<b>Altitude :</b> <font color='blue'>128 ft</font></span><br><br><span style='white-space: nowrap;'>-<b>Fuel :</b> <font color='blue'>5000 lbs</font></span><br><br><span style='white-space: nowrap;'>-<b>OAT :</b> <font color='blue'>22</font></span><br><br><span style='white-space: nowrap;'>-<b>TAS :</b> <font color='blue'>267</font></span><br><br><span style='white-space: nowrap;'>-<b>TAT :</b> <font color='blue'>30</font></span><br><br><span style='white-space: nowrap;'>-<b>Time 1 :</b> <font color='blue'>T/O + 09:51</font></span><br><br><span style='white-space: nowrap;'>-<b>Time 2 :</b> <font color='blue'>15:11Z, 23</font></span><br><br><span style='white-space: nowrap;'>-<b>Wind factor :</b> <font color='blue'>H.W 9KT</font></span><br><br><span style='white-space: nowrap;'>-<b>Shear rate :</b> <font color='blue'>2</font></span><br><br><span style='white-space: nowrap;'>-<b>MORA :</b> <font color='blue'>10400 ft</font></span><br><br>]]></description>
		<styleUrl>#style_55</styleUrl>
		<Point>
			<extrude>1</extrude>
			<altitudeMode>absolute</altitudeMode>
			<coordinates>-118.408333,33.941667,39.0144</coordinates>
		</Point>
	</Placemark>
	<Placemark>
		<styleUrl>#style_10002</styleUrl>
		<LineString>
			<tessellate>1</tessellate>
			<altitudeMode>absolute</altitudeMode>
			<coordinates>
				126.796667,37.556667,17.9832 127.38,37.486667,4632.96 
			</coordinates>
		</LineString>
	</Placemark>
	<Placemark>
		<styleUrl>#style_10003</styleUrl>
		<LineString>
			<tessellate>1</tessellate>
			<altitudeMode>absolute</altitudeMode>
			<coordinates>
				127.38,37.486667,4632.96 127.665,37.533333,5913.12 
			</coordinates>
		</LineString>
	</Placemark>
	<Placemark>
		<styleUrl>#style_10004</styleUrl>
		<LineString>
			<tessellate>1</tessellate>
			<altitudeMode>absolute</altitudeMode>
			<coordinates>
				127.665,37.533333,5913.12 128.135,37.606667,7528.56 
			</coordinates>
		</LineString>
	</Placemark>
	<Placemark>
		<styleUrl>#style_10005</styleUrl>
		<LineString>
			<tessellate>1</tessellate>
			<altitudeMode>absolute</altitudeMode>
			<coordinates>
				128.135,37.606667,7528.56 128.585,37.675,8717.280000000001 
			</coordinates>
		</LineString>
	</Placemark>
	<Placemark>
		<styleUrl>#style_10006</styleUrl>
		<LineString>
			<tessellate>1</tessellate>
			<altitudeMode>absolute</altitudeMode>
			<coordinates>
				128.585,37.675,8717.280000000001 128.753333,37.7,9113.52 
			</coordinates>
		</LineString>
	</Placemark>
	<Placemark>
		<styleUrl>#style_10007</styleUrl>
		<LineString>
			<tessellate>1</tessellate>
			<altitudeMode>absolute</altitudeMode>
			<coordinates>
				128.753333,37.7,9113.52 129.291667,37.441667,10363.2 
			</coordinates>
		</LineString>
	</Placemark>
	<Placemark>
		<styleUrl>#style_10008</styleUrl>
		<LineString>
			<tessellate>1</tessellate>
			<altitudeMode>absolute</altitudeMode>
			<coordinates>
				129.291667,37.441667,10363.2 129.846667,37.17,11795.76 
			</coordinates>
		</LineString>
	</Placemark>
	<Placemark>
		<styleUrl>#style_10009</styleUrl>
		<LineString>
			<tessellate>1</tessellate>
			<altitudeMode>absolute</altitudeMode>
			<coordinates>
				129.846667,37.17,11795.76 130.245,36.973333,12496.8 
			</coordinates>
		</LineString>
	</Placemark>
	<Placemark>
		<styleUrl>#style_10010</styleUrl>
		<LineString>
			<tessellate>1</tessellate>
			<altitudeMode>absolute</altitudeMode>
			<coordinates>
				130.245,36.973333,12496.8 130.678333,36.755,12496.8 
			</coordinates>
		</LineString>
	</Placemark>
	<Placemark>
		<styleUrl>#style_10011</styleUrl>
		<LineString>
			<tessellate>1</tessellate>
			<altitudeMode>absolute</altitudeMode>
			<coordinates>
				130.678333,36.755,12496.8 131.428333,36.373333,12496.8 
			</coordinates>
		</LineString>
	</Placemark>
	<Placemark>
		<styleUrl>#style_10012</styleUrl>
		<LineString>
			<tessellate>1</tessellate>
			<altitudeMode>absolute</altitudeMode>
			<coordinates>
				131.428333,36.373333,12496.8 133.761667,36.281667,12496.8 
			</coordinates>
		</LineString>
	</Placemark>
	<Placemark>
		<styleUrl>#style_10013</styleUrl>
		<LineString>
			<tessellate>1</tessellate>
			<altitudeMode>absolute</altitudeMode>
			<coordinates>
				133.761667,36.281667,12496.8 134.088333,36.265,12496.8 
			</coordinates>
		</LineString>
	</Placemark>
	<Placemark>
		<styleUrl>#style_10014</styleUrl>
		<LineString>
			<tessellate>1</tessellate>
			<altitudeMode>absolute</altitudeMode>
			<coordinates>
				134.088333,36.265,12496.8 134.503333,36.243333,12496.8 
			</coordinates>
		</LineString>
	</Placemark>
	<Placemark>
		<styleUrl>#style_10015</styleUrl>
		<LineString>
			<tessellate>1</tessellate>
			<altitudeMode>absolute</altitudeMode>
			<coordinates>
				134.503333,36.243333,12496.8 136.72,37.1,12496.8 
			</coordinates>
		</LineString>
	</Placemark>
	<Placemark>
		<styleUrl>#style_10016</styleUrl>
		<LineString>
			<tessellate>1</tessellate>
			<altitudeMode>absolute</altitudeMode>
			<coordinates>
				136.72,37.1,12496.8 138.403333,37.71,12496.8 
			</coordinates>
		</LineString>
	</Placemark>
	<Placemark>
		<styleUrl>#style_10017</styleUrl>
		<LineString>
			<tessellate>1</tessellate>
			<altitudeMode>absolute</altitudeMode>
			<coordinates>
				138.403333,37.71,12496.8 139.115,37.958333,12496.8 
			</coordinates>
		</LineString>
	</Placemark>
	<Placemark>
		<styleUrl>#style_10018</styleUrl>
		<LineString>
			<tessellate>1</tessellate>
			<altitudeMode>absolute</altitudeMode>
			<coordinates>
				139.115,37.958333,12496.8 139.761667,38.026667,12496.8 
			</coordinates>
		</LineString>
	</Placemark>
	<Placemark>
		<styleUrl>#style_10019</styleUrl>
		<LineString>
			<tessellate>1</tessellate>
			<altitudeMode>absolute</altitudeMode>
			<coordinates>
				139.761667,38.026667,12496.8 140.921667,38.138333,12496.8 
			</coordinates>
		</LineString>
	</Placemark>
	<Placemark>
		<styleUrl>#style_10020</styleUrl>
		<LineString>
			<tessellate>1</tessellate>
			<altitudeMode>absolute</altitudeMode>
			<coordinates>
				140.921667,38.138333,12496.8 142.061667,38.006667,12496.8 
			</coordinates>
		</LineString>
	</Placemark>
	<Placemark>
		<styleUrl>#style_10021</styleUrl>
		<LineString>
			<tessellate>1</tessellate>
			<altitudeMode>absolute</altitudeMode>
			<coordinates>
				142.061667,38.006667,12496.8 143.233333,37.856667,12496.8 
			</coordinates>
		</LineString>
	</Placemark>
	<Placemark>
		<styleUrl>#style_10022</styleUrl>
		<LineString>
			<tessellate>1</tessellate>
			<altitudeMode>absolute</altitudeMode>
			<coordinates>
				143.233333,37.856667,12496.8 143.54,37.816667,12496.8 
			</coordinates>
		</LineString>
	</Placemark>
	<Placemark>
		<styleUrl>#style_10023</styleUrl>
		<LineString>
			<tessellate>1</tessellate>
			<altitudeMode>absolute</altitudeMode>
			<coordinates>
				143.54,37.816667,12496.8 144.511667,38.688333,12496.8 
			</coordinates>
		</LineString>
	</Placemark>
	<Placemark>
		<styleUrl>#style_10024</styleUrl>
		<LineString>
			<tessellate>1</tessellate>
			<altitudeMode>absolute</altitudeMode>
			<coordinates>
				144.511667,38.688333,12496.8 148.216667,41.74,12496.8 
			</coordinates>
		</LineString>
	</Placemark>
	<Placemark>
		<styleUrl>#style_10025</styleUrl>
		<LineString>
			<tessellate>1</tessellate>
			<altitudeMode>absolute</altitudeMode>
			<coordinates>
				148.216667,41.74,12496.8 153.72,45.53166700000001,12496.8 
			</coordinates>
		</LineString>
	</Placemark>
	<Placemark>
		<styleUrl>#style_10026</styleUrl>
		<LineString>
			<tessellate>1</tessellate>
			<altitudeMode>absolute</altitudeMode>
			<coordinates>
				153.72,45.53166700000001,12496.8 161.13,49.51,12496.8 
			</coordinates>
		</LineString>
	</Placemark>
	<Placemark>
		<styleUrl>#style_10027</styleUrl>
		<LineString>
			<tessellate>1</tessellate>
			<altitudeMode>absolute</altitudeMode>
			<coordinates>
				161.13,49.51,12496.8 164.44,50.89833300000001,12496.8 
			</coordinates>
		</LineString>
	</Placemark>
	<Placemark>
		<styleUrl>#style_10028</styleUrl>
		<LineString>
			<tessellate>1</tessellate>
			<altitudeMode>absolute</altitudeMode>
			<coordinates>
				164.44,50.89833300000001,12496.8 170,51,12496.8 
			</coordinates>
		</LineString>
	</Placemark>
	<Placemark>
		<styleUrl>#style_10029</styleUrl>
		<LineString>
			<tessellate>1</tessellate>
			<altitudeMode>absolute</altitudeMode>
			<coordinates>
				170,51,12496.8 180,50,12496.8 
			</coordinates>
		</LineString>
	</Placemark>
	<Placemark>
		<styleUrl>#style_10030</styleUrl>
		<LineString>
			<tessellate>1</tessellate>
			<altitudeMode>absolute</altitudeMode>
			<coordinates>
				180,50,12496.8 -170,48.99999999999999,12496.8 
			</coordinates>
		</LineString>
	</Placemark>
	<Placemark>
		<styleUrl>#style_10031</styleUrl>
		<LineString>
			<tessellate>1</tessellate>
			<altitudeMode>absolute</altitudeMode>
			<coordinates>
				-170,48.99999999999999,12496.8 -160,48,12496.8 
			</coordinates>
		</LineString>
	</Placemark>
	<Placemark>
		<styleUrl>#style_10032</styleUrl>
		<LineString>
			<tessellate>1</tessellate>
			<altitudeMode>absolute</altitudeMode>
			<coordinates>
				-160,48,12496.8 -150,46,12496.8 
			</coordinates>
		</LineString>
	</Placemark>
	<Placemark>
		<styleUrl>#style_10033</styleUrl>
		<LineString>
			<tessellate>1</tessellate>
			<altitudeMode>absolute</altitudeMode>
			<coordinates>
				-150,46,12496.8 -140,44,12496.8 
			</coordinates>
		</LineString>
	</Placemark>
	<Placemark>
		<styleUrl>#style_10034</styleUrl>
		<LineString>
			<tessellate>1</tessellate>
			<altitudeMode>absolute</altitudeMode>
			<coordinates>
				-140,44,12496.8 -130,41,12496.8 
			</coordinates>
		</LineString>
	</Placemark>
	<Placemark>
		<styleUrl>#style_10035</styleUrl>
		<LineString>
			<tessellate>1</tessellate>
			<altitudeMode>absolute</altitudeMode>
			<coordinates>
				-130,41,12496.8 -127,39.063333,12496.8 
			</coordinates>
		</LineString>
	</Placemark>
	<Placemark>
		<styleUrl>#style_10036</styleUrl>
		<LineString>
			<tessellate>1</tessellate>
			<altitudeMode>absolute</altitudeMode>
			<coordinates>
				-127,39.063333,12496.8 -125.5,38,12496.8 
			</coordinates>
		</LineString>
	</Placemark>
	<Placemark>
		<styleUrl>#style_10037</styleUrl>
		<LineString>
			<tessellate>1</tessellate>
			<altitudeMode>absolute</altitudeMode>
			<coordinates>
				-125.5,38,12496.8 -122.863333,37.258333,12496.8 
			</coordinates>
		</LineString>
	</Placemark>
	<Placemark>
		<styleUrl>#style_10038</styleUrl>
		<LineString>
			<tessellate>1</tessellate>
			<altitudeMode>absolute</altitudeMode>
			<coordinates>
				-122.863333,37.258333,12496.8 -120.108333,35.666667,12496.8 
			</coordinates>
		</LineString>
	</Placemark>
	<Placemark>
		<styleUrl>#style_10039</styleUrl>
		<LineString>
			<tessellate>1</tessellate>
			<altitudeMode>absolute</altitudeMode>
			<coordinates>
				-120.108333,35.666667,12496.8 -119.825,35.288333,12496.8 
			</coordinates>
		</LineString>
	</Placemark>
	<Placemark>
		<styleUrl>#style_10040</styleUrl>
		<LineString>
			<tessellate>1</tessellate>
			<altitudeMode>absolute</altitudeMode>
			<coordinates>
				-119.825,35.288333,12496.8 -119.803333,35.266667,12496.8 
			</coordinates>
		</LineString>
	</Placemark>
	<Placemark>
		<styleUrl>#style_10041</styleUrl>
		<LineString>
			<tessellate>1</tessellate>
			<altitudeMode>absolute</altitudeMode>
			<coordinates>
				-119.803333,35.266667,12496.8 -119.476667,34.915,8839.200000000001 
			</coordinates>
		</LineString>
	</Placemark>
	<Placemark>
		<styleUrl>#style_10042</styleUrl>
		<LineString>
			<tessellate>1</tessellate>
			<altitudeMode>absolute</altitudeMode>
			<coordinates>
				-119.476667,34.915,8839.200000000001 -119.328333,34.75,8229.6 
			</coordinates>
		</LineString>
	</Placemark>
	<Placemark>
		<styleUrl>#style_10043</styleUrl>
		<LineString>
			<tessellate>1</tessellate>
			<altitudeMode>absolute</altitudeMode>
			<coordinates>
				-119.328333,34.75,8229.6 -119.243333,34.651667,7315.199999999999 
			</coordinates>
		</LineString>
	</Placemark>
	<Placemark>
		<styleUrl>#style_10044</styleUrl>
		<LineString>
			<tessellate>1</tessellate>
			<altitudeMode>absolute</altitudeMode>
			<coordinates>
				-119.243333,34.651667,7315.199999999999 -119.166667,34.563333,7010.4 
			</coordinates>
		</LineString>
	</Placemark>
	<Placemark>
		<styleUrl>#style_10045</styleUrl>
		<LineString>
			<tessellate>1</tessellate>
			<altitudeMode>absolute</altitudeMode>
			<coordinates>
				-119.166667,34.563333,7010.4 -119.06,34.443333,6096 
			</coordinates>
		</LineString>
	</Placemark>
	<Placemark>
		<styleUrl>#style_10046</styleUrl>
		<LineString>
			<tessellate>1</tessellate>
			<altitudeMode>absolute</altitudeMode>
			<coordinates>
				-119.06,34.443333,6096 -118.973333,34.343333,5181.6 
			</coordinates>
		</LineString>
	</Placemark>
	<Placemark>
		<styleUrl>#style_10047</styleUrl>
		<LineString>
			<tessellate>1</tessellate>
			<altitudeMode>absolute</altitudeMode>
			<coordinates>
				-118.973333,34.343333,5181.6 -118.893333,34.255,4815.84 
			</coordinates>
		</LineString>
	</Placemark>
	<Placemark>
		<styleUrl>#style_10048</styleUrl>
		<LineString>
			<tessellate>1</tessellate>
			<altitudeMode>absolute</altitudeMode>
			<coordinates>
				-118.893333,34.255,4815.84 -118.81,34.165,3962.400000000001 
			</coordinates>
		</LineString>
	</Placemark>
	<Placemark>
		<styleUrl>#style_10049</styleUrl>
		<LineString>
			<tessellate>1</tessellate>
			<altitudeMode>absolute</altitudeMode>
			<coordinates>
				-118.81,34.165,3962.400000000001 -118.663333,34.03,3444.24 
			</coordinates>
		</LineString>
	</Placemark>
	<Placemark>
		<styleUrl>#style_10050</styleUrl>
		<LineString>
			<tessellate>1</tessellate>
			<altitudeMode>absolute</altitudeMode>
			<coordinates>
				-118.663333,34.03,3444.24 -118.553333,34.02,2743.2 
			</coordinates>
		</LineString>
	</Placemark>
	<Placemark>
		<styleUrl>#style_10051</styleUrl>
		<LineString>
			<tessellate>1</tessellate>
			<altitudeMode>absolute</altitudeMode>
			<coordinates>
				-118.553333,34.02,2743.2 -118.456667,34.01,2438.4 
			</coordinates>
		</LineString>
	</Placemark>
	<Placemark>
		<styleUrl>#style_10052</styleUrl>
		<LineString>
			<tessellate>1</tessellate>
			<altitudeMode>absolute</altitudeMode>
			<coordinates>
				-118.456667,34.01,2438.4 -118.358333,34.026667,1828.8 
			</coordinates>
		</LineString>
	</Placemark>
	<Placemark>
		<styleUrl>#style_10053</styleUrl>
		<LineString>
			<tessellate>1</tessellate>
			<altitudeMode>absolute</altitudeMode>
			<coordinates>
				-118.358333,34.026667,1828.8 -118.298333,34.033333,1828.8 
			</coordinates>
		</LineString>
	</Placemark>
	<Placemark>
		<styleUrl>#style_10054</styleUrl>
		<LineString>
			<tessellate>1</tessellate>
			<altitudeMode>absolute</altitudeMode>
			<coordinates>
				-118.298333,34.033333,1828.8 -118.408333,33.941667,39.0144 
			</coordinates>
		</LineString>
	</Placemark>
	<Placemark>
		<styleUrl>#style_10055</styleUrl>
		<LineString>
			<tessellate>1</tessellate>
			<altitudeMode>absolute</altitudeMode>
			<coordinates>
				-118.408333,33.941667,39.0144 0,0,0 
			</coordinates>
		</LineString>
	</Placemark>
	<Placemark>
		<styleUrl>#style_10056</styleUrl>
		<LineString>
			<tessellate>1</tessellate>
			<altitudeMode>absolute</altitudeMode>
			<coordinates>
				0,0,0 0,0,0 
			</coordinates>
		</LineString>
	</Placemark>
	<Placemark>
		<styleUrl>#style_10057</styleUrl>
		<LineString>
			<tessellate>1</tessellate>
			<altitudeMode>absolute</altitudeMode>
			<coordinates>
				0,0,0 0,0,0 
			</coordinates>
		</LineString>
	</Placemark>
	<Placemark>
		<styleUrl>#style_10058</styleUrl>
		<LineString>
			<tessellate>1</tessellate>
			<altitudeMode>absolute</altitudeMode>
			<coordinates>
				0,0,0 0,0,0 
			</coordinates>
		</LineString>
	</Placemark>
	<Placemark>
		<styleUrl>#style_10059</styleUrl>
		<LineString>
			<tessellate>1</tessellate>
			<altitudeMode>absolute</altitudeMode>
			<coordinates>
				0,0,0 0,0,0 
			</coordinates>
		</LineString>
	</Placemark>
	<Placemark>
		<styleUrl>#style_10060</styleUrl>
		<LineString>
			<tessellate>1</tessellate>
			<altitudeMode>absolute</altitudeMode>
			<coordinates>
				0,0,0 0,0,0 
			</coordinates>
		</LineString>
	</Placemark>
	<Placemark>
		<styleUrl>#style_10061</styleUrl>
		<LineString>
			<tessellate>1</tessellate>
			<altitudeMode>absolute</altitudeMode>
			<coordinates>
				0,0,0 0,0,0 
			</coordinates>
		</LineString>
	</Placemark>
	<Placemark>
		<styleUrl>#style_10062</styleUrl>
		<LineString>
			<tessellate>1</tessellate>
			<altitudeMode>absolute</altitudeMode>
			<coordinates>
				0,0,0 0,0,0 
			</coordinates>
		</LineString>
	</Placemark>
	<Placemark>
		<styleUrl>#style_10063</styleUrl>
		<LineString>
			<tessellate>1</tessellate>
			<altitudeMode>absolute</altitudeMode>
			<coordinates>
				0,0,0 0,0,0 
			</coordinates>
		</LineString>
	</Placemark>
	<Placemark>
		<styleUrl>#style_10064</styleUrl>
		<LineString>
			<tessellate>1</tessellate>
			<altitudeMode>absolute</altitudeMode>
			<coordinates>
				0,0,0 0,0,0 
			</coordinates>
		</LineString>
	</Placemark>
	<Placemark>
		<styleUrl>#style_10065</styleUrl>
		<LineString>
			<tessellate>1</tessellate>
			<altitudeMode>absolute</altitudeMode>
			<coordinates>
				0,0,0 0,0,0 
			</coordinates>
		</LineString>
	</Placemark>
	<Placemark>
		<styleUrl>#style_10066</styleUrl>
		<LineString>
			<tessellate>1</tessellate>
			<altitudeMode>absolute</altitudeMode>
			<coordinates>
				0,0,0 0,0,0 
			</coordinates>
		</LineString>
	</Placemark>
	<Placemark>
		<styleUrl>#style_10067</styleUrl>
		<LineString>
			<tessellate>1</tessellate>
			<altitudeMode>absolute</altitudeMode>
			<coordinates>
				0,0,0 0,0,0 
			</coordinates>
		</LineString>
	</Placemark>
	<Placemark>
		<styleUrl>#style_10068</styleUrl>
		<LineString>
			<tessellate>1</tessellate>
			<altitudeMode>absolute</altitudeMode>
			<coordinates>
				0,0,0 0,0,0 
			</coordinates>
		</LineString>
	</Placemark>
	<Placemark>
		<styleUrl>#style_10069</styleUrl>
		<LineString>
			<tessellate>1</tessellate>
			<altitudeMode>absolute</altitudeMode>
			<coordinates>
				0,0,0 0,0,0 
			</coordinates>
		</LineString>
	</Placemark>
	<Placemark>
		<styleUrl>#style_10070</styleUrl>
		<LineString>
			<tessellate>1</tessellate>
			<altitudeMode>absolute</altitudeMode>
			<coordinates>
				0,0,0 0,0,0 
			</coordinates>
		</LineString>
	</Placemark>
	<Placemark>
		<styleUrl>#style_10071</styleUrl>
		<LineString>
			<tessellate>1</tessellate>
			<altitudeMode>absolute</altitudeMode>
			<coordinates>
				0,0,0 0,0,0 
			</coordinates>
		</LineString>
	</Placemark>
	<Placemark>
		<styleUrl>#style_10072</styleUrl>
		<LineString>
			<tessellate>1</tessellate>
			<altitudeMode>absolute</altitudeMode>
			<coordinates>
				0,0,0 0,0,0 
			</coordinates>
		</LineString>
	</Placemark>
	<Placemark>
		<styleUrl>#style_10073</styleUrl>
		<LineString>
			<tessellate>1</tessellate>
			<altitudeMode>absolute</altitudeMode>
			<coordinates>
				0,0,0 0,0,0 
			</coordinates>
		</LineString>
	</Placemark>
	<Placemark>
		<styleUrl>#style_10074</styleUrl>
		<LineString>
			<tessellate>1</tessellate>
			<altitudeMode>absolute</altitudeMode>
			<coordinates>
				0,0,0 0,0,0 
			</coordinates>
		</LineString>
	</Placemark>
	<Placemark>
		<styleUrl>#style_10075</styleUrl>
		<LineString>
			<tessellate>1</tessellate>
			<altitudeMode>absolute</altitudeMode>
			<coordinates>
				0,0,0 0,0,0 
			</coordinates>
		</LineString>
	</Placemark>
	<Placemark>
		<styleUrl>#style_10076</styleUrl>
		<LineString>
			<tessellate>1</tessellate>
			<altitudeMode>absolute</altitudeMode>
			<coordinates>
				0,0,0 0,0,0 
			</coordinates>
		</LineString>
	</Placemark>
	<Placemark>
		<styleUrl>#style_10077</styleUrl>
		<LineString>
			<tessellate>1</tessellate>
			<altitudeMode>absolute</altitudeMode>
			<coordinates>
				0,0,0 0,0,0 
			</coordinates>
		</LineString>
	</Placemark>
	<Placemark>
		<styleUrl>#style_10078</styleUrl>
		<LineString>
			<tessellate>1</tessellate>
			<altitudeMode>absolute</altitudeMode>
			<coordinates>
				0,0,0 0,0,0 
			</coordinates>
		</LineString>
	</Placemark>
	<Placemark>
		<styleUrl>#style_10079</styleUrl>
		<LineString>
			<tessellate>1</tessellate>
			<altitudeMode>absolute</altitudeMode>
			<coordinates>
				0,0,0 0,0,0 
			</coordinates>
		</LineString>
	</Placemark>
	<Placemark>
		<styleUrl>#style_10080</styleUrl>
		<LineString>
			<tessellate>1</tessellate>
			<altitudeMode>absolute</altitudeMode>
			<coordinates>
				0,0,0 0,0,0 
			</coordinates>
		</LineString>
	</Placemark>
	<Placemark>
		<styleUrl>#style_10081</styleUrl>
		<LineString>
			<tessellate>1</tessellate>
			<altitudeMode>absolute</altitudeMode>
			<coordinates>
				0,0,0 0,0,0 
			</coordinates>
		</LineString>
	</Placemark>
	<Placemark>
		<styleUrl>#style_10082</styleUrl>
		<LineString>
			<tessellate>1</tessellate>
			<altitudeMode>absolute</altitudeMode>
			<coordinates>
				0,0,0 0,0,0 
			</coordinates>
		</LineString>
	</Placemark>
	<Placemark>
		<styleUrl>#style_10083</styleUrl>
		<LineString>
			<tessellate>1</tessellate>
			<altitudeMode>absolute</altitudeMode>
			<coordinates>
				0,0,0 0,0,0 
			</coordinates>
		</LineString>
	</Placemark>
	<Placemark>
		<styleUrl>#style_10084</styleUrl>
		<LineString>
			<tessellate>1</tessellate>
			<altitudeMode>absolute</altitudeMode>
			<coordinates>
				0,0,0 0,0,0 
			</coordinates>
		</LineString>
	</Placemark>
	<Placemark>
		<styleUrl>#style_10085</styleUrl>
		<LineString>
			<tessellate>1</tessellate>
			<altitudeMode>absolute</altitudeMode>
			<coordinates>
				0,0,0 0,0,0 
			</coordinates>
		</LineString>
	</Placemark>
	<Placemark>
		<styleUrl>#style_10086</styleUrl>
		<LineString>
			<tessellate>1</tessellate>
			<altitudeMode>absolute</altitudeMode>
			<coordinates>
				0,0,0 0,0,0 
			</coordinates>
		</LineString>
	</Placemark>
	<Placemark>
		<styleUrl>#style_10087</styleUrl>
		<LineString>
			<tessellate>1</tessellate>
			<altitudeMode>absolute</altitudeMode>
			<coordinates>
				0,0,0 0,0,0 
			</coordinates>
		</LineString>
	</Placemark>
	<Placemark>
		<styleUrl>#style_10088</styleUrl>
		<LineString>
			<tessellate>1</tessellate>
			<altitudeMode>absolute</altitudeMode>
			<coordinates>
				0,0,0 0,0,0 
			</coordinates>
		</LineString>
	</Placemark>
	<Placemark>
		<styleUrl>#style_10089</styleUrl>
		<LineString>
			<tessellate>1</tessellate>
			<altitudeMode>absolute</altitudeMode>
			<coordinates>
				0,0,0 0,0,0 
			</coordinates>
		</LineString>
	</Placemark>
	<Placemark>
		<styleUrl>#style_10090</styleUrl>
		<LineString>
			<tessellate>1</tessellate>
			<altitudeMode>absolute</altitudeMode>
			<coordinates>
				0,0,0 0,0,0 
			</coordinates>
		</LineString>
	</Placemark>
	<Placemark>
		<styleUrl>#style_10091</styleUrl>
		<LineString>
			<tessellate>1</tessellate>
			<altitudeMode>absolute</altitudeMode>
			<coordinates>
				0,0,0 0,0,0 
			</coordinates>
		</LineString>
	</Placemark>
	<Placemark>
		<styleUrl>#style_10092</styleUrl>
		<LineString>
			<tessellate>1</tessellate>
			<altitudeMode>absolute</altitudeMode>
			<coordinates>
				0,0,0 0,0,0 
			</coordinates>
		</LineString>
	</Placemark>
	<Placemark>
		<styleUrl>#style_10093</styleUrl>
		<LineString>
			<tessellate>1</tessellate>
			<altitudeMode>absolute</altitudeMode>
			<coordinates>
				0,0,0 0,0,0 
			</coordinates>
		</LineString>
	</Placemark>
	<Placemark>
		<styleUrl>#style_10094</styleUrl>
		<LineString>
			<tessellate>1</tessellate>
			<altitudeMode>absolute</altitudeMode>
			<coordinates>
				0,0,0 0,0,0 
			</coordinates>
		</LineString>
	</Placemark>
	<Placemark>
		<styleUrl>#style_10095</styleUrl>
		<LineString>
			<tessellate>1</tessellate>
			<altitudeMode>absolute</altitudeMode>
			<coordinates>
				0,0,0 0,0,0 
			</coordinates>
		</LineString>
	</Placemark>
	<Placemark>
		<styleUrl>#style_10096</styleUrl>
		<LineString>
			<tessellate>1</tessellate>
			<altitudeMode>absolute</altitudeMode>
			<coordinates>
				0,0,0 0,0,0 
			</coordinates>
		</LineString>
	</Placemark>
	<Placemark>
		<styleUrl>#style_10097</styleUrl>
		<LineString>
			<tessellate>1</tessellate>
			<altitudeMode>absolute</altitudeMode>
			<coordinates>
				0,0,0 0,0,0 
			</coordinates>
		</LineString>
	</Placemark>
	<Placemark>
		<styleUrl>#style_10098</styleUrl>
		<LineString>
			<tessellate>1</tessellate>
			<altitudeMode>absolute</altitudeMode>
			<coordinates>
				0,0,0 0,0,0 
			</coordinates>
		</LineString>
	</Placemark>
	<Placemark>
		<styleUrl>#style_10099</styleUrl>
		<LineString>
			<tessellate>1</tessellate>
			<altitudeMode>absolute</altitudeMode>
			<coordinates>
				0,0,0 0,0,0 
			</coordinates>
		</LineString>
	</Placemark>
	<Placemark>
		<styleUrl>#style_10100</styleUrl>
		<LineString>
			<tessellate>1</tessellate>
			<altitudeMode>absolute</altitudeMode>
			<coordinates>
				0,0,0 0,0,0 
			</coordinates>
		</LineString>
	</Placemark>
	<Placemark>
		<styleUrl>#style_10101</styleUrl>
		<LineString>
			<tessellate>1</tessellate>
			<altitudeMode>absolute</altitudeMode>
			<coordinates>
				0,0,0 0,0,0 
			</coordinates>
		</LineString>
	</Placemark>
	<Placemark>
		<styleUrl>#style_10102</styleUrl>
		<LineString>
			<tessellate>1</tessellate>
			<altitudeMode>absolute</altitudeMode>
			<coordinates>
				0,0,0 0,0,0 
			</coordinates>
		</LineString>
	</Placemark>
	<Placemark>
		<styleUrl>#style_10103</styleUrl>
		<LineString>
			<tessellate>1</tessellate>
			<altitudeMode>absolute</altitudeMode>
			<coordinates>
				0,0,0 0,0,0 
			</coordinates>
		</LineString>
	</Placemark>
	<Placemark>
		<styleUrl>#style_10104</styleUrl>
		<LineString>
			<tessellate>1</tessellate>
			<altitudeMode>absolute</altitudeMode>
			<coordinates>
				0,0,0 0,0,0 
			</coordinates>
		</LineString>
	</Placemark>
	<Placemark>
		<styleUrl>#style_10105</styleUrl>
		<LineString>
			<tessellate>1</tessellate>
			<altitudeMode>absolute</altitudeMode>
			<coordinates>
				0,0,0 0,0,0 
			</coordinates>
		</LineString>
	</Placemark>
	<Placemark>
		<styleUrl>#style_10106</styleUrl>
		<LineString>
			<tessellate>1</tessellate>
			<altitudeMode>absolute</altitudeMode>
			<coordinates>
				0,0,0 0,0,0 
			</coordinates>
		</LineString>
	</Placemark>
	<Placemark>
		<styleUrl>#style_10107</styleUrl>
		<LineString>
			<tessellate>1</tessellate>
			<altitudeMode>absolute</altitudeMode>
			<coordinates>
				0,0,0 0,0,0 
			</coordinates>
		</LineString>
	</Placemark>
	<Placemark>
		<styleUrl>#style_10108</styleUrl>
		<LineString>
			<tessellate>1</tessellate>
			<altitudeMode>absolute</altitudeMode>
			<coordinates>
				0,0,0 0,0,0 
			</coordinates>
		</LineString>
	</Placemark>
	<Placemark>
		<styleUrl>#style_10109</styleUrl>
		<LineString>
			<tessellate>1</tessellate>
			<altitudeMode>absolute</altitudeMode>
			<coordinates>
				0,0,0 0,0,0 
			</coordinates>
		</LineString>
	</Placemark>
	<Placemark>
		<styleUrl>#style_10110</styleUrl>
		<LineString>
			<tessellate>1</tessellate>
			<altitudeMode>absolute</altitudeMode>
			<coordinates>
				0,0,0 0,0,0 
			</coordinates>
		</LineString>
	</Placemark>
	<Placemark>
		<styleUrl>#style_10111</styleUrl>
		<LineString>
			<tessellate>1</tessellate>
			<altitudeMode>absolute</altitudeMode>
			<coordinates>
				0,0,0 0,0,0 
			</coordinates>
		</LineString>
	</Placemark>
	<Placemark>
		<styleUrl>#style_10112</styleUrl>
		<LineString>
			<tessellate>1</tessellate>
			<altitudeMode>absolute</altitudeMode>
			<coordinates>
				0,0,0 0,0,0 
			</coordinates>
		</LineString>
	</Placemark>
	<Placemark>
		<styleUrl>#style_10113</styleUrl>
		<LineString>
			<tessellate>1</tessellate>
			<altitudeMode>absolute</altitudeMode>
			<coordinates>
				0,0,0 0,0,0 
			</coordinates>
		</LineString>
	</Placemark>
	<Placemark>
		<styleUrl>#style_10114</styleUrl>
		<LineString>
			<tessellate>1</tessellate>
			<altitudeMode>absolute</altitudeMode>
			<coordinates>
				0,0,0 0,0,0 
			</coordinates>
		</LineString>
	</Placemark>
	<Placemark>
		<styleUrl>#style_10115</styleUrl>
		<LineString>
			<tessellate>1</tessellate>
			<altitudeMode>absolute</altitudeMode>
			<coordinates>
				0,0,0 0,0,0 
			</coordinates>
		</LineString>
	</Placemark>
	<Placemark>
		<styleUrl>#style_10116</styleUrl>
		<LineString>
			<tessellate>1</tessellate>
			<altitudeMode>absolute</altitudeMode>
			<coordinates>
				0,0,0 0,0,0 
			</coordinates>
		</LineString>
	</Placemark>
	<Placemark>
		<styleUrl>#style_10117</styleUrl>
		<LineString>
			<tessellate>1</tessellate>
			<altitudeMode>absolute</altitudeMode>
			<coordinates>
				0,0,0 0,0,0 
			</coordinates>
		</LineString>
	</Placemark>
	<Placemark>
		<styleUrl>#style_10118</styleUrl>
		<LineString>
			<tessellate>1</tessellate>
			<altitudeMode>absolute</altitudeMode>
			<coordinates>
				0,0,0 0,0,0 
			</coordinates>
		</LineString>
	</Placemark>
	<Placemark>
		<styleUrl>#style_10119</styleUrl>
		<LineString>
			<tessellate>1</tessellate>
			<altitudeMode>absolute</altitudeMode>
			<coordinates>
				0,0,0 0,0,0 
			</coordinates>
		</LineString>
	</Placemark>
	<Placemark>
		<styleUrl>#style_10120</styleUrl>
		<LineString>
			<tessellate>1</tessellate>
			<altitudeMode>absolute</altitudeMode>
			<coordinates>
				0,0,0 0,0,0 
			</coordinates>
		</LineString>
	</Placemark>
	<Placemark>
		<styleUrl>#style_10121</styleUrl>
		<LineString>
			<tessellate>1</tessellate>
			<altitudeMode>absolute</altitudeMode>
			<coordinates>
				0,0,0 0,0,0 
			</coordinates>
		</LineString>
	</Placemark>
	<Placemark>
		<styleUrl>#style_10122</styleUrl>
		<LineString>
			<tessellate>1</tessellate>
			<altitudeMode>absolute</altitudeMode>
			<coordinates>
				0,0,0 0,0,0 
			</coordinates>
		</LineString>
	</Placemark>
	<Placemark>
		<styleUrl>#style_10123</styleUrl>
		<LineString>
			<tessellate>1</tessellate>
			<altitudeMode>absolute</altitudeMode>
			<coordinates>
				0,0,0 0,0,0 
			</coordinates>
		</LineString>
	</Placemark>
	<Placemark>
		<styleUrl>#style_10124</styleUrl>
		<LineString>
			<tessellate>1</tessellate>
			<altitudeMode>absolute</altitudeMode>
			<coordinates>
				0,0,0 0,0,0 
			</coordinates>
		</LineString>
	</Placemark>
	<Placemark>
		<styleUrl>#style_10125</styleUrl>
		<LineString>
			<tessellate>1</tessellate>
			<altitudeMode>absolute</altitudeMode>
			<coordinates>
				0,0,0 0,0,0 
			</coordinates>
		</LineString>
	</Placemark>
	<Placemark>
		<styleUrl>#style_10126</styleUrl>
		<LineString>
			<tessellate>1</tessellate>
			<altitudeMode>absolute</altitudeMode>
			<coordinates>
				0,0,0 0,0,0 
			</coordinates>
		</LineString>
	</Placemark>
	<Placemark>
		<styleUrl>#style_10127</styleUrl>
		<LineString>
			<tessellate>1</tessellate>
			<altitudeMode>absolute</altitudeMode>
			<coordinates>
				0,0,0 0,0,0 
			</coordinates>
		</LineString>
	</Placemark>
	<Placemark>
		<styleUrl>#style_10128</styleUrl>
		<LineString>
			<tessellate>1</tessellate>
			<altitudeMode>absolute</altitudeMode>
			<coordinates>
				0,0,0 0,0,0 
			</coordinates>
		</LineString>
	</Placemark>
	<Placemark>
		<styleUrl>#style_10129</styleUrl>
		<LineString>
			<tessellate>1</tessellate>
			<altitudeMode>absolute</altitudeMode>
			<coordinates>
				0,0,0 0,0,0 
			</coordinates>
		</LineString>
	</Placemark>
	<Placemark>
		<styleUrl>#style_10130</styleUrl>
		<LineString>
			<tessellate>1</tessellate>
			<altitudeMode>absolute</altitudeMode>
			<coordinates>
				0,0,0 0,0,0 
			</coordinates>
		</LineString>
	</Placemark>
	<Placemark>
		<styleUrl>#style_10131</styleUrl>
		<LineString>
			<tessellate>1</tessellate>
			<altitudeMode>absolute</altitudeMode>
			<coordinates>
				0,0,0 0,0,0 
			</coordinates>
		</LineString>
	</Placemark>
	<Placemark>
		<styleUrl>#style_10132</styleUrl>
		<LineString>
			<tessellate>1</tessellate>
			<altitudeMode>absolute</altitudeMode>
			<coordinates>
				0,0,0 0,0,0 
			</coordinates>
		</LineString>
	</Placemark>
	<Placemark>
		<styleUrl>#style_10133</styleUrl>
		<LineString>
			<tessellate>1</tessellate>
			<altitudeMode>absolute</altitudeMode>
			<coordinates>
				0,0,0 0,0,0 
			</coordinates>
		</LineString>
	</Placemark>
	<Placemark>
		<styleUrl>#style_10134</styleUrl>
		<LineString>
			<tessellate>1</tessellate>
			<altitudeMode>absolute</altitudeMode>
			<coordinates>
				0,0,0 0,0,0 
			</coordinates>
		</LineString>
	</Placemark>
	<Placemark>
		<styleUrl>#style_10135</styleUrl>
		<LineString>
			<tessellate>1</tessellate>
			<altitudeMode>absolute</altitudeMode>
			<coordinates>
				0,0,0 0,0,0 
			</coordinates>
		</LineString>
	</Placemark>
	<Placemark>
		<styleUrl>#style_10136</styleUrl>
		<LineString>
			<tessellate>1</tessellate>
			<altitudeMode>absolute</altitudeMode>
			<coordinates>
				0,0,0 0,0,0 
			</coordinates>
		</LineString>
	</Placemark>
	<Placemark>
		<styleUrl>#style_10137</styleUrl>
		<LineString>
			<tessellate>1</tessellate>
			<altitudeMode>absolute</altitudeMode>
			<coordinates>
				0,0,0 0,0,0 
			</coordinates>
		</LineString>
	</Placemark>
	<Placemark>
		<styleUrl>#style_10138</styleUrl>
		<LineString>
			<tessellate>1</tessellate>
			<altitudeMode>absolute</altitudeMode>
			<coordinates>
				0,0,0 0,0,0 
			</coordinates>
		</LineString>
	</Placemark>
	<Placemark>
		<styleUrl>#style_10139</styleUrl>
		<LineString>
			<tessellate>1</tessellate>
			<altitudeMode>absolute</altitudeMode>
			<coordinates>
				0,0,0 0,0,0 
			</coordinates>
		</LineString>
	</Placemark>
	<Placemark>
		<styleUrl>#style_10140</styleUrl>
		<LineString>
			<tessellate>1</tessellate>
			<altitudeMode>absolute</altitudeMode>
			<coordinates>
				0,0,0 0,0,0 
			</coordinates>
		</LineString>
	</Placemark>
	<Placemark>
		<styleUrl>#style_10141</styleUrl>
		<LineString>
			<tessellate>1</tessellate>
			<altitudeMode>absolute</altitudeMode>
			<coordinates>
				0,0,0 0,0,0 
			</coordinates>
		</LineString>
	</Placemark>
	<Placemark>
		<styleUrl>#style_10142</styleUrl>
		<LineString>
			<tessellate>1</tessellate>
			<altitudeMode>absolute</altitudeMode>
			<coordinates>
				0,0,0 0,0,0 
			</coordinates>
		</LineString>
	</Placemark>
	<Placemark>
		<styleUrl>#style_10143</styleUrl>
		<LineString>
			<tessellate>1</tessellate>
			<altitudeMode>absolute</altitudeMode>
			<coordinates>
				0,0,0 0,0,0 
			</coordinates>
		</LineString>
	</Placemark>
	<Placemark>
		<styleUrl>#style_10144</styleUrl>
		<LineString>
			<tessellate>1</tessellate>
			<altitudeMode>absolute</altitudeMode>
			<coordinates>
				0,0,0 0,0,0 
			</coordinates>
		</LineString>
	</Placemark>
	<Placemark>
		<styleUrl>#style_10145</styleUrl>
		<LineString>
			<tessellate>1</tessellate>
			<altitudeMode>absolute</altitudeMode>
			<coordinates>
				0,0,0 0,0,0 
			</coordinates>
		</LineString>
	</Placemark>
	<Placemark>
		<styleUrl>#style_10146</styleUrl>
		<LineString>
			<tessellate>1</tessellate>
			<altitudeMode>absolute</altitudeMode>
			<coordinates>
				0,0,0 0,0,0 
			</coordinates>
		</LineString>
	</Placemark>
	<Placemark>
		<styleUrl>#style_10147</styleUrl>
		<LineString>
			<tessellate>1</tessellate>
			<altitudeMode>absolute</altitudeMode>
			<coordinates>
				0,0,0 0,0,0 
			</coordinates>
		</LineString>
	</Placemark>
	<Placemark>
		<styleUrl>#style_10148</styleUrl>
		<LineString>
			<tessellate>1</tessellate>
			<altitudeMode>absolute</altitudeMode>
			<coordinates>
				0,0,0 0,0,0 
			</coordinates>
		</LineString>
	</Placemark>
	<Placemark>
		<styleUrl>#style_10149</styleUrl>
		<LineString>
			<tessellate>1</tessellate>
			<altitudeMode>absolute</altitudeMode>
			<coordinates>
				0,0,0 0,0,0 
			</coordinates>
		</LineString>
	</Placemark>
	<Placemark>
		<styleUrl>#style_10150</styleUrl>
		<LineString>
			<tessellate>1</tessellate>
			<altitudeMode>absolute</altitudeMode>
			<coordinates>
				0,0,0 0,0,0 
			</coordinates>
		</LineString>
	</Placemark>
	<Placemark>
		<styleUrl>#style_10151</styleUrl>
		<LineString>
			<tessellate>1</tessellate>
			<altitudeMode>absolute</altitudeMode>
			<coordinates>
				0,0,0 0,0,0 
			</coordinates>
		</LineString>
	</Placemark>
	<Placemark>
		<styleUrl>#style_10152</styleUrl>
		<LineString>
			<tessellate>1</tessellate>
			<altitudeMode>absolute</altitudeMode>
			<coordinates>
				0,0,0 0,0,0 
			</coordinates>
		</LineString>
	</Placemark>
	<Placemark>
		<styleUrl>#style_10153</styleUrl>
		<LineString>
			<tessellate>1</tessellate>
			<altitudeMode>absolute</altitudeMode>
			<coordinates>
				0,0,0 0,0,0 
			</coordinates>
		</LineString>
	</Placemark>
	<Placemark>
		<styleUrl>#style_10154</styleUrl>
		<LineString>
			<tessellate>1</tessellate>
			<altitudeMode>absolute</altitudeMode>
			<coordinates>
				0,0,0 0,0,0 
			</coordinates>
		</LineString>
	</Placemark>
	<Placemark>
		<styleUrl>#style_10155</styleUrl>
		<LineString>
			<tessellate>1</tessellate>
			<altitudeMode>absolute</altitudeMode>
			<coordinates>
				0,0,0 0,0,0 
			</coordinates>
		</LineString>
	</Placemark>
	<Placemark>
		<styleUrl>#style_10156</styleUrl>
		<LineString>
			<tessellate>1</tessellate>
			<altitudeMode>absolute</altitudeMode>
			<coordinates>
				0,0,0 0,0,0 
			</coordinates>
		</LineString>
	</Placemark>
	<Placemark>
		<styleUrl>#style_10157</styleUrl>
		<LineString>
			<tessellate>1</tessellate>
			<altitudeMode>absolute</altitudeMode>
			<coordinates>
				0,0,0 0,0,0 
			</coordinates>
		</LineString>
	</Placemark>
	<Placemark>
		<styleUrl>#style_10158</styleUrl>
		<LineString>
			<tessellate>1</tessellate>
			<altitudeMode>absolute</altitudeMode>
			<coordinates>
				0,0,0 0,0,0 
			</coordinates>
		</LineString>
	</Placemark>
	<Placemark>
		<styleUrl>#style_10159</styleUrl>
		<LineString>
			<tessellate>1</tessellate>
			<altitudeMode>absolute</altitudeMode>
			<coordinates>
				0,0,0 0,0,0 
			</coordinates>
		</LineString>
	</Placemark>
	<Placemark>
		<styleUrl>#style_10160</styleUrl>
		<LineString>
			<tessellate>1</tessellate>
			<altitudeMode>absolute</altitudeMode>
			<coordinates>
				0,0,0 0,0,0 
			</coordinates>
		</LineString>
	</Placemark>
	<Placemark>
		<styleUrl>#style_10161</styleUrl>
		<LineString>
			<tessellate>1</tessellate>
			<altitudeMode>absolute</altitudeMode>
			<coordinates>
				0,0,0 0,0,0 
			</coordinates>
		</LineString>
	</Placemark>
	<Placemark>
		<styleUrl>#style_10162</styleUrl>
		<LineString>
			<tessellate>1</tessellate>
			<altitudeMode>absolute</altitudeMode>
			<coordinates>
				0,0,0 0,0,0 
			</coordinates>
		</LineString>
	</Placemark>
	<Placemark>
		<styleUrl>#style_10163</styleUrl>
		<LineString>
			<tessellate>1</tessellate>
			<altitudeMode>absolute</altitudeMode>
			<coordinates>
				0,0,0 0,0,0 
			</coordinates>
		</LineString>
	</Placemark>
	<Placemark>
		<styleUrl>#style_10164</styleUrl>
		<LineString>
			<tessellate>1</tessellate>
			<altitudeMode>absolute</altitudeMode>
			<coordinates>
				0,0,0 0,0,0 
			</coordinates>
		</LineString>
	</Placemark>
	<Placemark>
		<styleUrl>#style_10165</styleUrl>
		<LineString>
			<tessellate>1</tessellate>
			<altitudeMode>absolute</altitudeMode>
			<coordinates>
				0,0,0 0,0,0 
			</coordinates>
		</LineString>
	</Placemark>
	<Placemark>
		<styleUrl>#style_10166</styleUrl>
		<LineString>
			<tessellate>1</tessellate>
			<altitudeMode>absolute</altitudeMode>
			<coordinates>
				0,0,0 0,0,0 
			</coordinates>
		</LineString>
	</Placemark>
	<Placemark>
		<styleUrl>#style_10167</styleUrl>
		<LineString>
			<tessellate>1</tessellate>
			<altitudeMode>absolute</altitudeMode>
			<coordinates>
				0,0,0 0,0,0 
			</coordinates>
		</LineString>
	</Placemark>
	<Placemark>
		<styleUrl>#style_10168</styleUrl>
		<LineString>
			<tessellate>1</tessellate>
			<altitudeMode>absolute</altitudeMode>
			<coordinates>
				0,0,0 0,0,0 
			</coordinates>
		</LineString>
	</Placemark>
	<Placemark>
		<styleUrl>#style_10169</styleUrl>
		<LineString>
			<tessellate>1</tessellate>
			<altitudeMode>absolute</altitudeMode>
			<coordinates>
				0,0,0 0,0,0 
			</coordinates>
		</LineString>
	</Placemark>
	<Placemark>
		<styleUrl>#style_10170</styleUrl>
		<LineString>
			<tessellate>1</tessellate>
			<altitudeMode>absolute</altitudeMode>
			<coordinates>
				0,0,0 0,0,0 
			</coordinates>
		</LineString>
	</Placemark>
	<Placemark>
		<styleUrl>#style_10171</styleUrl>
		<LineString>
			<tessellate>1</tessellate>
			<altitudeMode>absolute</altitudeMode>
			<coordinates>
				0,0,0 0,0,0 
			</coordinates>
		</LineString>
	</Placemark>
	<Placemark>
		<styleUrl>#style_10172</styleUrl>
		<LineString>
			<tessellate>1</tessellate>
			<altitudeMode>absolute</altitudeMode>
			<coordinates>
				0,0,0 0,0,0 
			</coordinates>
		</LineString>
	</Placemark>
	<Placemark>
		<styleUrl>#style_10173</styleUrl>
		<LineString>
			<tessellate>1</tessellate>
			<altitudeMode>absolute</altitudeMode>
			<coordinates>
				0,0,0 0,0,0 
			</coordinates>
		</LineString>
	</Placemark>
	<Placemark>
		<styleUrl>#style_10174</styleUrl>
		<LineString>
			<tessellate>1</tessellate>
			<altitudeMode>absolute</altitudeMode>
			<coordinates>
				0,0,0 0,0,0 
			</coordinates>
		</LineString>
	</Placemark>
	<Placemark>
		<styleUrl>#style_10175</styleUrl>
		<LineString>
			<tessellate>1</tessellate>
			<altitudeMode>absolute</altitudeMode>
			<coordinates>
				0,0,0 0,0,0 
			</coordinates>
		</LineString>
	</Placemark>
	<Placemark>
		<styleUrl>#style_10176</styleUrl>
		<LineString>
			<tessellate>1</tessellate>
			<altitudeMode>absolute</altitudeMode>
			<coordinates>
				0,0,0 0,0,0 
			</coordinates>
		</LineString>
	</Placemark>
	<Placemark>
		<styleUrl>#style_10177</styleUrl>
		<LineString>
			<tessellate>1</tessellate>
			<altitudeMode>absolute</altitudeMode>
			<coordinates>
				0,0,0 0,0,0 
			</coordinates>
		</LineString>
	</Placemark>
	<Placemark>
		<styleUrl>#style_10178</styleUrl>
		<LineString>
			<tessellate>1</tessellate>
			<altitudeMode>absolute</altitudeMode>
			<coordinates>
				0,0,0 0,0,0 
			</coordinates>
		</LineString>
	</Placemark>
	<Placemark>
		<styleUrl>#style_10179</styleUrl>
		<LineString>
			<tessellate>1</tessellate>
			<altitudeMode>absolute</altitudeMode>
			<coordinates>
				0,0,0 0,0,0 
			</coordinates>
		</LineString>
	</Placemark>
	<Placemark>
		<styleUrl>#style_10180</styleUrl>
		<LineString>
			<tessellate>1</tessellate>
			<altitudeMode>absolute</altitudeMode>
			<coordinates>
				0,0,0 0,0,0 
			</coordinates>
		</LineString>
	</Placemark>
	<Placemark>
		<styleUrl>#style_10181</styleUrl>
		<LineString>
			<tessellate>1</tessellate>
			<altitudeMode>absolute</altitudeMode>
			<coordinates>
				0,0,0 0,0,0 
			</coordinates>
		</LineString>
	</Placemark>
	<Placemark>
		<styleUrl>#style_10182</styleUrl>
		<LineString>
			<tessellate>1</tessellate>
			<altitudeMode>absolute</altitudeMode>
			<coordinates>
				0,0,0 0,0,0 
			</coordinates>
		</LineString>
	</Placemark>
	<Placemark>
		<styleUrl>#style_10183</styleUrl>
		<LineString>
			<tessellate>1</tessellate>
			<altitudeMode>absolute</altitudeMode>
			<coordinates>
				0,0,0 0,0,0 
			</coordinates>
		</LineString>
	</Placemark>
	<Placemark>
		<styleUrl>#style_10184</styleUrl>
		<LineString>
			<tessellate>1</tessellate>
			<altitudeMode>absolute</altitudeMode>
			<coordinates>
				0,0,0 0,0,0 
			</coordinates>
		</LineString>
	</Placemark>
	<Placemark>
		<styleUrl>#style_10185</styleUrl>
		<LineString>
			<tessellate>1</tessellate>
			<altitudeMode>absolute</altitudeMode>
			<coordinates>
				0,0,0 0,0,0 
			</coordinates>
		</LineString>
	</Placemark>
	<Placemark>
		<styleUrl>#style_10186</styleUrl>
		<LineString>
			<tessellate>1</tessellate>
			<altitudeMode>absolute</altitudeMode>
			<coordinates>
				0,0,0 0,0,0 
			</coordinates>
		</LineString>
	</Placemark>
	<Placemark>
		<styleUrl>#style_10187</styleUrl>
		<LineString>
			<tessellate>1</tessellate>
			<altitudeMode>absolute</altitudeMode>
			<coordinates>
				0,0,0 0,0,0 
			</coordinates>
		</LineString>
	</Placemark>
	<Placemark>
		<styleUrl>#style_10188</styleUrl>
		<LineString>
			<tessellate>1</tessellate>
			<altitudeMode>absolute</altitudeMode>
			<coordinates>
				0,0,0 0,0,0 
			</coordinates>
		</LineString>
	</Placemark>
	<Placemark>
		<styleUrl>#style_10189</styleUrl>
		<LineString>
			<tessellate>1</tessellate>
			<altitudeMode>absolute</altitudeMode>
			<coordinates>
				0,0,0 0,0,0 
			</coordinates>
		</LineString>
	</Placemark>
	<Placemark>
		<styleUrl>#style_10190</styleUrl>
		<LineString>
			<tessellate>1</tessellate>
			<altitudeMode>absolute</altitudeMode>
			<coordinates>
				0,0,0 0,0,0 
			</coordinates>
		</LineString>
	</Placemark>
	<Placemark>
		<styleUrl>#style_10191</styleUrl>
		<LineString>
			<tessellate>1</tessellate>
			<altitudeMode>absolute</altitudeMode>
			<coordinates>
				0,0,0 0,0,0 
			</coordinates>
		</LineString>
	</Placemark>
	<Placemark>
		<styleUrl>#style_10192</styleUrl>
		<LineString>
			<tessellate>1</tessellate>
			<altitudeMode>absolute</altitudeMode>
			<coordinates>
				0,0,0 0,0,0 
			</coordinates>
		</LineString>
	</Placemark>
	<Placemark>
		<styleUrl>#style_10193</styleUrl>
		<LineString>
			<tessellate>1</tessellate>
			<altitudeMode>absolute</altitudeMode>
			<coordinates>
				0,0,0 0,0,0 
			</coordinates>
		</LineString>
	</Placemark>
	<Placemark>
		<styleUrl>#style_10194</styleUrl>
		<LineString>
			<tessellate>1</tessellate>
			<altitudeMode>absolute</altitudeMode>
			<coordinates>
				0,0,0 0,0,0 
			</coordinates>
		</LineString>
	</Placemark>
	<Placemark>
		<styleUrl>#style_10195</styleUrl>
		<LineString>
			<tessellate>1</tessellate>
			<altitudeMode>absolute</altitudeMode>
			<coordinates>
				0,0,0 0,0,0 
			</coordinates>
		</LineString>
	</Placemark>
	<Placemark>
		<styleUrl>#style_10196</styleUrl>
		<LineString>
			<tessellate>1</tessellate>
			<altitudeMode>absolute</altitudeMode>
			<coordinates>
				0,0,0 0,0,0 
			</coordinates>
		</LineString>
	</Placemark>
	<Placemark>
		<styleUrl>#style_10197</styleUrl>
		<LineString>
			<tessellate>1</tessellate>
			<altitudeMode>absolute</altitudeMode>
			<coordinates>
				0,0,0 0,0,0 
			</coordinates>
		</LineString>
	</Placemark>
	<Placemark>
		<styleUrl>#style_10198</styleUrl>
		<LineString>
			<tessellate>1</tessellate>
			<altitudeMode>absolute</altitudeMode>
			<coordinates>
				0,0,0 0,0,0 
			</coordinates>
		</LineString>
	</Placemark>
	<Placemark>
		<styleUrl>#style_10199</styleUrl>
		<LineString>
			<tessellate>1</tessellate>
			<altitudeMode>absolute</altitudeMode>
			<coordinates>
				0,0,0 0,0,0 
			</coordinates>
		</LineString>
	</Placemark>
	<Placemark>
		<styleUrl>#style_10200</styleUrl>
		<LineString>
			<tessellate>1</tessellate>
			<altitudeMode>absolute</altitudeMode>
			<coordinates>
				0,0,0 0,0,0 
			</coordinates>
		</LineString>
	</Placemark>
	<Placemark>
		<styleUrl>#style_10201</styleUrl>
		<LineString>
			<tessellate>1</tessellate>
			<altitudeMode>absolute</altitudeMode>
			<coordinates>
				0,0,0 0,0,0 
			</coordinates>
		</LineString>
	</Placemark>
	<Placemark>
		<styleUrl>#style_10202</styleUrl>
		<LineString>
			<tessellate>1</tessellate>
			<altitudeMode>absolute</altitudeMode>
			<coordinates>
				0,0,0 0,0,0 
			</coordinates>
		</LineString>
	</Placemark>
	<Placemark>
		<styleUrl>#style_10203</styleUrl>
		<LineString>
			<tessellate>1</tessellate>
			<altitudeMode>absolute</altitudeMode>
			<coordinates>
				0,0,0 0,0,0 
			</coordinates>
		</LineString>
	</Placemark>
	<Placemark>
		<styleUrl>#style_10204</styleUrl>
		<LineString>
			<tessellate>1</tessellate>
			<altitudeMode>absolute</altitudeMode>
			<coordinates>
				0,0,0 0,0,0 
			</coordinates>
		</LineString>
	</Placemark>
	<Placemark>
		<styleUrl>#style_10205</styleUrl>
		<LineString>
			<tessellate>1</tessellate>
			<altitudeMode>absolute</altitudeMode>
			<coordinates>
				0,0,0 0,0,0 
			</coordinates>
		</LineString>
	</Placemark>
	<Placemark>
		<styleUrl>#style_10206</styleUrl>
		<LineString>
			<tessellate>1</tessellate>
			<altitudeMode>absolute</altitudeMode>
			<coordinates>
				0,0,0 0,0,0 
			</coordinates>
		</LineString>
	</Placemark>
	<Placemark>
		<styleUrl>#style_10207</styleUrl>
		<LineString>
			<tessellate>1</tessellate>
			<altitudeMode>absolute</altitudeMode>
			<coordinates>
				0,0,0 0,0,0 
			</coordinates>
		</LineString>
	</Placemark>
	<Placemark>
		<styleUrl>#style_10208</styleUrl>
		<LineString>
			<tessellate>1</tessellate>
			<altitudeMode>absolute</altitudeMode>
			<coordinates>
				0,0,0 0,0,0 
			</coordinates>
		</LineString>
	</Placemark>
	<Placemark>
		<styleUrl>#style_10209</styleUrl>
		<LineString>
			<tessellate>1</tessellate>
			<altitudeMode>absolute</altitudeMode>
			<coordinates>
				0,0,0 0,0,0 
			</coordinates>
		</LineString>
	</Placemark>
	<Placemark>
		<styleUrl>#style_10210</styleUrl>
		<LineString>
			<tessellate>1</tessellate>
			<altitudeMode>absolute</altitudeMode>
			<coordinates>
				0,0,0 0,0,0 
			</coordinates>
		</LineString>
	</Placemark>
	<Placemark>
		<styleUrl>#style_10211</styleUrl>
		<LineString>
			<tessellate>1</tessellate>
			<altitudeMode>absolute</altitudeMode>
			<coordinates>
				0,0,0 0,0,0 
			</coordinates>
		</LineString>
	</Placemark>
	<Placemark>
		<styleUrl>#style_10212</styleUrl>
		<LineString>
			<tessellate>1</tessellate>
			<altitudeMode>absolute</altitudeMode>
			<coordinates>
				0,0,0 0,0,0 
			</coordinates>
		</LineString>
	</Placemark>
	<Placemark>
		<styleUrl>#style_10213</styleUrl>
		<LineString>
			<tessellate>1</tessellate>
			<altitudeMode>absolute</altitudeMode>
			<coordinates>
				0,0,0 0,0,0 
			</coordinates>
		</LineString>
	</Placemark>
	<Placemark>
		<styleUrl>#style_10214</styleUrl>
		<LineString>
			<tessellate>1</tessellate>
			<altitudeMode>absolute</altitudeMode>
			<coordinates>
				0,0,0 0,0,0 
			</coordinates>
		</LineString>
	</Placemark>
	<Placemark>
		<styleUrl>#style_10215</styleUrl>
		<LineString>
			<tessellate>1</tessellate>
			<altitudeMode>absolute</altitudeMode>
			<coordinates>
				0,0,0 0,0,0 
			</coordinates>
		</LineString>
	</Placemark>
	<Placemark>
		<styleUrl>#style_10216</styleUrl>
		<LineString>
			<tessellate>1</tessellate>
			<altitudeMode>absolute</altitudeMode>
			<coordinates>
				0,0,0 0,0,0 
			</coordinates>
		</LineString>
	</Placemark>
	<Placemark>
		<styleUrl>#style_10217</styleUrl>
		<LineString>
			<tessellate>1</tessellate>
			<altitudeMode>absolute</altitudeMode>
			<coordinates>
				0,0,0 0,0,0 
			</coordinates>
		</LineString>
	</Placemark>
	<Placemark>
		<styleUrl>#style_10218</styleUrl>
		<LineString>
			<tessellate>1</tessellate>
			<altitudeMode>absolute</altitudeMode>
			<coordinates>
				0,0,0 0,0,0 
			</coordinates>
		</LineString>
	</Placemark>
	<Placemark>
		<styleUrl>#style_10219</styleUrl>
		<LineString>
			<tessellate>1</tessellate>
			<altitudeMode>absolute</altitudeMode>
			<coordinates>
				0,0,0 0,0,0 
			</coordinates>
		</LineString>
	</Placemark>
	<Placemark>
		<styleUrl>#style_10220</styleUrl>
		<LineString>
			<tessellate>1</tessellate>
			<altitudeMode>absolute</altitudeMode>
			<coordinates>
				0,0,0 0,0,0 
			</coordinates>
		</LineString>
	</Placemark>
	<Placemark>
		<styleUrl>#style_10221</styleUrl>
		<LineString>
			<tessellate>1</tessellate>
			<altitudeMode>absolute</altitudeMode>
			<coordinates>
				0,0,0 0,0,0 
			</coordinates>
		</LineString>
	</Placemark>
	<Placemark>
		<styleUrl>#style_10222</styleUrl>
		<LineString>
			<tessellate>1</tessellate>
			<altitudeMode>absolute</altitudeMode>
			<coordinates>
				0,0,0 0,0,0 
			</coordinates>
		</LineString>
	</Placemark>
	<Placemark>
		<styleUrl>#style_10223</styleUrl>
		<LineString>
			<tessellate>1</tessellate>
			<altitudeMode>absolute</altitudeMode>
			<coordinates>
				0,0,0 0,0,0 
			</coordinates>
		</LineString>
	</Placemark>
	<Placemark>
		<styleUrl>#style_10224</styleUrl>
		<LineString>
			<tessellate>1</tessellate>
			<altitudeMode>absolute</altitudeMode>
			<coordinates>
				0,0,0 0,0,0 
			</coordinates>
		</LineString>
	</Placemark>
	<Placemark>
		<styleUrl>#style_10225</styleUrl>
		<LineString>
			<tessellate>1</tessellate>
			<altitudeMode>absolute</altitudeMode>
			<coordinates>
				0,0,0 0,0,0 
			</coordinates>
		</LineString>
	</Placemark>
	<Placemark>
		<styleUrl>#style_10226</styleUrl>
		<LineString>
			<tessellate>1</tessellate>
			<altitudeMode>absolute</altitudeMode>
			<coordinates>
				0,0,0 0,0,0 
			</coordinates>
		</LineString>
	</Placemark>
	<Placemark>
		<styleUrl>#style_10227</styleUrl>
		<LineString>
			<tessellate>1</tessellate>
			<altitudeMode>absolute</altitudeMode>
			<coordinates>
				0,0,0 0,0,0 
			</coordinates>
		</LineString>
	</Placemark>
	<Placemark>
		<styleUrl>#style_10228</styleUrl>
		<LineString>
			<tessellate>1</tessellate>
			<altitudeMode>absolute</altitudeMode>
			<coordinates>
				0,0,0 0,0,0 
			</coordinates>
		</LineString>
	</Placemark>
	<Placemark>
		<styleUrl>#style_10229</styleUrl>
		<LineString>
			<tessellate>1</tessellate>
			<altitudeMode>absolute</altitudeMode>
			<coordinates>
				0,0,0 0,0,0 
			</coordinates>
		</LineString>
	</Placemark>
	<Placemark>
		<styleUrl>#style_10230</styleUrl>
		<LineString>
			<tessellate>1</tessellate>
			<altitudeMode>absolute</altitudeMode>
			<coordinates>
				0,0,0 0,0,0 
			</coordinates>
		</LineString>
	</Placemark>
	<Placemark>
		<styleUrl>#style_10231</styleUrl>
		<LineString>
			<tessellate>1</tessellate>
			<altitudeMode>absolute</altitudeMode>
			<coordinates>
				0,0,0 0,0,0 
			</coordinates>
		</LineString>
	</Placemark>
	<Placemark>
		<styleUrl>#style_10232</styleUrl>
		<LineString>
			<tessellate>1</tessellate>
			<altitudeMode>absolute</altitudeMode>
			<coordinates>
				0,0,0 0,0,0 
			</coordinates>
		</LineString>
	</Placemark>
	<Placemark>
		<styleUrl>#style_10233</styleUrl>
		<LineString>
			<tessellate>1</tessellate>
			<altitudeMode>absolute</altitudeMode>
			<coordinates>
				0,0,0 0,0,0 
			</coordinates>
		</LineString>
	</Placemark>
	<Placemark>
		<styleUrl>#style_10234</styleUrl>
		<LineString>
			<tessellate>1</tessellate>
			<altitudeMode>absolute</altitudeMode>
			<coordinates>
				0,0,0 0,0,0 
			</coordinates>
		</LineString>
	</Placemark>
	<Placemark>
		<styleUrl>#style_10235</styleUrl>
		<LineString>
			<tessellate>1</tessellate>
			<altitudeMode>absolute</altitudeMode>
			<coordinates>
				0,0,0 0,0,0 
			</coordinates>
		</LineString>
	</Placemark>
	<Placemark>
		<styleUrl>#style_10236</styleUrl>
		<LineString>
			<tessellate>1</tessellate>
			<altitudeMode>absolute</altitudeMode>
			<coordinates>
				0,0,0 0,0,0 
			</coordinates>
		</LineString>
	</Placemark>
	<Placemark>
		<styleUrl>#style_10237</styleUrl>
		<LineString>
			<tessellate>1</tessellate>
			<altitudeMode>absolute</altitudeMode>
			<coordinates>
				0,0,0 0,0,0 
			</coordinates>
		</LineString>
	</Placemark>
	<Placemark>
		<styleUrl>#style_10238</styleUrl>
		<LineString>
			<tessellate>1</tessellate>
			<altitudeMode>absolute</altitudeMode>
			<coordinates>
				0,0,0 0,0,0 
			</coordinates>
		</LineString>
	</Placemark>
	<Placemark>
		<styleUrl>#style_10239</styleUrl>
		<LineString>
			<tessellate>1</tessellate>
			<altitudeMode>absolute</altitudeMode>
			<coordinates>
				0,0,0 0,0,0 
			</coordinates>
		</LineString>
	</Placemark>
	<Placemark>
		<styleUrl>#style_10240</styleUrl>
		<LineString>
			<tessellate>1</tessellate>
			<altitudeMode>absolute</altitudeMode>
			<coordinates>
				0,0,0 0,0,0 
			</coordinates>
		</LineString>
	</Placemark>
	<Placemark>
		<styleUrl>#style_10241</styleUrl>
		<LineString>
			<tessellate>1</tessellate>
			<altitudeMode>absolute</altitudeMode>
			<coordinates>
				0,0,0 0,0,0 
			</coordinates>
		</LineString>
	</Placemark>
	<Placemark>
		<styleUrl>#style_10242</styleUrl>
		<LineString>
			<tessellate>1</tessellate>
			<altitudeMode>absolute</altitudeMode>
			<coordinates>
				0,0,0 0,0,0 
			</coordinates>
		</LineString>
	</Placemark>
	<Placemark>
		<styleUrl>#style_10243</styleUrl>
		<LineString>
			<tessellate>1</tessellate>
			<altitudeMode>absolute</altitudeMode>
			<coordinates>
				0,0,0 0,0,0 
			</coordinates>
		</LineString>
	</Placemark>
	<Placemark>
		<styleUrl>#style_10244</styleUrl>
		<LineString>
			<tessellate>1</tessellate>
			<altitudeMode>absolute</altitudeMode>
			<coordinates>
				0,0,0 0,0,0 
			</coordinates>
		</LineString>
	</Placemark>
	<Placemark>
		<styleUrl>#style_10245</styleUrl>
		<LineString>
			<tessellate>1</tessellate>
			<altitudeMode>absolute</altitudeMode>
			<coordinates>
				0,0,0 0,0,0 
			</coordinates>
		</LineString>
	</Placemark>
	<Placemark>
		<styleUrl>#style_10246</styleUrl>
		<LineString>
			<tessellate>1</tessellate>
			<altitudeMode>absolute</altitudeMode>
			<coordinates>
				0,0,0 0,0,0 
			</coordinates>
		</LineString>
	</Placemark>
	<Placemark>
		<styleUrl>#style_10247</styleUrl>
		<LineString>
			<tessellate>1</tessellate>
			<altitudeMode>absolute</altitudeMode>
			<coordinates>
				0,0,0 0,0,0 
			</coordinates>
		</LineString>
	</Placemark>
	<Placemark>
		<styleUrl>#style_10248</styleUrl>
		<LineString>
			<tessellate>1</tessellate>
			<altitudeMode>absolute</altitudeMode>
			<coordinates>
				0,0,0 0,0,0 
			</coordinates>
		</LineString>
	</Placemark>
	<Placemark>
		<styleUrl>#style_10249</styleUrl>
		<LineString>
			<tessellate>1</tessellate>
			<altitudeMode>absolute</altitudeMode>
			<coordinates>
				0,0,0 0,0,0 
			</coordinates>
		</LineString>
	</Placemark>
	<Placemark>
		<styleUrl>#style_10250</styleUrl>
		<LineString>
			<tessellate>1</tessellate>
			<altitudeMode>absolute</altitudeMode>
			<coordinates>
				0,0,0 0,0,0 
			</coordinates>
		</LineString>
	</Placemark>
	<Placemark>
		<styleUrl>#style_10251</styleUrl>
		<LineString>
			<tessellate>1</tessellate>
			<altitudeMode>absolute</altitudeMode>
			<coordinates>
				0,0,0 0,0,0 
			</coordinates>
		</LineString>
	</Placemark>
	<Placemark>
		<styleUrl>#style_10252</styleUrl>
		<LineString>
			<tessellate>1</tessellate>
			<altitudeMode>absolute</altitudeMode>
			<coordinates>
				0,0,0 0,0,0 
			</coordinates>
		</LineString>
	</Placemark>
	<Placemark>
		<styleUrl>#style_10253</styleUrl>
		<LineString>
			<tessellate>1</tessellate>
			<altitudeMode>absolute</altitudeMode>
			<coordinates>
				0,0,0 0,0,0 
			</coordinates>
		</LineString>
	</Placemark>
	<Placemark>
		<styleUrl>#style_10254</styleUrl>
		<LineString>
			<tessellate>1</tessellate>
			<altitudeMode>absolute</altitudeMode>
			<coordinates>
				0,0,0 0,0,0 
			</coordinates>
		</LineString>
	</Placemark>
	<Placemark>
		<styleUrl>#style_10255</styleUrl>
		<LineString>
			<tessellate>1</tessellate>
			<altitudeMode>absolute</altitudeMode>
			<coordinates>
				0,0,0 0,0,0 
			</coordinates>
		</LineString>
	</Placemark>
	<Placemark>
		<styleUrl>#style_10256</styleUrl>
		<LineString>
			<tessellate>1</tessellate>
			<altitudeMode>absolute</altitudeMode>
			<coordinates>
				0,0,0 0,0,0 
			</coordinates>
		</LineString>
	</Placemark>
	<Placemark>
		<styleUrl>#style_10257</styleUrl>
		<LineString>
			<tessellate>1</tessellate>
			<altitudeMode>absolute</altitudeMode>
			<coordinates>
				0,0,0 0,0,0 
			</coordinates>
		</LineString>
	</Placemark>
	<Placemark>
		<styleUrl>#style_10258</styleUrl>
		<LineString>
			<tessellate>1</tessellate>
			<altitudeMode>absolute</altitudeMode>
			<coordinates>
				0,0,0 0,0,0 
			</coordinates>
		</LineString>
	</Placemark>
	<Placemark>
		<styleUrl>#style_10259</styleUrl>
		<LineString>
			<tessellate>1</tessellate>
			<altitudeMode>absolute</altitudeMode>
			<coordinates>
				0,0,0 0,0,0 
			</coordinates>
		</LineString>
	</Placemark>
	<Placemark>
		<styleUrl>#style_10260</styleUrl>
		<LineString>
			<tessellate>1</tessellate>
			<altitudeMode>absolute</altitudeMode>
			<coordinates>
				0,0,0 0,0,0 
			</coordinates>
		</LineString>
	</Placemark>
	<Placemark>
		<styleUrl>#style_10261</styleUrl>
		<LineString>
			<tessellate>1</tessellate>
			<altitudeMode>absolute</altitudeMode>
			<coordinates>
				0,0,0 0,0,0 
			</coordinates>
		</LineString>
	</Placemark>
	<Placemark>
		<styleUrl>#style_10262</styleUrl>
		<LineString>
			<tessellate>1</tessellate>
			<altitudeMode>absolute</altitudeMode>
			<coordinates>
				0,0,0 0,0,0 
			</coordinates>
		</LineString>
	</Placemark>
	<Placemark>
		<styleUrl>#style_10263</styleUrl>
		<LineString>
			<tessellate>1</tessellate>
			<altitudeMode>absolute</altitudeMode>
			<coordinates>
				0,0,0 0,0,0 
			</coordinates>
		</LineString>
	</Placemark>
	<Placemark>
		<styleUrl>#style_10264</styleUrl>
		<LineString>
			<tessellate>1</tessellate>
			<altitudeMode>absolute</altitudeMode>
			<coordinates>
				0,0,0 0,0,0 
			</coordinates>
		</LineString>
	</Placemark>
	<Placemark>
		<styleUrl>#style_10265</styleUrl>
		<LineString>
			<tessellate>1</tessellate>
			<altitudeMode>absolute</altitudeMode>
			<coordinates>
				0,0,0 0,0,0 
			</coordinates>
		</LineString>
	</Placemark>
	<Placemark>
		<styleUrl>#style_10266</styleUrl>
		<LineString>
			<tessellate>1</tessellate>
			<altitudeMode>absolute</altitudeMode>
			<coordinates>
				0,0,0 0,0,0 
			</coordinates>
		</LineString>
	</Placemark>
	<Placemark>
		<styleUrl>#style_10267</styleUrl>
		<LineString>
			<tessellate>1</tessellate>
			<altitudeMode>absolute</altitudeMode>
			<coordinates>
				0,0,0 0,0,0 
			</coordinates>
		</LineString>
	</Placemark>
	<Placemark>
		<styleUrl>#style_10268</styleUrl>
		<LineString>
			<tessellate>1</tessellate>
			<altitudeMode>absolute</altitudeMode>
			<coordinates>
				0,0,0 0,0,0 
			</coordinates>
		</LineString>
	</Placemark>
	<Placemark>
		<styleUrl>#style_10269</styleUrl>
		<LineString>
			<tessellate>1</tessellate>
			<altitudeMode>absolute</altitudeMode>
			<coordinates>
				0,0,0 0,0,0 
			</coordinates>
		</LineString>
	</Placemark>
	<Placemark>
		<styleUrl>#style_10270</styleUrl>
		<LineString>
			<tessellate>1</tessellate>
			<altitudeMode>absolute</altitudeMode>
			<coordinates>
				0,0,0 0,0,0 
			</coordinates>
		</LineString>
	</Placemark>
	<Placemark>
		<styleUrl>#style_10271</styleUrl>
		<LineString>
			<tessellate>1</tessellate>
			<altitudeMode>absolute</altitudeMode>
			<coordinates>
				0,0,0 0,0,0 
			</coordinates>
		</LineString>
	</Placemark>
	<Placemark>
		<styleUrl>#style_10272</styleUrl>
		<LineString>
			<tessellate>1</tessellate>
			<altitudeMode>absolute</altitudeMode>
			<coordinates>
				0,0,0 0,0,0 
			</coordinates>
		</LineString>
	</Placemark>
	<Placemark>
		<styleUrl>#style_10273</styleUrl>
		<LineString>
			<tessellate>1</tessellate>
			<altitudeMode>absolute</altitudeMode>
			<coordinates>
				0,0,0 0,0,0 
			</coordinates>
		</LineString>
	</Placemark>
	<Placemark>
		<styleUrl>#style_10274</styleUrl>
		<LineString>
			<tessellate>1</tessellate>
			<altitudeMode>absolute</altitudeMode>
			<coordinates>
				0,0,0 0,0,0 
			</coordinates>
		</LineString>
	</Placemark>
	<Placemark>
		<styleUrl>#style_10275</styleUrl>
		<LineString>
			<tessellate>1</tessellate>
			<altitudeMode>absolute</altitudeMode>
			<coordinates>
				0,0,0 0,0,0 
			</coordinates>
		</LineString>
	</Placemark>
	<Placemark>
		<styleUrl>#style_10276</styleUrl>
		<LineString>
			<tessellate>1</tessellate>
			<altitudeMode>absolute</altitudeMode>
			<coordinates>
				0,0,0 0,0,0 
			</coordinates>
		</LineString>
	</Placemark>
	<Placemark>
		<styleUrl>#style_10277</styleUrl>
		<LineString>
			<tessellate>1</tessellate>
			<altitudeMode>absolute</altitudeMode>
			<coordinates>
				0,0,0 0,0,0 
			</coordinates>
		</LineString>
	</Placemark>
	<Placemark>
		<styleUrl>#style_10278</styleUrl>
		<LineString>
			<tessellate>1</tessellate>
			<altitudeMode>absolute</altitudeMode>
			<coordinates>
				0,0,0 0,0,0 
			</coordinates>
		</LineString>
	</Placemark>
	<Placemark>
		<styleUrl>#style_10279</styleUrl>
		<LineString>
			<tessellate>1</tessellate>
			<altitudeMode>absolute</altitudeMode>
			<coordinates>
				0,0,0 0,0,0 
			</coordinates>
		</LineString>
	</Placemark>
	<Placemark>
		<styleUrl>#style_10280</styleUrl>
		<LineString>
			<tessellate>1</tessellate>
			<altitudeMode>absolute</altitudeMode>
			<coordinates>
				0,0,0 0,0,0 
			</coordinates>
		</LineString>
	</Placemark>
	<Placemark>
		<styleUrl>#style_10281</styleUrl>
		<LineString>
			<tessellate>1</tessellate>
			<altitudeMode>absolute</altitudeMode>
			<coordinates>
				0,0,0 0,0,0 
			</coordinates>
		</LineString>
	</Placemark>
	<Placemark>
		<styleUrl>#style_10282</styleUrl>
		<LineString>
			<tessellate>1</tessellate>
			<altitudeMode>absolute</altitudeMode>
			<coordinates>
				0,0,0 0,0,0 
			</coordinates>
		</LineString>
	</Placemark>
	<Placemark>
		<styleUrl>#style_10283</styleUrl>
		<LineString>
			<tessellate>1</tessellate>
			<altitudeMode>absolute</altitudeMode>
			<coordinates>
				0,0,0 0,0,0 
			</coordinates>
		</LineString>
	</Placemark>
	<Placemark>
		<styleUrl>#style_10284</styleUrl>
		<LineString>
			<tessellate>1</tessellate>
			<altitudeMode>absolute</altitudeMode>
			<coordinates>
				0,0,0 0,0,0 
			</coordinates>
		</LineString>
	</Placemark>
	<Placemark>
		<styleUrl>#style_10285</styleUrl>
		<LineString>
			<tessellate>1</tessellate>
			<altitudeMode>absolute</altitudeMode>
			<coordinates>
				0,0,0 0,0,0 
			</coordinates>
		</LineString>
	</Placemark>
	<Placemark>
		<styleUrl>#style_10286</styleUrl>
		<LineString>
			<tessellate>1</tessellate>
			<altitudeMode>absolute</altitudeMode>
			<coordinates>
				0,0,0 0,0,0 
			</coordinates>
		</LineString>
	</Placemark>
	<Placemark>
		<styleUrl>#style_10287</styleUrl>
		<LineString>
			<tessellate>1</tessellate>
			<altitudeMode>absolute</altitudeMode>
			<coordinates>
				0,0,0 0,0,0 
			</coordinates>
		</LineString>
	</Placemark>
	<Placemark>
		<styleUrl>#style_10288</styleUrl>
		<LineString>
			<tessellate>1</tessellate>
			<altitudeMode>absolute</altitudeMode>
			<coordinates>
				0,0,0 0,0,0 
			</coordinates>
		</LineString>
	</Placemark>
	<Placemark>
		<styleUrl>#style_10289</styleUrl>
		<LineString>
			<tessellate>1</tessellate>
			<altitudeMode>absolute</altitudeMode>
			<coordinates>
				0,0,0 0,0,0 
			</coordinates>
		</LineString>
	</Placemark>
	<Placemark>
		<styleUrl>#style_10290</styleUrl>
		<LineString>
			<tessellate>1</tessellate>
			<altitudeMode>absolute</altitudeMode>
			<coordinates>
				0,0,0 0,0,0 
			</coordinates>
		</LineString>
	</Placemark>
	<Placemark>
		<styleUrl>#style_10291</styleUrl>
		<LineString>
			<tessellate>1</tessellate>
			<altitudeMode>absolute</altitudeMode>
			<coordinates>
				0,0,0 0,0,0 
			</coordinates>
		</LineString>
	</Placemark>
	<Placemark>
		<styleUrl>#style_10292</styleUrl>
		<LineString>
			<tessellate>1</tessellate>
			<altitudeMode>absolute</altitudeMode>
			<coordinates>
				0,0,0 0,0,0 
			</coordinates>
		</LineString>
	</Placemark>
	<Placemark>
		<styleUrl>#style_10293</styleUrl>
		<LineString>
			<tessellate>1</tessellate>
			<altitudeMode>absolute</altitudeMode>
			<coordinates>
				0,0,0 0,0,0 
			</coordinates>
		</LineString>
	</Placemark>
	<Placemark>
		<styleUrl>#style_10294</styleUrl>
		<LineString>
			<tessellate>1</tessellate>
			<altitudeMode>absolute</altitudeMode>
			<coordinates>
				0,0,0 0,0,0 
			</coordinates>
		</LineString>
	</Placemark>
	<Placemark>
		<styleUrl>#style_10295</styleUrl>
		<LineString>
			<tessellate>1</tessellate>
			<altitudeMode>absolute</altitudeMode>
			<coordinates>
				0,0,0 0,0,0 
			</coordinates>
		</LineString>
	</Placemark>
	<Placemark>
		<styleUrl>#style_10296</styleUrl>
		<LineString>
			<tessellate>1</tessellate>
			<altitudeMode>absolute</altitudeMode>
			<coordinates>
				0,0,0 0,0,0 
			</coordinates>
		</LineString>
	</Placemark>
	<Placemark>
		<styleUrl>#style_10297</styleUrl>
		<LineString>
			<tessellate>1</tessellate>
			<altitudeMode>absolute</altitudeMode>
			<coordinates>
				0,0,0 0,0,0 
			</coordinates>
		</LineString>
	</Placemark>
	<Placemark>
		<styleUrl>#style_10298</styleUrl>
		<LineString>
			<tessellate>1</tessellate>
			<altitudeMode>absolute</altitudeMode>
			<coordinates>
				0,0,0 0,0,0 
			</coordinates>
		</LineString>
	</Placemark>
	<Placemark>
		<styleUrl>#style_10299</styleUrl>
		<LineString>
			<tessellate>1</tessellate>
			<altitudeMode>absolute</altitudeMode>
			<coordinates>
				0,0,0 0,0,0 
			</coordinates>
		</LineString>
	</Placemark>
	<Placemark>
		<styleUrl>#style_10300</styleUrl>
		<LineString>
			<tessellate>1</tessellate>
			<altitudeMode>absolute</altitudeMode>
			<coordinates>
				0,0,0 0,0,0 
			</coordinates>
		</LineString>
	</Placemark>
	<Placemark>
		<styleUrl>#style_10301</styleUrl>
		<LineString>
			<tessellate>1</tessellate>
			<altitudeMode>absolute</altitudeMode>
			<coordinates>
				0,0,0 0,0,0 
			</coordinates>
		</LineString>
	</Placemark>
	<Placemark>
		<styleUrl>#style_10302</styleUrl>
		<LineString>
			<tessellate>1</tessellate>
			<altitudeMode>absolute</altitudeMode>
			<coordinates>
				0,0,0 0,0,0 
			</coordinates>
		</LineString>
	</Placemark>
	<Placemark>
		<styleUrl>#style_10303</styleUrl>
		<LineString>
			<tessellate>1</tessellate>
			<altitudeMode>absolute</altitudeMode>
			<coordinates>
				0,0,0 0,0,0 
			</coordinates>
		</LineString>
	</Placemark>
	<Placemark>
		<styleUrl>#style_10304</styleUrl>
		<LineString>
			<tessellate>1</tessellate>
			<altitudeMode>absolute</altitudeMode>
			<coordinates>
				0,0,0 0,0,0 
			</coordinates>
		</LineString>
	</Placemark>
	<Placemark>
		<styleUrl>#style_10305</styleUrl>
		<LineString>
			<tessellate>1</tessellate>
			<altitudeMode>absolute</altitudeMode>
			<coordinates>
				0,0,0 0,0,0 
			</coordinates>
		</LineString>
	</Placemark>
	<Placemark>
		<styleUrl>#style_10306</styleUrl>
		<LineString>
			<tessellate>1</tessellate>
			<altitudeMode>absolute</altitudeMode>
			<coordinates>
				0,0,0 0,0,0 
			</coordinates>
		</LineString>
	</Placemark>
	<Placemark>
		<styleUrl>#style_10307</styleUrl>
		<LineString>
			<tessellate>1</tessellate>
			<altitudeMode>absolute</altitudeMode>
			<coordinates>
				0,0,0 0,0,0 
			</coordinates>
		</LineString>
	</Placemark>
	<Placemark>
		<styleUrl>#style_10308</styleUrl>
		<LineString>
			<tessellate>1</tessellate>
			<altitudeMode>absolute</altitudeMode>
			<coordinates>
				0,0,0 0,0,0 
			</coordinates>
		</LineString>
	</Placemark>
	<Placemark>
		<styleUrl>#style_10309</styleUrl>
		<LineString>
			<tessellate>1</tessellate>
			<altitudeMode>absolute</altitudeMode>
			<coordinates>
				0,0,0 0,0,0 
			</coordinates>
		</LineString>
	</Placemark>
	<Placemark>
		<styleUrl>#style_10310</styleUrl>
		<LineString>
			<tessellate>1</tessellate>
			<altitudeMode>absolute</altitudeMode>
			<coordinates>
				0,0,0 0,0,0 
			</coordinates>
		</LineString>
	</Placemark>
	<Placemark>
		<styleUrl>#style_10311</styleUrl>
		<LineString>
			<tessellate>1</tessellate>
			<altitudeMode>absolute</altitudeMode>
			<coordinates>
				0,0,0 0,0,0 
			</coordinates>
		</LineString>
	</Placemark>
	<Placemark>
		<styleUrl>#style_10312</styleUrl>
		<LineString>
			<tessellate>1</tessellate>
			<altitudeMode>absolute</altitudeMode>
			<coordinates>
				0,0,0 0,0,0 
			</coordinates>
		</LineString>
	</Placemark>
	<Placemark>
		<styleUrl>#style_10313</styleUrl>
		<LineString>
			<tessellate>1</tessellate>
			<altitudeMode>absolute</altitudeMode>
			<coordinates>
				0,0,0 0,0,0 
			</coordinates>
		</LineString>
	</Placemark>
	<Placemark>
		<styleUrl>#style_10314</styleUrl>
		<LineString>
			<tessellate>1</tessellate>
			<altitudeMode>absolute</altitudeMode>
			<coordinates>
				0,0,0 0,0,0 
			</coordinates>
		</LineString>
	</Placemark>
	<Placemark>
		<styleUrl>#style_10315</styleUrl>
		<LineString>
			<tessellate>1</tessellate>
			<altitudeMode>absolute</altitudeMode>
			<coordinates>
				0,0,0 0,0,0 
			</coordinates>
		</LineString>
	</Placemark>
	<Placemark>
		<styleUrl>#style_10316</styleUrl>
		<LineString>
			<tessellate>1</tessellate>
			<altitudeMode>absolute</altitudeMode>
			<coordinates>
				0,0,0 0,0,0 
			</coordinates>
		</LineString>
	</Placemark>
	<Placemark>
		<styleUrl>#style_10317</styleUrl>
		<LineString>
			<tessellate>1</tessellate>
			<altitudeMode>absolute</altitudeMode>
			<coordinates>
				0,0,0 0,0,0 
			</coordinates>
		</LineString>
	</Placemark>
	<Placemark>
		<styleUrl>#style_10318</styleUrl>
		<LineString>
			<tessellate>1</tessellate>
			<altitudeMode>absolute</altitudeMode>
			<coordinates>
				0,0,0 0,0,0 
			</coordinates>
		</LineString>
	</Placemark>
	<Placemark>
		<styleUrl>#style_10319</styleUrl>
		<LineString>
			<tessellate>1</tessellate>
			<altitudeMode>absolute</altitudeMode>
			<coordinates>
				0,0,0 0,0,0 
			</coordinates>
		</LineString>
	</Placemark>
	<Placemark>
		<styleUrl>#style_10320</styleUrl>
		<LineString>
			<tessellate>1</tessellate>
			<altitudeMode>absolute</altitudeMode>
			<coordinates>
				0,0,0 0,0,0 
			</coordinates>
		</LineString>
	</Placemark>
	<Placemark>
		<styleUrl>#style_10321</styleUrl>
		<LineString>
			<tessellate>1</tessellate>
			<altitudeMode>absolute</altitudeMode>
			<coordinates>
				0,0,0 0,0,0 
			</coordinates>
		</LineString>
	</Placemark>
	<Placemark>
		<styleUrl>#style_10322</styleUrl>
		<LineString>
			<tessellate>1</tessellate>
			<altitudeMode>absolute</altitudeMode>
			<coordinates>
				0,0,0 0,0,0 
			</coordinates>
		</LineString>
	</Placemark>
	<Placemark>
		<styleUrl>#style_10323</styleUrl>
		<LineString>
			<tessellate>1</tessellate>
			<altitudeMode>absolute</altitudeMode>
			<coordinates>
				0,0,0 0,0,0 
			</coordinates>
		</LineString>
	</Placemark>
	<Placemark>
		<styleUrl>#style_10324</styleUrl>
		<LineString>
			<tessellate>1</tessellate>
			<altitudeMode>absolute</altitudeMode>
			<coordinates>
				0,0,0 0,0,0 
			</coordinates>
		</LineString>
	</Placemark>
	<Placemark>
		<styleUrl>#style_10325</styleUrl>
		<LineString>
			<tessellate>1</tessellate>
			<altitudeMode>absolute</altitudeMode>
			<coordinates>
				0,0,0 0,0,0 
			</coordinates>
		</LineString>
	</Placemark>
	<Placemark>
		<styleUrl>#style_10326</styleUrl>
		<LineString>
			<tessellate>1</tessellate>
			<altitudeMode>absolute</altitudeMode>
			<coordinates>
				0,0,0 0,0,0 
			</coordinates>
		</LineString>
	</Placemark>
	<Placemark>
		<styleUrl>#style_10327</styleUrl>
		<LineString>
			<tessellate>1</tessellate>
			<altitudeMode>absolute</altitudeMode>
			<coordinates>
				0,0,0 0,0,0 
			</coordinates>
		</LineString>
	</Placemark>
	<Placemark>
		<styleUrl>#style_10328</styleUrl>
		<LineString>
			<tessellate>1</tessellate>
			<altitudeMode>absolute</altitudeMode>
			<coordinates>
				0,0,0 0,0,0 
			</coordinates>
		</LineString>
	</Placemark>
	<Placemark>
		<styleUrl>#style_10329</styleUrl>
		<LineString>
			<tessellate>1</tessellate>
			<altitudeMode>absolute</altitudeMode>
			<coordinates>
				0,0,0 0,0,0 
			</coordinates>
		</LineString>
	</Placemark>
	<Placemark>
		<styleUrl>#style_10330</styleUrl>
		<LineString>
			<tessellate>1</tessellate>
			<altitudeMode>absolute</altitudeMode>
			<coordinates>
				0,0,0 0,0,0 
			</coordinates>
		</LineString>
	</Placemark>
	<Placemark>
		<styleUrl>#style_10331</styleUrl>
		<LineString>
			<tessellate>1</tessellate>
			<altitudeMode>absolute</altitudeMode>
			<coordinates>
				0,0,0 0,0,0 
			</coordinates>
		</LineString>
	</Placemark>
	<Placemark>
		<styleUrl>#style_10332</styleUrl>
		<LineString>
			<tessellate>1</tessellate>
			<altitudeMode>absolute</altitudeMode>
			<coordinates>
				0,0,0 0,0,0 
			</coordinates>
		</LineString>
	</Placemark>
	<Placemark>
		<styleUrl>#style_10333</styleUrl>
		<LineString>
			<tessellate>1</tessellate>
			<altitudeMode>absolute</altitudeMode>
			<coordinates>
				0,0,0 0,0,0 
			</coordinates>
		</LineString>
	</Placemark>
	<Placemark>
		<styleUrl>#style_10334</styleUrl>
		<LineString>
			<tessellate>1</tessellate>
			<altitudeMode>absolute</altitudeMode>
			<coordinates>
				0,0,0 0,0,0 
			</coordinates>
		</LineString>
	</Placemark>
	<Placemark>
		<styleUrl>#style_10335</styleUrl>
		<LineString>
			<tessellate>1</tessellate>
			<altitudeMode>absolute</altitudeMode>
			<coordinates>
				0,0,0 0,0,0 
			</coordinates>
		</LineString>
	</Placemark>
	<Placemark>
		<styleUrl>#style_10336</styleUrl>
		<LineString>
			<tessellate>1</tessellate>
			<altitudeMode>absolute</altitudeMode>
			<coordinates>
				0,0,0 0,0,0 
			</coordinates>
		</LineString>
	</Placemark>
	<Placemark>
		<styleUrl>#style_10337</styleUrl>
		<LineString>
			<tessellate>1</tessellate>
			<altitudeMode>absolute</altitudeMode>
			<coordinates>
				0,0,0 0,0,0 
			</coordinates>
		</LineString>
	</Placemark>
	<Placemark>
		<styleUrl>#style_10338</styleUrl>
		<LineString>
			<tessellate>1</tessellate>
			<altitudeMode>absolute</altitudeMode>
			<coordinates>
				0,0,0 0,0,0 
			</coordinates>
		</LineString>
	</Placemark>
	<Placemark>
		<styleUrl>#style_10339</styleUrl>
		<LineString>
			<tessellate>1</tessellate>
			<altitudeMode>absolute</altitudeMode>
			<coordinates>
				0,0,0 0,0,0 
			</coordinates>
		</LineString>
	</Placemark>
	<Placemark>
		<styleUrl>#style_10340</styleUrl>
		<LineString>
			<tessellate>1</tessellate>
			<altitudeMode>absolute</altitudeMode>
			<coordinates>
				0,0,0 0,0,0 
			</coordinates>
		</LineString>
	</Placemark>
	<Placemark>
		<styleUrl>#style_10341</styleUrl>
		<LineString>
			<tessellate>1</tessellate>
			<altitudeMode>absolute</altitudeMode>
			<coordinates>
				0,0,0 0,0,0 
			</coordinates>
		</LineString>
	</Placemark>
	<Placemark>
		<styleUrl>#style_10342</styleUrl>
		<LineString>
			<tessellate>1</tessellate>
			<altitudeMode>absolute</altitudeMode>
			<coordinates>
				0,0,0 0,0,0 
			</coordinates>
		</LineString>
	</Placemark>
	<Placemark>
		<styleUrl>#style_10343</styleUrl>
		<LineString>
			<tessellate>1</tessellate>
			<altitudeMode>absolute</altitudeMode>
			<coordinates>
				0,0,0 0,0,0 
			</coordinates>
		</LineString>
	</Placemark>
	<Placemark>
		<styleUrl>#style_10344</styleUrl>
		<LineString>
			<tessellate>1</tessellate>
			<altitudeMode>absolute</altitudeMode>
			<coordinates>
				0,0,0 0,0,0 
			</coordinates>
		</LineString>
	</Placemark>
	<Placemark>
		<styleUrl>#style_10345</styleUrl>
		<LineString>
			<tessellate>1</tessellate>
			<altitudeMode>absolute</altitudeMode>
			<coordinates>
				0,0,0 0,0,0 
			</coordinates>
		</LineString>
	</Placemark>
	<Placemark>
		<styleUrl>#style_10346</styleUrl>
		<LineString>
			<tessellate>1</tessellate>
			<altitudeMode>absolute</altitudeMode>
			<coordinates>
				0,0,0 0,0,0 
			</coordinates>
		</LineString>
	</Placemark>
	<Placemark>
		<styleUrl>#style_10347</styleUrl>
		<LineString>
			<tessellate>1</tessellate>
			<altitudeMode>absolute</altitudeMode>
			<coordinates>
				0,0,0 0,0,0 
			</coordinates>
		</LineString>
	</Placemark>
	<Placemark>
		<styleUrl>#style_10348</styleUrl>
		<LineString>
			<tessellate>1</tessellate>
			<altitudeMode>absolute</altitudeMode>
			<coordinates>
				0,0,0 0,0,0 
			</coordinates>
		</LineString>
	</Placemark>
	<Placemark>
		<styleUrl>#style_10349</styleUrl>
		<LineString>
			<tessellate>1</tessellate>
			<altitudeMode>absolute</altitudeMode>
			<coordinates>
				0,0,0 0,0,0 
			</coordinates>
		</LineString>
	</Placemark>
	<Placemark>
		<styleUrl>#style_10350</styleUrl>
		<LineString>
			<tessellate>1</tessellate>
			<altitudeMode>absolute</altitudeMode>
			<coordinates>
				0,0,0 0,0,0 
			</coordinates>
		</LineString>
	</Placemark>
	<Placemark>
		<styleUrl>#style_10351</styleUrl>
		<LineString>
			<tessellate>1</tessellate>
			<altitudeMode>absolute</altitudeMode>
			<coordinates>
				0,0,0 0,0,0 
			</coordinates>
		</LineString>
	</Placemark>
	<Placemark>
		<styleUrl>#style_10352</styleUrl>
		<LineString>
			<tessellate>1</tessellate>
			<altitudeMode>absolute</altitudeMode>
			<coordinates>
				0,0,0 0,0,0 
			</coordinates>
		</LineString>
	</Placemark>
	<Placemark>
		<styleUrl>#style_10353</styleUrl>
		<LineString>
			<tessellate>1</tessellate>
			<altitudeMode>absolute</altitudeMode>
			<coordinates>
				0,0,0 0,0,0 
			</coordinates>
		</LineString>
	</Placemark>
	<Placemark>
		<styleUrl>#style_10354</styleUrl>
		<LineString>
			<tessellate>1</tessellate>
			<altitudeMode>absolute</altitudeMode>
			<coordinates>
				0,0,0 0,0,0 
			</coordinates>
		</LineString>
	</Placemark>
	<Placemark>
		<styleUrl>#style_10355</styleUrl>
		<LineString>
			<tessellate>1</tessellate>
			<altitudeMode>absolute</altitudeMode>
			<coordinates>
				0,0,0 0,0,0 
			</coordinates>
		</LineString>
	</Placemark>
	<Placemark>
		<styleUrl>#style_10356</styleUrl>
		<LineString>
			<tessellate>1</tessellate>
			<altitudeMode>absolute</altitudeMode>
			<coordinates>
				0,0,0 0,0,0 
			</coordinates>
		</LineString>
	</Placemark>
	<Placemark>
		<styleUrl>#style_10357</styleUrl>
		<LineString>
			<tessellate>1</tessellate>
			<altitudeMode>absolute</altitudeMode>
			<coordinates>
				0,0,0 0,0,0 
			</coordinates>
		</LineString>
	</Placemark>
	<Placemark>
		<styleUrl>#style_10358</styleUrl>
		<LineString>
			<tessellate>1</tessellate>
			<altitudeMode>absolute</altitudeMode>
			<coordinates>
				0,0,0 0,0,0 
			</coordinates>
		</LineString>
	</Placemark>
	<Placemark>
		<styleUrl>#style_10359</styleUrl>
		<LineString>
			<tessellate>1</tessellate>
			<altitudeMode>absolute</altitudeMode>
			<coordinates>
				0,0,0 0,0,0 
			</coordinates>
		</LineString>
	</Placemark>
	<Placemark>
		<styleUrl>#style_10360</styleUrl>
		<LineString>
			<tessellate>1</tessellate>
			<altitudeMode>absolute</altitudeMode>
			<coordinates>
				0,0,0 0,0,0 
			</coordinates>
		</LineString>
	</Placemark>
	<Placemark>
		<styleUrl>#style_10361</styleUrl>
		<LineString>
			<tessellate>1</tessellate>
			<altitudeMode>absolute</altitudeMode>
			<coordinates>
				0,0,0 0,0,0 
			</coordinates>
		</LineString>
	</Placemark>
	<Placemark>
		<styleUrl>#style_10362</styleUrl>
		<LineString>
			<tessellate>1</tessellate>
			<altitudeMode>absolute</altitudeMode>
			<coordinates>
				0,0,0 0,0,0 
			</coordinates>
		</LineString>
	</Placemark>
	<Placemark>
		<styleUrl>#style_10363</styleUrl>
		<LineString>
			<tessellate>1</tessellate>
			<altitudeMode>absolute</altitudeMode>
			<coordinates>
				0,0,0 0,0,0 
			</coordinates>
		</LineString>
	</Placemark>
	<Placemark>
		<styleUrl>#style_10364</styleUrl>
		<LineString>
			<tessellate>1</tessellate>
			<altitudeMode>absolute</altitudeMode>
			<coordinates>
				0,0,0 0,0,0 
			</coordinates>
		</LineString>
	</Placemark>
	<Placemark>
		<styleUrl>#style_10365</styleUrl>
		<LineString>
			<tessellate>1</tessellate>
			<altitudeMode>absolute</altitudeMode>
			<coordinates>
				0,0,0 0,0,0 
			</coordinates>
		</LineString>
	</Placemark>
	<Placemark>
		<styleUrl>#style_10366</styleUrl>
		<LineString>
			<tessellate>1</tessellate>
			<altitudeMode>absolute</altitudeMode>
			<coordinates>
				0,0,0 0,0,0 
			</coordinates>
		</LineString>
	</Placemark>
	<Placemark>
		<styleUrl>#style_10367</styleUrl>
		<LineString>
			<tessellate>1</tessellate>
			<altitudeMode>absolute</altitudeMode>
			<coordinates>
				0,0,0 0,0,0 
			</coordinates>
		</LineString>
	</Placemark>
	<Placemark>
		<styleUrl>#style_10368</styleUrl>
		<LineString>
			<tessellate>1</tessellate>
			<altitudeMode>absolute</altitudeMode>
			<coordinates>
				0,0,0 0,0,0 
			</coordinates>
		</LineString>
	</Placemark>
	<Placemark>
		<styleUrl>#style_10369</styleUrl>
		<LineString>
			<tessellate>1</tessellate>
			<altitudeMode>absolute</altitudeMode>
			<coordinates>
				0,0,0 0,0,0 
			</coordinates>
		</LineString>
	</Placemark>
	<Placemark>
		<styleUrl>#style_10370</styleUrl>
		<LineString>
			<tessellate>1</tessellate>
			<altitudeMode>absolute</altitudeMode>
			<coordinates>
				0,0,0 0,0,0 
			</coordinates>
		</LineString>
	</Placemark>
	<Placemark>
		<styleUrl>#style_10371</styleUrl>
		<LineString>
			<tessellate>1</tessellate>
			<altitudeMode>absolute</altitudeMode>
			<coordinates>
				0,0,0 0,0,0 
			</coordinates>
		</LineString>
	</Placemark>
	<Placemark>
		<styleUrl>#style_10372</styleUrl>
		<LineString>
			<tessellate>1</tessellate>
			<altitudeMode>absolute</altitudeMode>
			<coordinates>
				0,0,0 0,0,0 
			</coordinates>
		</LineString>
	</Placemark>
	<Placemark>
		<styleUrl>#style_10373</styleUrl>
		<LineString>
			<tessellate>1</tessellate>
			<altitudeMode>absolute</altitudeMode>
			<coordinates>
				0,0,0 0,0,0 
			</coordinates>
		</LineString>
	</Placemark>
	<Placemark>
		<styleUrl>#style_10374</styleUrl>
		<LineString>
			<tessellate>1</tessellate>
			<altitudeMode>absolute</altitudeMode>
			<coordinates>
				0,0,0 0,0,0 
			</coordinates>
		</LineString>
	</Placemark>
	<Placemark>
		<styleUrl>#style_10375</styleUrl>
		<LineString>
			<tessellate>1</tessellate>
			<altitudeMode>absolute</altitudeMode>
			<coordinates>
				0,0,0 0,0,0 
			</coordinates>
		</LineString>
	</Placemark>
	<Placemark>
		<styleUrl>#style_10376</styleUrl>
		<LineString>
			<tessellate>1</tessellate>
			<altitudeMode>absolute</altitudeMode>
			<coordinates>
				0,0,0 0,0,0 
			</coordinates>
		</LineString>
	</Placemark>
	<Placemark>
		<styleUrl>#style_10377</styleUrl>
		<LineString>
			<tessellate>1</tessellate>
			<altitudeMode>absolute</altitudeMode>
			<coordinates>
				0,0,0 0,0,0 
			</coordinates>
		</LineString>
	</Placemark>
	<Placemark>
		<styleUrl>#style_10378</styleUrl>
		<LineString>
			<tessellate>1</tessellate>
			<altitudeMode>absolute</altitudeMode>
			<coordinates>
				0,0,0 0,0,0 
			</coordinates>
		</LineString>
	</Placemark>
	<Placemark>
		<styleUrl>#style_10379</styleUrl>
		<LineString>
			<tessellate>1</tessellate>
			<altitudeMode>absolute</altitudeMode>
			<coordinates>
				0,0,0 0,0,0 
			</coordinates>
		</LineString>
	</Placemark>
	<Placemark>
		<styleUrl>#style_10380</styleUrl>
		<LineString>
			<tessellate>1</tessellate>
			<altitudeMode>absolute</altitudeMode>
			<coordinates>
				0,0,0 0,0,0 
			</coordinates>
		</LineString>
	</Placemark>
	<Placemark>
		<styleUrl>#style_10381</styleUrl>
		<LineString>
			<tessellate>1</tessellate>
			<altitudeMode>absolute</altitudeMode>
			<coordinates>
				0,0,0 0,0,0 
			</coordinates>
		</LineString>
	</Placemark>
	<Placemark>
		<styleUrl>#style_10382</styleUrl>
		<LineString>
			<tessellate>1</tessellate>
			<altitudeMode>absolute</altitudeMode>
			<coordinates>
				0,0,0 0,0,0 
			</coordinates>
		</LineString>
	</Placemark>
	<Placemark>
		<styleUrl>#style_10383</styleUrl>
		<LineString>
			<tessellate>1</tessellate>
			<altitudeMode>absolute</altitudeMode>
			<coordinates>
				0,0,0 0,0,0 
			</coordinates>
		</LineString>
	</Placemark>
	<Placemark>
		<styleUrl>#style_10384</styleUrl>
		<LineString>
			<tessellate>1</tessellate>
			<altitudeMode>absolute</altitudeMode>
			<coordinates>
				0,0,0 0,0,0 
			</coordinates>
		</LineString>
	</Placemark>
	<Placemark>
		<styleUrl>#style_10385</styleUrl>
		<LineString>
			<tessellate>1</tessellate>
			<altitudeMode>absolute</altitudeMode>
			<coordinates>
				0,0,0 0,0,0 
			</coordinates>
		</LineString>
	</Placemark>
	<Placemark>
		<styleUrl>#style_10386</styleUrl>
		<LineString>
			<tessellate>1</tessellate>
			<altitudeMode>absolute</altitudeMode>
			<coordinates>
				0,0,0 0,0,0 
			</coordinates>
		</LineString>
	</Placemark>
	<Placemark>
		<styleUrl>#style_10387</styleUrl>
		<LineString>
			<tessellate>1</tessellate>
			<altitudeMode>absolute</altitudeMode>
			<coordinates>
				0,0,0 0,0,0 
			</coordinates>
		</LineString>
	</Placemark>
	<Placemark>
		<styleUrl>#style_10388</styleUrl>
		<LineString>
			<tessellate>1</tessellate>
			<altitudeMode>absolute</altitudeMode>
			<coordinates>
				0,0,0 0,0,0 
			</coordinates>
		</LineString>
	</Placemark>
	<Placemark>
		<styleUrl>#style_10389</styleUrl>
		<LineString>
			<tessellate>1</tessellate>
			<altitudeMode>absolute</altitudeMode>
			<coordinates>
				0,0,0 0,0,0 
			</coordinates>
		</LineString>
	</Placemark>
	<Placemark>
		<styleUrl>#style_10390</styleUrl>
		<LineString>
			<tessellate>1</tessellate>
			<altitudeMode>absolute</altitudeMode>
			<coordinates>
				0,0,0 0,0,0 
			</coordinates>
		</LineString>
	</Placemark>
	<Placemark>
		<styleUrl>#style_10391</styleUrl>
		<LineString>
			<tessellate>1</tessellate>
			<altitudeMode>absolute</altitudeMode>
			<coordinates>
				0,0,0 0,0,0 
			</coordinates>
		</LineString>
	</Placemark>
	<Placemark>
		<styleUrl>#style_10392</styleUrl>
		<LineString>
			<tessellate>1</tessellate>
			<altitudeMode>absolute</altitudeMode>
			<coordinates>
				0,0,0 0,0,0 
			</coordinates>
		</LineString>
	</Placemark>
	<Placemark>
		<styleUrl>#style_10393</styleUrl>
		<LineString>
			<tessellate>1</tessellate>
			<altitudeMode>absolute</altitudeMode>
			<coordinates>
				0,0,0 0,0,0 
			</coordinates>
		</LineString>
	</Placemark>
	<Placemark>
		<styleUrl>#style_10394</styleUrl>
		<LineString>
			<tessellate>1</tessellate>
			<altitudeMode>absolute</altitudeMode>
			<coordinates>
				0,0,0 0,0,0 
			</coordinates>
		</LineString>
	</Placemark>
	<Placemark>
		<styleUrl>#style_10395</styleUrl>
		<LineString>
			<tessellate>1</tessellate>
			<altitudeMode>absolute</altitudeMode>
			<coordinates>
				0,0,0 0,0,0 
			</coordinates>
		</LineString>
	</Placemark>
	<Placemark>
		<styleUrl>#style_10396</styleUrl>
		<LineString>
			<tessellate>1</tessellate>
			<altitudeMode>absolute</altitudeMode>
			<coordinates>
				0,0,0 0,0,0 
			</coordinates>
		</LineString>
	</Placemark>
	<Placemark>
		<styleUrl>#style_10397</styleUrl>
		<LineString>
			<tessellate>1</tessellate>
			<altitudeMode>absolute</altitudeMode>
			<coordinates>
				0,0,0 0,0,0 
			</coordinates>
		</LineString>
	</Placemark>
	<Placemark>
		<styleUrl>#style_10398</styleUrl>
		<LineString>
			<tessellate>1</tessellate>
			<altitudeMode>absolute</altitudeMode>
			<coordinates>
				0,0,0 0,0,0 
			</coordinates>
		</LineString>
	</Placemark>
	<Placemark>
		<styleUrl>#style_10399</styleUrl>
		<LineString>
			<tessellate>1</tessellate>
			<altitudeMode>absolute</altitudeMode>
			<coordinates>
				0,0,0 0,0,0 
			</coordinates>
		</LineString>
	</Placemark>
	<Placemark>
		<styleUrl>#style_10400</styleUrl>
		<LineString>
			<tessellate>1</tessellate>
			<altitudeMode>absolute</altitudeMode>
			<coordinates>
				0,0,0 0,0,0 
			</coordinates>
		</LineString>
	</Placemark>
	<Placemark>
		<styleUrl>#style_10401</styleUrl>
		<LineString>
			<tessellate>1</tessellate>
			<altitudeMode>absolute</altitudeMode>
			<coordinates>
				0,0,0 0,0,0 
			</coordinates>
		</LineString>
	</Placemark>
	<Placemark>
		<styleUrl>#style_10402</styleUrl>
		<LineString>
			<tessellate>1</tessellate>
			<altitudeMode>absolute</altitudeMode>
			<coordinates>
				0,0,0 0,0,0 
			</coordinates>
		</LineString>
	</Placemark>
	<Placemark>
		<styleUrl>#style_10403</styleUrl>
		<LineString>
			<tessellate>1</tessellate>
			<altitudeMode>absolute</altitudeMode>
			<coordinates>
				0,0,0 0,0,0 
			</coordinates>
		</LineString>
	</Placemark>
	<Placemark>
		<styleUrl>#style_10404</styleUrl>
		<LineString>
			<tessellate>1</tessellate>
			<altitudeMode>absolute</altitudeMode>
			<coordinates>
				0,0,0 0,0,0 
			</coordinates>
		</LineString>
	</Placemark>
	<Placemark>
		<styleUrl>#style_10405</styleUrl>
		<LineString>
			<tessellate>1</tessellate>
			<altitudeMode>absolute</altitudeMode>
			<coordinates>
				0,0,0 0,0,0 
			</coordinates>
		</LineString>
	</Placemark>
	<Placemark>
		<styleUrl>#style_10406</styleUrl>
		<LineString>
			<tessellate>1</tessellate>
			<altitudeMode>absolute</altitudeMode>
			<coordinates>
				0,0,0 0,0,0 
			</coordinates>
		</LineString>
	</Placemark>
	<Placemark>
		<styleUrl>#style_10407</styleUrl>
		<LineString>
			<tessellate>1</tessellate>
			<altitudeMode>absolute</altitudeMode>
			<coordinates>
				0,0,0 0,0,0 
			</coordinates>
		</LineString>
	</Placemark>
	<Placemark>
		<styleUrl>#style_10408</styleUrl>
		<LineString>
			<tessellate>1</tessellate>
			<altitudeMode>absolute</altitudeMode>
			<coordinates>
				0,0,0 0,0,0 
			</coordinates>
		</LineString>
	</Placemark>
	<Placemark>
		<styleUrl>#style_10409</styleUrl>
		<LineString>
			<tessellate>1</tessellate>
			<altitudeMode>absolute</altitudeMode>
			<coordinates>
				0,0,0 0,0,0 
			</coordinates>
		</LineString>
	</Placemark>
	<Placemark>
		<styleUrl>#style_10410</styleUrl>
		<LineString>
			<tessellate>1</tessellate>
			<altitudeMode>absolute</altitudeMode>
			<coordinates>
				0,0,0 0,0,0 
			</coordinates>
		</LineString>
	</Placemark>
	<Placemark>
		<styleUrl>#style_10411</styleUrl>
		<LineString>
			<tessellate>1</tessellate>
			<altitudeMode>absolute</altitudeMode>
			<coordinates>
				0,0,0 0,0,0 
			</coordinates>
		</LineString>
	</Placemark>
	<Placemark>
		<styleUrl>#style_10412</styleUrl>
		<LineString>
			<tessellate>1</tessellate>
			<altitudeMode>absolute</altitudeMode>
			<coordinates>
				0,0,0 0,0,0 
			</coordinates>
		</LineString>
	</Placemark>
	<Placemark>
		<styleUrl>#style_10413</styleUrl>
		<LineString>
			<tessellate>1</tessellate>
			<altitudeMode>absolute</altitudeMode>
			<coordinates>
				0,0,0 0,0,0 
			</coordinates>
		</LineString>
	</Placemark>
	<Placemark>
		<styleUrl>#style_10414</styleUrl>
		<LineString>
			<tessellate>1</tessellate>
			<altitudeMode>absolute</altitudeMode>
			<coordinates>
				0,0,0 0,0,0 
			</coordinates>
		</LineString>
	</Placemark>
	<Placemark>
		<styleUrl>#style_10415</styleUrl>
		<LineString>
			<tessellate>1</tessellate>
			<altitudeMode>absolute</altitudeMode>
			<coordinates>
				0,0,0 0,0,0 
			</coordinates>
		</LineString>
	</Placemark>
	<Placemark>
		<styleUrl>#style_10416</styleUrl>
		<LineString>
			<tessellate>1</tessellate>
			<altitudeMode>absolute</altitudeMode>
			<coordinates>
				0,0,0 0,0,0 
			</coordinates>
		</LineString>
	</Placemark>
	<Placemark>
		<styleUrl>#style_10417</styleUrl>
		<LineString>
			<tessellate>1</tessellate>
			<altitudeMode>absolute</altitudeMode>
			<coordinates>
				0,0,0 0,0,0 
			</coordinates>
		</LineString>
	</Placemark>
	<Placemark>
		<styleUrl>#style_10418</styleUrl>
		<LineString>
			<tessellate>1</tessellate>
			<altitudeMode>absolute</altitudeMode>
			<coordinates>
				0,0,0 0,0,0 
			</coordinates>
		</LineString>
	</Placemark>
	<Placemark>
		<styleUrl>#style_10419</styleUrl>
		<LineString>
			<tessellate>1</tessellate>
			<altitudeMode>absolute</altitudeMode>
			<coordinates>
				0,0,0 0,0,0 
			</coordinates>
		</LineString>
	</Placemark>
	<Placemark>
		<styleUrl>#style_10420</styleUrl>
		<LineString>
			<tessellate>1</tessellate>
			<altitudeMode>absolute</altitudeMode>
			<coordinates>
				0,0,0 0,0,0 
			</coordinates>
		</LineString>
	</Placemark>
	<Placemark>
		<styleUrl>#style_10421</styleUrl>
		<LineString>
			<tessellate>1</tessellate>
			<altitudeMode>absolute</altitudeMode>
			<coordinates>
				0,0,0 0,0,0 
			</coordinates>
		</LineString>
	</Placemark>
	<Placemark>
		<styleUrl>#style_10422</styleUrl>
		<LineString>
			<tessellate>1</tessellate>
			<altitudeMode>absolute</altitudeMode>
			<coordinates>
				0,0,0 0,0,0 
			</coordinates>
		</LineString>
	</Placemark>
	<Placemark>
		<styleUrl>#style_10423</styleUrl>
		<LineString>
			<tessellate>1</tessellate>
			<altitudeMode>absolute</altitudeMode>
			<coordinates>
				0,0,0 0,0,0 
			</coordinates>
		</LineString>
	</Placemark>
	<Placemark>
		<styleUrl>#style_10424</styleUrl>
		<LineString>
			<tessellate>1</tessellate>
			<altitudeMode>absolute</altitudeMode>
			<coordinates>
				0,0,0 0,0,0 
			</coordinates>
		</LineString>
	</Placemark>
	<Placemark>
		<styleUrl>#style_10425</styleUrl>
		<LineString>
			<tessellate>1</tessellate>
			<altitudeMode>absolute</altitudeMode>
			<coordinates>
				0,0,0 0,0,0 
			</coordinates>
		</LineString>
	</Placemark>
	<Placemark>
		<styleUrl>#style_10426</styleUrl>
		<LineString>
			<tessellate>1</tessellate>
			<altitudeMode>absolute</altitudeMode>
			<coordinates>
				0,0,0 0,0,0 
			</coordinates>
		</LineString>
	</Placemark>
	<Placemark>
		<styleUrl>#style_10427</styleUrl>
		<LineString>
			<tessellate>1</tessellate>
			<altitudeMode>absolute</altitudeMode>
			<coordinates>
				0,0,0 0,0,0 
			</coordinates>
		</LineString>
	</Placemark>
	<Placemark>
		<styleUrl>#style_10428</styleUrl>
		<LineString>
			<tessellate>1</tessellate>
			<altitudeMode>absolute</altitudeMode>
			<coordinates>
				0,0,0 0,0,0 
			</coordinates>
		</LineString>
	</Placemark>
	<Placemark>
		<styleUrl>#style_10429</styleUrl>
		<LineString>
			<tessellate>1</tessellate>
			<altitudeMode>absolute</altitudeMode>
			<coordinates>
				0,0,0 0,0,0 
			</coordinates>
		</LineString>
	</Placemark>
	<Placemark>
		<styleUrl>#style_10430</styleUrl>
		<LineString>
			<tessellate>1</tessellate>
			<altitudeMode>absolute</altitudeMode>
			<coordinates>
				0,0,0 0,0,0 
			</coordinates>
		</LineString>
	</Placemark>
	<Placemark>
		<styleUrl>#style_10431</styleUrl>
		<LineString>
			<tessellate>1</tessellate>
			<altitudeMode>absolute</altitudeMode>
			<coordinates>
				0,0,0 0,0,0 
			</coordinates>
		</LineString>
	</Placemark>
	<Placemark>
		<styleUrl>#style_10432</styleUrl>
		<LineString>
			<tessellate>1</tessellate>
			<altitudeMode>absolute</altitudeMode>
			<coordinates>
				0,0,0 0,0,0 
			</coordinates>
		</LineString>
	</Placemark>
	<Placemark>
		<styleUrl>#style_10433</styleUrl>
		<LineString>
			<tessellate>1</tessellate>
			<altitudeMode>absolute</altitudeMode>
			<coordinates>
				0,0,0 0,0,0 
			</coordinates>
		</LineString>
	</Placemark>
	<Placemark>
		<styleUrl>#style_10434</styleUrl>
		<LineString>
			<tessellate>1</tessellate>
			<altitudeMode>absolute</altitudeMode>
			<coordinates>
				0,0,0 0,0,0 
			</coordinates>
		</LineString>
	</Placemark>
	<Placemark>
		<styleUrl>#style_10435</styleUrl>
		<LineString>
			<tessellate>1</tessellate>
			<altitudeMode>absolute</altitudeMode>
			<coordinates>
				0,0,0 0,0,0 
			</coordinates>
		</LineString>
	</Placemark>
	<Placemark>
		<styleUrl>#style_10436</styleUrl>
		<LineString>
			<tessellate>1</tessellate>
			<altitudeMode>absolute</altitudeMode>
			<coordinates>
				0,0,0 0,0,0 
			</coordinates>
		</LineString>
	</Placemark>
	<Placemark>
		<styleUrl>#style_10437</styleUrl>
		<LineString>
			<tessellate>1</tessellate>
			<altitudeMode>absolute</altitudeMode>
			<coordinates>
				0,0,0 0,0,0 
			</coordinates>
		</LineString>
	</Placemark>
	<Placemark>
		<styleUrl>#style_10438</styleUrl>
		<LineString>
			<tessellate>1</tessellate>
			<altitudeMode>absolute</altitudeMode>
			<coordinates>
				0,0,0 0,0,0 
			</coordinates>
		</LineString>
	</Placemark>
	<Placemark>
		<styleUrl>#style_10439</styleUrl>
		<LineString>
			<tessellate>1</tessellate>
			<altitudeMode>absolute</altitudeMode>
			<coordinates>
				0,0,0 0,0,0 
			</coordinates>
		</LineString>
	</Placemark>
	<Placemark>
		<styleUrl>#style_10440</styleUrl>
		<LineString>
			<tessellate>1</tessellate>
			<altitudeMode>absolute</altitudeMode>
			<coordinates>
				0,0,0 0,0,0 
			</coordinates>
		</LineString>
	</Placemark>
	<Placemark>
		<styleUrl>#style_10441</styleUrl>
		<LineString>
			<tessellate>1</tessellate>
			<altitudeMode>absolute</altitudeMode>
			<coordinates>
				0,0,0 0,0,0 
			</coordinates>
		</LineString>
	</Placemark>
	<Placemark>
		<styleUrl>#style_10442</styleUrl>
		<LineString>
			<tessellate>1</tessellate>
			<altitudeMode>absolute</altitudeMode>
			<coordinates>
				0,0,0 0,0,0 
			</coordinates>
		</LineString>
	</Placemark>
	<Placemark>
		<styleUrl>#style_10443</styleUrl>
		<LineString>
			<tessellate>1</tessellate>
			<altitudeMode>absolute</altitudeMode>
			<coordinates>
				0,0,0 0,0,0 
			</coordinates>
		</LineString>
	</Placemark>
	<Placemark>
		<styleUrl>#style_10444</styleUrl>
		<LineString>
			<tessellate>1</tessellate>
			<altitudeMode>absolute</altitudeMode>
			<coordinates>
				0,0,0 0,0,0 
			</coordinates>
		</LineString>
	</Placemark>
	<Placemark>
		<styleUrl>#style_10445</styleUrl>
		<LineString>
			<tessellate>1</tessellate>
			<altitudeMode>absolute</altitudeMode>
			<coordinates>
				0,0,0 0,0,0 
			</coordinates>
		</LineString>
	</Placemark>
	<Placemark>
		<styleUrl>#style_10446</styleUrl>
		<LineString>
			<tessellate>1</tessellate>
			<altitudeMode>absolute</altitudeMode>
			<coordinates>
				0,0,0 0,0,0 
			</coordinates>
		</LineString>
	</Placemark>
	<Placemark>
		<styleUrl>#style_10447</styleUrl>
		<LineString>
			<tessellate>1</tessellate>
			<altitudeMode>absolute</altitudeMode>
			<coordinates>
				0,0,0 0,0,0 
			</coordinates>
		</LineString>
	</Placemark>
	<Placemark>
		<styleUrl>#style_10448</styleUrl>
		<LineString>
			<tessellate>1</tessellate>
			<altitudeMode>absolute</altitudeMode>
			<coordinates>
				0,0,0 0,0,0 
			</coordinates>
		</LineString>
	</Placemark>
	<Placemark>
		<styleUrl>#style_10449</styleUrl>
		<LineString>
			<tessellate>1</tessellate>
			<altitudeMode>absolute</altitudeMode>
			<coordinates>
				0,0,0 0,0,0 
			</coordinates>
		</LineString>
	</Placemark>
	<Placemark>
		<styleUrl>#style_10450</styleUrl>
		<LineString>
			<tessellate>1</tessellate>
			<altitudeMode>absolute</altitudeMode>
			<coordinates>
				0,0,0 0,0,0 
			</coordinates>
		</LineString>
	</Placemark>
	<Placemark>
		<styleUrl>#style_10451</styleUrl>
		<LineString>
			<tessellate>1</tessellate>
			<altitudeMode>absolute</altitudeMode>
			<coordinates>
				0,0,0 0,0,0 
			</coordinates>
		</LineString>
	</Placemark>
	<Placemark>
		<styleUrl>#style_10452</styleUrl>
		<LineString>
			<tessellate>1</tessellate>
			<altitudeMode>absolute</altitudeMode>
			<coordinates>
				0,0,0 0,0,0 
			</coordinates>
		</LineString>
	</Placemark>
	<Placemark>
		<styleUrl>#style_10453</styleUrl>
		<LineString>
			<tessellate>1</tessellate>
			<altitudeMode>absolute</altitudeMode>
			<coordinates>
				0,0,0 0,0,0 
			</coordinates>
		</LineString>
	</Placemark>
	<Placemark>
		<styleUrl>#style_10454</styleUrl>
		<LineString>
			<tessellate>1</tessellate>
			<altitudeMode>absolute</altitudeMode>
			<coordinates>
				0,0,0 0,0,0 
			</coordinates>
		</LineString>
	</Placemark>
	<Placemark>
		<styleUrl>#style_10455</styleUrl>
		<LineString>
			<tessellate>1</tessellate>
			<altitudeMode>absolute</altitudeMode>
			<coordinates>
				0,0,0 0,0,0 
			</coordinates>
		</LineString>
	</Placemark>
	<Placemark>
		<styleUrl>#style_10456</styleUrl>
		<LineString>
			<tessellate>1</tessellate>
			<altitudeMode>absolute</altitudeMode>
			<coordinates>
				0,0,0 0,0,0 
			</coordinates>
		</LineString>
	</Placemark>
	<Placemark>
		<styleUrl>#style_10457</styleUrl>
		<LineString>
			<tessellate>1</tessellate>
			<altitudeMode>absolute</altitudeMode>
			<coordinates>
				0,0,0 0,0,0 
			</coordinates>
		</LineString>
	</Placemark>
	<Placemark>
		<styleUrl>#style_10458</styleUrl>
		<LineString>
			<tessellate>1</tessellate>
			<altitudeMode>absolute</altitudeMode>
			<coordinates>
				0,0,0 0,0,0 
			</coordinates>
		</LineString>
	</Placemark>
	<Placemark>
		<styleUrl>#style_10459</styleUrl>
		<LineString>
			<tessellate>1</tessellate>
			<altitudeMode>absolute</altitudeMode>
			<coordinates>
				0,0,0 0,0,0 
			</coordinates>
		</LineString>
	</Placemark>
	<Placemark>
		<styleUrl>#style_10460</styleUrl>
		<LineString>
			<tessellate>1</tessellate>
			<altitudeMode>absolute</altitudeMode>
			<coordinates>
				0,0,0 0,0,0 
			</coordinates>
		</LineString>
	</Placemark>
	<Placemark>
		<styleUrl>#style_10461</styleUrl>
		<LineString>
			<tessellate>1</tessellate>
			<altitudeMode>absolute</altitudeMode>
			<coordinates>
				0,0,0 0,0,0 
			</coordinates>
		</LineString>
	</Placemark>
	<Placemark>
		<styleUrl>#style_10462</styleUrl>
		<LineString>
			<tessellate>1</tessellate>
			<altitudeMode>absolute</altitudeMode>
			<coordinates>
				0,0,0 0,0,0 
			</coordinates>
		</LineString>
	</Placemark>
	<Placemark>
		<styleUrl>#style_10463</styleUrl>
		<LineString>
			<tessellate>1</tessellate>
			<altitudeMode>absolute</altitudeMode>
			<coordinates>
				0,0,0 0,0,0 
			</coordinates>
		</LineString>
	</Placemark>
	<Placemark>
		<styleUrl>#style_10464</styleUrl>
		<LineString>
			<tessellate>1</tessellate>
			<altitudeMode>absolute</altitudeMode>
			<coordinates>
				0,0,0 0,0,0 
			</coordinates>
		</LineString>
	</Placemark>
	<Placemark>
		<styleUrl>#style_10465</styleUrl>
		<LineString>
			<tessellate>1</tessellate>
			<altitudeMode>absolute</altitudeMode>
			<coordinates>
				0,0,0 0,0,0 
			</coordinates>
		</LineString>
	</Placemark>
	<Placemark>
		<styleUrl>#style_10466</styleUrl>
		<LineString>
			<tessellate>1</tessellate>
			<altitudeMode>absolute</altitudeMode>
			<coordinates>
				0,0,0 0,0,0 
			</coordinates>
		</LineString>
	</Placemark>
	<Placemark>
		<styleUrl>#style_10467</styleUrl>
		<LineString>
			<tessellate>1</tessellate>
			<altitudeMode>absolute</altitudeMode>
			<coordinates>
				0,0,0 0,0,0 
			</coordinates>
		</LineString>
	</Placemark>
	<Placemark>
		<styleUrl>#style_10468</styleUrl>
		<LineString>
			<tessellate>1</tessellate>
			<altitudeMode>absolute</altitudeMode>
			<coordinates>
				0,0,0 0,0,0 
			</coordinates>
		</LineString>
	</Placemark>
	<Placemark>
		<styleUrl>#style_10469</styleUrl>
		<LineString>
			<tessellate>1</tessellate>
			<altitudeMode>absolute</altitudeMode>
			<coordinates>
				0,0,0 0,0,0 
			</coordinates>
		</LineString>
	</Placemark>
	<Placemark>
		<styleUrl>#style_10470</styleUrl>
		<LineString>
			<tessellate>1</tessellate>
			<altitudeMode>absolute</altitudeMode>
			<coordinates>
				0,0,0 0,0,0 
			</coordinates>
		</LineString>
	</Placemark>
	<Placemark>
		<styleUrl>#style_10471</styleUrl>
		<LineString>
			<tessellate>1</tessellate>
			<altitudeMode>absolute</altitudeMode>
			<coordinates>
				0,0,0 0,0,0 
			</coordinates>
		</LineString>
	</Placemark>
	<Placemark>
		<styleUrl>#style_10472</styleUrl>
		<LineString>
			<tessellate>1</tessellate>
			<altitudeMode>absolute</altitudeMode>
			<coordinates>
				0,0,0 0,0,0 
			</coordinates>
		</LineString>
	</Placemark>
	<Placemark>
		<styleUrl>#style_10473</styleUrl>
		<LineString>
			<tessellate>1</tessellate>
			<altitudeMode>absolute</altitudeMode>
			<coordinates>
				0,0,0 0,0,0 
			</coordinates>
		</LineString>
	</Placemark>
	<Placemark>
		<styleUrl>#style_10474</styleUrl>
		<LineString>
			<tessellate>1</tessellate>
			<altitudeMode>absolute</altitudeMode>
			<coordinates>
				0,0,0 0,0,0 
			</coordinates>
		</LineString>
	</Placemark>
	<Placemark>
		<styleUrl>#style_10475</styleUrl>
		<LineString>
			<tessellate>1</tessellate>
			<altitudeMode>absolute</altitudeMode>
			<coordinates>
				0,0,0 0,0,0 
			</coordinates>
		</LineString>
	</Placemark>
	<Placemark>
		<styleUrl>#style_10476</styleUrl>
		<LineString>
			<tessellate>1</tessellate>
			<altitudeMode>absolute</altitudeMode>
			<coordinates>
				0,0,0 0,0,0 
			</coordinates>
		</LineString>
	</Placemark>
	<Placemark>
		<styleUrl>#style_10477</styleUrl>
		<LineString>
			<tessellate>1</tessellate>
			<altitudeMode>absolute</altitudeMode>
			<coordinates>
				0,0,0 0,0,0 
			</coordinates>
		</LineString>
	</Placemark>
	<Placemark>
		<styleUrl>#style_10478</styleUrl>
		<LineString>
			<tessellate>1</tessellate>
			<altitudeMode>absolute</altitudeMode>
			<coordinates>
				0,0,0 0,0,0 
			</coordinates>
		</LineString>
	</Placemark>
	<Placemark>
		<styleUrl>#style_10479</styleUrl>
		<LineString>
			<tessellate>1</tessellate>
			<altitudeMode>absolute</altitudeMode>
			<coordinates>
				0,0,0 0,0,0 
			</coordinates>
		</LineString>
	</Placemark>
	<Placemark>
		<styleUrl>#style_10480</styleUrl>
		<LineString>
			<tessellate>1</tessellate>
			<altitudeMode>absolute</altitudeMode>
			<coordinates>
				0,0,0 0,0,0 
			</coordinates>
		</LineString>
	</Placemark>
	<Placemark>
		<styleUrl>#style_10481</styleUrl>
		<LineString>
			<tessellate>1</tessellate>
			<altitudeMode>absolute</altitudeMode>
			<coordinates>
				0,0,0 0,0,0 
			</coordinates>
		</LineString>
	</Placemark>
	<Placemark>
		<styleUrl>#style_10482</styleUrl>
		<LineString>
			<tessellate>1</tessellate>
			<altitudeMode>absolute</altitudeMode>
			<coordinates>
				0,0,0 0,0,0 
			</coordinates>
		</LineString>
	</Placemark>
	<Placemark>
		<styleUrl>#style_10483</styleUrl>
		<LineString>
			<tessellate>1</tessellate>
			<altitudeMode>absolute</altitudeMode>
			<coordinates>
				0,0,0 0,0,0 
			</coordinates>
		</LineString>
	</Placemark>
	<Placemark>
		<styleUrl>#style_10484</styleUrl>
		<LineString>
			<tessellate>1</tessellate>
			<altitudeMode>absolute</altitudeMode>
			<coordinates>
				0,0,0 0,0,0 
			</coordinates>
		</LineString>
	</Placemark>
	<Placemark>
		<styleUrl>#style_10485</styleUrl>
		<LineString>
			<tessellate>1</tessellate>
			<altitudeMode>absolute</altitudeMode>
			<coordinates>
				0,0,0 0,0,0 
			</coordinates>
		</LineString>
	</Placemark>
	<Placemark>
		<styleUrl>#style_10486</styleUrl>
		<LineString>
			<tessellate>1</tessellate>
			<altitudeMode>absolute</altitudeMode>
			<coordinates>
				0,0,0 0,0,0 
			</coordinates>
		</LineString>
	</Placemark>
	<Placemark>
		<styleUrl>#style_10487</styleUrl>
		<LineString>
			<tessellate>1</tessellate>
			<altitudeMode>absolute</altitudeMode>
			<coordinates>
				0,0,0 0,0,0 
			</coordinates>
		</LineString>
	</Placemark>
	<Placemark>
		<styleUrl>#style_10488</styleUrl>
		<LineString>
			<tessellate>1</tessellate>
			<altitudeMode>absolute</altitudeMode>
			<coordinates>
				0,0,0 0,0,0 
			</coordinates>
		</LineString>
	</Placemark>
	<Placemark>
		<styleUrl>#style_10489</styleUrl>
		<LineString>
			<tessellate>1</tessellate>
			<altitudeMode>absolute</altitudeMode>
			<coordinates>
				0,0,0 0,0,0 
			</coordinates>
		</LineString>
	</Placemark>
	<Placemark>
		<styleUrl>#style_10490</styleUrl>
		<LineString>
			<tessellate>1</tessellate>
			<altitudeMode>absolute</altitudeMode>
			<coordinates>
				0,0,0 0,0,0 
			</coordinates>
		</LineString>
	</Placemark>
	<Placemark>
		<styleUrl>#style_10491</styleUrl>
		<LineString>
			<tessellate>1</tessellate>
			<altitudeMode>absolute</altitudeMode>
			<coordinates>
				0,0,0 0,0,0 
			</coordinates>
		</LineString>
	</Placemark>
	<Placemark>
		<styleUrl>#style_10492</styleUrl>
		<LineString>
			<tessellate>1</tessellate>
			<altitudeMode>absolute</altitudeMode>
			<coordinates>
				0,0,0 0,0,0 
			</coordinates>
		</LineString>
	</Placemark>
	<Placemark>
		<styleUrl>#style_10493</styleUrl>
		<LineString>
			<tessellate>1</tessellate>
			<altitudeMode>absolute</altitudeMode>
			<coordinates>
				0,0,0 0,0,0 
			</coordinates>
		</LineString>
	</Placemark>
	<Placemark>
		<styleUrl>#style_10494</styleUrl>
		<LineString>
			<tessellate>1</tessellate>
			<altitudeMode>absolute</altitudeMode>
			<coordinates>
				0,0,0 0,0,0 
			</coordinates>
		</LineString>
	</Placemark>
	<Placemark>
		<styleUrl>#style_10495</styleUrl>
		<LineString>
			<tessellate>1</tessellate>
			<altitudeMode>absolute</altitudeMode>
			<coordinates>
				0,0,0 0,0,0 
			</coordinates>
		</LineString>
	</Placemark>
	<Placemark>
		<styleUrl>#style_10496</styleUrl>
		<LineString>
			<tessellate>1</tessellate>
			<altitudeMode>absolute</altitudeMode>
			<coordinates>
				0,0,0 0,0,0 
			</coordinates>
		</LineString>
	</Placemark>
	<Placemark>
		<styleUrl>#style_10497</styleUrl>
		<LineString>
			<tessellate>1</tessellate>
			<altitudeMode>absolute</altitudeMode>
			<coordinates>
				0,0,0 0,0,0 
			</coordinates>
		</LineString>
	</Placemark>
	<Placemark>
		<styleUrl>#style_10498</styleUrl>
		<LineString>
			<tessellate>1</tessellate>
			<altitudeMode>absolute</altitudeMode>
			<coordinates>
				0,0,0 0,0,0 
			</coordinates>
		</LineString>
	</Placemark>
	<Placemark>
		<styleUrl>#style_10499</styleUrl>
		<LineString>
			<tessellate>1</tessellate>
			<altitudeMode>absolute</altitudeMode>
			<coordinates>
				0,0,0 0,0,0 
			</coordinates>
		</LineString>
	</Placemark>
	<Placemark>
		<styleUrl>#style_10500</styleUrl>
		<LineString>
			<tessellate>1</tessellate>
			<altitudeMode>absolute</altitudeMode>
			<coordinates>
				0,0,0 0,0,0 
			</coordinates>
		</LineString>
	</Placemark>
	<Placemark>
		<styleUrl>#style_10501</styleUrl>
		<LineString>
			<tessellate>1</tessellate>
			<altitudeMode>absolute</altitudeMode>
			<coordinates>
				0,0,0 0,0,0 
			</coordinates>
		</LineString>
	</Placemark>
	<Placemark>
		<styleUrl>#style_10502</styleUrl>
		<LineString>
			<tessellate>1</tessellate>
			<altitudeMode>absolute</altitudeMode>
			<coordinates>
				0,0,0 0,0,0 
			</coordinates>
		</LineString>
	</Placemark>
	<Placemark>
		<styleUrl>#style_10503</styleUrl>
		<LineString>
			<tessellate>1</tessellate>
			<altitudeMode>absolute</altitudeMode>
			<coordinates>
				0,0,0 0,0,0 
			</coordinates>
		</LineString>
	</Placemark>
	<Placemark>
		<styleUrl>#style_10504</styleUrl>
		<LineString>
			<tessellate>1</tessellate>
			<altitudeMode>absolute</altitudeMode>
			<coordinates>
				0,0,0 0,0,0 
			</coordinates>
		</LineString>
	</Placemark>
	<Placemark>
		<styleUrl>#style_10505</styleUrl>
		<LineString>
			<tessellate>1</tessellate>
			<altitudeMode>absolute</altitudeMode>
			<coordinates>
				0,0,0 0,0,0 
			</coordinates>
		</LineString>
	</Placemark>
	<Placemark>
		<styleUrl>#style_10506</styleUrl>
		<LineString>
			<tessellate>1</tessellate>
			<altitudeMode>absolute</altitudeMode>
			<coordinates>
				0,0,0 0,0,0 
			</coordinates>
		</LineString>
	</Placemark>
	<Placemark>
		<styleUrl>#style_10507</styleUrl>
		<LineString>
			<tessellate>1</tessellate>
			<altitudeMode>absolute</altitudeMode>
			<coordinates>
				0,0,0 0,0,0 
			</coordinates>
		</LineString>
	</Placemark>
	<Placemark>
		<styleUrl>#style_10508</styleUrl>
		<LineString>
			<tessellate>1</tessellate>
			<altitudeMode>absolute</altitudeMode>
			<coordinates>
				0,0,0 0,0,0 
			</coordinates>
		</LineString>
	</Placemark>
	<Placemark>
		<styleUrl>#style_10509</styleUrl>
		<LineString>
			<tessellate>1</tessellate>
			<altitudeMode>absolute</altitudeMode>
			<coordinates>
				0,0,0 0,0,0 
			</coordinates>
		</LineString>
	</Placemark>
	<Placemark>
		<styleUrl>#style_10510</styleUrl>
		<LineString>
			<tessellate>1</tessellate>
			<altitudeMode>absolute</altitudeMode>
			<coordinates>
				0,0,0 0,0,0 
			</coordinates>
		</LineString>
	</Placemark>
	<Placemark>
		<styleUrl>#style_10511</styleUrl>
		<LineString>
			<tessellate>1</tessellate>
			<altitudeMode>absolute</altitudeMode>
			<coordinates>
				0,0,0 0,0,0 
			</coordinates>
		</LineString>
	</Placemark>
	<Placemark>
		<styleUrl>#style_10512</styleUrl>
		<LineString>
			<tessellate>1</tessellate>
			<altitudeMode>absolute</altitudeMode>
			<coordinates>
				0,0,0 0,0,0 
			</coordinates>
		</LineString>
	</Placemark>
	<Placemark>
		<styleUrl>#style_10513</styleUrl>
		<LineString>
			<tessellate>1</tessellate>
			<altitudeMode>absolute</altitudeMode>
			<coordinates>
				0,0,0 0,0,0 
			</coordinates>
		</LineString>
	</Placemark>
	<Placemark>
		<styleUrl>#style_10514</styleUrl>
		<LineString>
			<tessellate>1</tessellate>
			<altitudeMode>absolute</altitudeMode>
			<coordinates>
				0,0,0 0,0,0 
			</coordinates>
		</LineString>
	</Placemark>
	<Placemark>
		<styleUrl>#style_10515</styleUrl>
		<LineString>
			<tessellate>1</tessellate>
			<altitudeMode>absolute</altitudeMode>
			<coordinates>
				0,0,0 0,0,0 
			</coordinates>
		</LineString>
	</Placemark>
	<Placemark>
		<styleUrl>#style_10516</styleUrl>
		<LineString>
			<tessellate>1</tessellate>
			<altitudeMode>absolute</altitudeMode>
			<coordinates>
				0,0,0 0,0,0 
			</coordinates>
		</LineString>
	</Placemark>
	<Placemark>
		<styleUrl>#style_10517</styleUrl>
		<LineString>
			<tessellate>1</tessellate>
			<altitudeMode>absolute</altitudeMode>
			<coordinates>
				0,0,0 0,0,0 
			</coordinates>
		</LineString>
	</Placemark>
	<Placemark>
		<styleUrl>#style_10518</styleUrl>
		<LineString>
			<tessellate>1</tessellate>
			<altitudeMode>absolute</altitudeMode>
			<coordinates>
				0,0,0 0,0,0 
			</coordinates>
		</LineString>
	</Placemark>
	<Placemark>
		<styleUrl>#style_10519</styleUrl>
		<LineString>
			<tessellate>1</tessellate>
			<altitudeMode>absolute</altitudeMode>
			<coordinates>
				0,0,0 0,0,0 
			</coordinates>
		</LineString>
	</Placemark>
	<Placemark>
		<styleUrl>#style_10520</styleUrl>
		<LineString>
			<tessellate>1</tessellate>
			<altitudeMode>absolute</altitudeMode>
			<coordinates>
				0,0,0 0,0,0 
			</coordinates>
		</LineString>
	</Placemark>
	<Placemark>
		<styleUrl>#style_10521</styleUrl>
		<LineString>
			<tessellate>1</tessellate>
			<altitudeMode>absolute</altitudeMode>
			<coordinates>
				0,0,0 0,0,0 
			</coordinates>
		</LineString>
	</Placemark>
	<Placemark>
		<styleUrl>#style_10522</styleUrl>
		<LineString>
			<tessellate>1</tessellate>
			<altitudeMode>absolute</altitudeMode>
			<coordinates>
				0,0,0 0,0,0 
			</coordinates>
		</LineString>
	</Placemark>
	<Placemark>
		<styleUrl>#style_10523</styleUrl>
		<LineString>
			<tessellate>1</tessellate>
			<altitudeMode>absolute</altitudeMode>
			<coordinates>
				0,0,0 0,0,0 
			</coordinates>
		</LineString>
	</Placemark>
	<Placemark>
		<styleUrl>#style_10524</styleUrl>
		<LineString>
			<tessellate>1</tessellate>
			<altitudeMode>absolute</altitudeMode>
			<coordinates>
				0,0,0 0,0,0 
			</coordinates>
		</LineString>
	</Placemark>
	<Placemark>
		<styleUrl>#style_10525</styleUrl>
		<LineString>
			<tessellate>1</tessellate>
			<altitudeMode>absolute</altitudeMode>
			<coordinates>
				0,0,0 0,0,0 
			</coordinates>
		</LineString>
	</Placemark>
	<Placemark>
		<styleUrl>#style_10526</styleUrl>
		<LineString>
			<tessellate>1</tessellate>
			<altitudeMode>absolute</altitudeMode>
			<coordinates>
				0,0,0 0,0,0 
			</coordinates>
		</LineString>
	</Placemark>
	<Placemark>
		<styleUrl>#style_10527</styleUrl>
		<LineString>
			<tessellate>1</tessellate>
			<altitudeMode>absolute</altitudeMode>
			<coordinates>
				0,0,0 0,0,0 
			</coordinates>
		</LineString>
	</Placemark>
	<Placemark>
		<styleUrl>#style_10528</styleUrl>
		<LineString>
			<tessellate>1</tessellate>
			<altitudeMode>absolute</altitudeMode>
			<coordinates>
				0,0,0 0,0,0 
			</coordinates>
		</LineString>
	</Placemark>
	<Placemark>
		<styleUrl>#style_10529</styleUrl>
		<LineString>
			<tessellate>1</tessellate>
			<altitudeMode>absolute</altitudeMode>
			<coordinates>
				0,0,0 0,0,0 
			</coordinates>
		</LineString>
	</Placemark>
	<Placemark>
		<styleUrl>#style_10530</styleUrl>
		<LineString>
			<tessellate>1</tessellate>
			<altitudeMode>absolute</altitudeMode>
			<coordinates>
				0,0,0 0,0,0 
			</coordinates>
		</LineString>
	</Placemark>
	<Placemark>
		<styleUrl>#style_10531</styleUrl>
		<LineString>
			<tessellate>1</tessellate>
			<altitudeMode>absolute</altitudeMode>
			<coordinates>
				0,0,0 0,0,0 
			</coordinates>
		</LineString>
	</Placemark>
	<Placemark>
		<styleUrl>#style_10532</styleUrl>
		<LineString>
			<tessellate>1</tessellate>
			<altitudeMode>absolute</altitudeMode>
			<coordinates>
				0,0,0 0,0,0 
			</coordinates>
		</LineString>
	</Placemark>
	<Placemark>
		<styleUrl>#style_10533</styleUrl>
		<LineString>
			<tessellate>1</tessellate>
			<altitudeMode>absolute</altitudeMode>
			<coordinates>
				0,0,0 0,0,0 
			</coordinates>
		</LineString>
	</Placemark>
	<Placemark>
		<styleUrl>#style_10534</styleUrl>
		<LineString>
			<tessellate>1</tessellate>
			<altitudeMode>absolute</altitudeMode>
			<coordinates>
				0,0,0 0,0,0 
			</coordinates>
		</LineString>
	</Placemark>
	<Placemark>
		<styleUrl>#style_10535</styleUrl>
		<LineString>
			<tessellate>1</tessellate>
			<altitudeMode>absolute</altitudeMode>
			<coordinates>
				0,0,0 0,0,0 
			</coordinates>
		</LineString>
	</Placemark>
	<Placemark>
		<styleUrl>#style_10536</styleUrl>
		<LineString>
			<tessellate>1</tessellate>
			<altitudeMode>absolute</altitudeMode>
			<coordinates>
				0,0,0 0,0,0 
			</coordinates>
		</LineString>
	</Placemark>
	<Placemark>
		<styleUrl>#style_10537</styleUrl>
		<LineString>
			<tessellate>1</tessellate>
			<altitudeMode>absolute</altitudeMode>
			<coordinates>
				0,0,0 0,0,0 
			</coordinates>
		</LineString>
	</Placemark>
	<Placemark>
		<styleUrl>#style_10538</styleUrl>
		<LineString>
			<tessellate>1</tessellate>
			<altitudeMode>absolute</altitudeMode>
			<coordinates>
				0,0,0 0,0,0 
			</coordinates>
		</LineString>
	</Placemark>
	<Placemark>
		<styleUrl>#style_10539</styleUrl>
		<LineString>
			<tessellate>1</tessellate>
			<altitudeMode>absolute</altitudeMode>
			<coordinates>
				0,0,0 0,0,0 
			</coordinates>
		</LineString>
	</Placemark>
	<Placemark>
		<styleUrl>#style_10540</styleUrl>
		<LineString>
			<tessellate>1</tessellate>
			<altitudeMode>absolute</altitudeMode>
			<coordinates>
				0,0,0 0,0,0 
			</coordinates>
		</LineString>
	</Placemark>
	<Placemark>
		<styleUrl>#style_10541</styleUrl>
		<LineString>
			<tessellate>1</tessellate>
			<altitudeMode>absolute</altitudeMode>
			<coordinates>
				0,0,0 0,0,0 
			</coordinates>
		</LineString>
	</Placemark>
	<Placemark>
		<styleUrl>#style_10542</styleUrl>
		<LineString>
			<tessellate>1</tessellate>
			<altitudeMode>absolute</altitudeMode>
			<coordinates>
				0,0,0 0,0,0 
			</coordinates>
		</LineString>
	</Placemark>
	<Placemark>
		<styleUrl>#style_10543</styleUrl>
		<LineString>
			<tessellate>1</tessellate>
			<altitudeMode>absolute</altitudeMode>
			<coordinates>
				0,0,0 0,0,0 
			</coordinates>
		</LineString>
	</Placemark>
	<Placemark>
		<styleUrl>#style_10544</styleUrl>
		<LineString>
			<tessellate>1</tessellate>
			<altitudeMode>absolute</altitudeMode>
			<coordinates>
				0,0,0 0,0,0 
			</coordinates>
		</LineString>
	</Placemark>
	<Placemark>
		<styleUrl>#style_10545</styleUrl>
		<LineString>
			<tessellate>1</tessellate>
			<altitudeMode>absolute</altitudeMode>
			<coordinates>
				0,0,0 0,0,0 
			</coordinates>
		</LineString>
	</Placemark>
	<Placemark>
		<styleUrl>#style_10546</styleUrl>
		<LineString>
			<tessellate>1</tessellate>
			<altitudeMode>absolute</altitudeMode>
			<coordinates>
				0,0,0 0,0,0 
			</coordinates>
		</LineString>
	</Placemark>
	<Placemark>
		<styleUrl>#style_10547</styleUrl>
		<LineString>
			<tessellate>1</tessellate>
			<altitudeMode>absolute</altitudeMode>
			<coordinates>
				0,0,0 0,0,0 
			</coordinates>
		</LineString>
	</Placemark>
	<Placemark>
		<styleUrl>#style_10548</styleUrl>
		<LineString>
			<tessellate>1</tessellate>
			<altitudeMode>absolute</altitudeMode>
			<coordinates>
				0,0,0 0,0,0 
			</coordinates>
		</LineString>
	</Placemark>
	<Placemark>
		<styleUrl>#style_10549</styleUrl>
		<LineString>
			<tessellate>1</tessellate>
			<altitudeMode>absolute</altitudeMode>
			<coordinates>
				0,0,0 0,0,0 
			</coordinates>
		</LineString>
	</Placemark>
	<Placemark>
		<styleUrl>#style_10550</styleUrl>
		<LineString>
			<tessellate>1</tessellate>
			<altitudeMode>absolute</altitudeMode>
			<coordinates>
				0,0,0 0,0,0 
			</coordinates>
		</LineString>
	</Placemark>
	<Placemark>
		<styleUrl>#style_10551</styleUrl>
		<LineString>
			<tessellate>1</tessellate>
			<altitudeMode>absolute</altitudeMode>
			<coordinates>
				0,0,0 0,0,0 
			</coordinates>
		</LineString>
	</Placemark>
	<Placemark>
		<styleUrl>#style_10552</styleUrl>
		<LineString>
			<tessellate>1</tessellate>
			<altitudeMode>absolute</altitudeMode>
			<coordinates>
				0,0,0 0,0,0 
			</coordinates>
		</LineString>
	</Placemark>
	<Placemark>
		<styleUrl>#style_10553</styleUrl>
		<LineString>
			<tessellate>1</tessellate>
			<altitudeMode>absolute</altitudeMode>
			<coordinates>
				0,0,0 0,0,0 
			</coordinates>
		</LineString>
	</Placemark>
	<Placemark>
		<styleUrl>#style_10554</styleUrl>
		<LineString>
			<tessellate>1</tessellate>
			<altitudeMode>absolute</altitudeMode>
			<coordinates>
				0,0,0 0,0,0 
			</coordinates>
		</LineString>
	</Placemark>
	<Placemark>
		<styleUrl>#style_10555</styleUrl>
		<LineString>
			<tessellate>1</tessellate>
			<altitudeMode>absolute</altitudeMode>
			<coordinates>
				0,0,0 0,0,0 
			</coordinates>
		</LineString>
	</Placemark>
	<Placemark>
		<styleUrl>#style_10556</styleUrl>
		<LineString>
			<tessellate>1</tessellate>
			<altitudeMode>absolute</altitudeMode>
			<coordinates>
				0,0,0 0,0,0 
			</coordinates>
		</LineString>
	</Placemark>
	<Placemark>
		<styleUrl>#style_10557</styleUrl>
		<LineString>
			<tessellate>1</tessellate>
			<altitudeMode>absolute</altitudeMode>
			<coordinates>
				0,0,0 0,0,0 
			</coordinates>
		</LineString>
	</Placemark>
	<Placemark>
		<styleUrl>#style_10558</styleUrl>
		<LineString>
			<tessellate>1</tessellate>
			<altitudeMode>absolute</altitudeMode>
			<coordinates>
				0,0,0 0,0,0 
			</coordinates>
		</LineString>
	</Placemark>
	<Placemark>
		<styleUrl>#style_10559</styleUrl>
		<LineString>
			<tessellate>1</tessellate>
			<altitudeMode>absolute</altitudeMode>
			<coordinates>
				0,0,0 0,0,0 
			</coordinates>
		</LineString>
	</Placemark>
	<Placemark>
		<styleUrl>#style_10560</styleUrl>
		<LineString>
			<tessellate>1</tessellate>
			<altitudeMode>absolute</altitudeMode>
			<coordinates>
				0,0,0 0,0,0 
			</coordinates>
		</LineString>
	</Placemark>
	<Placemark>
		<styleUrl>#style_10561</styleUrl>
		<LineString>
			<tessellate>1</tessellate>
			<altitudeMode>absolute</altitudeMode>
			<coordinates>
				0,0,0 0,0,0 
			</coordinates>
		</LineString>
	</Placemark>
	<Placemark>
		<styleUrl>#style_10562</styleUrl>
		<LineString>
			<tessellate>1</tessellate>
			<altitudeMode>absolute</altitudeMode>
			<coordinates>
				0,0,0 0,0,0 
			</coordinates>
		</LineString>
	</Placemark>
	<Placemark>
		<styleUrl>#style_10563</styleUrl>
		<LineString>
			<tessellate>1</tessellate>
			<altitudeMode>absolute</altitudeMode>
			<coordinates>
				0,0,0 0,0,0 
			</coordinates>
		</LineString>
	</Placemark>
	<Placemark>
		<styleUrl>#style_10564</styleUrl>
		<LineString>
			<tessellate>1</tessellate>
			<altitudeMode>absolute</altitudeMode>
			<coordinates>
				0,0,0 0,0,0 
			</coordinates>
		</LineString>
	</Placemark>
	<Placemark>
		<styleUrl>#style_10565</styleUrl>
		<LineString>
			<tessellate>1</tessellate>
			<altitudeMode>absolute</altitudeMode>
			<coordinates>
				0,0,0 0,0,0 
			</coordinates>
		</LineString>
	</Placemark>
	<Placemark>
		<styleUrl>#style_10566</styleUrl>
		<LineString>
			<tessellate>1</tessellate>
			<altitudeMode>absolute</altitudeMode>
			<coordinates>
				0,0,0 0,0,0 
			</coordinates>
		</LineString>
	</Placemark>
	<Placemark>
		<styleUrl>#style_10567</styleUrl>
		<LineString>
			<tessellate>1</tessellate>
			<altitudeMode>absolute</altitudeMode>
			<coordinates>
				0,0,0 0,0,0 
			</coordinates>
		</LineString>
	</Placemark>
	<Placemark>
		<styleUrl>#style_10568</styleUrl>
		<LineString>
			<tessellate>1</tessellate>
			<altitudeMode>absolute</altitudeMode>
			<coordinates>
				0,0,0 0,0,0 
			</coordinates>
		</LineString>
	</Placemark>
	<Placemark>
		<styleUrl>#style_10569</styleUrl>
		<LineString>
			<tessellate>1</tessellate>
			<altitudeMode>absolute</altitudeMode>
			<coordinates>
				0,0,0 0,0,0 
			</coordinates>
		</LineString>
	</Placemark>
	<Placemark>
		<styleUrl>#style_10570</styleUrl>
		<LineString>
			<tessellate>1</tessellate>
			<altitudeMode>absolute</altitudeMode>
			<coordinates>
				0,0,0 0,0,0 
			</coordinates>
		</LineString>
	</Placemark>
	<Placemark>
		<styleUrl>#style_10571</styleUrl>
		<LineString>
			<tessellate>1</tessellate>
			<altitudeMode>absolute</altitudeMode>
			<coordinates>
				0,0,0 0,0,0 
			</coordinates>
		</LineString>
	</Placemark>
	<Placemark>
		<styleUrl>#style_10572</styleUrl>
		<LineString>
			<tessellate>1</tessellate>
			<altitudeMode>absolute</altitudeMode>
			<coordinates>
				0,0,0 0,0,0 
			</coordinates>
		</LineString>
	</Placemark>
	<Placemark>
		<styleUrl>#style_10573</styleUrl>
		<LineString>
			<tessellate>1</tessellate>
			<altitudeMode>absolute</altitudeMode>
			<coordinates>
				0,0,0 0,0,0 
			</coordinates>
		</LineString>
	</Placemark>
	<Placemark>
		<styleUrl>#style_10574</styleUrl>
		<LineString>
			<tessellate>1</tessellate>
			<altitudeMode>absolute</altitudeMode>
			<coordinates>
				0,0,0 0,0,0 
			</coordinates>
		</LineString>
	</Placemark>
	<Placemark>
		<styleUrl>#style_10575</styleUrl>
		<LineString>
			<tessellate>1</tessellate>
			<altitudeMode>absolute</altitudeMode>
			<coordinates>
				0,0,0 0,0,0 
			</coordinates>
		</LineString>
	</Placemark>
	<Placemark>
		<styleUrl>#style_10576</styleUrl>
		<LineString>
			<tessellate>1</tessellate>
			<altitudeMode>absolute</altitudeMode>
			<coordinates>
				0,0,0 0,0,0 
			</coordinates>
		</LineString>
	</Placemark>
	<Placemark>
		<styleUrl>#style_10577</styleUrl>
		<LineString>
			<tessellate>1</tessellate>
			<altitudeMode>absolute</altitudeMode>
			<coordinates>
				0,0,0 0,0,0 
			</coordinates>
		</LineString>
	</Placemark>
	<Placemark>
		<styleUrl>#style_10578</styleUrl>
		<LineString>
			<tessellate>1</tessellate>
			<altitudeMode>absolute</altitudeMode>
			<coordinates>
				0,0,0 0,0,0 
			</coordinates>
		</LineString>
	</Placemark>
	<Placemark>
		<styleUrl>#style_10579</styleUrl>
		<LineString>
			<tessellate>1</tessellate>
			<altitudeMode>absolute</altitudeMode>
			<coordinates>
				0,0,0 0,0,0 
			</coordinates>
		</LineString>
	</Placemark>
	<Placemark>
		<styleUrl>#style_10580</styleUrl>
		<LineString>
			<tessellate>1</tessellate>
			<altitudeMode>absolute</altitudeMode>
			<coordinates>
				0,0,0 0,0,0 
			</coordinates>
		</LineString>
	</Placemark>
	<Placemark>
		<styleUrl>#style_10581</styleUrl>
		<LineString>
			<tessellate>1</tessellate>
			<altitudeMode>absolute</altitudeMode>
			<coordinates>
				0,0,0 0,0,0 
			</coordinates>
		</LineString>
	</Placemark>
	<Placemark>
		<styleUrl>#style_10582</styleUrl>
		<LineString>
			<tessellate>1</tessellate>
			<altitudeMode>absolute</altitudeMode>
			<coordinates>
				0,0,0 0,0,0 
			</coordinates>
		</LineString>
	</Placemark>
	<Placemark>
		<styleUrl>#style_10583</styleUrl>
		<LineString>
			<tessellate>1</tessellate>
			<altitudeMode>absolute</altitudeMode>
			<coordinates>
				0,0,0 0,0,0 
			</coordinates>
		</LineString>
	</Placemark>
	<Placemark>
		<styleUrl>#style_10584</styleUrl>
		<LineString>
			<tessellate>1</tessellate>
			<altitudeMode>absolute</altitudeMode>
			<coordinates>
				0,0,0 0,0,0 
			</coordinates>
		</LineString>
	</Placemark>
	<Placemark>
		<styleUrl>#style_10585</styleUrl>
		<LineString>
			<tessellate>1</tessellate>
			<altitudeMode>absolute</altitudeMode>
			<coordinates>
				0,0,0 0,0,0 
			</coordinates>
		</LineString>
	</Placemark>
	<Placemark>
		<styleUrl>#style_10586</styleUrl>
		<LineString>
			<tessellate>1</tessellate>
			<altitudeMode>absolute</altitudeMode>
			<coordinates>
				0,0,0 0,0,0 
			</coordinates>
		</LineString>
	</Placemark>
	<Placemark>
		<styleUrl>#style_10587</styleUrl>
		<LineString>
			<tessellate>1</tessellate>
			<altitudeMode>absolute</altitudeMode>
			<coordinates>
				0,0,0 0,0,0 
			</coordinates>
		</LineString>
	</Placemark>
	<Placemark>
		<styleUrl>#style_10588</styleUrl>
		<LineString>
			<tessellate>1</tessellate>
			<altitudeMode>absolute</altitudeMode>
			<coordinates>
				0,0,0 0,0,0 
			</coordinates>
		</LineString>
	</Placemark>
	<Placemark>
		<styleUrl>#style_10589</styleUrl>
		<LineString>
			<tessellate>1</tessellate>
			<altitudeMode>absolute</altitudeMode>
			<coordinates>
				0,0,0 0,0,0 
			</coordinates>
		</LineString>
	</Placemark>
	<Placemark>
		<styleUrl>#style_10590</styleUrl>
		<LineString>
			<tessellate>1</tessellate>
			<altitudeMode>absolute</altitudeMode>
			<coordinates>
				0,0,0 0,0,0 
			</coordinates>
		</LineString>
	</Placemark>
	<Placemark>
		<styleUrl>#style_10591</styleUrl>
		<LineString>
			<tessellate>1</tessellate>
			<altitudeMode>absolute</altitudeMode>
			<coordinates>
				0,0,0 0,0,0 
			</coordinates>
		</LineString>
	</Placemark>
	<Placemark>
		<styleUrl>#style_10592</styleUrl>
		<LineString>
			<tessellate>1</tessellate>
			<altitudeMode>absolute</altitudeMode>
			<coordinates>
				0,0,0 0,0,0 
			</coordinates>
		</LineString>
	</Placemark>
	<Placemark>
		<styleUrl>#style_10593</styleUrl>
		<LineString>
			<tessellate>1</tessellate>
			<altitudeMode>absolute</altitudeMode>
			<coordinates>
				0,0,0 0,0,0 
			</coordinates>
		</LineString>
	</Placemark>
	<Placemark>
		<styleUrl>#style_10594</styleUrl>
		<LineString>
			<tessellate>1</tessellate>
			<altitudeMode>absolute</altitudeMode>
			<coordinates>
				0,0,0 0,0,0 
			</coordinates>
		</LineString>
	</Placemark>
	<Placemark>
		<styleUrl>#style_10595</styleUrl>
		<LineString>
			<tessellate>1</tessellate>
			<altitudeMode>absolute</altitudeMode>
			<coordinates>
				0,0,0 0,0,0 
			</coordinates>
		</LineString>
	</Placemark>
	<Placemark>
		<styleUrl>#style_10596</styleUrl>
		<LineString>
			<tessellate>1</tessellate>
			<altitudeMode>absolute</altitudeMode>
			<coordinates>
				0,0,0 0,0,0 
			</coordinates>
		</LineString>
	</Placemark>
	<Placemark>
		<styleUrl>#style_10597</styleUrl>
		<LineString>
			<tessellate>1</tessellate>
			<altitudeMode>absolute</altitudeMode>
			<coordinates>
				0,0,0 0,0,0 
			</coordinates>
		</LineString>
	</Placemark>
	<Placemark>
		<styleUrl>#style_10598</styleUrl>
		<LineString>
			<tessellate>1</tessellate>
			<altitudeMode>absolute</altitudeMode>
			<coordinates>
				0,0,0 0,0,0 
			</coordinates>
		</LineString>
	</Placemark>
	<Placemark>
		<styleUrl>#style_10599</styleUrl>
		<LineString>
			<tessellate>1</tessellate>
			<altitudeMode>absolute</altitudeMode>
			<coordinates>
				0,0,0 0,0,0 
			</coordinates>
		</LineString>
	</Placemark>
	<Placemark>
		<styleUrl>#style_10600</styleUrl>
		<LineString>
			<tessellate>1</tessellate>
			<altitudeMode>absolute</altitudeMode>
			<coordinates>
				0,0,0 0,0,0 
			</coordinates>
		</LineString>
	</Placemark>
	<Placemark>
		<styleUrl>#style_10601</styleUrl>
		<LineString>
			<tessellate>1</tessellate>
			<altitudeMode>absolute</altitudeMode>
			<coordinates>
				0,0,0 0,0,0 
			</coordinates>
		</LineString>
	</Placemark>
	<Placemark>
		<styleUrl>#style_10602</styleUrl>
		<LineString>
			<tessellate>1</tessellate>
			<altitudeMode>absolute</altitudeMode>
			<coordinates>
				0,0,0 0,0,0 
			</coordinates>
		</LineString>
	</Placemark>
	<Placemark>
		<styleUrl>#style_10603</styleUrl>
		<LineString>
			<tessellate>1</tessellate>
			<altitudeMode>absolute</altitudeMode>
			<coordinates>
				0,0,0 0,0,0 
			</coordinates>
		</LineString>
	</Placemark>
	<Placemark>
		<styleUrl>#style_10604</styleUrl>
		<LineString>
			<tessellate>1</tessellate>
			<altitudeMode>absolute</altitudeMode>
			<coordinates>
				0,0,0 0,0,0 
			</coordinates>
		</LineString>
	</Placemark>
	<Placemark>
		<styleUrl>#style_10605</styleUrl>
		<LineString>
			<tessellate>1</tessellate>
			<altitudeMode>absolute</altitudeMode>
			<coordinates>
				0,0,0 0,0,0 
			</coordinates>
		</LineString>
	</Placemark>
	<Placemark>
		<styleUrl>#style_10606</styleUrl>
		<LineString>
			<tessellate>1</tessellate>
			<altitudeMode>absolute</altitudeMode>
			<coordinates>
				0,0,0 0,0,0 
			</coordinates>
		</LineString>
	</Placemark>
	<Placemark>
		<styleUrl>#style_10607</styleUrl>
		<LineString>
			<tessellate>1</tessellate>
			<altitudeMode>absolute</altitudeMode>
			<coordinates>
				0,0,0 0,0,0 
			</coordinates>
		</LineString>
	</Placemark>
	<Placemark>
		<styleUrl>#style_10608</styleUrl>
		<LineString>
			<tessellate>1</tessellate>
			<altitudeMode>absolute</altitudeMode>
			<coordinates>
				0,0,0 0,0,0 
			</coordinates>
		</LineString>
	</Placemark>
	<Placemark>
		<styleUrl>#style_10609</styleUrl>
		<LineString>
			<tessellate>1</tessellate>
			<altitudeMode>absolute</altitudeMode>
			<coordinates>
				0,0,0 0,0,0 
			</coordinates>
		</LineString>
	</Placemark>
	<Placemark>
		<styleUrl>#style_10610</styleUrl>
		<LineString>
			<tessellate>1</tessellate>
			<altitudeMode>absolute</altitudeMode>
			<coordinates>
				0,0,0 0,0,0 
			</coordinates>
		</LineString>
	</Placemark>
	<Placemark>
		<styleUrl>#style_10611</styleUrl>
		<LineString>
			<tessellate>1</tessellate>
			<altitudeMode>absolute</altitudeMode>
			<coordinates>
				0,0,0 0,0,0 
			</coordinates>
		</LineString>
	</Placemark>
	<Placemark>
		<styleUrl>#style_10612</styleUrl>
		<LineString>
			<tessellate>1</tessellate>
			<altitudeMode>absolute</altitudeMode>
			<coordinates>
				0,0,0 0,0,0 
			</coordinates>
		</LineString>
	</Placemark>
	<Placemark>
		<styleUrl>#style_10613</styleUrl>
		<LineString>
			<tessellate>1</tessellate>
			<altitudeMode>absolute</altitudeMode>
			<coordinates>
				0,0,0 0,0,0 
			</coordinates>
		</LineString>
	</Placemark>
	<Placemark>
		<styleUrl>#style_10614</styleUrl>
		<LineString>
			<tessellate>1</tessellate>
			<altitudeMode>absolute</altitudeMode>
			<coordinates>
				0,0,0 0,0,0 
			</coordinates>
		</LineString>
	</Placemark>
	<Placemark>
		<styleUrl>#style_10615</styleUrl>
		<LineString>
			<tessellate>1</tessellate>
			<altitudeMode>absolute</altitudeMode>
			<coordinates>
				0,0,0 0,0,0 
			</coordinates>
		</LineString>
	</Placemark>
	<Placemark>
		<styleUrl>#style_10616</styleUrl>
		<LineString>
			<tessellate>1</tessellate>
			<altitudeMode>absolute</altitudeMode>
			<coordinates>
				0,0,0 0,0,0 
			</coordinates>
		</LineString>
	</Placemark>
	<Placemark>
		<styleUrl>#style_10617</styleUrl>
		<LineString>
			<tessellate>1</tessellate>
			<altitudeMode>absolute</altitudeMode>
			<coordinates>
				0,0,0 0,0,0 
			</coordinates>
		</LineString>
	</Placemark>
	<Placemark>
		<styleUrl>#style_10618</styleUrl>
		<LineString>
			<tessellate>1</tessellate>
			<altitudeMode>absolute</altitudeMode>
			<coordinates>
				0,0,0 0,0,0 
			</coordinates>
		</LineString>
	</Placemark>
	<Placemark>
		<styleUrl>#style_10619</styleUrl>
		<LineString>
			<tessellate>1</tessellate>
			<altitudeMode>absolute</altitudeMode>
			<coordinates>
				0,0,0 0,0,0 
			</coordinates>
		</LineString>
	</Placemark>
	<Placemark>
		<styleUrl>#style_10620</styleUrl>
		<LineString>
			<tessellate>1</tessellate>
			<altitudeMode>absolute</altitudeMode>
			<coordinates>
				0,0,0 0,0,0 
			</coordinates>
		</LineString>
	</Placemark>
	<Placemark>
		<styleUrl>#style_10621</styleUrl>
		<LineString>
			<tessellate>1</tessellate>
			<altitudeMode>absolute</altitudeMode>
			<coordinates>
				0,0,0 0,0,0 
			</coordinates>
		</LineString>
	</Placemark>
	<Placemark>
		<styleUrl>#style_10622</styleUrl>
		<LineString>
			<tessellate>1</tessellate>
			<altitudeMode>absolute</altitudeMode>
			<coordinates>
				0,0,0 0,0,0 
			</coordinates>
		</LineString>
	</Placemark>
	<Placemark>
		<styleUrl>#style_10623</styleUrl>
		<LineString>
			<tessellate>1</tessellate>
			<altitudeMode>absolute</altitudeMode>
			<coordinates>
				0,0,0 0,0,0 
			</coordinates>
		</LineString>
	</Placemark>
	<Placemark>
		<styleUrl>#style_10624</styleUrl>
		<LineString>
			<tessellate>1</tessellate>
			<altitudeMode>absolute</altitudeMode>
			<coordinates>
				0,0,0 0,0,0 
			</coordinates>
		</LineString>
	</Placemark>
	<Placemark>
		<styleUrl>#style_10625</styleUrl>
		<LineString>
			<tessellate>1</tessellate>
			<altitudeMode>absolute</altitudeMode>
			<coordinates>
				0,0,0 0,0,0 
			</coordinates>
		</LineString>
	</Placemark>
	<Placemark>
		<styleUrl>#style_10626</styleUrl>
		<LineString>
			<tessellate>1</tessellate>
			<altitudeMode>absolute</altitudeMode>
			<coordinates>
				0,0,0 0,0,0 
			</coordinates>
		</LineString>
	</Placemark>
	<Placemark>
		<styleUrl>#style_10627</styleUrl>
		<LineString>
			<tessellate>1</tessellate>
			<altitudeMode>absolute</altitudeMode>
			<coordinates>
				0,0,0 0,0,0 
			</coordinates>
		</LineString>
	</Placemark>
	<Placemark>
		<styleUrl>#style_10628</styleUrl>
		<LineString>
			<tessellate>1</tessellate>
			<altitudeMode>absolute</altitudeMode>
			<coordinates>
				0,0,0 0,0,0 
			</coordinates>
		</LineString>
	</Placemark>
	<Placemark>
		<styleUrl>#style_10629</styleUrl>
		<LineString>
			<tessellate>1</tessellate>
			<altitudeMode>absolute</altitudeMode>
			<coordinates>
				0,0,0 0,0,0 
			</coordinates>
		</LineString>
	</Placemark>
	<Placemark>
		<styleUrl>#style_10630</styleUrl>
		<LineString>
			<tessellate>1</tessellate>
			<altitudeMode>absolute</altitudeMode>
			<coordinates>
				0,0,0 0,0,0 
			</coordinates>
		</LineString>
	</Placemark>
	<Placemark>
		<styleUrl>#style_10631</styleUrl>
		<LineString>
			<tessellate>1</tessellate>
			<altitudeMode>absolute</altitudeMode>
			<coordinates>
				0,0,0 0,0,0 
			</coordinates>
		</LineString>
	</Placemark>
	<Placemark>
		<styleUrl>#style_10632</styleUrl>
		<LineString>
			<tessellate>1</tessellate>
			<altitudeMode>absolute</altitudeMode>
			<coordinates>
				0,0,0 0,0,0 
			</coordinates>
		</LineString>
	</Placemark>
	<Placemark>
		<styleUrl>#style_10633</styleUrl>
		<LineString>
			<tessellate>1</tessellate>
			<altitudeMode>absolute</altitudeMode>
			<coordinates>
				0,0,0 0,0,0 
			</coordinates>
		</LineString>
	</Placemark>
	<Placemark>
		<styleUrl>#style_10634</styleUrl>
		<LineString>
			<tessellate>1</tessellate>
			<altitudeMode>absolute</altitudeMode>
			<coordinates>
				0,0,0 0,0,0 
			</coordinates>
		</LineString>
	</Placemark>
	<Placemark>
		<styleUrl>#style_10635</styleUrl>
		<LineString>
			<tessellate>1</tessellate>
			<altitudeMode>absolute</altitudeMode>
			<coordinates>
				0,0,0 0,0,0 
			</coordinates>
		</LineString>
	</Placemark>
	<Placemark>
		<styleUrl>#style_10636</styleUrl>
		<LineString>
			<tessellate>1</tessellate>
			<altitudeMode>absolute</altitudeMode>
			<coordinates>
				0,0,0 0,0,0 
			</coordinates>
		</LineString>
	</Placemark>
	<Placemark>
		<styleUrl>#style_10637</styleUrl>
		<LineString>
			<tessellate>1</tessellate>
			<altitudeMode>absolute</altitudeMode>
			<coordinates>
				0,0,0 0,0,0 
			</coordinates>
		</LineString>
	</Placemark>
	<Placemark>
		<styleUrl>#style_10638</styleUrl>
		<LineString>
			<tessellate>1</tessellate>
			<altitudeMode>absolute</altitudeMode>
			<coordinates>
				0,0,0 0,0,0 
			</coordinates>
		</LineString>
	</Placemark>
	<Placemark>
		<styleUrl>#style_10639</styleUrl>
		<LineString>
			<tessellate>1</tessellate>
			<altitudeMode>absolute</altitudeMode>
			<coordinates>
				0,0,0 0,0,0 
			</coordinates>
		</LineString>
	</Placemark>
	<Placemark>
		<styleUrl>#style_10640</styleUrl>
		<LineString>
			<tessellate>1</tessellate>
			<altitudeMode>absolute</altitudeMode>
			<coordinates>
				0,0,0 0,0,0 
			</coordinates>
		</LineString>
	</Placemark>
	<Placemark>
		<styleUrl>#style_10641</styleUrl>
		<LineString>
			<tessellate>1</tessellate>
			<altitudeMode>absolute</altitudeMode>
			<coordinates>
				0,0,0 0,0,0 
			</coordinates>
		</LineString>
	</Placemark>
	<Placemark>
		<styleUrl>#style_10642</styleUrl>
		<LineString>
			<tessellate>1</tessellate>
			<altitudeMode>absolute</altitudeMode>
			<coordinates>
				0,0,0 0,0,0 
			</coordinates>
		</LineString>
	</Placemark>
	<Placemark>
		<styleUrl>#style_10643</styleUrl>
		<LineString>
			<tessellate>1</tessellate>
			<altitudeMode>absolute</altitudeMode>
			<coordinates>
				0,0,0 0,0,0 
			</coordinates>
		</LineString>
	</Placemark>
	<Placemark>
		<styleUrl>#style_10644</styleUrl>
		<LineString>
			<tessellate>1</tessellate>
			<altitudeMode>absolute</altitudeMode>
			<coordinates>
				0,0,0 0,0,0 
			</coordinates>
		</LineString>
	</Placemark>
	<Placemark>
		<styleUrl>#style_10645</styleUrl>
		<LineString>
			<tessellate>1</tessellate>
			<altitudeMode>absolute</altitudeMode>
			<coordinates>
				0,0,0 0,0,0 
			</coordinates>
		</LineString>
	</Placemark>
	<Placemark>
		<styleUrl>#style_10646</styleUrl>
		<LineString>
			<tessellate>1</tessellate>
			<altitudeMode>absolute</altitudeMode>
			<coordinates>
				0,0,0 0,0,0 
			</coordinates>
		</LineString>
	</Placemark>
	<Placemark>
		<styleUrl>#style_10647</styleUrl>
		<LineString>
			<tessellate>1</tessellate>
			<altitudeMode>absolute</altitudeMode>
			<coordinates>
				0,0,0 0,0,0 
			</coordinates>
		</LineString>
	</Placemark>
	<Placemark>
		<styleUrl>#style_10648</styleUrl>
		<LineString>
			<tessellate>1</tessellate>
			<altitudeMode>absolute</altitudeMode>
			<coordinates>
				0,0,0 0,0,0 
			</coordinates>
		</LineString>
	</Placemark>
	<Placemark>
		<styleUrl>#style_10649</styleUrl>
		<LineString>
			<tessellate>1</tessellate>
			<altitudeMode>absolute</altitudeMode>
			<coordinates>
				0,0,0 0,0,0 
			</coordinates>
		</LineString>
	</Placemark>
	<Placemark>
		<styleUrl>#style_10650</styleUrl>
		<LineString>
			<tessellate>1</tessellate>
			<altitudeMode>absolute</altitudeMode>
			<coordinates>
				0,0,0 0,0,0 
			</coordinates>
		</LineString>
	</Placemark>
	<Placemark>
		<styleUrl>#style_10651</styleUrl>
		<LineString>
			<tessellate>1</tessellate>
			<altitudeMode>absolute</altitudeMode>
			<coordinates>
				0,0,0 0,0,0 
			</coordinates>
		</LineString>
	</Placemark>
	<Placemark>
		<styleUrl>#style_10652</styleUrl>
		<LineString>
			<tessellate>1</tessellate>
			<altitudeMode>absolute</altitudeMode>
			<coordinates>
				0,0,0 0,0,0 
			</coordinates>
		</LineString>
	</Placemark>
	<Placemark>
		<styleUrl>#style_10653</styleUrl>
		<LineString>
			<tessellate>1</tessellate>
			<altitudeMode>absolute</altitudeMode>
			<coordinates>
				0,0,0 0,0,0 
			</coordinates>
		</LineString>
	</Placemark>
	<Placemark>
		<styleUrl>#style_10654</styleUrl>
		<LineString>
			<tessellate>1</tessellate>
			<altitudeMode>absolute</altitudeMode>
			<coordinates>
				0,0,0 0,0,0 
			</coordinates>
		</LineString>
	</Placemark>
	<Placemark>
		<styleUrl>#style_10655</styleUrl>
		<LineString>
			<tessellate>1</tessellate>
			<altitudeMode>absolute</altitudeMode>
			<coordinates>
				0,0,0 0,0,0 
			</coordinates>
		</LineString>
	</Placemark>
	<Placemark>
		<styleUrl>#style_10656</styleUrl>
		<LineString>
			<tessellate>1</tessellate>
			<altitudeMode>absolute</altitudeMode>
			<coordinates>
				0,0,0 0,0,0 
			</coordinates>
		</LineString>
	</Placemark>
	<Placemark>
		<styleUrl>#style_10657</styleUrl>
		<LineString>
			<tessellate>1</tessellate>
			<altitudeMode>absolute</altitudeMode>
			<coordinates>
				0,0,0 0,0,0 
			</coordinates>
		</LineString>
	</Placemark>
	<Placemark>
		<styleUrl>#style_10658</styleUrl>
		<LineString>
			<tessellate>1</tessellate>
			<altitudeMode>absolute</altitudeMode>
			<coordinates>
				0,0,0 0,0,0 
			</coordinates>
		</LineString>
	</Placemark>
	<Placemark>
		<styleUrl>#style_10659</styleUrl>
		<LineString>
			<tessellate>1</tessellate>
			<altitudeMode>absolute</altitudeMode>
			<coordinates>
				0,0,0 0,0,0 
			</coordinates>
		</LineString>
	</Placemark>
	<Placemark>
		<styleUrl>#style_10660</styleUrl>
		<LineString>
			<tessellate>1</tessellate>
			<altitudeMode>absolute</altitudeMode>
			<coordinates>
				0,0,0 0,0,0 
			</coordinates>
		</LineString>
	</Placemark>
	<Placemark>
		<styleUrl>#style_10661</styleUrl>
		<LineString>
			<tessellate>1</tessellate>
			<altitudeMode>absolute</altitudeMode>
			<coordinates>
				0,0,0 0,0,0 
			</coordinates>
		</LineString>
	</Placemark>
	<Placemark>
		<styleUrl>#style_10662</styleUrl>
		<LineString>
			<tessellate>1</tessellate>
			<altitudeMode>absolute</altitudeMode>
			<coordinates>
				0,0,0 0,0,0 
			</coordinates>
		</LineString>
	</Placemark>
	<Placemark>
		<styleUrl>#style_10663</styleUrl>
		<LineString>
			<tessellate>1</tessellate>
			<altitudeMode>absolute</altitudeMode>
			<coordinates>
				0,0,0 0,0,0 
			</coordinates>
		</LineString>
	</Placemark>
	<Placemark>
		<styleUrl>#style_10664</styleUrl>
		<LineString>
			<tessellate>1</tessellate>
			<altitudeMode>absolute</altitudeMode>
			<coordinates>
				0,0,0 0,0,0 
			</coordinates>
		</LineString>
	</Placemark>
	<Placemark>
		<styleUrl>#style_10665</styleUrl>
		<LineString>
			<tessellate>1</tessellate>
			<altitudeMode>absolute</altitudeMode>
			<coordinates>
				0,0,0 0,0,0 
			</coordinates>
		</LineString>
	</Placemark>
	<Placemark>
		<styleUrl>#style_10666</styleUrl>
		<LineString>
			<tessellate>1</tessellate>
			<altitudeMode>absolute</altitudeMode>
			<coordinates>
				0,0,0 0,0,0 
			</coordinates>
		</LineString>
	</Placemark>
	<Placemark>
		<styleUrl>#style_10667</styleUrl>
		<LineString>
			<tessellate>1</tessellate>
			<altitudeMode>absolute</altitudeMode>
			<coordinates>
				0,0,0 0,0,0 
			</coordinates>
		</LineString>
	</Placemark>
	<Placemark>
		<styleUrl>#style_10668</styleUrl>
		<LineString>
			<tessellate>1</tessellate>
			<altitudeMode>absolute</altitudeMode>
			<coordinates>
				0,0,0 0,0,0 
			</coordinates>
		</LineString>
	</Placemark>
	<Placemark>
		<styleUrl>#style_10669</styleUrl>
		<LineString>
			<tessellate>1</tessellate>
			<altitudeMode>absolute</altitudeMode>
			<coordinates>
				0,0,0 0,0,0 
			</coordinates>
		</LineString>
	</Placemark>
	<Placemark>
		<styleUrl>#style_10670</styleUrl>
		<LineString>
			<tessellate>1</tessellate>
			<altitudeMode>absolute</altitudeMode>
			<coordinates>
				0,0,0 0,0,0 
			</coordinates>
		</LineString>
	</Placemark>
	<Placemark>
		<styleUrl>#style_10671</styleUrl>
		<LineString>
			<tessellate>1</tessellate>
			<altitudeMode>absolute</altitudeMode>
			<coordinates>
				0,0,0 0,0,0 
			</coordinates>
		</LineString>
	</Placemark>
	<Placemark>
		<styleUrl>#style_10672</styleUrl>
		<LineString>
			<tessellate>1</tessellate>
			<altitudeMode>absolute</altitudeMode>
			<coordinates>
				0,0,0 0,0,0 
			</coordinates>
		</LineString>
	</Placemark>
	<Placemark>
		<styleUrl>#style_10673</styleUrl>
		<LineString>
			<tessellate>1</tessellate>
			<altitudeMode>absolute</altitudeMode>
			<coordinates>
				0,0,0 0,0,0 
			</coordinates>
		</LineString>
	</Placemark>
	<Placemark>
		<styleUrl>#style_10674</styleUrl>
		<LineString>
			<tessellate>1</tessellate>
			<altitudeMode>absolute</altitudeMode>
			<coordinates>
				0,0,0 0,0,0 
			</coordinates>
		</LineString>
	</Placemark>
	<Placemark>
		<styleUrl>#style_10675</styleUrl>
		<LineString>
			<tessellate>1</tessellate>
			<altitudeMode>absolute</altitudeMode>
			<coordinates>
				0,0,0 0,0,0 
			</coordinates>
		</LineString>
	</Placemark>
	<Placemark>
		<styleUrl>#style_10676</styleUrl>
		<LineString>
			<tessellate>1</tessellate>
			<altitudeMode>absolute</altitudeMode>
			<coordinates>
				0,0,0 0,0,0 
			</coordinates>
		</LineString>
	</Placemark>
	<Placemark>
		<styleUrl>#style_10677</styleUrl>
		<LineString>
			<tessellate>1</tessellate>
			<altitudeMode>absolute</altitudeMode>
			<coordinates>
				0,0,0 0,0,0 
			</coordinates>
		</LineString>
	</Placemark>
	<Placemark>
		<styleUrl>#style_10678</styleUrl>
		<LineString>
			<tessellate>1</tessellate>
			<altitudeMode>absolute</altitudeMode>
			<coordinates>
				0,0,0 0,0,0 
			</coordinates>
		</LineString>
	</Placemark>
	<Placemark>
		<styleUrl>#style_10679</styleUrl>
		<LineString>
			<tessellate>1</tessellate>
			<altitudeMode>absolute</altitudeMode>
			<coordinates>
				0,0,0 0,0,0 
			</coordinates>
		</LineString>
	</Placemark>
	<Placemark>
		<styleUrl>#style_10680</styleUrl>
		<LineString>
			<tessellate>1</tessellate>
			<altitudeMode>absolute</altitudeMode>
			<coordinates>
				0,0,0 0,0,0 
			</coordinates>
		</LineString>
	</Placemark>
	<Placemark>
		<styleUrl>#style_10681</styleUrl>
		<LineString>
			<tessellate>1</tessellate>
			<altitudeMode>absolute</altitudeMode>
			<coordinates>
				0,0,0 0,0,0 
			</coordinates>
		</LineString>
	</Placemark>
	<Placemark>
		<styleUrl>#style_10682</styleUrl>
		<LineString>
			<tessellate>1</tessellate>
			<altitudeMode>absolute</altitudeMode>
			<coordinates>
				0,0,0 0,0,0 
			</coordinates>
		</LineString>
	</Placemark>
	<Placemark>
		<styleUrl>#style_10683</styleUrl>
		<LineString>
			<tessellate>1</tessellate>
			<altitudeMode>absolute</altitudeMode>
			<coordinates>
				0,0,0 0,0,0 
			</coordinates>
		</LineString>
	</Placemark>
	<Placemark>
		<styleUrl>#style_10684</styleUrl>
		<LineString>
			<tessellate>1</tessellate>
			<altitudeMode>absolute</altitudeMode>
			<coordinates>
				0,0,0 0,0,0 
			</coordinates>
		</LineString>
	</Placemark>
	<Placemark>
		<styleUrl>#style_10685</styleUrl>
		<LineString>
			<tessellate>1</tessellate>
			<altitudeMode>absolute</altitudeMode>
			<coordinates>
				0,0,0 0,0,0 
			</coordinates>
		</LineString>
	</Placemark>
	<Placemark>
		<styleUrl>#style_10686</styleUrl>
		<LineString>
			<tessellate>1</tessellate>
			<altitudeMode>absolute</altitudeMode>
			<coordinates>
				0,0,0 0,0,0 
			</coordinates>
		</LineString>
	</Placemark>
	<Placemark>
		<styleUrl>#style_10687</styleUrl>
		<LineString>
			<tessellate>1</tessellate>
			<altitudeMode>absolute</altitudeMode>
			<coordinates>
				0,0,0 0,0,0 
			</coordinates>
		</LineString>
	</Placemark>
	<Placemark>
		<styleUrl>#style_10688</styleUrl>
		<LineString>
			<tessellate>1</tessellate>
			<altitudeMode>absolute</altitudeMode>
			<coordinates>
				0,0,0 0,0,0 
			</coordinates>
		</LineString>
	</Placemark>
	<Placemark>
		<styleUrl>#style_10689</styleUrl>
		<LineString>
			<tessellate>1</tessellate>
			<altitudeMode>absolute</altitudeMode>
			<coordinates>
				0,0,0 0,0,0 
			</coordinates>
		</LineString>
	</Placemark>
	<Placemark>
		<styleUrl>#style_10690</styleUrl>
		<LineString>
			<tessellate>1</tessellate>
			<altitudeMode>absolute</altitudeMode>
			<coordinates>
				0,0,0 0,0,0 
			</coordinates>
		</LineString>
	</Placemark>
	<Placemark>
		<styleUrl>#style_10691</styleUrl>
		<LineString>
			<tessellate>1</tessellate>
			<altitudeMode>absolute</altitudeMode>
			<coordinates>
				0,0,0 0,0,0 
			</coordinates>
		</LineString>
	</Placemark>
	<Placemark>
		<styleUrl>#style_10692</styleUrl>
		<LineString>
			<tessellate>1</tessellate>
			<altitudeMode>absolute</altitudeMode>
			<coordinates>
				0,0,0 0,0,0 
			</coordinates>
		</LineString>
	</Placemark>
	<Placemark>
		<styleUrl>#style_10693</styleUrl>
		<LineString>
			<tessellate>1</tessellate>
			<altitudeMode>absolute</altitudeMode>
			<coordinates>
				0,0,0 0,0,0 
			</coordinates>
		</LineString>
	</Placemark>
	<Placemark>
		<styleUrl>#style_10694</styleUrl>
		<LineString>
			<tessellate>1</tessellate>
			<altitudeMode>absolute</altitudeMode>
			<coordinates>
				0,0,0 0,0,0 
			</coordinates>
		</LineString>
	</Placemark>
	<Placemark>
		<styleUrl>#style_10695</styleUrl>
		<LineString>
			<tessellate>1</tessellate>
			<altitudeMode>absolute</altitudeMode>
			<coordinates>
				0,0,0 0,0,0 
			</coordinates>
		</LineString>
	</Placemark>
	<Placemark>
		<styleUrl>#style_10696</styleUrl>
		<LineString>
			<tessellate>1</tessellate>
			<altitudeMode>absolute</altitudeMode>
			<coordinates>
				0,0,0 0,0,0 
			</coordinates>
		</LineString>
	</Placemark>
	<Placemark>
		<styleUrl>#style_10697</styleUrl>
		<LineString>
			<tessellate>1</tessellate>
			<altitudeMode>absolute</altitudeMode>
			<coordinates>
				0,0,0 0,0,0 
			</coordinates>
		</LineString>
	</Placemark>
	<Placemark>
		<styleUrl>#style_10698</styleUrl>
		<LineString>
			<tessellate>1</tessellate>
			<altitudeMode>absolute</altitudeMode>
			<coordinates>
				0,0,0 0,0,0 
			</coordinates>
		</LineString>
	</Placemark>
	<Placemark>
		<styleUrl>#style_10699</styleUrl>
		<LineString>
			<tessellate>1</tessellate>
			<altitudeMode>absolute</altitudeMode>
			<coordinates>
				0,0,0 0,0,0 
			</coordinates>
		</LineString>
	</Placemark>
	<Placemark>
		<styleUrl>#style_10700</styleUrl>
		<LineString>
			<tessellate>1</tessellate>
			<altitudeMode>absolute</altitudeMode>
			<coordinates>
				0,0,0 0,0,0 
			</coordinates>
		</LineString>
	</Placemark>
	<Placemark>
		<styleUrl>#style_10701</styleUrl>
		<LineString>
			<tessellate>1</tessellate>
			<altitudeMode>absolute</altitudeMode>
			<coordinates>
				0,0,0 0,0,0 
			</coordinates>
		</LineString>
	</Placemark>
	<Placemark>
		<styleUrl>#style_10702</styleUrl>
		<LineString>
			<tessellate>1</tessellate>
			<altitudeMode>absolute</altitudeMode>
			<coordinates>
				0,0,0 0,0,0 
			</coordinates>
		</LineString>
	</Placemark>
	<Placemark>
		<styleUrl>#style_10703</styleUrl>
		<LineString>
			<tessellate>1</tessellate>
			<altitudeMode>absolute</altitudeMode>
			<coordinates>
				0,0,0 0,0,0 
			</coordinates>
		</LineString>
	</Placemark>
	<Placemark>
		<styleUrl>#style_10704</styleUrl>
		<LineString>
			<tessellate>1</tessellate>
			<altitudeMode>absolute</altitudeMode>
			<coordinates>
				0,0,0 0,0,0 
			</coordinates>
		</LineString>
	</Placemark>
	<Placemark>
		<styleUrl>#style_10705</styleUrl>
		<LineString>
			<tessellate>1</tessellate>
			<altitudeMode>absolute</altitudeMode>
			<coordinates>
				0,0,0 0,0,0 
			</coordinates>
		</LineString>
	</Placemark>
	<Placemark>
		<styleUrl>#style_10706</styleUrl>
		<LineString>
			<tessellate>1</tessellate>
			<altitudeMode>absolute</altitudeMode>
			<coordinates>
				0,0,0 0,0,0 
			</coordinates>
		</LineString>
	</Placemark>
	<Placemark>
		<styleUrl>#style_10707</styleUrl>
		<LineString>
			<tessellate>1</tessellate>
			<altitudeMode>absolute</altitudeMode>
			<coordinates>
				0,0,0 0,0,0 
			</coordinates>
		</LineString>
	</Placemark>
	<Placemark>
		<styleUrl>#style_10708</styleUrl>
		<LineString>
			<tessellate>1</tessellate>
			<altitudeMode>absolute</altitudeMode>
			<coordinates>
				0,0,0 0,0,0 
			</coordinates>
		</LineString>
	</Placemark>
	<Placemark>
		<styleUrl>#style_10709</styleUrl>
		<LineString>
			<tessellate>1</tessellate>
			<altitudeMode>absolute</altitudeMode>
			<coordinates>
				0,0,0 0,0,0 
			</coordinates>
		</LineString>
	</Placemark>
	<Placemark>
		<styleUrl>#style_10710</styleUrl>
		<LineString>
			<tessellate>1</tessellate>
			<altitudeMode>absolute</altitudeMode>
			<coordinates>
				0,0,0 0,0,0 
			</coordinates>
		</LineString>
	</Placemark>
	<Placemark>
		<styleUrl>#style_10711</styleUrl>
		<LineString>
			<tessellate>1</tessellate>
			<altitudeMode>absolute</altitudeMode>
			<coordinates>
				0,0,0 0,0,0 
			</coordinates>
		</LineString>
	</Placemark>
	<Placemark>
		<styleUrl>#style_10712</styleUrl>
		<LineString>
			<tessellate>1</tessellate>
			<altitudeMode>absolute</altitudeMode>
			<coordinates>
				0,0,0 0,0,0 
			</coordinates>
		</LineString>
	</Placemark>
	<Placemark>
		<styleUrl>#style_10713</styleUrl>
		<LineString>
			<tessellate>1</tessellate>
			<altitudeMode>absolute</altitudeMode>
			<coordinates>
				0,0,0 0,0,0 
			</coordinates>
		</LineString>
	</Placemark>
	<Placemark>
		<styleUrl>#style_10714</styleUrl>
		<LineString>
			<tessellate>1</tessellate>
			<altitudeMode>absolute</altitudeMode>
			<coordinates>
				0,0,0 0,0,0 
			</coordinates>
		</LineString>
	</Placemark>
	<Placemark>
		<styleUrl>#style_10715</styleUrl>
		<LineString>
			<tessellate>1</tessellate>
			<altitudeMode>absolute</altitudeMode>
			<coordinates>
				0,0,0 0,0,0 
			</coordinates>
		</LineString>
	</Placemark>
	<Placemark>
		<styleUrl>#style_10716</styleUrl>
		<LineString>
			<tessellate>1</tessellate>
			<altitudeMode>absolute</altitudeMode>
			<coordinates>
				0,0,0 0,0,0 
			</coordinates>
		</LineString>
	</Placemark>
	<Placemark>
		<styleUrl>#style_10717</styleUrl>
		<LineString>
			<tessellate>1</tessellate>
			<altitudeMode>absolute</altitudeMode>
			<coordinates>
				0,0,0 0,0,0 
			</coordinates>
		</LineString>
	</Placemark>
	<Placemark>
		<styleUrl>#style_10718</styleUrl>
		<LineString>
			<tessellate>1</tessellate>
			<altitudeMode>absolute</altitudeMode>
			<coordinates>
				0,0,0 0,0,0 
			</coordinates>
		</LineString>
	</Placemark>
	<Placemark>
		<styleUrl>#style_10719</styleUrl>
		<LineString>
			<tessellate>1</tessellate>
			<altitudeMode>absolute</altitudeMode>
			<coordinates>
				0,0,0 0,0,0 
			</coordinates>
		</LineString>
	</Placemark>
	<Placemark>
		<styleUrl>#style_10720</styleUrl>
		<LineString>
			<tessellate>1</tessellate>
			<altitudeMode>absolute</altitudeMode>
			<coordinates>
				0,0,0 0,0,0 
			</coordinates>
		</LineString>
	</Placemark>
	<Placemark>
		<styleUrl>#style_10721</styleUrl>
		<LineString>
			<tessellate>1</tessellate>
			<altitudeMode>absolute</altitudeMode>
			<coordinates>
				0,0,0 0,0,0 
			</coordinates>
		</LineString>
	</Placemark>
	<Placemark>
		<styleUrl>#style_10722</styleUrl>
		<LineString>
			<tessellate>1</tessellate>
			<altitudeMode>absolute</altitudeMode>
			<coordinates>
				0,0,0 0,0,0 
			</coordinates>
		</LineString>
	</Placemark>
	<Placemark>
		<styleUrl>#style_10723</styleUrl>
		<LineString>
			<tessellate>1</tessellate>
			<altitudeMode>absolute</altitudeMode>
			<coordinates>
				0,0,0 0,0,0 
			</coordinates>
		</LineString>
	</Placemark>
	<Placemark>
		<styleUrl>#style_10724</styleUrl>
		<LineString>
			<tessellate>1</tessellate>
			<altitudeMode>absolute</altitudeMode>
			<coordinates>
				0,0,0 0,0,0 
			</coordinates>
		</LineString>
	</Placemark>
	<Placemark>
		<styleUrl>#style_10725</styleUrl>
		<LineString>
			<tessellate>1</tessellate>
			<altitudeMode>absolute</altitudeMode>
			<coordinates>
				0,0,0 0,0,0 
			</coordinates>
		</LineString>
	</Placemark>
	<Placemark>
		<styleUrl>#style_10726</styleUrl>
		<LineString>
			<tessellate>1</tessellate>
			<altitudeMode>absolute</altitudeMode>
			<coordinates>
				0,0,0 0,0,0 
			</coordinates>
		</LineString>
	</Placemark>
	<Placemark>
		<styleUrl>#style_10727</styleUrl>
		<LineString>
			<tessellate>1</tessellate>
			<altitudeMode>absolute</altitudeMode>
			<coordinates>
				0,0,0 0,0,0 
			</coordinates>
		</LineString>
	</Placemark>
	<Placemark>
		<styleUrl>#style_10728</styleUrl>
		<LineString>
			<tessellate>1</tessellate>
			<altitudeMode>absolute</altitudeMode>
			<coordinates>
				0,0,0 0,0,0 
			</coordinates>
		</LineString>
	</Placemark>
	<Placemark>
		<styleUrl>#style_10729</styleUrl>
		<LineString>
			<tessellate>1</tessellate>
			<altitudeMode>absolute</altitudeMode>
			<coordinates>
				0,0,0 0,0,0 
			</coordinates>
		</LineString>
	</Placemark>
	<Placemark>
		<styleUrl>#style_10730</styleUrl>
		<LineString>
			<tessellate>1</tessellate>
			<altitudeMode>absolute</altitudeMode>
			<coordinates>
				0,0,0 0,0,0 
			</coordinates>
		</LineString>
	</Placemark>
	<Placemark>
		<styleUrl>#style_10731</styleUrl>
		<LineString>
			<tessellate>1</tessellate>
			<altitudeMode>absolute</altitudeMode>
			<coordinates>
				0,0,0 0,0,0 
			</coordinates>
		</LineString>
	</Placemark>
	<Placemark>
		<styleUrl>#style_10732</styleUrl>
		<LineString>
			<tessellate>1</tessellate>
			<altitudeMode>absolute</altitudeMode>
			<coordinates>
				0,0,0 0,0,0 
			</coordinates>
		</LineString>
	</Placemark>
	<Placemark>
		<styleUrl>#style_10733</styleUrl>
		<LineString>
			<tessellate>1</tessellate>
			<altitudeMode>absolute</altitudeMode>
			<coordinates>
				0,0,0 0,0,0 
			</coordinates>
		</LineString>
	</Placemark>
	<Placemark>
		<styleUrl>#style_10734</styleUrl>
		<LineString>
			<tessellate>1</tessellate>
			<altitudeMode>absolute</altitudeMode>
			<coordinates>
				0,0,0 0,0,0 
			</coordinates>
		</LineString>
	</Placemark>
	<Placemark>
		<styleUrl>#style_10735</styleUrl>
		<LineString>
			<tessellate>1</tessellate>
			<altitudeMode>absolute</altitudeMode>
			<coordinates>
				0,0,0 0,0,0 
			</coordinates>
		</LineString>
	</Placemark>
	<Placemark>
		<styleUrl>#style_10736</styleUrl>
		<LineString>
			<tessellate>1</tessellate>
			<altitudeMode>absolute</altitudeMode>
			<coordinates>
				0,0,0 0,0,0 
			</coordinates>
		</LineString>
	</Placemark>
	<Placemark>
		<styleUrl>#style_10737</styleUrl>
		<LineString>
			<tessellate>1</tessellate>
			<altitudeMode>absolute</altitudeMode>
			<coordinates>
				0,0,0 0,0,0 
			</coordinates>
		</LineString>
	</Placemark>
	<Placemark>
		<styleUrl>#style_10738</styleUrl>
		<LineString>
			<tessellate>1</tessellate>
			<altitudeMode>absolute</altitudeMode>
			<coordinates>
				0,0,0 0,0,0 
			</coordinates>
		</LineString>
	</Placemark>
	<Placemark>
		<styleUrl>#style_10739</styleUrl>
		<LineString>
			<tessellate>1</tessellate>
			<altitudeMode>absolute</altitudeMode>
			<coordinates>
				0,0,0 0,0,0 
			</coordinates>
		</LineString>
	</Placemark>
	<Placemark>
		<styleUrl>#style_10740</styleUrl>
		<LineString>
			<tessellate>1</tessellate>
			<altitudeMode>absolute</altitudeMode>
			<coordinates>
				0,0,0 0,0,0 
			</coordinates>
		</LineString>
	</Placemark>
	<Placemark>
		<styleUrl>#style_10741</styleUrl>
		<LineString>
			<tessellate>1</tessellate>
			<altitudeMode>absolute</altitudeMode>
			<coordinates>
				0,0,0 0,0,0 
			</coordinates>
		</LineString>
	</Placemark>
	<Placemark>
		<styleUrl>#style_10742</styleUrl>
		<LineString>
			<tessellate>1</tessellate>
			<altitudeMode>absolute</altitudeMode>
			<coordinates>
				0,0,0 0,0,0 
			</coordinates>
		</LineString>
	</Placemark>
	<Placemark>
		<styleUrl>#style_10743</styleUrl>
		<LineString>
			<tessellate>1</tessellate>
			<altitudeMode>absolute</altitudeMode>
			<coordinates>
				0,0,0 0,0,0 
			</coordinates>
		</LineString>
	</Placemark>
	<Placemark>
		<styleUrl>#style_10744</styleUrl>
		<LineString>
			<tessellate>1</tessellate>
			<altitudeMode>absolute</altitudeMode>
			<coordinates>
				0,0,0 0,0,0 
			</coordinates>
		</LineString>
	</Placemark>
	<Placemark>
		<styleUrl>#style_10745</styleUrl>
		<LineString>
			<tessellate>1</tessellate>
			<altitudeMode>absolute</altitudeMode>
			<coordinates>
				0,0,0 0,0,0 
			</coordinates>
		</LineString>
	</Placemark>
	<Placemark>
		<styleUrl>#style_10746</styleUrl>
		<LineString>
			<tessellate>1</tessellate>
			<altitudeMode>absolute</altitudeMode>
			<coordinates>
				0,0,0 0,0,0 
			</coordinates>
		</LineString>
	</Placemark>
	<Placemark>
		<styleUrl>#style_10747</styleUrl>
		<LineString>
			<tessellate>1</tessellate>
			<altitudeMode>absolute</altitudeMode>
			<coordinates>
				0,0,0 0,0,0 
			</coordinates>
		</LineString>
	</Placemark>
	<Placemark>
		<styleUrl>#style_10748</styleUrl>
		<LineString>
			<tessellate>1</tessellate>
			<altitudeMode>absolute</altitudeMode>
			<coordinates>
				0,0,0 0,0,0 
			</coordinates>
		</LineString>
	</Placemark>
	<Placemark>
		<styleUrl>#style_10749</styleUrl>
		<LineString>
			<tessellate>1</tessellate>
			<altitudeMode>absolute</altitudeMode>
			<coordinates>
				0,0,0 0,0,0 
			</coordinates>
		</LineString>
	</Placemark>
	<Placemark>
		<styleUrl>#style_10750</styleUrl>
		<LineString>
			<tessellate>1</tessellate>
			<altitudeMode>absolute</altitudeMode>
			<coordinates>
				0,0,0 0,0,0 
			</coordinates>
		</LineString>
	</Placemark>
	<Placemark>
		<styleUrl>#style_10751</styleUrl>
		<LineString>
			<tessellate>1</tessellate>
			<altitudeMode>absolute</altitudeMode>
			<coordinates>
				0,0,0 0,0,0 
			</coordinates>
		</LineString>
	</Placemark>
	<Placemark>
		<styleUrl>#style_10752</styleUrl>
		<LineString>
			<tessellate>1</tessellate>
			<altitudeMode>absolute</altitudeMode>
			<coordinates>
				0,0,0 0,0,0 
			</coordinates>
		</LineString>
	</Placemark>
	<Placemark>
		<styleUrl>#style_10753</styleUrl>
		<LineString>
			<tessellate>1</tessellate>
			<altitudeMode>absolute</altitudeMode>
			<coordinates>
				0,0,0 0,0,0 
			</coordinates>
		</LineString>
	</Placemark>
	<Placemark>
		<styleUrl>#style_10754</styleUrl>
		<LineString>
			<tessellate>1</tessellate>
			<altitudeMode>absolute</altitudeMode>
			<coordinates>
				0,0,0 0,0,0 
			</coordinates>
		</LineString>
	</Placemark>
	<Placemark>
		<styleUrl>#style_10755</styleUrl>
		<LineString>
			<tessellate>1</tessellate>
			<altitudeMode>absolute</altitudeMode>
			<coordinates>
				0,0,0 0,0,0 
			</coordinates>
		</LineString>
	</Placemark>
	<Placemark>
		<styleUrl>#style_10756</styleUrl>
		<LineString>
			<tessellate>1</tessellate>
			<altitudeMode>absolute</altitudeMode>
			<coordinates>
				0,0,0 0,0,0 
			</coordinates>
		</LineString>
	</Placemark>
	<Placemark>
		<styleUrl>#style_10757</styleUrl>
		<LineString>
			<tessellate>1</tessellate>
			<altitudeMode>absolute</altitudeMode>
			<coordinates>
				0,0,0 0,0,0 
			</coordinates>
		</LineString>
	</Placemark>
	<Placemark>
		<styleUrl>#style_10758</styleUrl>
		<LineString>
			<tessellate>1</tessellate>
			<altitudeMode>absolute</altitudeMode>
			<coordinates>
				0,0,0 0,0,0 
			</coordinates>
		</LineString>
	</Placemark>
	<Placemark>
		<styleUrl>#style_10759</styleUrl>
		<LineString>
			<tessellate>1</tessellate>
			<altitudeMode>absolute</altitudeMode>
			<coordinates>
				0,0,0 0,0,0 
			</coordinates>
		</LineString>
	</Placemark>
	<Placemark>
		<styleUrl>#style_10760</styleUrl>
		<LineString>
			<tessellate>1</tessellate>
			<altitudeMode>absolute</altitudeMode>
			<coordinates>
				0,0,0 0,0,0 
			</coordinates>
		</LineString>
	</Placemark>
	<Placemark>
		<styleUrl>#style_10761</styleUrl>
		<LineString>
			<tessellate>1</tessellate>
			<altitudeMode>absolute</altitudeMode>
			<coordinates>
				0,0,0 0,0,0 
			</coordinates>
		</LineString>
	</Placemark>
	<Placemark>
		<styleUrl>#style_10762</styleUrl>
		<LineString>
			<tessellate>1</tessellate>
			<altitudeMode>absolute</altitudeMode>
			<coordinates>
				0,0,0 0,0,0 
			</coordinates>
		</LineString>
	</Placemark>
	<Placemark>
		<styleUrl>#style_10763</styleUrl>
		<LineString>
			<tessellate>1</tessellate>
			<altitudeMode>absolute</altitudeMode>
			<coordinates>
				0,0,0 0,0,0 
			</coordinates>
		</LineString>
	</Placemark>
	<Placemark>
		<styleUrl>#style_10764</styleUrl>
		<LineString>
			<tessellate>1</tessellate>
			<altitudeMode>absolute</altitudeMode>
			<coordinates>
				0,0,0 0,0,0 
			</coordinates>
		</LineString>
	</Placemark>
	<Placemark>
		<styleUrl>#style_10765</styleUrl>
		<LineString>
			<tessellate>1</tessellate>
			<altitudeMode>absolute</altitudeMode>
			<coordinates>
				0,0,0 0,0,0 
			</coordinates>
		</LineString>
	</Placemark>
	<Placemark>
		<styleUrl>#style_10766</styleUrl>
		<LineString>
			<tessellate>1</tessellate>
			<altitudeMode>absolute</altitudeMode>
			<coordinates>
				0,0,0 0,0,0 
			</coordinates>
		</LineString>
	</Placemark>
	<Placemark>
		<styleUrl>#style_10767</styleUrl>
		<LineString>
			<tessellate>1</tessellate>
			<altitudeMode>absolute</altitudeMode>
			<coordinates>
				0,0,0 0,0,0 
			</coordinates>
		</LineString>
	</Placemark>
	<Placemark>
		<styleUrl>#style_10768</styleUrl>
		<LineString>
			<tessellate>1</tessellate>
			<altitudeMode>absolute</altitudeMode>
			<coordinates>
				0,0,0 0,0,0 
			</coordinates>
		</LineString>
	</Placemark>
	<Placemark>
		<styleUrl>#style_10769</styleUrl>
		<LineString>
			<tessellate>1</tessellate>
			<altitudeMode>absolute</altitudeMode>
			<coordinates>
				0,0,0 0,0,0 
			</coordinates>
		</LineString>
	</Placemark>
	<Placemark>
		<styleUrl>#style_10770</styleUrl>
		<LineString>
			<tessellate>1</tessellate>
			<altitudeMode>absolute</altitudeMode>
			<coordinates>
				0,0,0 0,0,0 
			</coordinates>
		</LineString>
	</Placemark>
	<Placemark>
		<styleUrl>#style_10771</styleUrl>
		<LineString>
			<tessellate>1</tessellate>
			<altitudeMode>absolute</altitudeMode>
			<coordinates>
				0,0,0 0,0,0 
			</coordinates>
		</LineString>
	</Placemark>
	<Placemark>
		<styleUrl>#style_10772</styleUrl>
		<LineString>
			<tessellate>1</tessellate>
			<altitudeMode>absolute</altitudeMode>
			<coordinates>
				0,0,0 0,0,0 
			</coordinates>
		</LineString>
	</Placemark>
	<Placemark>
		<styleUrl>#style_10773</styleUrl>
		<LineString>
			<tessellate>1</tessellate>
			<altitudeMode>absolute</altitudeMode>
			<coordinates>
				0,0,0 0,0,0 
			</coordinates>
		</LineString>
	</Placemark>
	<Placemark>
		<styleUrl>#style_10774</styleUrl>
		<LineString>
			<tessellate>1</tessellate>
			<altitudeMode>absolute</altitudeMode>
			<coordinates>
				0,0,0 0,0,0 
			</coordinates>
		</LineString>
	</Placemark>
	<Placemark>
		<styleUrl>#style_10775</styleUrl>
		<LineString>
			<tessellate>1</tessellate>
			<altitudeMode>absolute</altitudeMode>
			<coordinates>
				0,0,0 0,0,0 
			</coordinates>
		</LineString>
	</Placemark>
	<Placemark>
		<styleUrl>#style_10776</styleUrl>
		<LineString>
			<tessellate>1</tessellate>
			<altitudeMode>absolute</altitudeMode>
			<coordinates>
				0,0,0 0,0,0 
			</coordinates>
		</LineString>
	</Placemark>
	<Placemark>
		<styleUrl>#style_10777</styleUrl>
		<LineString>
			<tessellate>1</tessellate>
			<altitudeMode>absolute</altitudeMode>
			<coordinates>
				0,0,0 0,0,0 
			</coordinates>
		</LineString>
	</Placemark>
	<Placemark>
		<styleUrl>#style_10778</styleUrl>
		<LineString>
			<tessellate>1</tessellate>
			<altitudeMode>absolute</altitudeMode>
			<coordinates>
				0,0,0 0,0,0 
			</coordinates>
		</LineString>
	</Placemark>
	<Placemark>
		<styleUrl>#style_10779</styleUrl>
		<LineString>
			<tessellate>1</tessellate>
			<altitudeMode>absolute</altitudeMode>
			<coordinates>
				0,0,0 0,0,0 
			</coordinates>
		</LineString>
	</Placemark>
	<Placemark>
		<styleUrl>#style_10780</styleUrl>
		<LineString>
			<tessellate>1</tessellate>
			<altitudeMode>absolute</altitudeMode>
			<coordinates>
				0,0,0 0,0,0 
			</coordinates>
		</LineString>
	</Placemark>
	<Placemark>
		<styleUrl>#style_10781</styleUrl>
		<LineString>
			<tessellate>1</tessellate>
			<altitudeMode>absolute</altitudeMode>
			<coordinates>
				0,0,0 0,0,0 
			</coordinates>
		</LineString>
	</Placemark>
	<Placemark>
		<styleUrl>#style_10782</styleUrl>
		<LineString>
			<tessellate>1</tessellate>
			<altitudeMode>absolute</altitudeMode>
			<coordinates>
				0,0,0 0,0,0 
			</coordinates>
		</LineString>
	</Placemark>
	<Placemark>
		<styleUrl>#style_10783</styleUrl>
		<LineString>
			<tessellate>1</tessellate>
			<altitudeMode>absolute</altitudeMode>
			<coordinates>
				0,0,0 0,0,0 
			</coordinates>
		</LineString>
	</Placemark>
	<Placemark>
		<styleUrl>#style_10784</styleUrl>
		<LineString>
			<tessellate>1</tessellate>
			<altitudeMode>absolute</altitudeMode>
			<coordinates>
				0,0,0 0,0,0 
			</coordinates>
		</LineString>
	</Placemark>
	<Placemark>
		<styleUrl>#style_10785</styleUrl>
		<LineString>
			<tessellate>1</tessellate>
			<altitudeMode>absolute</altitudeMode>
			<coordinates>
				0,0,0 0,0,0 
			</coordinates>
		</LineString>
	</Placemark>
	<Placemark>
		<styleUrl>#style_10786</styleUrl>
		<LineString>
			<tessellate>1</tessellate>
			<altitudeMode>absolute</altitudeMode>
			<coordinates>
				0,0,0 0,0,0 
			</coordinates>
		</LineString>
	</Placemark>
	<Placemark>
		<styleUrl>#style_10787</styleUrl>
		<LineString>
			<tessellate>1</tessellate>
			<altitudeMode>absolute</altitudeMode>
			<coordinates>
				0,0,0 0,0,0 
			</coordinates>
		</LineString>
	</Placemark>
	<Placemark>
		<styleUrl>#style_10788</styleUrl>
		<LineString>
			<tessellate>1</tessellate>
			<altitudeMode>absolute</altitudeMode>
			<coordinates>
				0,0,0 0,0,0 
			</coordinates>
		</LineString>
	</Placemark>
	<Placemark>
		<styleUrl>#style_10789</styleUrl>
		<LineString>
			<tessellate>1</tessellate>
			<altitudeMode>absolute</altitudeMode>
			<coordinates>
				0,0,0 0,0,0 
			</coordinates>
		</LineString>
	</Placemark>
	<Placemark>
		<styleUrl>#style_10790</styleUrl>
		<LineString>
			<tessellate>1</tessellate>
			<altitudeMode>absolute</altitudeMode>
			<coordinates>
				0,0,0 0,0,0 
			</coordinates>
		</LineString>
	</Placemark>
	<Placemark>
		<styleUrl>#style_10791</styleUrl>
		<LineString>
			<tessellate>1</tessellate>
			<altitudeMode>absolute</altitudeMode>
			<coordinates>
				0,0,0 0,0,0 
			</coordinates>
		</LineString>
	</Placemark>
	<Placemark>
		<styleUrl>#style_10792</styleUrl>
		<LineString>
			<tessellate>1</tessellate>
			<altitudeMode>absolute</altitudeMode>
			<coordinates>
				0,0,0 0,0,0 
			</coordinates>
		</LineString>
	</Placemark>
	<Placemark>
		<styleUrl>#style_10793</styleUrl>
		<LineString>
			<tessellate>1</tessellate>
			<altitudeMode>absolute</altitudeMode>
			<coordinates>
				0,0,0 0,0,0 
			</coordinates>
		</LineString>
	</Placemark>
	<Placemark>
		<styleUrl>#style_10794</styleUrl>
		<LineString>
			<tessellate>1</tessellate>
			<altitudeMode>absolute</altitudeMode>
			<coordinates>
				0,0,0 0,0,0 
			</coordinates>
		</LineString>
	</Placemark>
	<Placemark>
		<styleUrl>#style_10795</styleUrl>
		<LineString>
			<tessellate>1</tessellate>
			<altitudeMode>absolute</altitudeMode>
			<coordinates>
				0,0,0 0,0,0 
			</coordinates>
		</LineString>
	</Placemark>
	<Placemark>
		<styleUrl>#style_10796</styleUrl>
		<LineString>
			<tessellate>1</tessellate>
			<altitudeMode>absolute</altitudeMode>
			<coordinates>
				0,0,0 0,0,0 
			</coordinates>
		</LineString>
	</Placemark>
	<Placemark>
		<styleUrl>#style_10797</styleUrl>
		<LineString>
			<tessellate>1</tessellate>
			<altitudeMode>absolute</altitudeMode>
			<coordinates>
				0,0,0 0,0,0 
			</coordinates>
		</LineString>
	</Placemark>
	<Placemark>
		<styleUrl>#style_10798</styleUrl>
		<LineString>
			<tessellate>1</tessellate>
			<altitudeMode>absolute</altitudeMode>
			<coordinates>
				0,0,0 0,0,0 
			</coordinates>
		</LineString>
	</Placemark>
	<Placemark>
		<styleUrl>#style_10799</styleUrl>
		<LineString>
			<tessellate>1</tessellate>
			<altitudeMode>absolute</altitudeMode>
			<coordinates>
				0,0,0 0,0,0 
			</coordinates>
		</LineString>
	</Placemark>
	<Placemark>
		<styleUrl>#style_10800</styleUrl>
		<LineString>
			<tessellate>1</tessellate>
			<altitudeMode>absolute</altitudeMode>
			<coordinates>
				0,0,0 0,0,0 
			</coordinates>
		</LineString>
	</Placemark>
	<Placemark>
		<styleUrl>#style_10801</styleUrl>
		<LineString>
			<tessellate>1</tessellate>
			<altitudeMode>absolute</altitudeMode>
			<coordinates>
				0,0,0 0,0,0 
			</coordinates>
		</LineString>
	</Placemark>
	<Placemark>
		<styleUrl>#style_10802</styleUrl>
		<LineString>
			<tessellate>1</tessellate>
			<altitudeMode>absolute</altitudeMode>
			<coordinates>
				0,0,0 0,0,0 
			</coordinates>
		</LineString>
	</Placemark>
	<Placemark>
		<styleUrl>#style_10803</styleUrl>
		<LineString>
			<tessellate>1</tessellate>
			<altitudeMode>absolute</altitudeMode>
			<coordinates>
				0,0,0 0,0,0 
			</coordinates>
		</LineString>
	</Placemark>
	<Placemark>
		<styleUrl>#style_10804</styleUrl>
		<LineString>
			<tessellate>1</tessellate>
			<altitudeMode>absolute</altitudeMode>
			<coordinates>
				0,0,0 0,0,0 
			</coordinates>
		</LineString>
	</Placemark>
	<Placemark>
		<styleUrl>#style_10805</styleUrl>
		<LineString>
			<tessellate>1</tessellate>
			<altitudeMode>absolute</altitudeMode>
			<coordinates>
				0,0,0 0,0,0 
			</coordinates>
		</LineString>
	</Placemark>
	<Placemark>
		<styleUrl>#style_10806</styleUrl>
		<LineString>
			<tessellate>1</tessellate>
			<altitudeMode>absolute</altitudeMode>
			<coordinates>
				0,0,0 0,0,0 
			</coordinates>
		</LineString>
	</Placemark>
	<Placemark>
		<styleUrl>#style_10807</styleUrl>
		<LineString>
			<tessellate>1</tessellate>
			<altitudeMode>absolute</altitudeMode>
			<coordinates>
				0,0,0 0,0,0 
			</coordinates>
		</LineString>
	</Placemark>
	<Placemark>
		<styleUrl>#style_10808</styleUrl>
		<LineString>
			<tessellate>1</tessellate>
			<altitudeMode>absolute</altitudeMode>
			<coordinates>
				0,0,0 0,0,0 
			</coordinates>
		</LineString>
	</Placemark>
	<Placemark>
		<styleUrl>#style_10809</styleUrl>
		<LineString>
			<tessellate>1</tessellate>
			<altitudeMode>absolute</altitudeMode>
			<coordinates>
				0,0,0 0,0,0 
			</coordinates>
		</LineString>
	</Placemark>
	<Placemark>
		<styleUrl>#style_10810</styleUrl>
		<LineString>
			<tessellate>1</tessellate>
			<altitudeMode>absolute</altitudeMode>
			<coordinates>
				0,0,0 0,0,0 
			</coordinates>
		</LineString>
	</Placemark>
	<Placemark>
		<styleUrl>#style_10811</styleUrl>
		<LineString>
			<tessellate>1</tessellate>
			<altitudeMode>absolute</altitudeMode>
			<coordinates>
				0,0,0 0,0,0 
			</coordinates>
		</LineString>
	</Placemark>
	<Placemark>
		<styleUrl>#style_10812</styleUrl>
		<LineString>
			<tessellate>1</tessellate>
			<altitudeMode>absolute</altitudeMode>
			<coordinates>
				0,0,0 0,0,0 
			</coordinates>
		</LineString>
	</Placemark>
	<Placemark>
		<styleUrl>#style_10813</styleUrl>
		<LineString>
			<tessellate>1</tessellate>
			<altitudeMode>absolute</altitudeMode>
			<coordinates>
				0,0,0 0,0,0 
			</coordinates>
		</LineString>
	</Placemark>
	<Placemark>
		<styleUrl>#style_10814</styleUrl>
		<LineString>
			<tessellate>1</tessellate>
			<altitudeMode>absolute</altitudeMode>
			<coordinates>
				0,0,0 0,0,0 
			</coordinates>
		</LineString>
	</Placemark>
	<Placemark>
		<styleUrl>#style_10815</styleUrl>
		<LineString>
			<tessellate>1</tessellate>
			<altitudeMode>absolute</altitudeMode>
			<coordinates>
				0,0,0 0,0,0 
			</coordinates>
		</LineString>
	</Placemark>
	<Placemark>
		<styleUrl>#style_10816</styleUrl>
		<LineString>
			<tessellate>1</tessellate>
			<altitudeMode>absolute</altitudeMode>
			<coordinates>
				0,0,0 0,0,0 
			</coordinates>
		</LineString>
	</Placemark>
	<Placemark>
		<styleUrl>#style_10817</styleUrl>
		<LineString>
			<tessellate>1</tessellate>
			<altitudeMode>absolute</altitudeMode>
			<coordinates>
				0,0,0 0,0,0 
			</coordinates>
		</LineString>
	</Placemark>
	<Placemark>
		<styleUrl>#style_10818</styleUrl>
		<LineString>
			<tessellate>1</tessellate>
			<altitudeMode>absolute</altitudeMode>
			<coordinates>
				0,0,0 0,0,0 
			</coordinates>
		</LineString>
	</Placemark>
	<Placemark>
		<styleUrl>#style_10819</styleUrl>
		<LineString>
			<tessellate>1</tessellate>
			<altitudeMode>absolute</altitudeMode>
			<coordinates>
				0,0,0 0,0,0 
			</coordinates>
		</LineString>
	</Placemark>
	<Placemark>
		<styleUrl>#style_10820</styleUrl>
		<LineString>
			<tessellate>1</tessellate>
			<altitudeMode>absolute</altitudeMode>
			<coordinates>
				0,0,0 0,0,0 
			</coordinates>
		</LineString>
	</Placemark>
	<Placemark>
		<styleUrl>#style_10821</styleUrl>
		<LineString>
			<tessellate>1</tessellate>
			<altitudeMode>absolute</altitudeMode>
			<coordinates>
				0,0,0 0,0,0 
			</coordinates>
		</LineString>
	</Placemark>
	<Placemark>
		<styleUrl>#style_10822</styleUrl>
		<LineString>
			<tessellate>1</tessellate>
			<altitudeMode>absolute</altitudeMode>
			<coordinates>
				0,0,0 0,0,0 
			</coordinates>
		</LineString>
	</Placemark>
	<Placemark>
		<styleUrl>#style_10823</styleUrl>
		<LineString>
			<tessellate>1</tessellate>
			<altitudeMode>absolute</altitudeMode>
			<coordinates>
				0,0,0 0,0,0 
			</coordinates>
		</LineString>
	</Placemark>
	<Placemark>
		<styleUrl>#style_10824</styleUrl>
		<LineString>
			<tessellate>1</tessellate>
			<altitudeMode>absolute</altitudeMode>
			<coordinates>
				0,0,0 0,0,0 
			</coordinates>
		</LineString>
	</Placemark>
	<Placemark>
		<styleUrl>#style_10825</styleUrl>
		<LineString>
			<tessellate>1</tessellate>
			<altitudeMode>absolute</altitudeMode>
			<coordinates>
				0,0,0 0,0,0 
			</coordinates>
		</LineString>
	</Placemark>
	<Placemark>
		<styleUrl>#style_10826</styleUrl>
		<LineString>
			<tessellate>1</tessellate>
			<altitudeMode>absolute</altitudeMode>
			<coordinates>
				0,0,0 0,0,0 
			</coordinates>
		</LineString>
	</Placemark>
	<Placemark>
		<styleUrl>#style_10827</styleUrl>
		<LineString>
			<tessellate>1</tessellate>
			<altitudeMode>absolute</altitudeMode>
			<coordinates>
				0,0,0 0,0,0 
			</coordinates>
		</LineString>
	</Placemark>
	<Placemark>
		<styleUrl>#style_10828</styleUrl>
		<LineString>
			<tessellate>1</tessellate>
			<altitudeMode>absolute</altitudeMode>
			<coordinates>
				0,0,0 0,0,0 
			</coordinates>
		</LineString>
	</Placemark>
	<Placemark>
		<styleUrl>#style_10829</styleUrl>
		<LineString>
			<tessellate>1</tessellate>
			<altitudeMode>absolute</altitudeMode>
			<coordinates>
				0,0,0 0,0,0 
			</coordinates>
		</LineString>
	</Placemark>
	<Placemark>
		<styleUrl>#style_10830</styleUrl>
		<LineString>
			<tessellate>1</tessellate>
			<altitudeMode>absolute</altitudeMode>
			<coordinates>
				0,0,0 0,0,0 
			</coordinates>
		</LineString>
	</Placemark>
	<Placemark>
		<styleUrl>#style_10831</styleUrl>
		<LineString>
			<tessellate>1</tessellate>
			<altitudeMode>absolute</altitudeMode>
			<coordinates>
				0,0,0 0,0,0 
			</coordinates>
		</LineString>
	</Placemark>
	<Placemark>
		<styleUrl>#style_10832</styleUrl>
		<LineString>
			<tessellate>1</tessellate>
			<altitudeMode>absolute</altitudeMode>
			<coordinates>
				0,0,0 0,0,0 
			</coordinates>
		</LineString>
	</Placemark>
	<Placemark>
		<styleUrl>#style_10833</styleUrl>
		<LineString>
			<tessellate>1</tessellate>
			<altitudeMode>absolute</altitudeMode>
			<coordinates>
				0,0,0 0,0,0 
			</coordinates>
		</LineString>
	</Placemark>
	<Placemark>
		<styleUrl>#style_10834</styleUrl>
		<LineString>
			<tessellate>1</tessellate>
			<altitudeMode>absolute</altitudeMode>
			<coordinates>
				0,0,0 0,0,0 
			</coordinates>
		</LineString>
	</Placemark>
	<Placemark>
		<styleUrl>#style_10835</styleUrl>
		<LineString>
			<tessellate>1</tessellate>
			<altitudeMode>absolute</altitudeMode>
			<coordinates>
				0,0,0 0,0,0 
			</coordinates>
		</LineString>
	</Placemark>
	<Placemark>
		<styleUrl>#style_10836</styleUrl>
		<LineString>
			<tessellate>1</tessellate>
			<altitudeMode>absolute</altitudeMode>
			<coordinates>
				0,0,0 0,0,0 
			</coordinates>
		</LineString>
	</Placemark>
	<Placemark>
		<styleUrl>#style_10837</styleUrl>
		<LineString>
			<tessellate>1</tessellate>
			<altitudeMode>absolute</altitudeMode>
			<coordinates>
				0,0,0 0,0,0 
			</coordinates>
		</LineString>
	</Placemark>
	<Placemark>
		<styleUrl>#style_10838</styleUrl>
		<LineString>
			<tessellate>1</tessellate>
			<altitudeMode>absolute</altitudeMode>
			<coordinates>
				0,0,0 0,0,0 
			</coordinates>
		</LineString>
	</Placemark>
	<Placemark>
		<styleUrl>#style_10839</styleUrl>
		<LineString>
			<tessellate>1</tessellate>
			<altitudeMode>absolute</altitudeMode>
			<coordinates>
				0,0,0 0,0,0 
			</coordinates>
		</LineString>
	</Placemark>
	<Placemark>
		<styleUrl>#style_10840</styleUrl>
		<LineString>
			<tessellate>1</tessellate>
			<altitudeMode>absolute</altitudeMode>
			<coordinates>
				0,0,0 0,0,0 
			</coordinates>
		</LineString>
	</Placemark>
	<Placemark>
		<styleUrl>#style_10841</styleUrl>
		<LineString>
			<tessellate>1</tessellate>
			<altitudeMode>absolute</altitudeMode>
			<coordinates>
				0,0,0 0,0,0 
			</coordinates>
		</LineString>
	</Placemark>
	<Placemark>
		<styleUrl>#style_10842</styleUrl>
		<LineString>
			<tessellate>1</tessellate>
			<altitudeMode>absolute</altitudeMode>
			<coordinates>
				0,0,0 0,0,0 
			</coordinates>
		</LineString>
	</Placemark>
	<Placemark>
		<styleUrl>#style_10843</styleUrl>
		<LineString>
			<tessellate>1</tessellate>
			<altitudeMode>absolute</altitudeMode>
			<coordinates>
				0,0,0 0,0,0 
			</coordinates>
		</LineString>
	</Placemark>
	<Placemark>
		<styleUrl>#style_10844</styleUrl>
		<LineString>
			<tessellate>1</tessellate>
			<altitudeMode>absolute</altitudeMode>
			<coordinates>
				0,0,0 0,0,0 
			</coordinates>
		</LineString>
	</Placemark>
	<Placemark>
		<styleUrl>#style_10845</styleUrl>
		<LineString>
			<tessellate>1</tessellate>
			<altitudeMode>absolute</altitudeMode>
			<coordinates>
				0,0,0 0,0,0 
			</coordinates>
		</LineString>
	</Placemark>
	<Placemark>
		<styleUrl>#style_10846</styleUrl>
		<LineString>
			<tessellate>1</tessellate>
			<altitudeMode>absolute</altitudeMode>
			<coordinates>
				0,0,0 0,0,0 
			</coordinates>
		</LineString>
	</Placemark>
	<Placemark>
		<styleUrl>#style_10847</styleUrl>
		<LineString>
			<tessellate>1</tessellate>
			<altitudeMode>absolute</altitudeMode>
			<coordinates>
				0,0,0 0,0,0 
			</coordinates>
		</LineString>
	</Placemark>
	<Placemark>
		<styleUrl>#style_10848</styleUrl>
		<LineString>
			<tessellate>1</tessellate>
			<altitudeMode>absolute</altitudeMode>
			<coordinates>
				0,0,0 0,0,0 
			</coordinates>
		</LineString>
	</Placemark>
	<Placemark>
		<styleUrl>#style_10849</styleUrl>
		<LineString>
			<tessellate>1</tessellate>
			<altitudeMode>absolute</altitudeMode>
			<coordinates>
				0,0,0 0,0,0 
			</coordinates>
		</LineString>
	</Placemark>
	<Placemark>
		<styleUrl>#style_10850</styleUrl>
		<LineString>
			<tessellate>1</tessellate>
			<altitudeMode>absolute</altitudeMode>
			<coordinates>
				0,0,0 0,0,0 
			</coordinates>
		</LineString>
	</Placemark>
	<Placemark>
		<styleUrl>#style_10851</styleUrl>
		<LineString>
			<tessellate>1</tessellate>
			<altitudeMode>absolute</altitudeMode>
			<coordinates>
				0,0,0 0,0,0 
			</coordinates>
		</LineString>
	</Placemark>
	<Placemark>
		<styleUrl>#style_10852</styleUrl>
		<LineString>
			<tessellate>1</tessellate>
			<altitudeMode>absolute</altitudeMode>
			<coordinates>
				0,0,0 0,0,0 
			</coordinates>
		</LineString>
	</Placemark>
	<Placemark>
		<styleUrl>#style_10853</styleUrl>
		<LineString>
			<tessellate>1</tessellate>
			<altitudeMode>absolute</altitudeMode>
			<coordinates>
				0,0,0 0,0,0 
			</coordinates>
		</LineString>
	</Placemark>
	<Placemark>
		<styleUrl>#style_10854</styleUrl>
		<LineString>
			<tessellate>1</tessellate>
			<altitudeMode>absolute</altitudeMode>
			<coordinates>
				0,0,0 0,0,0 
			</coordinates>
		</LineString>
	</Placemark>
	<Placemark>
		<styleUrl>#style_10855</styleUrl>
		<LineString>
			<tessellate>1</tessellate>
			<altitudeMode>absolute</altitudeMode>
			<coordinates>
				0,0,0 0,0,0 
			</coordinates>
		</LineString>
	</Placemark>
	<Placemark>
		<styleUrl>#style_10856</styleUrl>
		<LineString>
			<tessellate>1</tessellate>
			<altitudeMode>absolute</altitudeMode>
			<coordinates>
				0,0,0 0,0,0 
			</coordinates>
		</LineString>
	</Placemark>
	<Placemark>
		<styleUrl>#style_10857</styleUrl>
		<LineString>
			<tessellate>1</tessellate>
			<altitudeMode>absolute</altitudeMode>
			<coordinates>
				0,0,0 0,0,0 
			</coordinates>
		</LineString>
	</Placemark>
	<Placemark>
		<styleUrl>#style_10858</styleUrl>
		<LineString>
			<tessellate>1</tessellate>
			<altitudeMode>absolute</altitudeMode>
			<coordinates>
				0,0,0 0,0,0 
			</coordinates>
		</LineString>
	</Placemark>
	<Placemark>
		<styleUrl>#style_10859</styleUrl>
		<LineString>
			<tessellate>1</tessellate>
			<altitudeMode>absolute</altitudeMode>
			<coordinates>
				0,0,0 0,0,0 
			</coordinates>
		</LineString>
	</Placemark>
	<Placemark>
		<styleUrl>#style_10860</styleUrl>
		<LineString>
			<tessellate>1</tessellate>
			<altitudeMode>absolute</altitudeMode>
			<coordinates>
				0,0,0 0,0,0 
			</coordinates>
		</LineString>
	</Placemark>
	<Placemark>
		<styleUrl>#style_10861</styleUrl>
		<LineString>
			<tessellate>1</tessellate>
			<altitudeMode>absolute</altitudeMode>
			<coordinates>
				0,0,0 0,0,0 
			</coordinates>
		</LineString>
	</Placemark>
	<Placemark>
		<styleUrl>#style_10862</styleUrl>
		<LineString>
			<tessellate>1</tessellate>
			<altitudeMode>absolute</altitudeMode>
			<coordinates>
				0,0,0 0,0,0 
			</coordinates>
		</LineString>
	</Placemark>
	<Placemark>
		<styleUrl>#style_10863</styleUrl>
		<LineString>
			<tessellate>1</tessellate>
			<altitudeMode>absolute</altitudeMode>
			<coordinates>
				0,0,0 0,0,0 
			</coordinates>
		</LineString>
	</Placemark>
	<Placemark>
		<styleUrl>#style_10864</styleUrl>
		<LineString>
			<tessellate>1</tessellate>
			<altitudeMode>absolute</altitudeMode>
			<coordinates>
				0,0,0 0,0,0 
			</coordinates>
		</LineString>
	</Placemark>
	<Placemark>
		<styleUrl>#style_10865</styleUrl>
		<LineString>
			<tessellate>1</tessellate>
			<altitudeMode>absolute</altitudeMode>
			<coordinates>
				0,0,0 0,0,0 
			</coordinates>
		</LineString>
	</Placemark>
	<Placemark>
		<styleUrl>#style_10866</styleUrl>
		<LineString>
			<tessellate>1</tessellate>
			<altitudeMode>absolute</altitudeMode>
			<coordinates>
				0,0,0 0,0,0 
			</coordinates>
		</LineString>
	</Placemark>
	<Placemark>
		<styleUrl>#style_10867</styleUrl>
		<LineString>
			<tessellate>1</tessellate>
			<altitudeMode>absolute</altitudeMode>
			<coordinates>
				0,0,0 0,0,0 
			</coordinates>
		</LineString>
	</Placemark>
	<Placemark>
		<styleUrl>#style_10868</styleUrl>
		<LineString>
			<tessellate>1</tessellate>
			<altitudeMode>absolute</altitudeMode>
			<coordinates>
				0,0,0 0,0,0 
			</coordinates>
		</LineString>
	</Placemark>
	<Placemark>
		<styleUrl>#style_10869</styleUrl>
		<LineString>
			<tessellate>1</tessellate>
			<altitudeMode>absolute</altitudeMode>
			<coordinates>
				0,0,0 0,0,0 
			</coordinates>
		</LineString>
	</Placemark>
	<Placemark>
		<styleUrl>#style_10870</styleUrl>
		<LineString>
			<tessellate>1</tessellate>
			<altitudeMode>absolute</altitudeMode>
			<coordinates>
				0,0,0 0,0,0 
			</coordinates>
		</LineString>
	</Placemark>
	<Placemark>
		<styleUrl>#style_10871</styleUrl>
		<LineString>
			<tessellate>1</tessellate>
			<altitudeMode>absolute</altitudeMode>
			<coordinates>
				0,0,0 0,0,0 
			</coordinates>
		</LineString>
	</Placemark>
	<Placemark>
		<styleUrl>#style_10872</styleUrl>
		<LineString>
			<tessellate>1</tessellate>
			<altitudeMode>absolute</altitudeMode>
			<coordinates>
				0,0,0 0,0,0 
			</coordinates>
		</LineString>
	</Placemark>
	<Placemark>
		<styleUrl>#style_10873</styleUrl>
		<LineString>
			<tessellate>1</tessellate>
			<altitudeMode>absolute</altitudeMode>
			<coordinates>
				0,0,0 0,0,0 
			</coordinates>
		</LineString>
	</Placemark>
	<Placemark>
		<styleUrl>#style_10874</styleUrl>
		<LineString>
			<tessellate>1</tessellate>
			<altitudeMode>absolute</altitudeMode>
			<coordinates>
				0,0,0 0,0,0 
			</coordinates>
		</LineString>
	</Placemark>
	<Placemark>
		<styleUrl>#style_10875</styleUrl>
		<LineString>
			<tessellate>1</tessellate>
			<altitudeMode>absolute</altitudeMode>
			<coordinates>
				0,0,0 0,0,0 
			</coordinates>
		</LineString>
	</Placemark>
	<Placemark>
		<styleUrl>#style_10876</styleUrl>
		<LineString>
			<tessellate>1</tessellate>
			<altitudeMode>absolute</altitudeMode>
			<coordinates>
				0,0,0 0,0,0 
			</coordinates>
		</LineString>
	</Placemark>
	<Placemark>
		<styleUrl>#style_10877</styleUrl>
		<LineString>
			<tessellate>1</tessellate>
			<altitudeMode>absolute</altitudeMode>
			<coordinates>
				0,0,0 0,0,0 
			</coordinates>
		</LineString>
	</Placemark>
	<Placemark>
		<styleUrl>#style_10878</styleUrl>
		<LineString>
			<tessellate>1</tessellate>
			<altitudeMode>absolute</altitudeMode>
			<coordinates>
				0,0,0 0,0,0 
			</coordinates>
		</LineString>
	</Placemark>
	<Placemark>
		<styleUrl>#style_10879</styleUrl>
		<LineString>
			<tessellate>1</tessellate>
			<altitudeMode>absolute</altitudeMode>
			<coordinates>
				0,0,0 0,0,0 
			</coordinates>
		</LineString>
	</Placemark>
	<Placemark>
		<styleUrl>#style_10880</styleUrl>
		<LineString>
			<tessellate>1</tessellate>
			<altitudeMode>absolute</altitudeMode>
			<coordinates>
				0,0,0 0,0,0 
			</coordinates>
		</LineString>
	</Placemark>
	<Placemark>
		<styleUrl>#style_10881</styleUrl>
		<LineString>
			<tessellate>1</tessellate>
			<altitudeMode>absolute</altitudeMode>
			<coordinates>
				0,0,0 0,0,0 
			</coordinates>
		</LineString>
	</Placemark>
	<Placemark>
		<styleUrl>#style_10882</styleUrl>
		<LineString>
			<tessellate>1</tessellate>
			<altitudeMode>absolute</altitudeMode>
			<coordinates>
				0,0,0 0,0,0 
			</coordinates>
		</LineString>
	</Placemark>
	<Placemark>
		<styleUrl>#style_10883</styleUrl>
		<LineString>
			<tessellate>1</tessellate>
			<altitudeMode>absolute</altitudeMode>
			<coordinates>
				0,0,0 0,0,0 
			</coordinates>
		</LineString>
	</Placemark>
	<Placemark>
		<styleUrl>#style_10884</styleUrl>
		<LineString>
			<tessellate>1</tessellate>
			<altitudeMode>absolute</altitudeMode>
			<coordinates>
				0,0,0 0,0,0 
			</coordinates>
		</LineString>
	</Placemark>
	<Placemark>
		<styleUrl>#style_10885</styleUrl>
		<LineString>
			<tessellate>1</tessellate>
			<altitudeMode>absolute</altitudeMode>
			<coordinates>
				0,0,0 0,0,0 
			</coordinates>
		</LineString>
	</Placemark>
	<Placemark>
		<styleUrl>#style_10886</styleUrl>
		<LineString>
			<tessellate>1</tessellate>
			<altitudeMode>absolute</altitudeMode>
			<coordinates>
				0,0,0 0,0,0 
			</coordinates>
		</LineString>
	</Placemark>
	<Placemark>
		<styleUrl>#style_10887</styleUrl>
		<LineString>
			<tessellate>1</tessellate>
			<altitudeMode>absolute</altitudeMode>
			<coordinates>
				0,0,0 0,0,0 
			</coordinates>
		</LineString>
	</Placemark>
	<Placemark>
		<styleUrl>#style_10888</styleUrl>
		<LineString>
			<tessellate>1</tessellate>
			<altitudeMode>absolute</altitudeMode>
			<coordinates>
				0,0,0 0,0,0 
			</coordinates>
		</LineString>
	</Placemark>
	<Placemark>
		<styleUrl>#style_10889</styleUrl>
		<LineString>
			<tessellate>1</tessellate>
			<altitudeMode>absolute</altitudeMode>
			<coordinates>
				0,0,0 0,0,0 
			</coordinates>
		</LineString>
	</Placemark>
	<Placemark>
		<styleUrl>#style_10890</styleUrl>
		<LineString>
			<tessellate>1</tessellate>
			<altitudeMode>absolute</altitudeMode>
			<coordinates>
				0,0,0 0,0,0 
			</coordinates>
		</LineString>
	</Placemark>
	<Placemark>
		<styleUrl>#style_10891</styleUrl>
		<LineString>
			<tessellate>1</tessellate>
			<altitudeMode>absolute</altitudeMode>
			<coordinates>
				0,0,0 0,0,0 
			</coordinates>
		</LineString>
	</Placemark>
	<Placemark>
		<styleUrl>#style_10892</styleUrl>
		<LineString>
			<tessellate>1</tessellate>
			<altitudeMode>absolute</altitudeMode>
			<coordinates>
				0,0,0 0,0,0 
			</coordinates>
		</LineString>
	</Placemark>
	<Placemark>
		<styleUrl>#style_10893</styleUrl>
		<LineString>
			<tessellate>1</tessellate>
			<altitudeMode>absolute</altitudeMode>
			<coordinates>
				0,0,0 0,0,0 
			</coordinates>
		</LineString>
	</Placemark>
	<Placemark>
		<styleUrl>#style_10894</styleUrl>
		<LineString>
			<tessellate>1</tessellate>
			<altitudeMode>absolute</altitudeMode>
			<coordinates>
				0,0,0 0,0,0 
			</coordinates>
		</LineString>
	</Placemark>
	<Placemark>
		<styleUrl>#style_10895</styleUrl>
		<LineString>
			<tessellate>1</tessellate>
			<altitudeMode>absolute</altitudeMode>
			<coordinates>
				0,0,0 0,0,0 
			</coordinates>
		</LineString>
	</Placemark>
	<Placemark>
		<styleUrl>#style_10896</styleUrl>
		<LineString>
			<tessellate>1</tessellate>
			<altitudeMode>absolute</altitudeMode>
			<coordinates>
				0,0,0 0,0,0 
			</coordinates>
		</LineString>
	</Placemark>
	<Placemark>
		<styleUrl>#style_10897</styleUrl>
		<LineString>
			<tessellate>1</tessellate>
			<altitudeMode>absolute</altitudeMode>
			<coordinates>
				0,0,0 0,0,0 
			</coordinates>
		</LineString>
	</Placemark>
	<Placemark>
		<styleUrl>#style_10898</styleUrl>
		<LineString>
			<tessellate>1</tessellate>
			<altitudeMode>absolute</altitudeMode>
			<coordinates>
				0,0,0 0,0,0 
			</coordinates>
		</LineString>
	</Placemark>
	<Placemark>
		<styleUrl>#style_10899</styleUrl>
		<LineString>
			<tessellate>1</tessellate>
			<altitudeMode>absolute</altitudeMode>
			<coordinates>
				0,0,0 0,0,0 
			</coordinates>
		</LineString>
	</Placemark>
	<Placemark>
		<styleUrl>#style_10900</styleUrl>
		<LineString>
			<tessellate>1</tessellate>
			<altitudeMode>absolute</altitudeMode>
			<coordinates>
				0,0,0 0,0,0 
			</coordinates>
		</LineString>
	</Placemark>
	<Placemark>
		<styleUrl>#style_10901</styleUrl>
		<LineString>
			<tessellate>1</tessellate>
			<altitudeMode>absolute</altitudeMode>
			<coordinates>
				0,0,0 0,0,0 
			</coordinates>
		</LineString>
	</Placemark>
	<Placemark>
		<styleUrl>#style_10902</styleUrl>
		<LineString>
			<tessellate>1</tessellate>
			<altitudeMode>absolute</altitudeMode>
			<coordinates>
				0,0,0 0,0,0 
			</coordinates>
		</LineString>
	</Placemark>
	<Placemark>
		<styleUrl>#style_10903</styleUrl>
		<LineString>
			<tessellate>1</tessellate>
			<altitudeMode>absolute</altitudeMode>
			<coordinates>
				0,0,0 0,0,0 
			</coordinates>
		</LineString>
	</Placemark>
	<Placemark>
		<styleUrl>#style_10904</styleUrl>
		<LineString>
			<tessellate>1</tessellate>
			<altitudeMode>absolute</altitudeMode>
			<coordinates>
				0,0,0 0,0,0 
			</coordinates>
		</LineString>
	</Placemark>
	<Placemark>
		<styleUrl>#style_10905</styleUrl>
		<LineString>
			<tessellate>1</tessellate>
			<altitudeMode>absolute</altitudeMode>
			<coordinates>
				0,0,0 0,0,0 
			</coordinates>
		</LineString>
	</Placemark>
	<Placemark>
		<styleUrl>#style_10906</styleUrl>
		<LineString>
			<tessellate>1</tessellate>
			<altitudeMode>absolute</altitudeMode>
			<coordinates>
				0,0,0 0,0,0 
			</coordinates>
		</LineString>
	</Placemark>
	<Placemark>
		<styleUrl>#style_10907</styleUrl>
		<LineString>
			<tessellate>1</tessellate>
			<altitudeMode>absolute</altitudeMode>
			<coordinates>
				0,0,0 0,0,0 
			</coordinates>
		</LineString>
	</Placemark>
	<Placemark>
		<styleUrl>#style_10908</styleUrl>
		<LineString>
			<tessellate>1</tessellate>
			<altitudeMode>absolute</altitudeMode>
			<coordinates>
				0,0,0 0,0,0 
			</coordinates>
		</LineString>
	</Placemark>
	<Placemark>
		<styleUrl>#style_10909</styleUrl>
		<LineString>
			<tessellate>1</tessellate>
			<altitudeMode>absolute</altitudeMode>
			<coordinates>
				0,0,0 0,0,0 
			</coordinates>
		</LineString>
	</Placemark>
	<Placemark>
		<styleUrl>#style_10910</styleUrl>
		<LineString>
			<tessellate>1</tessellate>
			<altitudeMode>absolute</altitudeMode>
			<coordinates>
				0,0,0 0,0,0 
			</coordinates>
		</LineString>
	</Placemark>
	<Placemark>
		<styleUrl>#style_10911</styleUrl>
		<LineString>
			<tessellate>1</tessellate>
			<altitudeMode>absolute</altitudeMode>
			<coordinates>
				0,0,0 0,0,0 
			</coordinates>
		</LineString>
	</Placemark>
	<Placemark>
		<styleUrl>#style_10912</styleUrl>
		<LineString>
			<tessellate>1</tessellate>
			<altitudeMode>absolute</altitudeMode>
			<coordinates>
				0,0,0 0,0,0 
			</coordinates>
		</LineString>
	</Placemark>
	<Placemark>
		<styleUrl>#style_10913</styleUrl>
		<LineString>
			<tessellate>1</tessellate>
			<altitudeMode>absolute</altitudeMode>
			<coordinates>
				0,0,0 0,0,0 
			</coordinates>
		</LineString>
	</Placemark>
	<Placemark>
		<styleUrl>#style_10914</styleUrl>
		<LineString>
			<tessellate>1</tessellate>
			<altitudeMode>absolute</altitudeMode>
			<coordinates>
				0,0,0 0,0,0 
			</coordinates>
		</LineString>
	</Placemark>
	<Placemark>
		<styleUrl>#style_10915</styleUrl>
		<LineString>
			<tessellate>1</tessellate>
			<altitudeMode>absolute</altitudeMode>
			<coordinates>
				0,0,0 0,0,0 
			</coordinates>
		</LineString>
	</Placemark>
	<Placemark>
		<styleUrl>#style_10916</styleUrl>
		<LineString>
			<tessellate>1</tessellate>
			<altitudeMode>absolute</altitudeMode>
			<coordinates>
				0,0,0 0,0,0 
			</coordinates>
		</LineString>
	</Placemark>
	<Placemark>
		<styleUrl>#style_10917</styleUrl>
		<LineString>
			<tessellate>1</tessellate>
			<altitudeMode>absolute</altitudeMode>
			<coordinates>
				0,0,0 0,0,0 
			</coordinates>
		</LineString>
	</Placemark>
	<Placemark>
		<styleUrl>#style_10918</styleUrl>
		<LineString>
			<tessellate>1</tessellate>
			<altitudeMode>absolute</altitudeMode>
			<coordinates>
				0,0,0 0,0,0 
			</coordinates>
		</LineString>
	</Placemark>
	<Placemark>
		<styleUrl>#style_10919</styleUrl>
		<LineString>
			<tessellate>1</tessellate>
			<altitudeMode>absolute</altitudeMode>
			<coordinates>
				0,0,0 0,0,0 
			</coordinates>
		</LineString>
	</Placemark>
	<Placemark>
		<styleUrl>#style_10920</styleUrl>
		<LineString>
			<tessellate>1</tessellate>
			<altitudeMode>absolute</altitudeMode>
			<coordinates>
				0,0,0 0,0,0 
			</coordinates>
		</LineString>
	</Placemark>
	<Placemark>
		<styleUrl>#style_10921</styleUrl>
		<LineString>
			<tessellate>1</tessellate>
			<altitudeMode>absolute</altitudeMode>
			<coordinates>
				0,0,0 0,0,0 
			</coordinates>
		</LineString>
	</Placemark>
	<Placemark>
		<styleUrl>#style_10922</styleUrl>
		<LineString>
			<tessellate>1</tessellate>
			<altitudeMode>absolute</altitudeMode>
			<coordinates>
				0,0,0 0,0,0 
			</coordinates>
		</LineString>
	</Placemark>
	<Placemark>
		<styleUrl>#style_10923</styleUrl>
		<LineString>
			<tessellate>1</tessellate>
			<altitudeMode>absolute</altitudeMode>
			<coordinates>
				0,0,0 0,0,0 
			</coordinates>
		</LineString>
	</Placemark>
	<Placemark>
		<styleUrl>#style_10924</styleUrl>
		<LineString>
			<tessellate>1</tessellate>
			<altitudeMode>absolute</altitudeMode>
			<coordinates>
				0,0,0 0,0,0 
			</coordinates>
		</LineString>
	</Placemark>
	<Placemark>
		<styleUrl>#style_10925</styleUrl>
		<LineString>
			<tessellate>1</tessellate>
			<altitudeMode>absolute</altitudeMode>
			<coordinates>
				0,0,0 0,0,0 
			</coordinates>
		</LineString>
	</Placemark>
	<Placemark>
		<styleUrl>#style_10926</styleUrl>
		<LineString>
			<tessellate>1</tessellate>
			<altitudeMode>absolute</altitudeMode>
			<coordinates>
				0,0,0 0,0,0 
			</coordinates>
		</LineString>
	</Placemark>
	<Placemark>
		<styleUrl>#style_10927</styleUrl>
		<LineString>
			<tessellate>1</tessellate>
			<altitudeMode>absolute</altitudeMode>
			<coordinates>
				0,0,0 0,0,0 
			</coordinates>
		</LineString>
	</Placemark>
	<Placemark>
		<styleUrl>#style_10928</styleUrl>
		<LineString>
			<tessellate>1</tessellate>
			<altitudeMode>absolute</altitudeMode>
			<coordinates>
				0,0,0 0,0,0 
			</coordinates>
		</LineString>
	</Placemark>
	<Placemark>
		<styleUrl>#style_10929</styleUrl>
		<LineString>
			<tessellate>1</tessellate>
			<altitudeMode>absolute</altitudeMode>
			<coordinates>
				0,0,0 0,0,0 
			</coordinates>
		</LineString>
	</Placemark>
	<Placemark>
		<styleUrl>#style_10930</styleUrl>
		<LineString>
			<tessellate>1</tessellate>
			<altitudeMode>absolute</altitudeMode>
			<coordinates>
				0,0,0 0,0,0 
			</coordinates>
		</LineString>
	</Placemark>
	<Placemark>
		<styleUrl>#style_10931</styleUrl>
		<LineString>
			<tessellate>1</tessellate>
			<altitudeMode>absolute</altitudeMode>
			<coordinates>
				0,0,0 0,0,0 
			</coordinates>
		</LineString>
	</Placemark>
	<Placemark>
		<styleUrl>#style_10932</styleUrl>
		<LineString>
			<tessellate>1</tessellate>
			<altitudeMode>absolute</altitudeMode>
			<coordinates>
				0,0,0 0,0,0 
			</coordinates>
		</LineString>
	</Placemark>
	<Placemark>
		<styleUrl>#style_10933</styleUrl>
		<LineString>
			<tessellate>1</tessellate>
			<altitudeMode>absolute</altitudeMode>
			<coordinates>
				0,0,0 0,0,0 
			</coordinates>
		</LineString>
	</Placemark>
	<Placemark>
		<styleUrl>#style_10934</styleUrl>
		<LineString>
			<tessellate>1</tessellate>
			<altitudeMode>absolute</altitudeMode>
			<coordinates>
				0,0,0 0,0,0 
			</coordinates>
		</LineString>
	</Placemark>
	<Placemark>
		<styleUrl>#style_10935</styleUrl>
		<LineString>
			<tessellate>1</tessellate>
			<altitudeMode>absolute</altitudeMode>
			<coordinates>
				0,0,0 0,0,0 
			</coordinates>
		</LineString>
	</Placemark>
	<Placemark>
		<styleUrl>#style_10936</styleUrl>
		<LineString>
			<tessellate>1</tessellate>
			<altitudeMode>absolute</altitudeMode>
			<coordinates>
				0,0,0 0,0,0 
			</coordinates>
		</LineString>
	</Placemark>
	<Placemark>
		<styleUrl>#style_10937</styleUrl>
		<LineString>
			<tessellate>1</tessellate>
			<altitudeMode>absolute</altitudeMode>
			<coordinates>
				0,0,0 0,0,0 
			</coordinates>
		</LineString>
	</Placemark>
	<Placemark>
		<styleUrl>#style_10938</styleUrl>
		<LineString>
			<tessellate>1</tessellate>
			<altitudeMode>absolute</altitudeMode>
			<coordinates>
				0,0,0 0,0,0 
			</coordinates>
		</LineString>
	</Placemark>
	<Placemark>
		<styleUrl>#style_10939</styleUrl>
		<LineString>
			<tessellate>1</tessellate>
			<altitudeMode>absolute</altitudeMode>
			<coordinates>
				0,0,0 0,0,0 
			</coordinates>
		</LineString>
	</Placemark>
	<Placemark>
		<styleUrl>#style_10940</styleUrl>
		<LineString>
			<tessellate>1</tessellate>
			<altitudeMode>absolute</altitudeMode>
			<coordinates>
				0,0,0 0,0,0 
			</coordinates>
		</LineString>
	</Placemark>
	<Placemark>
		<styleUrl>#style_10941</styleUrl>
		<LineString>
			<tessellate>1</tessellate>
			<altitudeMode>absolute</altitudeMode>
			<coordinates>
				0,0,0 0,0,0 
			</coordinates>
		</LineString>
	</Placemark>
	<Placemark>
		<styleUrl>#style_10942</styleUrl>
		<LineString>
			<tessellate>1</tessellate>
			<altitudeMode>absolute</altitudeMode>
			<coordinates>
				0,0,0 0,0,0 
			</coordinates>
		</LineString>
	</Placemark>
	<Placemark>
		<styleUrl>#style_10943</styleUrl>
		<LineString>
			<tessellate>1</tessellate>
			<altitudeMode>absolute</altitudeMode>
			<coordinates>
				0,0,0 0,0,0 
			</coordinates>
		</LineString>
	</Placemark>
	<Placemark>
		<styleUrl>#style_10944</styleUrl>
		<LineString>
			<tessellate>1</tessellate>
			<altitudeMode>absolute</altitudeMode>
			<coordinates>
				0,0,0 0,0,0 
			</coordinates>
		</LineString>
	</Placemark>
	<Placemark>
		<styleUrl>#style_10945</styleUrl>
		<LineString>
			<tessellate>1</tessellate>
			<altitudeMode>absolute</altitudeMode>
			<coordinates>
				0,0,0 0,0,0 
			</coordinates>
		</LineString>
	</Placemark>
	<Placemark>
		<styleUrl>#style_10946</styleUrl>
		<LineString>
			<tessellate>1</tessellate>
			<altitudeMode>absolute</altitudeMode>
			<coordinates>
				0,0,0 0,0,0 
			</coordinates>
		</LineString>
	</Placemark>
	<Placemark>
		<styleUrl>#style_10947</styleUrl>
		<LineString>
			<tessellate>1</tessellate>
			<altitudeMode>absolute</altitudeMode>
			<coordinates>
				0,0,0 0,0,0 
			</coordinates>
		</LineString>
	</Placemark>
	<Placemark>
		<styleUrl>#style_10948</styleUrl>
		<LineString>
			<tessellate>1</tessellate>
			<altitudeMode>absolute</altitudeMode>
			<coordinates>
				0,0,0 0,0,0 
			</coordinates>
		</LineString>
	</Placemark>
	<Placemark>
		<styleUrl>#style_10949</styleUrl>
		<LineString>
			<tessellate>1</tessellate>
			<altitudeMode>absolute</altitudeMode>
			<coordinates>
				0,0,0 0,0,0 
			</coordinates>
		</LineString>
	</Placemark>
	<Placemark>
		<styleUrl>#style_10950</styleUrl>
		<LineString>
			<tessellate>1</tessellate>
			<altitudeMode>absolute</altitudeMode>
			<coordinates>
				0,0,0 0,0,0 
			</coordinates>
		</LineString>
	</Placemark>
	<Placemark>
		<styleUrl>#style_10951</styleUrl>
		<LineString>
			<tessellate>1</tessellate>
			<altitudeMode>absolute</altitudeMode>
			<coordinates>
				0,0,0 0,0,0 
			</coordinates>
		</LineString>
	</Placemark>
	<Placemark>
		<styleUrl>#style_10952</styleUrl>
		<LineString>
			<tessellate>1</tessellate>
			<altitudeMode>absolute</altitudeMode>
			<coordinates>
				0,0,0 0,0,0 
			</coordinates>
		</LineString>
	</Placemark>
	<Placemark>
		<styleUrl>#style_10953</styleUrl>
		<LineString>
			<tessellate>1</tessellate>
			<altitudeMode>absolute</altitudeMode>
			<coordinates>
				0,0,0 0,0,0 
			</coordinates>
		</LineString>
	</Placemark>
	<Placemark>
		<styleUrl>#style_10954</styleUrl>
		<LineString>
			<tessellate>1</tessellate>
			<altitudeMode>absolute</altitudeMode>
			<coordinates>
				0,0,0 0,0,0 
			</coordinates>
		</LineString>
	</Placemark>
	<Placemark>
		<styleUrl>#style_10955</styleUrl>
		<LineString>
			<tessellate>1</tessellate>
			<altitudeMode>absolute</altitudeMode>
			<coordinates>
				0,0,0 0,0,0 
			</coordinates>
		</LineString>
	</Placemark>
	<Placemark>
		<styleUrl>#style_10956</styleUrl>
		<LineString>
			<tessellate>1</tessellate>
			<altitudeMode>absolute</altitudeMode>
			<coordinates>
				0,0,0 0,0,0 
			</coordinates>
		</LineString>
	</Placemark>
	<Placemark>
		<styleUrl>#style_10957</styleUrl>
		<LineString>
			<tessellate>1</tessellate>
			<altitudeMode>absolute</altitudeMode>
			<coordinates>
				0,0,0 0,0,0 
			</coordinates>
		</LineString>
	</Placemark>
	<Placemark>
		<styleUrl>#style_10958</styleUrl>
		<LineString>
			<tessellate>1</tessellate>
			<altitudeMode>absolute</altitudeMode>
			<coordinates>
				0,0,0 0,0,0 
			</coordinates>
		</LineString>
	</Placemark>
	<Placemark>
		<styleUrl>#style_10959</styleUrl>
		<LineString>
			<tessellate>1</tessellate>
			<altitudeMode>absolute</altitudeMode>
			<coordinates>
				0,0,0 0,0,0 
			</coordinates>
		</LineString>
	</Placemark>
	<Placemark>
		<styleUrl>#style_10960</styleUrl>
		<LineString>
			<tessellate>1</tessellate>
			<altitudeMode>absolute</altitudeMode>
			<coordinates>
				0,0,0 0,0,0 
			</coordinates>
		</LineString>
	</Placemark>
	<Placemark>
		<styleUrl>#style_10961</styleUrl>
		<LineString>
			<tessellate>1</tessellate>
			<altitudeMode>absolute</altitudeMode>
			<coordinates>
				0,0,0 0,0,0 
			</coordinates>
		</LineString>
	</Placemark>
	<Placemark>
		<styleUrl>#style_10962</styleUrl>
		<LineString>
			<tessellate>1</tessellate>
			<altitudeMode>absolute</altitudeMode>
			<coordinates>
				0,0,0 0,0,0 
			</coordinates>
		</LineString>
	</Placemark>
	<Placemark>
		<styleUrl>#style_10963</styleUrl>
		<LineString>
			<tessellate>1</tessellate>
			<altitudeMode>absolute</altitudeMode>
			<coordinates>
				0,0,0 0,0,0 
			</coordinates>
		</LineString>
	</Placemark>
	<Placemark>
		<styleUrl>#style_10964</styleUrl>
		<LineString>
			<tessellate>1</tessellate>
			<altitudeMode>absolute</altitudeMode>
			<coordinates>
				0,0,0 0,0,0 
			</coordinates>
		</LineString>
	</Placemark>
	<Placemark>
		<styleUrl>#style_10965</styleUrl>
		<LineString>
			<tessellate>1</tessellate>
			<altitudeMode>absolute</altitudeMode>
			<coordinates>
				0,0,0 0,0,0 
			</coordinates>
		</LineString>
	</Placemark>
	<Placemark>
		<styleUrl>#style_10966</styleUrl>
		<LineString>
			<tessellate>1</tessellate>
			<altitudeMode>absolute</altitudeMode>
			<coordinates>
				0,0,0 0,0,0 
			</coordinates>
		</LineString>
	</Placemark>
	<Placemark>
		<styleUrl>#style_10967</styleUrl>
		<LineString>
			<tessellate>1</tessellate>
			<altitudeMode>absolute</altitudeMode>
			<coordinates>
				0,0,0 0,0,0 
			</coordinates>
		</LineString>
	</Placemark>
	<Placemark>
		<styleUrl>#style_10968</styleUrl>
		<LineString>
			<tessellate>1</tessellate>
			<altitudeMode>absolute</altitudeMode>
			<coordinates>
				0,0,0 0,0,0 
			</coordinates>
		</LineString>
	</Placemark>
	<Placemark>
		<styleUrl>#style_10969</styleUrl>
		<LineString>
			<tessellate>1</tessellate>
			<altitudeMode>absolute</altitudeMode>
			<coordinates>
				0,0,0 0,0,0 
			</coordinates>
		</LineString>
	</Placemark>
	<Placemark>
		<styleUrl>#style_10970</styleUrl>
		<LineString>
			<tessellate>1</tessellate>
			<altitudeMode>absolute</altitudeMode>
			<coordinates>
				0,0,0 0,0,0 
			</coordinates>
		</LineString>
	</Placemark>
	<Placemark>
		<styleUrl>#style_10971</styleUrl>
		<LineString>
			<tessellate>1</tessellate>
			<altitudeMode>absolute</altitudeMode>
			<coordinates>
				0,0,0 0,0,0 
			</coordinates>
		</LineString>
	</Placemark>
	<Placemark>
		<styleUrl>#style_10972</styleUrl>
		<LineString>
			<tessellate>1</tessellate>
			<altitudeMode>absolute</altitudeMode>
			<coordinates>
				0,0,0 0,0,0 
			</coordinates>
		</LineString>
	</Placemark>
	<Placemark>
		<styleUrl>#style_10973</styleUrl>
		<LineString>
			<tessellate>1</tessellate>
			<altitudeMode>absolute</altitudeMode>
			<coordinates>
				0,0,0 0,0,0 
			</coordinates>
		</LineString>
	</Placemark>
	<Placemark>
		<styleUrl>#style_10974</styleUrl>
		<LineString>
			<tessellate>1</tessellate>
			<altitudeMode>absolute</altitudeMode>
			<coordinates>
				0,0,0 0,0,0 
			</coordinates>
		</LineString>
	</Placemark>
	<Placemark>
		<styleUrl>#style_10975</styleUrl>
		<LineString>
			<tessellate>1</tessellate>
			<altitudeMode>absolute</altitudeMode>
			<coordinates>
				0,0,0 0,0,0 
			</coordinates>
		</LineString>
	</Placemark>
	<Placemark>
		<styleUrl>#style_10976</styleUrl>
		<LineString>
			<tessellate>1</tessellate>
			<altitudeMode>absolute</altitudeMode>
			<coordinates>
				0,0,0 0,0,0 
			</coordinates>
		</LineString>
	</Placemark>
	<Placemark>
		<styleUrl>#style_10977</styleUrl>
		<LineString>
			<tessellate>1</tessellate>
			<altitudeMode>absolute</altitudeMode>
			<coordinates>
				0,0,0 0,0,0 
			</coordinates>
		</LineString>
	</Placemark>
	<Placemark>
		<styleUrl>#style_10978</styleUrl>
		<LineString>
			<tessellate>1</tessellate>
			<altitudeMode>absolute</altitudeMode>
			<coordinates>
				0,0,0 0,0,0 
			</coordinates>
		</LineString>
	</Placemark>
	<Placemark>
		<styleUrl>#style_10979</styleUrl>
		<LineString>
			<tessellate>1</tessellate>
			<altitudeMode>absolute</altitudeMode>
			<coordinates>
				0,0,0 0,0,0 
			</coordinates>
		</LineString>
	</Placemark>
	<Placemark>
		<styleUrl>#style_10980</styleUrl>
		<LineString>
			<tessellate>1</tessellate>
			<altitudeMode>absolute</altitudeMode>
			<coordinates>
				0,0,0 0,0,0 
			</coordinates>
		</LineString>
	</Placemark>
	<Placemark>
		<styleUrl>#style_10981</styleUrl>
		<LineString>
			<tessellate>1</tessellate>
			<altitudeMode>absolute</altitudeMode>
			<coordinates>
				0,0,0 0,0,0 
			</coordinates>
		</LineString>
	</Placemark>
	<Placemark>
		<styleUrl>#style_10982</styleUrl>
		<LineString>
			<tessellate>1</tessellate>
			<altitudeMode>absolute</altitudeMode>
			<coordinates>
				0,0,0 0,0,0 
			</coordinates>
		</LineString>
	</Placemark>
	<Placemark>
		<styleUrl>#style_10983</styleUrl>
		<LineString>
			<tessellate>1</tessellate>
			<altitudeMode>absolute</altitudeMode>
			<coordinates>
				0,0,0 0,0,0 
			</coordinates>
		</LineString>
	</Placemark>
	<Placemark>
		<styleUrl>#style_10984</styleUrl>
		<LineString>
			<tessellate>1</tessellate>
			<altitudeMode>absolute</altitudeMode>
			<coordinates>
				0,0,0 0,0,0 
			</coordinates>
		</LineString>
	</Placemark>
	<Placemark>
		<styleUrl>#style_10985</styleUrl>
		<LineString>
			<tessellate>1</tessellate>
			<altitudeMode>absolute</altitudeMode>
			<coordinates>
				0,0,0 0,0,0 
			</coordinates>
		</LineString>
	</Placemark>
	<Placemark>
		<styleUrl>#style_10986</styleUrl>
		<LineString>
			<tessellate>1</tessellate>
			<altitudeMode>absolute</altitudeMode>
			<coordinates>
				0,0,0 0,0,0 
			</coordinates>
		</LineString>
	</Placemark>
	<Placemark>
		<styleUrl>#style_10987</styleUrl>
		<LineString>
			<tessellate>1</tessellate>
			<altitudeMode>absolute</altitudeMode>
			<coordinates>
				0,0,0 0,0,0 
			</coordinates>
		</LineString>
	</Placemark>
	<Placemark>
		<styleUrl>#style_10988</styleUrl>
		<LineString>
			<tessellate>1</tessellate>
			<altitudeMode>absolute</altitudeMode>
			<coordinates>
				0,0,0 0,0,0 
			</coordinates>
		</LineString>
	</Placemark>
	<Placemark>
		<styleUrl>#style_10989</styleUrl>
		<LineString>
			<tessellate>1</tessellate>
			<altitudeMode>absolute</altitudeMode>
			<coordinates>
				0,0,0 0,0,0 
			</coordinates>
		</LineString>
	</Placemark>
	<Placemark>
		<styleUrl>#style_10990</styleUrl>
		<LineString>
			<tessellate>1</tessellate>
			<altitudeMode>absolute</altitudeMode>
			<coordinates>
				0,0,0 0,0,0 
			</coordinates>
		</LineString>
	</Placemark>
	<Placemark>
		<styleUrl>#style_10991</styleUrl>
		<LineString>
			<tessellate>1</tessellate>
			<altitudeMode>absolute</altitudeMode>
			<coordinates>
				0,0,0 0,0,0 
			</coordinates>
		</LineString>
	</Placemark>
	<Placemark>
		<styleUrl>#style_10992</styleUrl>
		<LineString>
			<tessellate>1</tessellate>
			<altitudeMode>absolute</altitudeMode>
			<coordinates>
				0,0,0 0,0,0 
			</coordinates>
		</LineString>
	</Placemark>
	<Placemark>
		<styleUrl>#style_10993</styleUrl>
		<LineString>
			<tessellate>1</tessellate>
			<altitudeMode>absolute</altitudeMode>
			<coordinates>
				0,0,0 0,0,0 
			</coordinates>
		</LineString>
	</Placemark>
	<Placemark>
		<styleUrl>#style_10994</styleUrl>
		<LineString>
			<tessellate>1</tessellate>
			<altitudeMode>absolute</altitudeMode>
			<coordinates>
				0,0,0 0,0,0 
			</coordinates>
		</LineString>
	</Placemark>
	<Placemark>
		<styleUrl>#style_10995</styleUrl>
		<LineString>
			<tessellate>1</tessellate>
			<altitudeMode>absolute</altitudeMode>
			<coordinates>
				0,0,0 0,0,0 
			</coordinates>
		</LineString>
	</Placemark>
	<Placemark>
		<styleUrl>#style_10996</styleUrl>
		<LineString>
			<tessellate>1</tessellate>
			<altitudeMode>absolute</altitudeMode>
			<coordinates>
				0,0,0 0,0,0 
			</coordinates>
		</LineString>
	</Placemark>
	<Placemark>
		<styleUrl>#style_10997</styleUrl>
		<LineString>
			<tessellate>1</tessellate>
			<altitudeMode>absolute</altitudeMode>
			<coordinates>
				0,0,0 0,0,0 
			</coordinates>
		</LineString>
	</Placemark>
	<Placemark>
		<styleUrl>#style_10998</styleUrl>
		<LineString>
			<tessellate>1</tessellate>
			<altitudeMode>absolute</altitudeMode>
			<coordinates>
				0,0,0 0,0,0 
			</coordinates>
		</LineString>
	</Placemark>
	<Placemark>
		<styleUrl>#style_10999</styleUrl>
		<LineString>
			<tessellate>1</tessellate>
			<altitudeMode>absolute</altitudeMode>
			<coordinates>
				0,0,0 0,0,0 
			</coordinates>
		</LineString>
	</Placemark>
</Document>
</kml>
